epoch (ms),time (03:00),elapsed (s),x-axis (deg/s),y-axis (deg/s),z-axis (deg/s)
1668254547555,2022-11-12T14:02:27.555,0.000,1.372,0.122,-1.037
1668254547595,2022-11-12T14:02:27.595,0.040,1.006,0.030,1.098
1668254547635,2022-11-12T14:02:27.635,0.080,1.006,0.061,-0.091
1668254547675,2022-11-12T14:02:27.675,0.120,1.037,0.030,-0.366
1668254547715,2022-11-12T14:02:27.715,0.160,0.854,-0.244,-0.091
1668254547755,2022-11-12T14:02:27.755,0.200,0.701,-0.549,0.122
1668254547795,2022-11-12T14:02:27.795,0.240,0.640,-0.274,0.000
1668254547835,2022-11-12T14:02:27.835,0.280,0.640,-0.488,-0.030
1668254547875,2022-11-12T14:02:27.875,0.320,0.213,-0.366,0.091
1668254547915,2022-11-12T14:02:27.915,0.360,0.457,-0.457,0.091
1668254547955,2022-11-12T14:02:27.955,0.400,0.213,-0.701,0.213
1668254547995,2022-11-12T14:02:27.995,0.440,0.030,-0.732,0.244
1668254548035,2022-11-12T14:02:28.035,0.480,0.488,-0.457,-0.152
1668254548075,2022-11-12T14:02:28.075,0.520,-0.366,-0.061,-0.183
1668254548115,2022-11-12T14:02:28.115,0.560,1.159,-0.762,-0.854
1668254548155,2022-11-12T14:02:28.155,0.600,0.732,-0.152,-0.213
1668254548195,2022-11-12T14:02:28.195,0.640,-0.427,0.427,0.579
1668254548235,2022-11-12T14:02:28.235,0.680,0.579,-0.427,0.274
1668254548275,2022-11-12T14:02:28.275,0.720,0.213,-0.427,0.213
1668254548315,2022-11-12T14:02:28.315,0.760,0.030,-0.488,0.396
1668254548355,2022-11-12T14:02:28.355,0.800,-0.244,-0.122,0.823
1668254548395,2022-11-12T14:02:28.395,0.840,0.061,0.183,0.061
1668254548435,2022-11-12T14:02:28.435,0.880,-0.091,-0.396,-0.610
1668254548475,2022-11-12T14:02:28.475,0.920,1.250,-0.701,-1.037
1668254548515,2022-11-12T14:02:28.515,0.960,0.122,0.396,0.244
1668254548555,2022-11-12T14:02:28.555,1.000,-0.274,1.006,1.463
1668254548595,2022-11-12T14:02:28.595,1.040,1.433,0.396,0.396
1668254548635,2022-11-12T14:02:28.635,1.080,-0.274,-0.091,0.457
1668254548675,2022-11-12T14:02:28.675,1.120,0.518,-0.183,-0.305
1668254548715,2022-11-12T14:02:28.715,1.160,-1.159,-0.244,0.640
1668254548755,2022-11-12T14:02:28.755,1.200,-0.976,0.305,1.250
1668254548795,2022-11-12T14:02:28.795,1.240,0.793,0.823,0.183
1668254548835,2022-11-12T14:02:28.835,1.280,-0.305,-0.335,-0.030
1668254548875,2022-11-12T14:02:28.875,1.320,-0.213,0.061,0.427
1668254548915,2022-11-12T14:02:28.915,1.360,-0.457,-0.091,0.671
1668254548955,2022-11-12T14:02:28.955,1.400,-1.189,-0.793,0.976
1668254548995,2022-11-12T14:02:28.995,1.440,0.335,0.183,0.000
1668254549035,2022-11-12T14:02:29.035,1.480,0.427,-0.152,0.000
1668254549075,2022-11-12T14:02:29.075,1.520,0.274,-0.640,0.396
1668254549115,2022-11-12T14:02:29.115,1.560,0.427,0.366,1.037
1668254549155,2022-11-12T14:02:29.155,1.600,2.652,0.701,0.488
1668254549195,2022-11-12T14:02:29.195,1.640,1.555,0.854,1.463
1668254549235,2022-11-12T14:02:29.235,1.680,0.427,0.518,1.646
1668254549275,2022-11-12T14:02:29.275,1.720,0.274,-0.061,0.793
1668254549315,2022-11-12T14:02:29.315,1.760,1.006,-0.732,-0.244
1668254549355,2022-11-12T14:02:29.355,1.800,0.457,-0.701,-0.152
1668254549395,2022-11-12T14:02:29.395,1.840,0.061,-0.061,0.000
1668254549435,2022-11-12T14:02:29.435,1.880,0.488,0.335,-0.061
1668254549475,2022-11-12T14:02:29.475,1.920,0.427,0.305,-0.061
1668254549515,2022-11-12T14:02:29.515,1.960,0.488,0.396,-0.030
1668254549555,2022-11-12T14:02:29.555,2.000,0.335,0.152,0.122
1668254549595,2022-11-12T14:02:29.595,2.040,0.335,-0.366,0.274
1668254549635,2022-11-12T14:02:29.635,2.080,0.427,-0.335,0.579
1668254549675,2022-11-12T14:02:29.675,2.120,1.494,-0.640,0.061
1668254549715,2022-11-12T14:02:29.715,2.160,2.378,-0.732,-0.518
1668254549755,2022-11-12T14:02:29.755,2.200,1.585,-0.488,0.305
1668254549795,2022-11-12T14:02:29.795,2.240,0.518,0.213,1.463
1668254549835,2022-11-12T14:02:29.835,2.280,0.854,0.579,0.671
1668254549875,2022-11-12T14:02:29.875,2.320,2.012,0.152,-0.701
1668254549915,2022-11-12T14:02:29.915,2.360,1.890,0.793,-1.128
1668254549955,2022-11-12T14:02:29.955,2.400,1.951,0.701,-0.854
1668254549995,2022-11-12T14:02:29.995,2.440,1.768,0.030,-0.183
1668254550035,2022-11-12T14:02:30.035,2.480,0.427,-0.488,0.549
1668254550075,2022-11-12T14:02:30.075,2.520,1.311,-0.427,-0.122
1668254550115,2022-11-12T14:02:30.115,2.560,1.372,-0.091,-0.335
1668254550155,2022-11-12T14:02:30.155,2.600,0.701,-0.152,-0.091
1668254550195,2022-11-12T14:02:30.195,2.640,1.616,-0.122,-0.427
1668254550235,2022-11-12T14:02:30.235,2.680,1.463,-0.213,-0.244
1668254550275,2022-11-12T14:02:30.275,2.720,0.518,-0.030,0.061
1668254550315,2022-11-12T14:02:30.315,2.760,0.945,0.122,-0.183
1668254550355,2022-11-12T14:02:30.355,2.800,0.457,-0.274,0.061
1668254550395,2022-11-12T14:02:30.395,2.840,-0.335,-0.305,0.579
1668254550435,2022-11-12T14:02:30.435,2.880,0.274,0.061,0.244
1668254550475,2022-11-12T14:02:30.475,2.920,1.128,-0.091,-0.366
1668254550515,2022-11-12T14:02:30.515,2.960,1.006,-0.213,-0.305
1668254550555,2022-11-12T14:02:30.555,3.000,1.280,0.244,-0.366
1668254550595,2022-11-12T14:02:30.595,3.040,1.585,-0.274,-0.488
1668254550635,2022-11-12T14:02:30.635,3.080,0.610,-0.579,-0.091
1668254550675,2022-11-12T14:02:30.675,3.120,0.396,-0.274,0.030
1668254550715,2022-11-12T14:02:30.715,3.160,1.159,-0.549,0.030
1668254550755,2022-11-12T14:02:30.755,3.200,0.305,-0.427,0.366
1668254550795,2022-11-12T14:02:30.795,3.240,0.366,-0.427,0.305
1668254550835,2022-11-12T14:02:30.835,3.280,0.793,-0.244,0.122
1668254550875,2022-11-12T14:02:30.875,3.320,0.854,-0.274,0.122
1668254550915,2022-11-12T14:02:30.915,3.360,1.159,-0.305,-0.213
1668254550955,2022-11-12T14:02:30.955,3.400,1.250,-0.335,-0.122
1668254550995,2022-11-12T14:02:30.995,3.440,0.518,-0.671,0.213
1668254551035,2022-11-12T14:02:31.035,3.480,0.701,-0.640,0.091
1668254551075,2022-11-12T14:02:31.075,3.520,0.884,-0.122,-0.091
1668254551115,2022-11-12T14:02:31.115,3.560,1.159,-0.091,-0.152
1668254551155,2022-11-12T14:02:31.155,3.600,1.311,0.000,-0.030
1668254551195,2022-11-12T14:02:31.195,3.640,1.159,0.213,-0.122
1668254551235,2022-11-12T14:02:31.235,3.680,0.732,-0.305,-0.061
1668254551275,2022-11-12T14:02:31.275,3.720,0.762,-0.671,-0.091
1668254551315,2022-11-12T14:02:31.315,3.760,1.311,-0.518,-0.396
1668254551355,2022-11-12T14:02:31.355,3.800,0.823,-0.274,-0.244
1668254551395,2022-11-12T14:02:31.395,3.840,0.884,-0.488,-0.183
1668254551435,2022-11-12T14:02:31.435,3.880,0.183,-0.518,0.396
1668254551475,2022-11-12T14:02:31.475,3.920,-0.396,-0.762,0.671
1668254551515,2022-11-12T14:02:31.515,3.960,0.305,-0.732,0.427
1668254551555,2022-11-12T14:02:31.555,4.000,0.793,-0.183,0.152
1668254551595,2022-11-12T14:02:31.595,4.040,1.250,-0.213,-0.122
1668254551635,2022-11-12T14:02:31.635,4.080,1.006,-0.274,-0.091
1668254551675,2022-11-12T14:02:31.675,4.120,-0.061,-0.701,0.213
1668254551715,2022-11-12T14:02:31.715,4.160,1.433,0.183,-0.518
1668254551755,2022-11-12T14:02:31.755,4.200,1.524,-0.366,-0.640
1668254551795,2022-11-12T14:02:31.795,4.240,0.701,-0.518,-0.122
1668254551835,2022-11-12T14:02:31.835,4.280,2.134,-0.549,-1.037
1668254551875,2022-11-12T14:02:31.875,4.320,1.890,-0.610,-0.793
1668254551915,2022-11-12T14:02:31.915,4.360,1.799,-0.152,-0.823
1668254551955,2022-11-12T14:02:31.955,4.400,1.067,0.579,-0.396
1668254551995,2022-11-12T14:02:31.995,4.440,1.006,0.122,-0.762
1668254552035,2022-11-12T14:02:32.035,4.480,1.037,-0.488,-0.671
1668254552075,2022-11-12T14:02:32.075,4.520,0.884,-0.427,0.030
1668254552115,2022-11-12T14:02:32.115,4.560,1.463,0.274,0.335
1668254552155,2022-11-12T14:02:32.155,4.600,2.348,-0.488,-0.732
1668254552195,2022-11-12T14:02:32.195,4.640,1.220,-0.152,-0.122
1668254552235,2022-11-12T14:02:32.235,4.680,1.128,-0.732,-0.366
1668254552275,2022-11-12T14:02:32.275,4.720,0.030,0.671,0.488
1668254552315,2022-11-12T14:02:32.315,4.760,0.030,1.220,0.549
1668254552355,2022-11-12T14:02:32.355,4.800,-1.098,-0.213,0.762
1668254552395,2022-11-12T14:02:32.395,4.840,0.884,-0.945,-0.793
1668254552435,2022-11-12T14:02:32.435,4.880,1.463,-1.280,-1.037
1668254552475,2022-11-12T14:02:32.475,4.920,0.305,0.091,0.488
1668254552515,2022-11-12T14:02:32.515,4.960,1.311,0.183,-0.091
1668254552555,2022-11-12T14:02:32.555,5.000,-0.091,-0.335,0.366
1668254552595,2022-11-12T14:02:32.595,5.040,1.250,1.402,0.091
1668254552635,2022-11-12T14:02:32.635,5.080,2.073,0.732,-0.457
1668254552675,2022-11-12T14:02:32.675,5.120,0.579,-0.396,0.091
1668254552715,2022-11-12T14:02:32.715,5.160,0.732,-0.335,-0.122
1668254552755,2022-11-12T14:02:32.755,5.200,0.976,0.183,-0.183
1668254552795,2022-11-12T14:02:32.795,5.240,0.854,1.494,-0.366
1668254552835,2022-11-12T14:02:32.835,5.280,0.518,0.000,-0.732
1668254552875,2022-11-12T14:02:32.875,5.320,0.610,0.030,-0.549
1668254552915,2022-11-12T14:02:32.915,5.360,0.396,1.128,0.122
1668254552955,2022-11-12T14:02:32.955,5.400,0.610,-0.030,0.274
1668254552995,2022-11-12T14:02:32.995,5.440,0.610,-0.579,0.122
1668254553035,2022-11-12T14:02:33.035,5.480,0.396,-0.457,0.152
1668254553075,2022-11-12T14:02:33.075,5.520,0.945,-0.305,-0.091
1668254553115,2022-11-12T14:02:33.115,5.560,1.006,-0.061,0.183
1668254553155,2022-11-12T14:02:33.155,5.600,1.341,-0.335,-0.030
1668254553195,2022-11-12T14:02:33.195,5.640,0.915,-0.183,0.152
1668254553235,2022-11-12T14:02:33.235,5.680,0.854,0.244,0.274
1668254553275,2022-11-12T14:02:33.275,5.720,1.189,-0.061,-0.030
1668254553315,2022-11-12T14:02:33.315,5.760,1.250,0.152,-0.030
1668254553355,2022-11-12T14:02:33.355,5.800,1.707,0.366,-0.274
1668254553395,2022-11-12T14:02:33.395,5.840,1.829,0.610,-0.335
1668254553435,2022-11-12T14:02:33.435,5.880,1.433,-0.213,-0.213
1668254553475,2022-11-12T14:02:33.475,5.920,0.640,-0.701,0.396
1668254553515,2022-11-12T14:02:33.515,5.960,0.457,-0.457,0.518
1668254553555,2022-11-12T14:02:33.555,6.000,-0.457,0.457,0.427
1668254553595,2022-11-12T14:02:33.595,6.040,0.518,-0.152,-0.610
1668254553635,2022-11-12T14:02:33.635,6.080,1.311,-1.372,-0.823
1668254553675,2022-11-12T14:02:33.675,6.120,-0.122,-0.305,0.427
1668254553715,2022-11-12T14:02:33.715,6.160,0.793,0.305,0.274
1668254553755,2022-11-12T14:02:33.755,6.200,1.250,-0.183,-0.152
1668254553795,2022-11-12T14:02:33.795,6.240,1.067,-0.457,-0.305
1668254553835,2022-11-12T14:02:33.835,6.280,1.037,0.000,-0.122
1668254553875,2022-11-12T14:02:33.875,6.320,-0.305,1.280,0.244
1668254553915,2022-11-12T14:02:33.915,6.360,-1.951,0.884,0.762
1668254553955,2022-11-12T14:02:33.955,6.400,0.213,-0.061,-0.244
1668254553995,2022-11-12T14:02:33.995,6.440,-0.274,0.091,0.183
1668254554035,2022-11-12T14:02:34.035,6.480,-0.518,-0.366,0.854
1668254554075,2022-11-12T14:02:34.075,6.520,0.122,0.366,0.579
1668254554115,2022-11-12T14:02:34.115,6.560,0.854,0.213,-0.213
1668254554155,2022-11-12T14:02:34.155,6.600,1.402,0.000,-0.427
1668254554195,2022-11-12T14:02:34.195,6.640,0.152,0.701,-0.030
1668254554235,2022-11-12T14:02:34.235,6.680,-0.335,-0.244,-0.183
1668254554275,2022-11-12T14:02:34.275,6.720,0.701,-0.732,-1.433
1668254554315,2022-11-12T14:02:34.315,6.760,0.305,-0.091,-0.640
1668254554355,2022-11-12T14:02:34.355,6.800,0.396,-0.183,-0.396
1668254554395,2022-11-12T14:02:34.395,6.840,0.122,-0.030,-0.152
1668254554435,2022-11-12T14:02:34.435,6.880,0.732,1.006,-0.335
1668254554475,2022-11-12T14:02:34.475,6.920,0.274,0.152,0.091
1668254554515,2022-11-12T14:02:34.515,6.960,0.640,0.122,0.000
1668254554555,2022-11-12T14:02:34.555,7.000,1.250,0.610,-0.244
1668254554595,2022-11-12T14:02:34.595,7.040,0.915,0.183,-0.183
1668254554635,2022-11-12T14:02:34.635,7.080,0.488,-0.366,0.213
1668254554675,2022-11-12T14:02:34.675,7.120,0.488,-0.335,0.030
1668254554715,2022-11-12T14:02:34.715,7.160,0.579,0.091,-0.061
1668254554755,2022-11-12T14:02:34.755,7.200,0.457,0.274,0.152
1668254554795,2022-11-12T14:02:34.795,7.240,0.579,-0.030,0.213
1668254554835,2022-11-12T14:02:34.835,7.280,0.518,-0.274,0.030
1668254554875,2022-11-12T14:02:34.875,7.320,0.579,-0.122,0.030
1668254554915,2022-11-12T14:02:34.915,7.360,0.793,-0.183,0.061
1668254554955,2022-11-12T14:02:34.955,7.400,0.579,-0.152,0.183
1668254554995,2022-11-12T14:02:34.995,7.440,0.884,-0.213,-0.122
1668254555035,2022-11-12T14:02:35.035,7.480,0.671,-0.396,-0.091
1668254555075,2022-11-12T14:02:35.075,7.520,0.366,-0.183,0.396
1668254555115,2022-11-12T14:02:35.115,7.560,0.640,-0.366,0.213
1668254555155,2022-11-12T14:02:35.155,7.600,0.579,-0.396,0.213
1668254555195,2022-11-12T14:02:35.195,7.640,0.915,-0.213,0.061
1668254555235,2022-11-12T14:02:35.235,7.680,0.610,-0.671,0.427
1668254555275,2022-11-12T14:02:35.275,7.720,1.098,-0.274,0.274
1668254555315,2022-11-12T14:02:35.315,7.760,1.463,-0.427,-0.213
1668254555355,2022-11-12T14:02:35.355,7.800,0.945,-0.793,-0.091
1668254555395,2022-11-12T14:02:35.395,7.840,0.701,-0.427,0.213
1668254555435,2022-11-12T14:02:35.435,7.880,0.579,-0.305,0.457
1668254555475,2022-11-12T14:02:35.475,7.920,1.037,-0.579,0.122
1668254555515,2022-11-12T14:02:35.515,7.960,0.549,-1.037,0.396
1668254555555,2022-11-12T14:02:35.555,8.000,0.884,-0.793,0.366
1668254555595,2022-11-12T14:02:35.595,8.040,1.311,-0.610,0.396
1668254555635,2022-11-12T14:02:35.635,8.080,1.128,-0.427,0.488
1668254555675,2022-11-12T14:02:35.675,8.120,1.402,-1.128,0.335
1668254555715,2022-11-12T14:02:35.715,8.160,0.274,-0.030,1.341
1668254555755,2022-11-12T14:02:35.755,8.200,1.372,0.427,0.061
1668254555795,2022-11-12T14:02:35.795,8.240,2.652,-0.091,-0.945
1668254555835,2022-11-12T14:02:35.835,8.280,2.378,-0.396,-1.250
1668254555875,2022-11-12T14:02:35.875,8.320,0.854,-2.104,-0.793
1668254555915,2022-11-12T14:02:35.915,8.360,0.213,-2.927,0.213
1668254555955,2022-11-12T14:02:35.955,8.400,1.402,-0.854,0.244
1668254555995,2022-11-12T14:02:35.995,8.440,1.768,-0.305,0.061
1668254556035,2022-11-12T14:02:36.035,8.480,-0.213,0.335,1.220
1668254556075,2022-11-12T14:02:36.075,8.520,1.982,-0.366,-0.488
1668254556115,2022-11-12T14:02:36.115,8.560,1.677,-0.396,-0.335
1668254556155,2022-11-12T14:02:36.155,8.600,0.945,0.488,0.152
1668254556195,2022-11-12T14:02:36.195,8.640,0.213,0.457,0.183
1668254556235,2022-11-12T14:02:36.235,8.680,-0.305,-0.915,0.884
1668254556275,2022-11-12T14:02:36.275,8.720,1.037,-0.366,0.793
1668254556315,2022-11-12T14:02:36.315,8.760,2.073,0.335,-0.183
1668254556355,2022-11-12T14:02:36.355,8.800,2.134,-0.671,-0.488
1668254556395,2022-11-12T14:02:36.395,8.840,0.488,-1.189,0.244
1668254556435,2022-11-12T14:02:36.435,8.880,-1.189,-0.152,1.616
1668254556475,2022-11-12T14:02:36.475,8.920,2.317,1.646,0.091
1668254556515,2022-11-12T14:02:36.515,8.960,-1.768,2.348,1.616
1668254556555,2022-11-12T14:02:36.555,9.000,-1.067,-3.201,3.201
1668254556595,2022-11-12T14:02:36.595,9.040,-2.470,-2.226,5.701
1668254556635,2022-11-12T14:02:36.635,9.080,0.152,-1.799,2.835
1668254556675,2022-11-12T14:02:36.675,9.120,3.811,-3.537,0.244
1668254556715,2022-11-12T14:02:36.715,9.160,1.555,-1.738,-0.213
1668254556755,2022-11-12T14:02:36.755,9.200,3.262,-4.055,-1.982
1668254556795,2022-11-12T14:02:36.795,9.240,3.140,-0.549,-2.104
1668254556835,2022-11-12T14:02:36.835,9.280,-1.372,2.744,1.159
1668254556875,2022-11-12T14:02:36.875,9.320,1.159,2.927,0.030
1668254556915,2022-11-12T14:02:36.915,9.360,2.866,3.628,-2.409
1668254556955,2022-11-12T14:02:36.955,9.400,1.341,2.073,-1.220
1668254556995,2022-11-12T14:02:36.995,9.440,0.549,1.951,-0.335
1668254557035,2022-11-12T14:02:37.035,9.480,0.396,-0.183,0.061
1668254557075,2022-11-12T14:02:37.075,9.520,1.982,-1.738,-1.646
1668254557115,2022-11-12T14:02:37.115,9.560,2.652,-2.165,-2.683
1668254557155,2022-11-12T14:02:37.155,9.600,2.500,-1.098,-2.927
1668254557195,2022-11-12T14:02:37.195,9.640,-0.061,0.976,-0.427
1668254557235,2022-11-12T14:02:37.235,9.680,0.640,0.518,-0.244
1668254557275,2022-11-12T14:02:37.275,9.720,2.591,3.293,-1.189
1668254557315,2022-11-12T14:02:37.315,9.760,5.244,20.976,-4.238
1668254557355,2022-11-12T14:02:37.355,9.800,3.872,21.677,-1.433
1668254557395,2022-11-12T14:02:37.395,9.840,3.750,15.518,-1.951
1668254557435,2022-11-12T14:02:37.435,9.880,5.701,6.707,-3.476
1668254557475,2022-11-12T14:02:37.475,9.920,1.128,-2.500,-0.244
1668254557515,2022-11-12T14:02:37.515,9.960,0.610,-2.378,-0.518
1668254557555,2022-11-12T14:02:37.555,10.000,0.671,-2.378,-0.305
1668254557595,2022-11-12T14:02:37.595,10.040,-0.549,-1.982,-0.427
1668254557635,2022-11-12T14:02:37.635,10.080,0.305,-2.104,-1.280
1668254557675,2022-11-12T14:02:37.675,10.120,-2.774,-3.628,1.067
1668254557715,2022-11-12T14:02:37.715,10.160,-0.671,-4.146,1.037
1668254557755,2022-11-12T14:02:37.755,10.200,-1.037,-5.762,0.701
1668254557795,2022-11-12T14:02:37.795,10.240,-0.122,-7.835,0.579
1668254557835,2022-11-12T14:02:37.835,10.280,1.860,-2.530,-0.274
1668254557875,2022-11-12T14:02:37.875,10.320,0.030,0.274,0.122
1668254557915,2022-11-12T14:02:37.915,10.360,-0.396,-0.884,0.671
1668254557955,2022-11-12T14:02:37.955,10.400,0.671,-0.762,-0.213
1668254557995,2022-11-12T14:02:37.995,10.440,-0.305,-0.915,0.030
1668254558035,2022-11-12T14:02:38.035,10.480,0.457,-1.555,0.122
1668254558075,2022-11-12T14:02:38.075,10.520,0.122,-0.427,0.518
1668254558115,2022-11-12T14:02:38.115,10.560,0.945,-1.799,0.366
1668254558155,2022-11-12T14:02:38.155,10.600,0.976,-0.549,0.823
1668254558195,2022-11-12T14:02:38.195,10.640,2.226,-0.549,0.030
1668254558235,2022-11-12T14:02:38.235,10.680,1.402,-1.616,0.030
1668254558275,2022-11-12T14:02:38.275,10.720,-0.488,-1.768,0.396
1668254558315,2022-11-12T14:02:38.315,10.760,-0.396,-4.756,-0.274
1668254558355,2022-11-12T14:02:38.355,10.800,-3.415,-1.524,2.104
1668254558395,2022-11-12T14:02:38.395,10.840,0.823,-0.305,0.335
1668254558435,2022-11-12T14:02:38.435,10.880,0.427,0.030,0.854
1668254558475,2022-11-12T14:02:38.475,10.920,-0.457,0.183,0.884
1668254558515,2022-11-12T14:02:38.515,10.960,-1.768,0.884,1.463
1668254558555,2022-11-12T14:02:38.555,11.000,0.091,-0.030,-0.854
1668254558595,2022-11-12T14:02:38.595,11.040,-1.098,-1.555,-0.152
1668254558635,2022-11-12T14:02:38.635,11.080,-1.037,-0.091,1.128
1668254558675,2022-11-12T14:02:38.675,11.120,-1.463,-0.396,1.646
1668254558715,2022-11-12T14:02:38.715,11.160,-2.104,-0.549,1.768
1668254558755,2022-11-12T14:02:38.755,11.200,1.098,0.091,-0.854
1668254558795,2022-11-12T14:02:38.795,11.240,1.555,0.305,-1.402
1668254558835,2022-11-12T14:02:38.835,11.280,1.707,0.640,-1.189
1668254558875,2022-11-12T14:02:38.875,11.320,1.646,0.701,-0.976
1668254558915,2022-11-12T14:02:38.915,11.360,1.494,-0.305,-0.610
1668254558955,2022-11-12T14:02:38.955,11.400,0.274,-0.152,0.396
1668254558995,2022-11-12T14:02:38.995,11.440,0.518,0.091,0.183
1668254559035,2022-11-12T14:02:39.035,11.480,0.915,-0.305,0.061
1668254559075,2022-11-12T14:02:39.075,11.520,0.030,0.000,0.671
1668254559115,2022-11-12T14:02:39.115,11.560,1.220,0.152,-0.549
1668254559155,2022-11-12T14:02:39.155,11.600,0.518,0.122,-0.122
1668254559195,2022-11-12T14:02:39.195,11.640,0.579,0.061,-0.122
1668254559235,2022-11-12T14:02:39.235,11.680,0.976,-0.091,-0.244
1668254559275,2022-11-12T14:02:39.275,11.720,0.762,-0.152,0.091
1668254559315,2022-11-12T14:02:39.315,11.760,1.311,0.030,0.000
1668254559355,2022-11-12T14:02:39.355,11.800,1.372,0.061,0.030
1668254559395,2022-11-12T14:02:39.395,11.840,1.280,0.091,-0.061
1668254559435,2022-11-12T14:02:39.435,11.880,1.128,-0.030,-0.396
1668254559475,2022-11-12T14:02:39.475,11.920,-0.183,-0.244,0.000
1668254559515,2022-11-12T14:02:39.515,11.960,0.518,-0.518,0.030
1668254559555,2022-11-12T14:02:39.555,12.000,1.372,-0.274,0.213
1668254559595,2022-11-12T14:02:39.595,12.040,0.579,0.000,0.579
1668254559635,2022-11-12T14:02:39.635,12.080,1.159,-0.305,0.030
1668254559675,2022-11-12T14:02:39.675,12.120,1.402,-0.335,-0.213
1668254559715,2022-11-12T14:02:39.715,12.160,0.976,-0.091,0.030
1668254559755,2022-11-12T14:02:39.755,12.200,1.372,-0.305,0.091
1668254559795,2022-11-12T14:02:39.795,12.240,0.640,0.030,0.488
1668254559835,2022-11-12T14:02:39.835,12.280,0.915,-0.061,-0.183
1668254559875,2022-11-12T14:02:39.875,12.320,0.671,-0.183,-0.366
1668254559915,2022-11-12T14:02:39.915,12.360,0.396,-0.396,-0.122
1668254559955,2022-11-12T14:02:39.955,12.400,0.305,-0.213,0.183
1668254559995,2022-11-12T14:02:39.995,12.440,0.640,0.274,0.213
1668254560035,2022-11-12T14:02:40.035,12.480,0.762,-0.213,0.000
1668254560075,2022-11-12T14:02:40.075,12.520,0.366,-0.488,0.122
1668254560115,2022-11-12T14:02:40.115,12.560,0.884,-0.091,0.000
1668254560155,2022-11-12T14:02:40.155,12.600,0.732,0.030,-0.030
1668254560195,2022-11-12T14:02:40.195,12.640,0.976,-0.335,-0.244
1668254560235,2022-11-12T14:02:40.235,12.680,0.823,-0.305,-0.091
1668254560275,2022-11-12T14:02:40.275,12.720,0.762,-0.213,0.122
1668254560315,2022-11-12T14:02:40.315,12.760,0.823,-0.396,0.030
1668254560355,2022-11-12T14:02:40.355,12.800,0.244,-0.213,0.274
1668254560395,2022-11-12T14:02:40.395,12.840,0.457,-0.030,0.030
1668254560435,2022-11-12T14:02:40.435,12.880,0.549,-0.091,0.091
1668254560475,2022-11-12T14:02:40.475,12.920,0.274,-0.152,0.274
1668254560515,2022-11-12T14:02:40.515,12.960,1.006,0.061,-0.091
1668254560555,2022-11-12T14:02:40.555,13.000,1.159,0.091,-0.091
1668254560595,2022-11-12T14:02:40.595,13.040,0.335,-0.030,0.152
1668254560635,2022-11-12T14:02:40.635,13.080,0.488,-0.152,-0.305
1668254560675,2022-11-12T14:02:40.675,13.120,1.159,-0.183,-0.122
1668254560715,2022-11-12T14:02:40.715,13.160,0.732,-0.152,0.152
1668254560755,2022-11-12T14:02:40.755,13.200,0.854,-0.305,0.030
1668254560795,2022-11-12T14:02:40.795,13.240,1.067,-0.152,-0.122
1668254560835,2022-11-12T14:02:40.835,13.280,0.732,-0.305,-0.152
1668254560875,2022-11-12T14:02:40.875,13.320,0.152,-0.488,0.091
1668254560915,2022-11-12T14:02:40.915,13.360,0.061,-0.335,0.244
1668254560955,2022-11-12T14:02:40.955,13.400,0.183,-0.335,0.396
1668254560995,2022-11-12T14:02:40.995,13.440,0.549,-0.305,0.213
1668254561035,2022-11-12T14:02:41.035,13.480,0.701,-0.061,0.213
1668254561075,2022-11-12T14:02:41.075,13.520,1.494,0.213,-0.122
1668254561115,2022-11-12T14:02:41.115,13.560,1.250,-0.244,-0.244
1668254561155,2022-11-12T14:02:41.155,13.600,1.098,-0.427,-0.274
1668254561195,2022-11-12T14:02:41.195,13.640,1.098,-0.091,-0.213
1668254561235,2022-11-12T14:02:41.235,13.680,0.396,0.030,0.213
1668254561275,2022-11-12T14:02:41.275,13.720,0.305,-0.152,0.183
1668254561315,2022-11-12T14:02:41.315,13.760,0.427,-0.122,0.152
1668254561355,2022-11-12T14:02:41.355,13.800,0.884,0.061,-0.061
1668254561395,2022-11-12T14:02:41.395,13.840,0.945,-0.213,0.000
1668254561435,2022-11-12T14:02:41.435,13.880,0.976,-0.244,-0.061
1668254561475,2022-11-12T14:02:41.475,13.920,1.067,0.000,-0.152
1668254561515,2022-11-12T14:02:41.515,13.960,0.915,-0.122,0.000
1668254561555,2022-11-12T14:02:41.555,14.000,0.762,-0.152,0.152
1668254561595,2022-11-12T14:02:41.595,14.040,0.762,0.030,0.061
1668254561635,2022-11-12T14:02:41.635,14.080,1.067,-0.030,-0.152
1668254561675,2022-11-12T14:02:41.675,14.120,1.037,-0.152,-0.091
1668254561715,2022-11-12T14:02:41.715,14.160,0.793,-0.061,0.030
1668254561755,2022-11-12T14:02:41.755,14.200,0.945,-0.244,-0.061
1668254561795,2022-11-12T14:02:41.795,14.240,0.610,-0.427,0.091
1668254561835,2022-11-12T14:02:41.835,14.280,0.488,-0.183,0.091
1668254561875,2022-11-12T14:02:41.875,14.320,0.976,0.000,-0.091
1668254561915,2022-11-12T14:02:41.915,14.360,0.793,-0.030,-0.061
1668254561955,2022-11-12T14:02:41.955,14.400,0.579,-0.274,0.061
1668254561995,2022-11-12T14:02:41.995,14.440,0.884,-0.061,-0.030
1668254562035,2022-11-12T14:02:42.035,14.480,0.366,0.122,-0.122
1668254562075,2022-11-12T14:02:42.075,14.520,0.854,-0.457,-0.579
1668254562115,2022-11-12T14:02:42.115,14.560,1.037,-0.213,-0.244
1668254562155,2022-11-12T14:02:42.155,14.600,0.976,-0.061,0.213
1668254562195,2022-11-12T14:02:42.195,14.640,0.823,-0.335,0.335
1668254562235,2022-11-12T14:02:42.235,14.680,0.793,-0.305,0.183
1668254562275,2022-11-12T14:02:42.275,14.720,1.098,-0.183,-0.061
1668254562315,2022-11-12T14:02:42.315,14.760,0.823,0.000,0.091
1668254562355,2022-11-12T14:02:42.355,14.800,0.610,0.030,0.091
1668254562395,2022-11-12T14:02:42.395,14.840,0.854,-0.183,-0.122
1668254562435,2022-11-12T14:02:42.435,14.880,0.457,-0.366,0.122
1668254562475,2022-11-12T14:02:42.475,14.920,0.579,-0.183,0.091
1668254562515,2022-11-12T14:02:42.515,14.960,1.006,-0.091,-0.122
1668254562555,2022-11-12T14:02:42.555,15.000,1.006,0.000,-0.061
1668254562595,2022-11-12T14:02:42.595,15.040,0.762,0.000,0.000
1668254562635,2022-11-12T14:02:42.635,15.080,0.945,-0.091,-0.152
1668254562675,2022-11-12T14:02:42.675,15.120,0.671,-0.213,0.030
1668254562715,2022-11-12T14:02:42.715,15.160,0.518,-0.183,0.061
1668254562755,2022-11-12T14:02:42.755,15.200,0.701,-0.030,-0.091
1668254562795,2022-11-12T14:02:42.795,15.240,0.732,-0.061,0.000
1668254562835,2022-11-12T14:02:42.835,15.280,0.854,-0.061,0.000
1668254562875,2022-11-12T14:02:42.875,15.320,0.854,-0.061,0.000
1668254562915,2022-11-12T14:02:42.915,15.360,1.189,-0.091,-0.183
1668254562955,2022-11-12T14:02:42.955,15.400,0.976,-0.061,-0.091
1668254562995,2022-11-12T14:02:42.995,15.440,0.915,-0.152,-0.091
1668254563035,2022-11-12T14:02:43.035,15.480,0.762,-0.183,0.000
1668254563075,2022-11-12T14:02:43.075,15.520,0.549,-0.335,0.091
1668254563115,2022-11-12T14:02:43.115,15.560,0.701,-0.091,-0.061
1668254563155,2022-11-12T14:02:43.155,15.600,1.037,-0.122,-0.122
1668254563195,2022-11-12T14:02:43.195,15.640,0.823,-0.122,0.030
1668254563235,2022-11-12T14:02:43.235,15.680,0.762,-0.213,0.000
1668254563275,2022-11-12T14:02:43.275,15.720,0.701,-0.213,-0.030
1668254563315,2022-11-12T14:02:43.315,15.760,0.671,-0.122,-0.030
1668254563355,2022-11-12T14:02:43.355,15.800,0.701,-0.122,0.061
1668254563395,2022-11-12T14:02:43.395,15.840,0.762,-0.122,0.030
1668254563435,2022-11-12T14:02:43.435,15.880,0.732,-0.244,0.000
1668254563475,2022-11-12T14:02:43.475,15.920,0.732,-0.183,0.030
1668254563515,2022-11-12T14:02:43.515,15.960,0.671,-0.152,0.152
1668254563555,2022-11-12T14:02:43.555,16.000,0.823,-0.152,0.000
1668254563595,2022-11-12T14:02:43.595,16.040,0.793,0.061,-0.091
1668254563635,2022-11-12T14:02:43.635,16.080,0.976,0.091,-0.122
1668254563675,2022-11-12T14:02:43.675,16.120,0.732,-0.274,0.091
1668254563715,2022-11-12T14:02:43.715,16.160,0.671,-0.366,0.061
1668254563755,2022-11-12T14:02:43.755,16.200,0.884,-0.213,-0.091
1668254563795,2022-11-12T14:02:43.795,16.240,1.006,-0.030,-0.030
1668254563835,2022-11-12T14:02:43.835,16.280,0.854,-0.122,-0.030
1668254563875,2022-11-12T14:02:43.875,16.320,0.732,-0.274,0.030
1668254563915,2022-11-12T14:02:43.915,16.360,0.793,-0.091,0.030
1668254563955,2022-11-12T14:02:43.955,16.400,0.701,-0.183,0.061
1668254563995,2022-11-12T14:02:43.995,16.440,0.945,-0.244,-0.091
1668254564035,2022-11-12T14:02:44.035,16.480,0.976,-0.213,0.000
1668254564075,2022-11-12T14:02:44.075,16.520,0.701,-0.244,0.122
1668254564115,2022-11-12T14:02:44.115,16.560,0.762,-0.305,0.061
1668254564155,2022-11-12T14:02:44.155,16.600,0.854,-0.152,-0.030
1668254564195,2022-11-12T14:02:44.195,16.640,0.915,-0.152,-0.091
1668254564235,2022-11-12T14:02:44.235,16.680,0.884,-0.122,-0.030
1668254564275,2022-11-12T14:02:44.275,16.720,0.945,-0.030,-0.061
1668254564315,2022-11-12T14:02:44.315,16.760,0.701,-0.305,0.030
1668254564355,2022-11-12T14:02:44.355,16.800,0.823,-0.366,0.061
1668254564395,2022-11-12T14:02:44.395,16.840,0.884,-0.122,-0.030
1668254564435,2022-11-12T14:02:44.435,16.880,0.793,-0.061,-0.030
1668254564475,2022-11-12T14:02:44.475,16.920,0.793,-0.183,0.000
1668254564515,2022-11-12T14:02:44.515,16.960,0.732,-0.152,0.091
1668254564555,2022-11-12T14:02:44.555,17.000,0.793,-0.091,0.030
1668254564595,2022-11-12T14:02:44.595,17.040,0.701,-0.244,0.030
1668254564635,2022-11-12T14:02:44.635,17.080,0.884,-0.183,0.000
1668254564675,2022-11-12T14:02:44.675,17.120,0.884,-0.091,0.000
1668254564715,2022-11-12T14:02:44.715,17.160,0.762,-0.183,0.030
1668254564755,2022-11-12T14:02:44.755,17.200,0.793,-0.183,0.000
1668254564795,2022-11-12T14:02:44.795,17.240,0.884,-0.152,0.000
1668254564835,2022-11-12T14:02:44.835,17.280,0.854,-0.183,0.030
1668254564875,2022-11-12T14:02:44.875,17.320,0.762,-0.152,0.000
1668254564915,2022-11-12T14:02:44.915,17.360,0.945,-0.061,-0.091
1668254564955,2022-11-12T14:02:44.955,17.400,0.884,-0.061,-0.030
1668254564995,2022-11-12T14:02:44.995,17.440,0.579,-0.396,0.122
1668254565035,2022-11-12T14:02:45.035,17.480,0.823,-0.335,-0.030
1668254565075,2022-11-12T14:02:45.075,17.520,0.884,-0.152,-0.061
1668254565115,2022-11-12T14:02:45.115,17.560,0.823,-0.152,0.000
1668254565155,2022-11-12T14:02:45.155,17.600,1.037,-0.030,-0.061
1668254565195,2022-11-12T14:02:45.195,17.640,0.793,-0.091,0.030
1668254565235,2022-11-12T14:02:45.235,17.680,0.762,-0.152,0.000
1668254565275,2022-11-12T14:02:45.275,17.720,0.793,-0.152,0.000
1668254565315,2022-11-12T14:02:45.315,17.760,0.976,-0.244,-0.091
1668254565355,2022-11-12T14:02:45.355,17.800,0.884,-0.244,0.091
1668254565395,2022-11-12T14:02:45.395,17.840,0.732,-0.213,0.152
1668254565435,2022-11-12T14:02:45.435,17.880,0.884,-0.244,0.030
1668254565475,2022-11-12T14:02:45.475,17.920,0.884,-0.152,-0.030
1668254565515,2022-11-12T14:02:45.515,17.960,0.854,-0.152,0.030
1668254565555,2022-11-12T14:02:45.555,18.000,0.793,-0.152,0.030
1668254565595,2022-11-12T14:02:45.595,18.040,0.854,-0.152,-0.061
1668254565635,2022-11-12T14:02:45.635,18.080,0.976,0.000,-0.061
1668254565675,2022-11-12T14:02:45.675,18.120,0.793,-0.152,0.122
1668254565715,2022-11-12T14:02:45.715,18.160,0.762,-0.396,0.030
1668254565755,2022-11-12T14:02:45.755,18.200,0.945,-0.213,-0.122
1668254565795,2022-11-12T14:02:45.795,18.240,0.823,-0.122,0.030
1668254565835,2022-11-12T14:02:45.835,18.280,0.640,-0.122,0.091
1668254565875,2022-11-12T14:02:45.875,18.320,0.762,-0.183,-0.030
1668254565915,2022-11-12T14:02:45.915,18.360,0.884,-0.091,-0.061
1668254565955,2022-11-12T14:02:45.955,18.400,0.884,-0.122,0.000
1668254565995,2022-11-12T14:02:45.995,18.440,1.128,-0.122,-0.122
1668254566035,2022-11-12T14:02:46.035,18.480,1.159,-0.030,-0.122
1668254566075,2022-11-12T14:02:46.075,18.520,0.823,-0.122,0.030
1668254566115,2022-11-12T14:02:46.115,18.560,0.793,-0.152,0.000
1668254566155,2022-11-12T14:02:46.155,18.600,0.762,-0.183,0.000
1668254566195,2022-11-12T14:02:46.195,18.640,0.732,-0.152,0.061
1668254566235,2022-11-12T14:02:46.235,18.680,0.793,-0.152,0.061
1668254566275,2022-11-12T14:02:46.275,18.720,0.884,-0.183,0.000
1668254566315,2022-11-12T14:02:46.315,18.760,0.793,-0.122,0.030
1668254566355,2022-11-12T14:02:46.355,18.800,0.976,-0.030,-0.091
1668254566395,2022-11-12T14:02:46.395,18.840,0.884,-0.091,0.000
1668254566435,2022-11-12T14:02:46.435,18.880,0.610,-0.366,0.152
1668254566475,2022-11-12T14:02:46.475,18.920,0.945,-0.244,-0.091
1668254566515,2022-11-12T14:02:46.515,18.960,0.854,0.030,-0.122
1668254566555,2022-11-12T14:02:46.555,19.000,0.671,0.213,-0.152
1668254566595,2022-11-12T14:02:46.595,19.040,0.793,-0.091,-0.030
1668254566635,2022-11-12T14:02:46.635,19.080,0.732,-0.183,0.122
1668254566675,2022-11-12T14:02:46.675,19.120,0.762,-0.213,0.152
1668254566715,2022-11-12T14:02:46.715,19.160,0.793,-0.305,0.091
1668254566755,2022-11-12T14:02:46.755,19.200,0.915,-0.244,0.061
1668254566795,2022-11-12T14:02:46.795,19.240,0.823,-0.244,0.000
1668254566835,2022-11-12T14:02:46.835,19.280,0.671,-0.244,0.091
1668254566875,2022-11-12T14:02:46.875,19.320,0.793,-0.183,-0.030
1668254566915,2022-11-12T14:02:46.915,19.360,0.945,-0.061,-0.091
1668254566955,2022-11-12T14:02:46.955,19.400,0.793,-0.122,0.030
1668254566995,2022-11-12T14:02:46.995,19.440,0.732,-0.183,0.091
1668254567035,2022-11-12T14:02:47.035,19.480,0.793,-0.152,0.000
1668254567075,2022-11-12T14:02:47.075,19.520,0.884,-0.061,-0.030
1668254567115,2022-11-12T14:02:47.115,19.560,0.793,-0.152,0.030
1668254567155,2022-11-12T14:02:47.155,19.600,0.640,-0.396,0.091
1668254567195,2022-11-12T14:02:47.195,19.640,0.945,-0.213,-0.061
1668254567235,2022-11-12T14:02:47.235,19.680,0.884,-0.061,-0.061
1668254567275,2022-11-12T14:02:47.275,19.720,0.762,-0.091,0.030
1668254567315,2022-11-12T14:02:47.315,19.760,0.884,-0.183,-0.030
1668254567355,2022-11-12T14:02:47.355,19.800,0.762,-0.152,0.030
1668254567395,2022-11-12T14:02:47.395,19.840,0.671,-0.274,0.061
1668254567435,2022-11-12T14:02:47.435,19.880,0.732,-0.366,0.030
1668254567475,2022-11-12T14:02:47.475,19.920,0.915,-0.152,-0.030
1668254567515,2022-11-12T14:02:47.515,19.960,0.701,-0.183,0.061
1668254567555,2022-11-12T14:02:47.555,20.000,0.549,-0.183,0.122
1668254567595,2022-11-12T14:02:47.595,20.040,0.823,-0.244,-0.030
1668254567635,2022-11-12T14:02:47.635,20.080,0.793,-0.152,0.000
1668254567675,2022-11-12T14:02:47.675,20.120,0.671,-0.213,0.091
1668254567715,2022-11-12T14:02:47.715,20.160,0.884,-0.244,-0.061
1668254567755,2022-11-12T14:02:47.755,20.200,0.793,-0.091,0.061
1668254567795,2022-11-12T14:02:47.795,20.240,0.854,0.000,0.030
1668254567835,2022-11-12T14:02:47.835,20.280,0.884,-0.122,0.030
1668254567875,2022-11-12T14:02:47.875,20.320,0.701,-0.396,0.091
1668254567915,2022-11-12T14:02:47.915,20.360,0.823,-0.274,-0.030
1668254567955,2022-11-12T14:02:47.955,20.400,0.945,-0.091,-0.030
1668254567995,2022-11-12T14:02:47.995,20.440,0.884,-0.091,-0.030
1668254568035,2022-11-12T14:02:48.035,20.480,0.701,-0.213,0.030
1668254568075,2022-11-12T14:02:48.075,20.520,0.823,-0.152,0.030
1668254568115,2022-11-12T14:02:48.115,20.560,0.671,-0.244,0.091
1668254568155,2022-11-12T14:02:48.155,20.600,0.823,-0.305,0.030
1668254568195,2022-11-12T14:02:48.195,20.640,0.915,-0.152,-0.030
1668254568235,2022-11-12T14:02:48.235,20.680,0.762,-0.244,0.061
1668254568275,2022-11-12T14:02:48.275,20.720,0.732,-0.244,0.091
1668254568315,2022-11-12T14:02:48.315,20.760,0.793,-0.244,0.030
1668254568355,2022-11-12T14:02:48.355,20.800,0.854,-0.244,0.030
1668254568395,2022-11-12T14:02:48.395,20.840,0.945,-0.244,-0.030
1668254568435,2022-11-12T14:02:48.435,20.880,0.915,-0.213,-0.030
1668254568475,2022-11-12T14:02:48.475,20.920,1.037,-0.091,-0.122
1668254568515,2022-11-12T14:02:48.515,20.960,0.793,-0.244,0.061
1668254568555,2022-11-12T14:02:48.555,21.000,0.671,-0.396,0.122
1668254568595,2022-11-12T14:02:48.595,21.040,0.945,-0.244,-0.091
1668254568635,2022-11-12T14:02:48.635,21.080,0.884,-0.030,0.000
1668254568675,2022-11-12T14:02:48.675,21.120,0.762,0.030,0.061
1668254568715,2022-11-12T14:02:48.715,21.160,0.732,-0.091,0.030
1668254568755,2022-11-12T14:02:48.755,21.200,0.610,-0.122,0.061
1668254568795,2022-11-12T14:02:48.795,21.240,0.762,-0.213,0.061
1668254568835,2022-11-12T14:02:48.835,21.280,0.915,-0.244,0.030
1668254568875,2022-11-12T14:02:48.875,21.320,0.884,-0.244,0.030
1668254568915,2022-11-12T14:02:48.915,21.360,0.793,-0.274,0.030
1668254568955,2022-11-12T14:02:48.955,21.400,0.854,-0.091,0.061
1668254568995,2022-11-12T14:02:48.995,21.440,0.915,-0.244,0.000
1668254569035,2022-11-12T14:02:49.035,21.480,0.976,-0.305,-0.061
1668254569075,2022-11-12T14:02:49.075,21.520,0.945,-0.122,-0.061
1668254569115,2022-11-12T14:02:49.115,21.560,0.884,-0.091,-0.030
1668254569155,2022-11-12T14:02:49.155,21.600,0.823,-0.183,0.030
1668254569195,2022-11-12T14:02:49.195,21.640,0.793,-0.335,0.030
1668254569235,2022-11-12T14:02:49.235,21.680,0.854,-0.213,0.030
1668254569275,2022-11-12T14:02:49.275,21.720,0.884,-0.030,-0.030
1668254569315,2022-11-12T14:02:49.315,21.760,0.884,-0.061,0.000
1668254569355,2022-11-12T14:02:49.355,21.800,0.854,-0.213,0.030
1668254569395,2022-11-12T14:02:49.395,21.840,1.006,-0.122,-0.061
1668254569435,2022-11-12T14:02:49.435,21.880,1.006,-0.183,-0.030
1668254569475,2022-11-12T14:02:49.475,21.920,0.976,-0.305,-0.030
1668254569515,2022-11-12T14:02:49.515,21.960,1.189,-0.152,-0.122
1668254569555,2022-11-12T14:02:49.555,22.000,0.793,-0.183,0.091
1668254569595,2022-11-12T14:02:49.595,22.040,0.518,-0.244,0.122
1668254569635,2022-11-12T14:02:49.635,22.080,0.732,-0.213,0.000
1668254569675,2022-11-12T14:02:49.675,22.120,0.823,-0.152,0.000
1668254569715,2022-11-12T14:02:49.715,22.160,0.854,-0.122,-0.030
1668254569755,2022-11-12T14:02:49.755,22.200,0.915,-0.091,-0.122
1668254569795,2022-11-12T14:02:49.795,22.240,0.823,-0.122,0.030
1668254569835,2022-11-12T14:02:49.835,22.280,0.701,-0.274,0.061
1668254569875,2022-11-12T14:02:49.875,22.320,0.854,-0.335,-0.061
1668254569915,2022-11-12T14:02:49.915,22.360,0.884,-0.183,-0.061
1668254569955,2022-11-12T14:02:49.955,22.400,0.793,-0.061,0.061
1668254569995,2022-11-12T14:02:49.995,22.440,0.671,-0.152,0.030
1668254570035,2022-11-12T14:02:50.035,22.480,0.823,-0.122,-0.030
1668254570075,2022-11-12T14:02:50.075,22.520,0.793,0.030,-0.030
1668254570115,2022-11-12T14:02:50.115,22.560,0.732,-0.213,0.030
1668254570155,2022-11-12T14:02:50.155,22.600,0.976,-0.213,-0.061
1668254570195,2022-11-12T14:02:50.195,22.640,0.884,-0.122,-0.030
1668254570235,2022-11-12T14:02:50.235,22.680,0.640,-0.183,0.152
1668254570275,2022-11-12T14:02:50.275,22.720,0.762,-0.244,0.000
1668254570315,2022-11-12T14:02:50.315,22.760,1.006,-0.152,-0.091
1668254570355,2022-11-12T14:02:50.355,22.800,0.945,-0.152,-0.030
1668254570395,2022-11-12T14:02:50.395,22.840,0.823,-0.122,0.030
1668254570435,2022-11-12T14:02:50.435,22.880,1.037,-0.061,-0.091
1668254570475,2022-11-12T14:02:50.475,22.920,0.732,-0.213,0.061
1668254570515,2022-11-12T14:02:50.515,22.960,0.701,-0.305,0.030
1668254570555,2022-11-12T14:02:50.555,23.000,0.915,-0.183,-0.061
1668254570595,2022-11-12T14:02:50.595,23.040,0.793,-0.152,0.030
1668254570635,2022-11-12T14:02:50.635,23.080,0.823,-0.152,-0.030
1668254570675,2022-11-12T14:02:50.675,23.120,0.732,-0.244,0.061
1668254570715,2022-11-12T14:02:50.715,23.160,0.823,-0.122,0.030
1668254570755,2022-11-12T14:02:50.755,23.200,0.823,-0.152,0.000
1668254570795,2022-11-12T14:02:50.795,23.240,0.701,-0.244,0.061
1668254570835,2022-11-12T14:02:50.835,23.280,1.006,-0.152,-0.061
1668254570875,2022-11-12T14:02:50.875,23.320,0.854,-0.152,0.061
1668254570915,2022-11-12T14:02:50.915,23.360,0.762,-0.213,0.061
1668254570955,2022-11-12T14:02:50.955,23.400,0.884,-0.213,-0.030
1668254570995,2022-11-12T14:02:50.995,23.440,0.823,-0.213,0.000
1668254571035,2022-11-12T14:02:51.035,23.480,0.793,-0.244,0.030
1668254571075,2022-11-12T14:02:51.075,23.520,0.823,-0.213,-0.061
1668254571115,2022-11-12T14:02:51.115,23.560,0.915,0.000,-0.091
1668254571155,2022-11-12T14:02:51.155,23.600,0.793,-0.152,0.000
1668254571195,2022-11-12T14:02:51.195,23.640,0.732,-0.396,0.061
1668254571235,2022-11-12T14:02:51.235,23.680,1.006,-0.305,-0.091
1668254571275,2022-11-12T14:02:51.275,23.720,0.976,-0.122,-0.091
1668254571315,2022-11-12T14:02:51.315,23.760,0.945,-0.091,-0.030
1668254571355,2022-11-12T14:02:51.355,23.800,0.793,-0.183,0.000
1668254571395,2022-11-12T14:02:51.395,23.840,0.762,-0.183,0.061
1668254571435,2022-11-12T14:02:51.435,23.880,0.793,-0.091,-0.030
1668254571475,2022-11-12T14:02:51.475,23.920,0.732,-0.274,0.000
1668254571515,2022-11-12T14:02:51.515,23.960,0.945,-0.152,-0.061
1668254571555,2022-11-12T14:02:51.555,24.000,0.884,-0.091,0.000
1668254571595,2022-11-12T14:02:51.595,24.040,0.701,-0.244,0.061
1668254571635,2022-11-12T14:02:51.635,24.080,0.823,-0.183,0.000
1668254571675,2022-11-12T14:02:51.675,24.120,0.884,-0.152,-0.030
1668254571715,2022-11-12T14:02:51.715,24.160,0.793,-0.122,0.030
1668254571755,2022-11-12T14:02:51.755,24.200,0.823,-0.152,-0.030
1668254571795,2022-11-12T14:02:51.795,24.240,0.854,-0.213,0.030
1668254571835,2022-11-12T14:02:51.835,24.280,0.701,-0.152,0.061
1668254571875,2022-11-12T14:02:51.875,24.320,0.976,-0.061,-0.152
1668254571915,2022-11-12T14:02:51.915,24.360,0.793,-0.122,0.030
1668254571955,2022-11-12T14:02:51.955,24.400,0.579,-0.366,0.152
1668254571995,2022-11-12T14:02:51.995,24.440,0.915,-0.244,-0.061
1668254572035,2022-11-12T14:02:52.035,24.480,0.915,-0.152,-0.030
1668254572075,2022-11-12T14:02:52.075,24.520,0.823,-0.152,0.091
1668254572115,2022-11-12T14:02:52.115,24.560,0.854,-0.183,0.030
1668254572155,2022-11-12T14:02:52.155,24.600,0.823,-0.244,0.000
1668254572195,2022-11-12T14:02:52.195,24.640,0.823,-0.183,0.000
1668254572235,2022-11-12T14:02:52.235,24.680,0.732,-0.305,0.000
1668254572275,2022-11-12T14:02:52.275,24.720,0.945,-0.274,0.000
1668254572315,2022-11-12T14:02:52.315,24.760,0.915,-0.183,0.030
1668254572355,2022-11-12T14:02:52.355,24.800,0.732,-0.183,0.091
1668254572395,2022-11-12T14:02:52.395,24.840,0.854,-0.183,0.000
1668254572435,2022-11-12T14:02:52.435,24.880,0.945,-0.244,0.000
1668254572475,2022-11-12T14:02:52.475,24.920,0.793,-0.244,0.061
1668254572515,2022-11-12T14:02:52.515,24.960,0.915,-0.274,0.000
1668254572555,2022-11-12T14:02:52.555,25.000,0.823,-0.213,0.030
1668254572595,2022-11-12T14:02:52.595,25.040,0.854,-0.244,0.061
1668254572635,2022-11-12T14:02:52.635,25.080,0.884,-0.305,0.030
1668254572675,2022-11-12T14:02:52.675,25.120,0.762,-0.335,0.061
1668254572715,2022-11-12T14:02:52.715,25.160,0.884,-0.396,0.061
1668254572755,2022-11-12T14:02:52.755,25.200,0.945,-0.457,0.000
1668254572795,2022-11-12T14:02:52.795,25.240,1.067,-0.335,-0.122
1668254572835,2022-11-12T14:02:52.835,25.280,0.823,-0.213,0.000
1668254572875,2022-11-12T14:02:52.875,25.320,0.762,-0.213,0.061
1668254572915,2022-11-12T14:02:52.915,25.360,0.762,-0.274,0.030
1668254572955,2022-11-12T14:02:52.955,25.400,0.762,-0.122,0.091
1668254572995,2022-11-12T14:02:52.995,25.440,0.945,-0.152,-0.030
1668254573035,2022-11-12T14:02:53.035,25.480,0.793,-0.244,0.091
1668254573075,2022-11-12T14:02:53.075,25.520,0.915,-0.244,0.000
1668254573115,2022-11-12T14:02:53.115,25.560,0.793,-0.244,0.030
1668254573155,2022-11-12T14:02:53.155,25.600,0.671,-0.183,0.091
1668254573195,2022-11-12T14:02:53.195,25.640,0.823,-0.152,0.000
1668254573235,2022-11-12T14:02:53.235,25.680,1.006,-0.091,-0.030
1668254573275,2022-11-12T14:02:53.275,25.720,0.945,-0.183,0.000
1668254573315,2022-11-12T14:02:53.315,25.760,0.823,-0.213,0.030
1668254573355,2022-11-12T14:02:53.355,25.800,0.976,-0.091,-0.061
1668254573395,2022-11-12T14:02:53.395,25.840,0.915,0.030,-0.061
1668254573435,2022-11-12T14:02:53.435,25.880,0.884,-0.091,-0.061
1668254573475,2022-11-12T14:02:53.475,25.920,0.671,-0.305,0.030
1668254573515,2022-11-12T14:02:53.515,25.960,0.823,-0.305,0.030
1668254573555,2022-11-12T14:02:53.555,26.000,0.915,-0.152,0.000
1668254573595,2022-11-12T14:02:53.595,26.040,0.793,-0.244,0.061
1668254573635,2022-11-12T14:02:53.635,26.080,0.762,-0.366,0.122
1668254573675,2022-11-12T14:02:53.675,26.120,0.854,-0.274,0.091
1668254573715,2022-11-12T14:02:53.715,26.160,0.915,-0.091,0.000
1668254573755,2022-11-12T14:02:53.755,26.200,0.823,-0.244,0.000
1668254573795,2022-11-12T14:02:53.795,26.240,0.915,-0.213,-0.030
1668254573835,2022-11-12T14:02:53.835,26.280,0.945,-0.061,-0.061
1668254573875,2022-11-12T14:02:53.875,26.320,0.640,-0.061,0.091
1668254573915,2022-11-12T14:02:53.915,26.360,0.884,-0.152,-0.030
1668254573955,2022-11-12T14:02:53.955,26.400,0.884,-0.122,-0.091
1668254573995,2022-11-12T14:02:53.995,26.440,0.854,-0.152,-0.030
1668254574035,2022-11-12T14:02:54.035,26.480,0.762,-0.152,0.000
1668254574075,2022-11-12T14:02:54.075,26.520,0.823,-0.122,-0.061
1668254574115,2022-11-12T14:02:54.115,26.560,0.884,0.030,-0.061
1668254574155,2022-11-12T14:02:54.155,26.600,0.793,-0.091,0.000
1668254574195,2022-11-12T14:02:54.195,26.640,0.671,-0.366,0.000
1668254574235,2022-11-12T14:02:54.235,26.680,0.854,-0.152,-0.091
1668254574275,2022-11-12T14:02:54.275,26.720,0.854,-0.091,-0.030
1668254574315,2022-11-12T14:02:54.315,26.760,0.823,-0.152,0.000
1668254574355,2022-11-12T14:02:54.355,26.800,0.915,-0.213,-0.091
1668254574395,2022-11-12T14:02:54.395,26.840,0.732,-0.152,0.030
1668254574435,2022-11-12T14:02:54.435,26.880,0.793,-0.061,0.000
1668254574475,2022-11-12T14:02:54.475,26.920,0.854,-0.213,-0.061
1668254574515,2022-11-12T14:02:54.515,26.960,0.915,-0.213,-0.030
1668254574555,2022-11-12T14:02:54.555,27.000,0.793,-0.122,0.030
1668254574595,2022-11-12T14:02:54.595,27.040,0.854,-0.152,0.030
1668254574635,2022-11-12T14:02:54.635,27.080,0.793,-0.183,0.000
1668254574675,2022-11-12T14:02:54.675,27.120,0.915,-0.122,0.000
1668254574715,2022-11-12T14:02:54.715,27.160,0.884,-0.122,0.000
1668254574755,2022-11-12T14:02:54.755,27.200,0.762,-0.213,-0.030
1668254574795,2022-11-12T14:02:54.795,27.240,0.854,-0.213,0.030
1668254574835,2022-11-12T14:02:54.835,27.280,0.915,-0.122,0.000
1668254574875,2022-11-12T14:02:54.875,27.320,0.976,-0.030,-0.091
1668254574915,2022-11-12T14:02:54.915,27.360,0.793,-0.213,0.030
1668254574955,2022-11-12T14:02:54.955,27.400,0.701,-0.366,0.061
1668254574995,2022-11-12T14:02:54.995,27.440,0.854,-0.183,-0.061
1668254575035,2022-11-12T14:02:55.035,27.480,0.884,-0.122,-0.061
1668254575075,2022-11-12T14:02:55.075,27.520,0.793,-0.183,-0.030
1668254575115,2022-11-12T14:02:55.115,27.560,0.762,-0.244,-0.030
1668254575155,2022-11-12T14:02:55.155,27.600,0.762,-0.183,0.122
1668254575195,2022-11-12T14:02:55.195,27.640,0.884,-0.122,0.000
1668254575235,2022-11-12T14:02:55.235,27.680,0.793,-0.244,0.000
1668254575275,2022-11-12T14:02:55.275,27.720,0.854,-0.122,-0.030
1668254575315,2022-11-12T14:02:55.315,27.760,0.793,-0.122,0.000
1668254575355,2022-11-12T14:02:55.355,27.800,0.732,-0.183,0.061
1668254575395,2022-11-12T14:02:55.395,27.840,0.854,-0.152,-0.030
1668254575435,2022-11-12T14:02:55.435,27.880,0.854,-0.152,-0.030
1668254575475,2022-11-12T14:02:55.475,27.920,0.854,-0.183,-0.030
1668254575515,2022-11-12T14:02:55.515,27.960,0.793,-0.183,0.030
1668254575555,2022-11-12T14:02:55.555,28.000,0.854,-0.152,0.000
1668254575595,2022-11-12T14:02:55.595,28.040,0.884,-0.183,-0.061
1668254575635,2022-11-12T14:02:55.635,28.080,0.793,-0.152,-0.061
1668254575675,2022-11-12T14:02:55.675,28.120,0.915,-0.091,-0.091
1668254575715,2022-11-12T14:02:55.715,28.160,0.640,-0.335,0.122
1668254575755,2022-11-12T14:02:55.755,28.200,0.762,-0.427,0.061
1668254575795,2022-11-12T14:02:55.795,28.240,1.006,-0.213,-0.030
1668254575835,2022-11-12T14:02:55.835,28.280,0.793,-0.183,0.030
1668254575875,2022-11-12T14:02:55.875,28.320,0.854,-0.122,0.000
1668254575915,2022-11-12T14:02:55.915,28.360,0.732,-0.183,0.030
1668254575955,2022-11-12T14:02:55.955,28.400,0.793,-0.152,0.000
1668254575995,2022-11-12T14:02:55.995,28.440,0.823,-0.213,-0.030
1668254576035,2022-11-12T14:02:56.035,28.480,0.854,-0.274,0.030
1668254576075,2022-11-12T14:02:56.075,28.520,0.976,-0.213,-0.061
1668254576115,2022-11-12T14:02:56.115,28.560,0.732,-0.274,0.122
1668254576155,2022-11-12T14:02:56.155,28.600,0.701,-0.305,0.152
1668254576195,2022-11-12T14:02:56.195,28.640,0.884,-0.244,0.000
1668254576235,2022-11-12T14:02:56.235,28.680,0.854,-0.213,0.030
1668254576275,2022-11-12T14:02:56.275,28.720,0.762,-0.244,0.061
1668254576315,2022-11-12T14:02:56.315,28.760,0.823,-0.244,0.000
1668254576355,2022-11-12T14:02:56.355,28.800,0.854,-0.274,0.000
1668254576395,2022-11-12T14:02:56.395,28.840,0.793,-0.183,0.061
1668254576435,2022-11-12T14:02:56.435,28.880,0.945,-0.152,-0.030
1668254576475,2022-11-12T14:02:56.475,28.920,0.671,-0.274,0.122
1668254576515,2022-11-12T14:02:56.515,28.960,0.671,-0.366,0.091
1668254576555,2022-11-12T14:02:56.555,29.000,0.884,-0.213,-0.030
1668254576595,2022-11-12T14:02:56.595,29.040,0.732,-0.122,0.030
1668254576635,2022-11-12T14:02:56.635,29.080,0.884,-0.183,0.030
1668254576675,2022-11-12T14:02:56.675,29.120,0.610,-0.305,0.122
1668254576715,2022-11-12T14:02:56.715,29.160,0.823,-0.122,0.000
1668254576755,2022-11-12T14:02:56.755,29.200,0.854,-0.152,0.000
1668254576795,2022-11-12T14:02:56.795,29.240,0.762,-0.305,0.091
1668254576835,2022-11-12T14:02:56.835,29.280,1.006,-0.213,-0.091
1668254576875,2022-11-12T14:02:56.875,29.320,0.823,-0.122,0.061
1668254576915,2022-11-12T14:02:56.915,29.360,0.762,-0.213,0.030
1668254576955,2022-11-12T14:02:56.955,29.400,0.823,-0.244,-0.061
1668254576995,2022-11-12T14:02:56.995,29.440,0.854,-0.152,-0.030
1668254577035,2022-11-12T14:02:57.035,29.480,0.884,-0.122,0.061
1668254577075,2022-11-12T14:02:57.075,29.520,0.945,-0.183,-0.030
1668254577115,2022-11-12T14:02:57.115,29.560,0.823,-0.122,-0.030
1668254577155,2022-11-12T14:02:57.155,29.600,0.915,0.000,-0.091
1668254577195,2022-11-12T14:02:57.195,29.640,0.854,-0.183,0.000
1668254577235,2022-11-12T14:02:57.235,29.680,0.762,-0.427,0.061
1668254577275,2022-11-12T14:02:57.275,29.720,0.915,-0.244,0.000
1668254577315,2022-11-12T14:02:57.315,29.760,0.915,-0.030,-0.030
1668254577355,2022-11-12T14:02:57.355,29.800,0.823,-0.122,-0.061
1668254577395,2022-11-12T14:02:57.395,29.840,0.823,-0.244,0.000
1668254577435,2022-11-12T14:02:57.435,29.880,0.854,-0.122,-0.030
1668254577475,2022-11-12T14:02:57.475,29.920,0.854,-0.183,-0.030
1668254577515,2022-11-12T14:02:57.515,29.960,0.945,-0.213,-0.030
1668254577555,2022-11-12T14:02:57.555,30.000,0.976,-0.091,-0.030
1668254577595,2022-11-12T14:02:57.595,30.040,0.671,-0.122,0.061
1668254577635,2022-11-12T14:02:57.635,30.080,0.701,-0.183,0.030
1668254577675,2022-11-12T14:02:57.675,30.120,0.915,-0.152,-0.030
1668254577715,2022-11-12T14:02:57.715,30.160,0.793,-0.152,-0.030
1668254577755,2022-11-12T14:02:57.755,30.200,0.854,-0.213,0.000
1668254577795,2022-11-12T14:02:57.795,30.240,0.793,-0.152,0.000
1668254577835,2022-11-12T14:02:57.835,30.280,0.854,-0.061,0.000
1668254577875,2022-11-12T14:02:57.875,30.320,0.823,-0.122,-0.061
1668254577915,2022-11-12T14:02:57.915,30.360,0.701,-0.335,0.061
1668254577955,2022-11-12T14:02:57.955,30.400,0.945,-0.213,-0.030
1668254577995,2022-11-12T14:02:57.995,30.440,0.823,-0.152,-0.030
1668254578035,2022-11-12T14:02:58.035,30.480,0.793,-0.183,-0.030
1668254578075,2022-11-12T14:02:58.075,30.520,0.976,-0.091,-0.030
1668254578115,2022-11-12T14:02:58.115,30.560,0.640,-0.061,0.061
1668254578155,2022-11-12T14:02:58.155,30.600,0.732,-0.091,0.000
1668254578195,2022-11-12T14:02:58.195,30.640,0.671,-0.213,0.091
1668254578235,2022-11-12T14:02:58.235,30.680,0.793,-0.183,0.030
1668254578275,2022-11-12T14:02:58.275,30.720,0.854,-0.152,0.000
1668254578315,2022-11-12T14:02:58.315,30.760,0.732,-0.183,0.061
1668254578355,2022-11-12T14:02:58.355,30.800,0.732,-0.244,0.030
1668254578395,2022-11-12T14:02:58.395,30.840,0.915,-0.244,-0.030
1668254578435,2022-11-12T14:02:58.435,30.880,0.945,-0.152,0.000
1668254578475,2022-11-12T14:02:58.475,30.920,0.823,-0.244,-0.030
1668254578515,2022-11-12T14:02:58.515,30.960,0.762,-0.274,0.000
1668254578555,2022-11-12T14:02:58.555,31.000,0.884,-0.213,0.030
1668254578595,2022-11-12T14:02:58.595,31.040,0.976,-0.122,-0.061
1668254578635,2022-11-12T14:02:58.635,31.080,0.884,-0.152,-0.030
1668254578675,2022-11-12T14:02:58.675,31.120,0.701,-0.335,0.091
1668254578715,2022-11-12T14:02:58.715,31.160,0.854,-0.305,0.000
1668254578755,2022-11-12T14:02:58.755,31.200,0.976,-0.152,-0.091
1668254578795,2022-11-12T14:02:58.795,31.240,0.732,-0.122,0.061
1668254578835,2022-11-12T14:02:58.835,31.280,0.884,-0.152,-0.030
1668254578875,2022-11-12T14:02:58.875,31.320,0.762,-0.183,0.061
1668254578915,2022-11-12T14:02:58.915,31.360,0.823,-0.122,0.000
1668254578955,2022-11-12T14:02:58.955,31.400,0.762,-0.244,-0.030
1668254578995,2022-11-12T14:02:58.995,31.440,0.854,-0.213,0.030
1668254579035,2022-11-12T14:02:59.035,31.480,0.976,-0.152,-0.030
1668254579075,2022-11-12T14:02:59.075,31.520,0.732,-0.213,0.061
1668254579115,2022-11-12T14:02:59.115,31.560,0.762,-0.213,0.000
1668254579155,2022-11-12T14:02:59.155,31.600,0.915,-0.213,-0.061
1668254579195,2022-11-12T14:02:59.195,31.640,0.854,-0.213,0.000
1668254579235,2022-11-12T14:02:59.235,31.680,0.854,-0.213,0.030
1668254579275,2022-11-12T14:02:59.275,31.720,0.762,-0.183,0.000
1668254579315,2022-11-12T14:02:59.315,31.760,0.732,-0.213,0.030
1668254579355,2022-11-12T14:02:59.355,31.800,0.854,-0.213,-0.030
1668254579395,2022-11-12T14:02:59.395,31.840,0.915,-0.152,0.000
1668254579435,2022-11-12T14:02:59.435,31.880,0.945,-0.091,0.000
1668254579475,2022-11-12T14:02:59.475,31.920,0.762,-0.305,0.091
1668254579515,2022-11-12T14:02:59.515,31.960,0.793,-0.366,0.000
1668254579555,2022-11-12T14:02:59.555,32.000,1.006,-0.213,-0.091
1668254579595,2022-11-12T14:02:59.595,32.040,0.793,-0.183,0.061
1668254579635,2022-11-12T14:02:59.635,32.080,0.854,-0.152,-0.030
1668254579675,2022-11-12T14:02:59.675,32.120,0.732,-0.213,0.061
1668254579715,2022-11-12T14:02:59.715,32.160,0.793,-0.091,0.000
1668254579755,2022-11-12T14:02:59.755,32.200,0.854,-0.183,-0.061
1668254579795,2022-11-12T14:02:59.795,32.240,0.732,-0.213,0.061
1668254579835,2022-11-12T14:02:59.835,32.280,1.006,-0.152,-0.061
1668254579875,2022-11-12T14:02:59.875,32.320,0.762,-0.244,0.061
1668254579915,2022-11-12T14:02:59.915,32.360,0.671,-0.244,0.030
1668254579955,2022-11-12T14:02:59.955,32.400,0.884,-0.213,0.000
1668254579995,2022-11-12T14:02:59.995,32.440,0.793,-0.213,0.030
1668254580035,2022-11-12T14:03:00.035,32.480,0.915,-0.183,-0.061
1668254580075,2022-11-12T14:03:00.075,32.520,0.793,-0.183,0.091
1668254580115,2022-11-12T14:03:00.115,32.560,0.793,-0.213,0.030
1668254580155,2022-11-12T14:03:00.155,32.600,0.915,-0.213,-0.061
1668254580195,2022-11-12T14:03:00.195,32.640,0.854,-0.183,0.030
1668254580235,2022-11-12T14:03:00.235,32.680,0.945,-0.122,-0.030
1668254580275,2022-11-12T14:03:00.275,32.720,0.884,-0.152,-0.061
1668254580315,2022-11-12T14:03:00.315,32.760,0.671,-0.396,0.122
1668254580355,2022-11-12T14:03:00.355,32.800,0.884,-0.366,0.000
1668254580395,2022-11-12T14:03:00.395,32.840,0.976,-0.244,0.000
1668254580435,2022-11-12T14:03:00.435,32.880,0.823,-0.183,0.061
1668254580475,2022-11-12T14:03:00.475,32.920,0.823,-0.152,0.000
1668254580515,2022-11-12T14:03:00.515,32.960,0.701,-0.274,0.061
1668254580555,2022-11-12T14:03:00.555,33.000,0.823,-0.183,0.000
1668254580595,2022-11-12T14:03:00.595,33.040,0.884,-0.213,-0.030
1668254580635,2022-11-12T14:03:00.635,33.080,0.915,-0.183,0.000
1668254580675,2022-11-12T14:03:00.675,33.120,0.884,-0.274,-0.030
1668254580715,2022-11-12T14:03:00.715,33.160,0.671,-0.213,0.091
1668254580755,2022-11-12T14:03:00.755,33.200,0.793,-0.183,0.030
1668254580795,2022-11-12T14:03:00.795,33.240,0.823,-0.213,0.000
1668254580835,2022-11-12T14:03:00.835,33.280,0.793,-0.183,0.061
1668254580875,2022-11-12T14:03:00.875,33.320,0.823,-0.152,0.061
1668254580915,2022-11-12T14:03:00.915,33.360,0.823,-0.183,0.030
1668254580955,2022-11-12T14:03:00.955,33.400,0.793,-0.213,0.000
1668254580995,2022-11-12T14:03:00.995,33.440,0.884,-0.122,-0.061
1668254581035,2022-11-12T14:03:01.035,33.480,0.732,-0.030,0.030
1668254581075,2022-11-12T14:03:01.075,33.520,0.854,-0.152,0.000
1668254581115,2022-11-12T14:03:01.115,33.560,0.640,-0.396,0.091
1668254581155,2022-11-12T14:03:01.155,33.600,0.701,-0.366,0.030
1668254581195,2022-11-12T14:03:01.195,33.640,0.976,-0.122,-0.061
1668254581235,2022-11-12T14:03:01.235,33.680,0.884,-0.152,0.000
1668254581275,2022-11-12T14:03:01.275,33.720,0.854,-0.213,-0.030
1668254581315,2022-11-12T14:03:01.315,33.760,0.793,-0.213,0.061
1668254581355,2022-11-12T14:03:01.355,33.800,0.854,-0.122,0.030
1668254581395,2022-11-12T14:03:01.395,33.840,0.915,-0.213,-0.030
1668254581435,2022-11-12T14:03:01.435,33.880,0.884,-0.213,-0.061
1668254581475,2022-11-12T14:03:01.475,33.920,0.884,-0.152,-0.030
1668254581515,2022-11-12T14:03:01.515,33.960,0.732,-0.122,0.061
1668254581555,2022-11-12T14:03:01.555,34.000,0.701,-0.213,0.030
1668254581595,2022-11-12T14:03:01.595,34.040,0.854,-0.152,-0.030
1668254581635,2022-11-12T14:03:01.635,34.080,0.915,-0.152,0.000
1668254581675,2022-11-12T14:03:01.675,34.120,0.793,-0.213,0.030
1668254581715,2022-11-12T14:03:01.715,34.160,0.915,-0.183,-0.091
1668254581755,2022-11-12T14:03:01.755,34.200,0.915,-0.122,-0.061
1668254581795,2022-11-12T14:03:01.795,34.240,0.915,-0.061,0.000
1668254581835,2022-11-12T14:03:01.835,34.280,0.854,-0.274,-0.030
1668254581875,2022-11-12T14:03:01.875,34.320,0.854,-0.305,0.000
1668254581915,2022-11-12T14:03:01.915,34.360,0.854,-0.183,-0.030
1668254581955,2022-11-12T14:03:01.955,34.400,0.732,-0.152,0.000
1668254581995,2022-11-12T14:03:01.995,34.440,0.854,-0.183,-0.030
1668254582035,2022-11-12T14:03:02.035,34.480,0.701,-0.152,0.061
1668254582075,2022-11-12T14:03:02.075,34.520,0.823,-0.091,0.000
1668254582115,2022-11-12T14:03:02.115,34.560,0.762,-0.213,0.030
1668254582155,2022-11-12T14:03:02.155,34.600,0.823,-0.244,0.000
1668254582195,2022-11-12T14:03:02.195,34.640,0.884,-0.122,-0.030
1668254582235,2022-11-12T14:03:02.235,34.680,0.732,-0.183,0.030
1668254582275,2022-11-12T14:03:02.275,34.720,0.793,-0.213,0.030
1668254582315,2022-11-12T14:03:02.315,34.760,0.854,-0.152,-0.030
1668254582355,2022-11-12T14:03:02.355,34.800,0.823,-0.152,-0.030
1668254582395,2022-11-12T14:03:02.395,34.840,0.854,-0.213,0.000
1668254582435,2022-11-12T14:03:02.435,34.880,0.823,-0.183,0.030
1668254582475,2022-11-12T14:03:02.475,34.920,0.793,-0.152,0.000
1668254582515,2022-11-12T14:03:02.515,34.960,0.884,-0.061,-0.030
1668254582555,2022-11-12T14:03:02.555,35.000,0.762,-0.213,0.030
1668254582595,2022-11-12T14:03:02.595,35.040,0.732,-0.396,0.061
1668254582635,2022-11-12T14:03:02.635,35.080,0.945,-0.213,-0.091
1668254582675,2022-11-12T14:03:02.675,35.120,0.823,-0.122,0.030
1668254582715,2022-11-12T14:03:02.715,35.160,0.854,-0.152,0.000
1668254582755,2022-11-12T14:03:02.755,35.200,0.823,-0.152,-0.030
1668254582795,2022-11-12T14:03:02.795,35.240,0.701,-0.152,0.061
1668254582835,2022-11-12T14:03:02.835,35.280,0.823,-0.183,0.000
1668254582875,2022-11-12T14:03:02.875,35.320,0.793,-0.305,0.030
1668254582915,2022-11-12T14:03:02.915,35.360,0.915,-0.122,-0.030
1668254582955,2022-11-12T14:03:02.955,35.400,0.854,-0.152,0.030
1668254582995,2022-11-12T14:03:02.995,35.440,0.701,-0.183,0.091
1668254583035,2022-11-12T14:03:03.035,35.480,0.854,-0.213,0.000
1668254583075,2022-11-12T14:03:03.075,35.520,0.854,-0.213,0.030
1668254583115,2022-11-12T14:03:03.115,35.560,0.854,-0.244,0.000
1668254583155,2022-11-12T14:03:03.155,35.600,0.823,-0.213,-0.061
1668254583195,2022-11-12T14:03:03.195,35.640,0.732,-0.152,0.061
1668254583235,2022-11-12T14:03:03.235,35.680,0.945,-0.122,-0.061
1668254583275,2022-11-12T14:03:03.275,35.720,0.884,-0.061,-0.030
1668254583315,2022-11-12T14:03:03.315,35.760,0.610,-0.396,0.091
1668254583355,2022-11-12T14:03:03.355,35.800,0.884,-0.335,-0.091
1668254583395,2022-11-12T14:03:03.395,35.840,0.884,-0.122,-0.091
1668254583435,2022-11-12T14:03:03.435,35.880,0.793,-0.152,0.030
1668254583475,2022-11-12T14:03:03.475,35.920,0.884,-0.183,0.000
1668254583515,2022-11-12T14:03:03.515,35.960,0.732,-0.213,0.061
1668254583555,2022-11-12T14:03:03.555,36.000,0.823,-0.091,0.000
1668254583595,2022-11-12T14:03:03.595,36.040,0.823,-0.213,0.000
1668254583635,2022-11-12T14:03:03.635,36.080,0.884,-0.274,-0.030
1668254583675,2022-11-12T14:03:03.675,36.120,0.976,-0.152,-0.061
1668254583715,2022-11-12T14:03:03.715,36.160,0.701,-0.152,0.061
1668254583755,2022-11-12T14:03:03.755,36.200,0.793,-0.244,0.030
1668254583795,2022-11-12T14:03:03.795,36.240,0.854,-0.213,0.030
1668254583835,2022-11-12T14:03:03.835,36.280,0.854,-0.183,0.000
1668254583875,2022-11-12T14:03:03.875,36.320,0.884,-0.244,0.000
1668254583915,2022-11-12T14:03:03.915,36.360,0.823,-0.244,0.061
1668254583955,2022-11-12T14:03:03.955,36.400,0.884,-0.213,0.000
1668254583995,2022-11-12T14:03:03.995,36.440,0.945,-0.122,-0.091
1668254584035,2022-11-12T14:03:04.035,36.480,0.823,-0.183,0.000
1668254584075,2022-11-12T14:03:04.075,36.520,0.671,-0.396,0.061
1668254584115,2022-11-12T14:03:04.115,36.560,0.976,-0.305,-0.061
1668254584155,2022-11-12T14:03:04.155,36.600,0.854,-0.152,0.000
1668254584195,2022-11-12T14:03:04.195,36.640,0.793,-0.152,0.000
1668254584235,2022-11-12T14:03:04.235,36.680,0.854,-0.274,-0.030
1668254584275,2022-11-12T14:03:04.275,36.720,0.701,-0.244,0.122
1668254584315,2022-11-12T14:03:04.315,36.760,0.945,-0.122,-0.061
1668254584355,2022-11-12T14:03:04.355,36.800,0.854,-0.274,0.000
1668254584395,2022-11-12T14:03:04.395,36.840,0.945,-0.244,0.000
1668254584435,2022-11-12T14:03:04.435,36.880,0.884,-0.213,0.030
1668254584475,2022-11-12T14:03:04.475,36.920,0.701,-0.274,0.091
1668254584515,2022-11-12T14:03:04.515,36.960,0.823,-0.244,-0.030
1668254584555,2022-11-12T14:03:04.555,37.000,0.854,-0.213,0.000
1668254584595,2022-11-12T14:03:04.595,37.040,0.854,-0.274,-0.030
1668254584635,2022-11-12T14:03:04.635,37.080,0.823,-0.244,-0.030
1668254584675,2022-11-12T14:03:04.675,37.120,0.884,-0.152,-0.030
1668254584715,2022-11-12T14:03:04.715,37.160,0.915,-0.152,-0.030
1668254584755,2022-11-12T14:03:04.755,37.200,0.762,-0.244,0.000
1668254584795,2022-11-12T14:03:04.795,37.240,0.732,-0.396,0.091
1668254584835,2022-11-12T14:03:04.835,37.280,0.976,-0.305,0.000
1668254584875,2022-11-12T14:03:04.875,37.320,0.884,-0.183,0.030
1668254584915,2022-11-12T14:03:04.915,37.360,0.823,-0.152,-0.030
1668254584955,2022-11-12T14:03:04.955,37.400,0.884,-0.183,0.000
1668254584995,2022-11-12T14:03:04.995,37.440,0.793,-0.183,0.061
1668254585035,2022-11-12T14:03:05.035,37.480,0.884,-0.122,0.000
1668254585075,2022-11-12T14:03:05.075,37.520,0.915,-0.213,-0.061
1668254585115,2022-11-12T14:03:05.115,37.560,0.976,-0.122,-0.091
1668254585155,2022-11-12T14:03:05.155,37.600,0.915,-0.152,-0.030
1668254585195,2022-11-12T14:03:05.195,37.640,0.793,-0.183,0.030
1668254585235,2022-11-12T14:03:05.235,37.680,0.823,-0.152,0.030
1668254585275,2022-11-12T14:03:05.275,37.720,0.945,-0.213,0.000
1668254585315,2022-11-12T14:03:05.315,37.760,0.854,-0.183,0.000
1668254585355,2022-11-12T14:03:05.355,37.800,0.976,-0.152,-0.030
1668254585395,2022-11-12T14:03:05.395,37.840,0.854,-0.183,-0.030
1668254585435,2022-11-12T14:03:05.435,37.880,0.915,-0.091,-0.061
1668254585475,2022-11-12T14:03:05.475,37.920,0.823,-0.183,0.030
1668254585515,2022-11-12T14:03:05.515,37.960,0.671,-0.396,0.000
1668254585555,2022-11-12T14:03:05.555,38.000,0.945,-0.183,-0.061
1668254585595,2022-11-12T14:03:05.595,38.040,0.854,-0.091,0.000
1668254585635,2022-11-12T14:03:05.635,38.080,0.793,-0.122,-0.030
1668254585675,2022-11-12T14:03:05.675,38.120,0.884,-0.244,-0.061
1668254585715,2022-11-12T14:03:05.715,38.160,0.762,-0.091,0.061
1668254585755,2022-11-12T14:03:05.755,38.200,0.854,-0.183,0.000
1668254585795,2022-11-12T14:03:05.795,38.240,0.823,-0.244,-0.030
1668254585835,2022-11-12T14:03:05.835,38.280,0.976,-0.152,-0.122
1668254585875,2022-11-12T14:03:05.875,38.320,0.732,-0.091,0.030
1668254585915,2022-11-12T14:03:05.915,38.360,0.732,-0.213,0.061
1668254585955,2022-11-12T14:03:05.955,38.400,0.945,-0.183,-0.030
1668254585995,2022-11-12T14:03:05.995,38.440,0.793,-0.091,0.000
1668254586035,2022-11-12T14:03:06.035,38.480,0.854,-0.152,-0.030
1668254586075,2022-11-12T14:03:06.075,38.520,0.854,-0.213,0.030
1668254586115,2022-11-12T14:03:06.115,38.560,0.793,-0.122,0.000
1668254586155,2022-11-12T14:03:06.155,38.600,1.006,-0.061,-0.122
1668254586195,2022-11-12T14:03:06.195,38.640,0.793,-0.152,0.000
1668254586235,2022-11-12T14:03:06.235,38.680,0.671,-0.335,0.091
1668254586275,2022-11-12T14:03:06.275,38.720,0.945,-0.183,-0.061
1668254586315,2022-11-12T14:03:06.315,38.760,0.793,-0.122,0.000
1668254586355,2022-11-12T14:03:06.355,38.800,0.884,-0.183,-0.061
1668254586395,2022-11-12T14:03:06.395,38.840,0.823,-0.122,0.000
1668254586435,2022-11-12T14:03:06.435,38.880,0.701,-0.122,0.091
1668254586475,2022-11-12T14:03:06.475,38.920,0.945,-0.122,-0.030
1668254586515,2022-11-12T14:03:06.515,38.960,0.854,-0.213,0.030
1668254586555,2022-11-12T14:03:06.555,39.000,0.915,-0.152,-0.030
1668254586595,2022-11-12T14:03:06.595,39.040,1.037,-0.152,-0.152
1668254586635,2022-11-12T14:03:06.635,39.080,0.610,-0.183,0.122
1668254586675,2022-11-12T14:03:06.675,39.120,0.854,-0.183,0.000
1668254586715,2022-11-12T14:03:06.715,39.160,0.915,-0.122,-0.061
1668254586755,2022-11-12T14:03:06.755,39.200,0.793,-0.183,-0.030
1668254586795,2022-11-12T14:03:06.795,39.240,0.854,-0.183,-0.030
1668254586835,2022-11-12T14:03:06.835,39.280,0.793,-0.213,0.000
1668254586875,2022-11-12T14:03:06.875,39.320,0.854,-0.213,-0.061
1668254586915,2022-11-12T14:03:06.915,39.360,0.976,-0.030,-0.061
1668254586955,2022-11-12T14:03:06.955,39.400,0.610,-0.274,0.091
1668254586995,2022-11-12T14:03:06.995,39.440,0.701,-0.366,0.030
1668254587035,2022-11-12T14:03:07.035,39.480,1.006,-0.213,-0.091
1668254587075,2022-11-12T14:03:07.075,39.520,0.823,-0.152,0.030
1668254587115,2022-11-12T14:03:07.115,39.560,0.793,-0.122,0.000
1668254587155,2022-11-12T14:03:07.155,39.600,0.793,-0.183,0.030
1668254587195,2022-11-12T14:03:07.195,39.640,0.854,-0.122,0.000
1668254587235,2022-11-12T14:03:07.235,39.680,0.854,-0.152,-0.030
1668254587275,2022-11-12T14:03:07.275,39.720,0.884,-0.274,0.000
1668254587315,2022-11-12T14:03:07.315,39.760,0.915,-0.183,0.030
1668254587355,2022-11-12T14:03:07.355,39.800,0.762,-0.213,0.091
1668254587395,2022-11-12T14:03:07.395,39.840,0.732,-0.213,0.091
1668254587435,2022-11-12T14:03:07.435,39.880,0.884,-0.213,0.000
1668254587475,2022-11-12T14:03:07.475,39.920,0.945,-0.213,-0.030
1668254587515,2022-11-12T14:03:07.515,39.960,0.793,-0.183,0.030
1668254587555,2022-11-12T14:03:07.555,40.000,0.793,-0.244,0.000
1668254587595,2022-11-12T14:03:07.595,40.040,0.823,-0.213,-0.030
1668254587635,2022-11-12T14:03:07.635,40.080,1.037,-0.152,-0.061
1668254587675,2022-11-12T14:03:07.675,40.120,0.945,-0.213,0.030
1668254587715,2022-11-12T14:03:07.715,40.160,0.701,-0.427,0.122
1668254587755,2022-11-12T14:03:07.755,40.200,0.945,-0.335,-0.030
1668254587795,2022-11-12T14:03:07.795,40.240,0.762,-0.305,0.030
1668254587835,2022-11-12T14:03:07.835,40.280,0.732,-0.244,0.061
1668254587875,2022-11-12T14:03:07.875,40.320,0.671,-0.213,0.061
1668254587915,2022-11-12T14:03:07.915,40.360,0.640,-0.183,0.061
1668254587955,2022-11-12T14:03:07.955,40.400,0.823,-0.091,0.000
1668254587995,2022-11-12T14:03:07.995,40.440,0.732,-0.244,0.000
1668254588035,2022-11-12T14:03:08.035,40.480,0.945,-0.213,-0.061
1668254588075,2022-11-12T14:03:08.075,40.520,0.884,-0.061,0.030
1668254588115,2022-11-12T14:03:08.115,40.560,0.793,-0.213,0.091
1668254588155,2022-11-12T14:03:08.155,40.600,0.701,-0.335,0.091
1668254588195,2022-11-12T14:03:08.195,40.640,0.793,-0.274,0.061
1668254588235,2022-11-12T14:03:08.235,40.680,0.854,-0.244,0.030
1668254588275,2022-11-12T14:03:08.275,40.720,0.915,-0.274,0.000
1668254588315,2022-11-12T14:03:08.315,40.760,0.854,-0.244,0.000
1668254588355,2022-11-12T14:03:08.355,40.800,0.793,-0.122,-0.061
1668254588395,2022-11-12T14:03:08.395,40.840,0.854,-0.152,0.000
1668254588435,2022-11-12T14:03:08.435,40.880,0.640,-0.335,0.091
1668254588475,2022-11-12T14:03:08.475,40.920,0.732,-0.366,0.000
1668254588515,2022-11-12T14:03:08.515,40.960,0.762,-0.244,0.030
1668254588555,2022-11-12T14:03:08.555,41.000,0.793,-0.091,0.030
1668254588595,2022-11-12T14:03:08.595,41.040,0.823,-0.244,0.000
1668254588635,2022-11-12T14:03:08.635,41.080,0.945,-0.183,0.000
1668254588675,2022-11-12T14:03:08.675,41.120,1.098,-0.061,-0.061
1668254588715,2022-11-12T14:03:08.715,41.160,0.915,-0.305,0.000
1668254588755,2022-11-12T14:03:08.755,41.200,0.884,-0.244,0.000
1668254588795,2022-11-12T14:03:08.795,41.240,0.823,-0.152,0.030
1668254588835,2022-11-12T14:03:08.835,41.280,0.671,-0.152,0.091
1668254588875,2022-11-12T14:03:08.875,41.320,0.884,-0.183,-0.061
1668254588915,2022-11-12T14:03:08.915,41.360,0.884,-0.183,-0.030
1668254588955,2022-11-12T14:03:08.955,41.400,0.945,-0.213,-0.030
1668254588995,2022-11-12T14:03:08.995,41.440,0.884,-0.183,-0.061
1668254589035,2022-11-12T14:03:09.035,41.480,0.884,-0.061,-0.061
1668254589075,2022-11-12T14:03:09.075,41.520,0.854,-0.122,0.030
1668254589115,2022-11-12T14:03:09.115,41.560,0.854,-0.305,0.030
1668254589155,2022-11-12T14:03:09.155,41.600,0.976,-0.183,-0.030
1668254589195,2022-11-12T14:03:09.195,41.640,0.884,-0.030,0.000
1668254589235,2022-11-12T14:03:09.235,41.680,0.976,-0.122,-0.061
1668254589275,2022-11-12T14:03:09.275,41.720,0.915,-0.213,-0.030
1668254589315,2022-11-12T14:03:09.315,41.760,0.793,-0.152,0.030
1668254589355,2022-11-12T14:03:09.355,41.800,0.793,-0.152,0.000
1668254589395,2022-11-12T14:03:09.395,41.840,0.793,-0.213,0.030
1668254589435,2022-11-12T14:03:09.435,41.880,0.945,-0.091,-0.061
1668254589475,2022-11-12T14:03:09.475,41.920,0.823,-0.091,0.030
1668254589515,2022-11-12T14:03:09.515,41.960,0.823,-0.244,0.061
1668254589555,2022-11-12T14:03:09.555,42.000,0.823,-0.244,0.000
1668254589595,2022-11-12T14:03:09.595,42.040,0.793,-0.183,0.030
1668254589635,2022-11-12T14:03:09.635,42.080,0.945,-0.152,-0.061
1668254589675,2022-11-12T14:03:09.675,42.120,0.854,-0.213,-0.061
1668254589715,2022-11-12T14:03:09.715,42.160,0.854,-0.091,-0.091
1668254589755,2022-11-12T14:03:09.755,42.200,0.671,-0.274,0.061
1668254589795,2022-11-12T14:03:09.795,42.240,0.732,-0.335,0.000
1668254589835,2022-11-12T14:03:09.835,42.280,1.006,-0.122,-0.061
1668254589875,2022-11-12T14:03:09.875,42.320,0.854,-0.152,-0.030
1668254589915,2022-11-12T14:03:09.915,42.360,0.976,-0.183,-0.152
1668254589955,2022-11-12T14:03:09.955,42.400,0.793,-0.213,0.000
1668254589995,2022-11-12T14:03:09.995,42.440,0.823,-0.122,0.000
1668254590035,2022-11-12T14:03:10.035,42.480,0.793,-0.213,0.000
1668254590075,2022-11-12T14:03:10.075,42.520,0.762,-0.244,0.030
1668254590115,2022-11-12T14:03:10.115,42.560,0.884,-0.152,-0.030
1668254590155,2022-11-12T14:03:10.155,42.600,0.701,-0.183,0.061
1668254590195,2022-11-12T14:03:10.195,42.640,0.701,-0.183,0.061
1668254590235,2022-11-12T14:03:10.235,42.680,0.823,-0.152,-0.030
1668254590275,2022-11-12T14:03:10.275,42.720,0.793,-0.183,-0.061
1668254590315,2022-11-12T14:03:10.315,42.760,0.823,-0.244,-0.030
1668254590355,2022-11-12T14:03:10.355,42.800,0.701,-0.183,0.061
1668254590395,2022-11-12T14:03:10.395,42.840,0.915,-0.091,-0.061
1668254590435,2022-11-12T14:03:10.435,42.880,0.732,-0.213,0.061
1668254590475,2022-11-12T14:03:10.475,42.920,0.640,-0.396,0.091
1668254590515,2022-11-12T14:03:10.515,42.960,0.976,-0.213,-0.030
1668254590555,2022-11-12T14:03:10.555,43.000,0.823,-0.091,0.030
1668254590595,2022-11-12T14:03:10.595,43.040,0.915,-0.152,0.000
1668254590635,2022-11-12T14:03:10.635,43.080,0.854,-0.183,0.000
1668254590675,2022-11-12T14:03:10.675,43.120,0.732,-0.122,0.091
1668254590715,2022-11-12T14:03:10.715,43.160,0.915,-0.183,-0.091
1668254590755,2022-11-12T14:03:10.755,43.200,0.732,-0.305,0.091
1668254590795,2022-11-12T14:03:10.795,43.240,0.915,-0.213,0.061
1668254590835,2022-11-12T14:03:10.835,43.280,0.823,-0.183,0.061
1668254590875,2022-11-12T14:03:10.875,43.320,0.579,-0.213,0.122
1668254590915,2022-11-12T14:03:10.915,43.360,0.854,-0.244,-0.030
1668254590955,2022-11-12T14:03:10.955,43.400,0.884,-0.183,0.000
1668254590995,2022-11-12T14:03:10.995,43.440,0.762,-0.244,0.000
1668254591035,2022-11-12T14:03:11.035,43.480,0.793,-0.274,0.030
1668254591075,2022-11-12T14:03:11.075,43.520,0.915,-0.183,0.000
1668254591115,2022-11-12T14:03:11.115,43.560,0.976,-0.122,-0.091
1668254591155,2022-11-12T14:03:11.155,43.600,0.793,-0.244,0.030
1668254591195,2022-11-12T14:03:11.195,43.640,0.701,-0.366,0.091
1668254591235,2022-11-12T14:03:11.235,43.680,1.006,-0.183,-0.061
1668254591275,2022-11-12T14:03:11.275,43.720,0.823,-0.152,0.000
1668254591315,2022-11-12T14:03:11.315,43.760,0.854,-0.122,0.030
1668254591355,2022-11-12T14:03:11.355,43.800,0.854,-0.183,0.030
1668254591395,2022-11-12T14:03:11.395,43.840,0.732,-0.183,0.061
1668254591435,2022-11-12T14:03:11.435,43.880,0.915,-0.213,-0.030
1668254591475,2022-11-12T14:03:11.475,43.920,0.732,-0.274,0.061
1668254591515,2022-11-12T14:03:11.515,43.960,0.915,-0.183,-0.030
1668254591555,2022-11-12T14:03:11.555,44.000,0.915,-0.183,0.000
1668254591595,2022-11-12T14:03:11.595,44.040,0.732,-0.183,0.061
1668254591635,2022-11-12T14:03:11.635,44.080,0.823,-0.244,-0.030
1668254591675,2022-11-12T14:03:11.675,44.120,0.854,-0.244,0.000
1668254591715,2022-11-12T14:03:11.715,44.160,0.854,-0.274,0.000
1668254591755,2022-11-12T14:03:11.755,44.200,0.854,-0.274,0.030
1668254591795,2022-11-12T14:03:11.795,44.240,0.884,-0.244,0.030
1668254591835,2022-11-12T14:03:11.835,44.280,0.915,-0.213,-0.030
1668254591875,2022-11-12T14:03:11.875,44.320,0.915,-0.152,-0.061
1668254591915,2022-11-12T14:03:11.915,44.360,0.762,-0.305,0.091
1668254591955,2022-11-12T14:03:11.955,44.400,0.701,-0.488,0.091
1668254591995,2022-11-12T14:03:11.995,44.440,0.884,-0.244,-0.061
1668254592035,2022-11-12T14:03:12.035,44.480,0.915,-0.091,-0.061
1668254592075,2022-11-12T14:03:12.075,44.520,0.884,-0.152,0.000
1668254592115,2022-11-12T14:03:12.115,44.560,0.854,-0.274,0.030
1668254592155,2022-11-12T14:03:12.155,44.600,0.823,-0.152,0.061
1668254592195,2022-11-12T14:03:12.195,44.640,0.884,-0.183,0.030
1668254592235,2022-11-12T14:03:12.235,44.680,0.823,-0.335,0.061
1668254592275,2022-11-12T14:03:12.275,44.720,0.945,-0.244,-0.030
1668254592315,2022-11-12T14:03:12.315,44.760,0.823,-0.183,0.061
1668254592355,2022-11-12T14:03:12.355,44.800,0.671,-0.244,0.061
1668254592395,2022-11-12T14:03:12.395,44.840,0.884,-0.305,0.000
1668254592435,2022-11-12T14:03:12.435,44.880,0.823,-0.244,0.061
1668254592475,2022-11-12T14:03:12.475,44.920,0.823,-0.213,0.000
1668254592515,2022-11-12T14:03:12.515,44.960,0.854,-0.152,0.000
1668254592555,2022-11-12T14:03:12.555,45.000,0.793,-0.091,0.000
1668254592595,2022-11-12T14:03:12.595,45.040,0.945,-0.091,-0.061
1668254592635,2022-11-12T14:03:12.635,45.080,0.793,-0.213,0.091
1668254592675,2022-11-12T14:03:12.675,45.120,0.915,-0.305,0.000
1668254592715,2022-11-12T14:03:12.715,45.160,1.006,-0.122,-0.061
1668254592755,2022-11-12T14:03:12.755,45.200,0.884,-0.061,-0.030
1668254592795,2022-11-12T14:03:12.795,45.240,0.854,-0.183,0.000
1668254592835,2022-11-12T14:03:12.835,45.280,0.762,-0.152,0.061
1668254592875,2022-11-12T14:03:12.875,45.320,0.884,-0.122,-0.030
1668254592915,2022-11-12T14:03:12.915,45.360,0.945,-0.213,-0.061
1668254592955,2022-11-12T14:03:12.955,45.400,0.945,-0.213,-0.061
1668254592995,2022-11-12T14:03:12.995,45.440,0.854,-0.122,0.030
1668254593035,2022-11-12T14:03:13.035,45.480,0.793,-0.122,0.061
1668254593075,2022-11-12T14:03:13.075,45.520,0.732,-0.213,0.061
1668254593115,2022-11-12T14:03:13.115,45.560,0.823,-0.213,0.000
1668254593155,2022-11-12T14:03:13.155,45.600,0.915,-0.122,-0.061
1668254593195,2022-11-12T14:03:13.195,45.640,0.915,-0.152,-0.061
1668254593235,2022-11-12T14:03:13.235,45.680,0.884,-0.183,-0.030
1668254593275,2022-11-12T14:03:13.275,45.720,0.884,-0.091,-0.091
1668254593315,2022-11-12T14:03:13.315,45.760,0.671,-0.152,0.061
1668254593355,2022-11-12T14:03:13.355,45.800,0.732,-0.366,0.030
1668254593395,2022-11-12T14:03:13.395,45.840,0.854,-0.213,-0.061
1668254593435,2022-11-12T14:03:13.435,45.880,0.823,-0.091,-0.030
1668254593475,2022-11-12T14:03:13.475,45.920,0.854,-0.091,-0.061
1668254593515,2022-11-12T14:03:13.515,45.960,0.854,-0.183,-0.061
1668254593555,2022-11-12T14:03:13.555,46.000,0.854,-0.122,0.000
1668254593595,2022-11-12T14:03:13.595,46.040,0.854,-0.122,-0.030
1668254593635,2022-11-12T14:03:13.635,46.080,0.732,-0.213,0.030
1668254593675,2022-11-12T14:03:13.675,46.120,0.945,-0.183,-0.061
1668254593715,2022-11-12T14:03:13.715,46.160,0.884,-0.183,-0.030
1668254593755,2022-11-12T14:03:13.755,46.200,0.701,-0.152,0.061
1668254593795,2022-11-12T14:03:13.795,46.240,0.884,-0.213,-0.030
1668254593835,2022-11-12T14:03:13.835,46.280,0.793,-0.152,0.000
1668254593875,2022-11-12T14:03:13.875,46.320,0.762,-0.183,-0.030
1668254593915,2022-11-12T14:03:13.915,46.360,0.762,-0.213,0.030
1668254593955,2022-11-12T14:03:13.955,46.400,0.854,-0.122,0.000
1668254593995,2022-11-12T14:03:13.995,46.440,0.976,-0.061,-0.122
1668254594035,2022-11-12T14:03:14.035,46.480,0.762,-0.091,0.030
1668254594075,2022-11-12T14:03:14.075,46.520,0.671,-0.366,0.122
1668254594115,2022-11-12T14:03:14.115,46.560,0.854,-0.244,-0.030
1668254594155,2022-11-12T14:03:14.155,46.600,0.915,-0.152,-0.061
1668254594195,2022-11-12T14:03:14.195,46.640,0.854,-0.152,0.000
1668254594235,2022-11-12T14:03:14.235,46.680,0.915,-0.152,-0.061
1668254594275,2022-11-12T14:03:14.275,46.720,0.732,-0.183,0.061
1668254594315,2022-11-12T14:03:14.315,46.760,0.884,-0.152,-0.061
1668254594355,2022-11-12T14:03:14.355,46.800,0.823,-0.244,-0.030
1668254594395,2022-11-12T14:03:14.395,46.840,0.823,-0.183,0.000
1668254594435,2022-11-12T14:03:14.435,46.880,0.915,-0.183,-0.030
1668254594475,2022-11-12T14:03:14.475,46.920,0.732,-0.152,0.061
1668254594515,2022-11-12T14:03:14.515,46.960,0.793,-0.152,0.030
1668254594555,2022-11-12T14:03:14.555,47.000,0.854,-0.152,-0.030
1668254594595,2022-11-12T14:03:14.595,47.040,0.884,-0.152,-0.030
1668254594635,2022-11-12T14:03:14.635,47.080,0.823,-0.183,0.000
1668254594675,2022-11-12T14:03:14.675,47.120,0.823,-0.152,0.000
1668254594715,2022-11-12T14:03:14.715,47.160,0.884,-0.152,-0.091
1668254594755,2022-11-12T14:03:14.755,47.200,0.945,-0.091,-0.061
1668254594795,2022-11-12T14:03:14.795,47.240,0.671,-0.305,0.030
1668254594835,2022-11-12T14:03:14.835,47.280,0.701,-0.396,0.061
1668254594875,2022-11-12T14:03:14.875,47.320,1.006,-0.183,-0.061
1668254594915,2022-11-12T14:03:14.915,47.360,0.823,-0.122,0.000
1668254594955,2022-11-12T14:03:14.955,47.400,0.884,-0.213,-0.030
1668254594995,2022-11-12T14:03:14.995,47.440,0.793,-0.244,0.030
1668254595035,2022-11-12T14:03:15.035,47.480,0.823,-0.152,0.030
1668254595075,2022-11-12T14:03:15.075,47.520,0.854,-0.244,-0.061
1668254595115,2022-11-12T14:03:15.115,47.560,0.823,-0.335,0.061
1668254595155,2022-11-12T14:03:15.155,47.600,0.945,-0.213,-0.061
1668254595195,2022-11-12T14:03:15.195,47.640,0.762,-0.244,0.000
1668254595235,2022-11-12T14:03:15.235,47.680,0.701,-0.274,0.061
1668254595275,2022-11-12T14:03:15.275,47.720,0.884,-0.244,-0.030
1668254595315,2022-11-12T14:03:15.315,47.760,0.854,-0.213,0.030
1668254595355,2022-11-12T14:03:15.355,47.800,0.823,-0.213,-0.030
1668254595395,2022-11-12T14:03:15.395,47.840,0.915,-0.213,-0.030
1668254595435,2022-11-12T14:03:15.435,47.880,0.854,-0.152,0.030
1668254595475,2022-11-12T14:03:15.475,47.920,0.915,-0.091,-0.061
1668254595515,2022-11-12T14:03:15.515,47.960,0.732,-0.213,0.061
1668254595555,2022-11-12T14:03:15.555,48.000,0.671,-0.366,0.061
1668254595595,2022-11-12T14:03:15.595,48.040,0.854,-0.244,-0.030
1668254595635,2022-11-12T14:03:15.635,48.080,0.854,-0.213,0.000
1668254595675,2022-11-12T14:03:15.675,48.120,0.823,-0.213,0.061
1668254595715,2022-11-12T14:03:15.715,48.160,0.823,-0.183,0.030
1668254595755,2022-11-12T14:03:15.755,48.200,0.915,-0.091,0.000
1668254595795,2022-11-12T14:03:15.795,48.240,0.945,-0.183,0.030
1668254595835,2022-11-12T14:03:15.835,48.280,0.823,-0.305,0.030
1668254595875,2022-11-12T14:03:15.875,48.320,1.006,-0.213,-0.061
1668254595915,2022-11-12T14:03:15.915,48.360,0.793,-0.183,0.061
1668254595955,2022-11-12T14:03:15.955,48.400,0.671,-0.274,0.061
1668254595995,2022-11-12T14:03:15.995,48.440,0.884,-0.274,0.000
1668254596035,2022-11-12T14:03:16.035,48.480,0.823,-0.213,0.091
1668254596075,2022-11-12T14:03:16.075,48.520,0.915,-0.244,0.000
1668254596115,2022-11-12T14:03:16.115,48.560,0.854,-0.244,0.000
1668254596155,2022-11-12T14:03:16.155,48.600,0.884,-0.152,-0.030
1668254596195,2022-11-12T14:03:16.195,48.640,0.732,-0.213,0.061
1668254596235,2022-11-12T14:03:16.235,48.680,0.640,-0.396,0.091
1668254596275,2022-11-12T14:03:16.275,48.720,0.945,-0.244,-0.030
1668254596315,2022-11-12T14:03:16.315,48.760,0.823,-0.061,0.061
1668254596355,2022-11-12T14:03:16.355,48.800,0.884,-0.122,0.000
1668254596395,2022-11-12T14:03:16.395,48.840,0.884,-0.183,-0.061
1668254596435,2022-11-12T14:03:16.435,48.880,0.884,-0.152,0.000
1668254596475,2022-11-12T14:03:16.475,48.920,0.915,-0.213,-0.061
1668254596515,2022-11-12T14:03:16.515,48.960,1.189,-0.366,-0.305
1668254596555,2022-11-12T14:03:16.555,49.000,1.524,-0.152,-0.518
1668254596595,2022-11-12T14:03:16.595,49.040,0.793,-0.030,0.000
1668254596635,2022-11-12T14:03:16.635,49.080,0.732,-0.183,0.122
1668254596675,2022-11-12T14:03:16.675,49.120,0.701,-0.274,0.000
1668254596715,2022-11-12T14:03:16.715,49.160,1.098,-0.061,0.030
1668254596755,2022-11-12T14:03:16.755,49.200,1.280,0.183,0.091
1668254596795,2022-11-12T14:03:16.795,49.240,0.976,0.000,-0.030
1668254596835,2022-11-12T14:03:16.835,49.280,0.793,-0.183,-0.030
1668254596875,2022-11-12T14:03:16.875,49.320,0.396,-0.305,0.213
1668254596915,2022-11-12T14:03:16.915,49.360,0.701,-0.366,0.030
1668254596955,2022-11-12T14:03:16.955,49.400,0.701,-0.213,0.000
1668254596995,2022-11-12T14:03:16.995,49.440,0.823,-0.152,-0.030
1668254597035,2022-11-12T14:03:17.035,49.480,0.915,-0.183,-0.091
1668254597075,2022-11-12T14:03:17.075,49.520,0.701,-0.152,0.061
1668254597115,2022-11-12T14:03:17.115,49.560,0.854,-0.152,-0.030
1668254597155,2022-11-12T14:03:17.155,49.600,0.732,-0.274,0.030
1668254597195,2022-11-12T14:03:17.195,49.640,0.915,-0.183,-0.091
1668254597235,2022-11-12T14:03:17.235,49.680,0.945,-0.122,-0.091
1668254597275,2022-11-12T14:03:17.275,49.720,0.732,-0.152,0.061
1668254597315,2022-11-12T14:03:17.315,49.760,0.762,-0.183,0.030
1668254597355,2022-11-12T14:03:17.355,49.800,0.823,-0.244,0.000
1668254597395,2022-11-12T14:03:17.395,49.840,0.854,-0.213,0.000
1668254597435,2022-11-12T14:03:17.435,49.880,0.884,-0.091,-0.061
1668254597475,2022-11-12T14:03:17.475,49.920,1.067,-0.061,-0.152
1668254597515,2022-11-12T14:03:17.515,49.960,0.762,-0.152,0.061
1668254597555,2022-11-12T14:03:17.555,50.000,0.671,-0.335,0.091
1668254597595,2022-11-12T14:03:17.595,50.040,0.945,-0.213,-0.030
1668254597635,2022-11-12T14:03:17.635,50.080,0.854,-0.122,0.030
1668254597675,2022-11-12T14:03:17.675,50.120,0.884,-0.183,-0.030
1668254597715,2022-11-12T14:03:17.715,50.160,0.823,-0.274,-0.030
1668254597755,2022-11-12T14:03:17.755,50.200,0.762,-0.122,0.061
1668254597795,2022-11-12T14:03:17.795,50.240,1.494,0.274,0.061
1668254597835,2022-11-12T14:03:17.835,50.280,1.555,0.030,0.030
1668254597875,2022-11-12T14:03:17.875,50.320,0.976,-0.183,-0.030
1668254597915,2022-11-12T14:03:17.915,50.360,0.549,-0.244,0.030
1668254597955,2022-11-12T14:03:17.955,50.400,0.305,-0.335,0.122
1668254597995,2022-11-12T14:03:17.995,50.440,0.579,-0.305,-0.030
1668254598035,2022-11-12T14:03:18.035,50.480,0.671,-0.244,-0.061
1668254598075,2022-11-12T14:03:18.075,50.520,0.732,-0.274,0.030
1668254598115,2022-11-12T14:03:18.115,50.560,0.762,-0.244,0.000
1668254598155,2022-11-12T14:03:18.155,50.600,0.945,-0.122,-0.122
1668254598195,2022-11-12T14:03:18.195,50.640,0.762,-0.213,0.091
1668254598235,2022-11-12T14:03:18.235,50.680,0.671,-0.488,0.122
1668254598275,2022-11-12T14:03:18.275,50.720,1.006,-0.305,-0.061
1668254598315,2022-11-12T14:03:18.315,50.760,0.884,-0.152,0.030
1668254598355,2022-11-12T14:03:18.355,50.800,0.793,-0.152,0.000
1668254598395,2022-11-12T14:03:18.395,50.840,0.884,-0.183,0.000
1668254598435,2022-11-12T14:03:18.435,50.880,0.732,-0.213,0.030
1668254598475,2022-11-12T14:03:18.475,50.920,0.823,-0.122,0.000
1668254598515,2022-11-12T14:03:18.515,50.960,0.793,-0.274,0.061
1668254598555,2022-11-12T14:03:18.555,51.000,0.884,-0.152,0.000
1668254598595,2022-11-12T14:03:18.595,51.040,0.915,-0.152,-0.061
1668254598635,2022-11-12T14:03:18.635,51.080,0.640,-0.274,0.061
1668254598675,2022-11-12T14:03:18.675,51.120,0.762,-0.213,0.000
1668254598715,2022-11-12T14:03:18.715,51.160,0.945,-0.183,-0.061
1668254598755,2022-11-12T14:03:18.755,51.200,0.793,-0.244,0.030
1668254598795,2022-11-12T14:03:18.795,51.240,0.823,-0.213,0.030
1668254598835,2022-11-12T14:03:18.835,51.280,0.884,-0.152,0.030
1668254598875,2022-11-12T14:03:18.875,51.320,0.915,-0.061,-0.061
1668254598915,2022-11-12T14:03:18.915,51.360,0.671,-0.274,0.061
1668254598955,2022-11-12T14:03:18.955,51.400,0.732,-0.366,0.030
1668254598995,2022-11-12T14:03:18.995,51.440,1.006,-0.244,-0.030
1668254599035,2022-11-12T14:03:19.035,51.480,0.884,-0.183,0.000
1668254599075,2022-11-12T14:03:19.075,51.520,0.915,-0.152,-0.091
1668254599115,2022-11-12T14:03:19.115,51.560,0.762,-0.244,0.030
1668254599155,2022-11-12T14:03:19.155,51.600,0.823,-0.183,0.091
1668254599195,2022-11-12T14:03:19.195,51.640,0.823,-0.244,0.061
1668254599235,2022-11-12T14:03:19.235,51.680,0.732,-0.366,0.030
1668254599275,2022-11-12T14:03:19.275,51.720,0.976,-0.183,-0.030
1668254599315,2022-11-12T14:03:19.315,51.760,0.793,-0.274,0.030
1668254599355,2022-11-12T14:03:19.355,51.800,0.701,-0.274,0.091
1668254599395,2022-11-12T14:03:19.395,51.840,0.945,-0.183,0.000
1668254599435,2022-11-12T14:03:19.435,51.880,0.823,-0.213,0.061
1668254599475,2022-11-12T14:03:19.475,51.920,0.915,-0.213,-0.061
1668254599515,2022-11-12T14:03:19.515,51.960,0.854,-0.244,0.000
1668254599555,2022-11-12T14:03:19.555,52.000,0.762,-0.152,0.000
1668254599595,2022-11-12T14:03:19.595,52.040,0.945,-0.061,-0.030
1668254599635,2022-11-12T14:03:19.635,52.080,0.854,-0.274,0.122
1668254599675,2022-11-12T14:03:19.675,52.120,0.915,-0.427,0.030
1668254599715,2022-11-12T14:03:19.715,52.160,0.945,-0.305,-0.061
1668254599755,2022-11-12T14:03:19.755,52.200,0.915,-0.244,-0.061
1668254599795,2022-11-12T14:03:19.795,52.240,0.823,-0.244,0.030
1668254599835,2022-11-12T14:03:19.835,52.280,0.732,-0.274,0.091
1668254599875,2022-11-12T14:03:19.875,52.320,0.762,-0.152,0.030
1668254599915,2022-11-12T14:03:19.915,52.360,0.793,-0.244,0.000
1668254599955,2022-11-12T14:03:19.955,52.400,0.976,-0.244,0.000
1668254599995,2022-11-12T14:03:19.995,52.440,0.884,-0.183,0.000
1668254600035,2022-11-12T14:03:20.035,52.480,0.701,-0.274,0.061
1668254600075,2022-11-12T14:03:20.075,52.520,0.701,-0.244,0.091
1668254600115,2022-11-12T14:03:20.115,52.560,0.793,-0.244,0.030
1668254600155,2022-11-12T14:03:20.155,52.600,0.884,-0.274,0.091
1668254600195,2022-11-12T14:03:20.195,52.640,0.945,-0.213,0.061
1668254600235,2022-11-12T14:03:20.235,52.680,0.854,-0.213,0.000
1668254600275,2022-11-12T14:03:20.275,52.720,0.945,-0.213,0.000
1668254600315,2022-11-12T14:03:20.315,52.760,0.823,-0.244,0.091
1668254600355,2022-11-12T14:03:20.355,52.800,0.854,-0.305,0.030
1668254600395,2022-11-12T14:03:20.395,52.840,0.976,-0.274,0.000
1668254600435,2022-11-12T14:03:20.435,52.880,0.762,-0.122,0.152
1668254600475,2022-11-12T14:03:20.475,52.920,0.762,-0.213,0.000
1668254600515,2022-11-12T14:03:20.515,52.960,0.915,-0.244,-0.030
1668254600555,2022-11-12T14:03:20.555,53.000,0.823,-0.091,0.061
1668254600595,2022-11-12T14:03:20.595,53.040,0.823,-0.183,0.000
1668254600635,2022-11-12T14:03:20.635,53.080,0.915,-0.152,-0.061
1668254600675,2022-11-12T14:03:20.675,53.120,0.945,-0.122,-0.030
1668254600715,2022-11-12T14:03:20.715,53.160,0.732,-0.091,0.091
1668254600755,2022-11-12T14:03:20.755,53.200,0.884,-0.183,0.000
1668254600795,2022-11-12T14:03:20.795,53.240,0.915,-0.244,-0.030
1668254600835,2022-11-12T14:03:20.835,53.280,0.854,-0.213,0.000
1668254600875,2022-11-12T14:03:20.875,53.320,0.915,-0.152,-0.122
1668254600915,2022-11-12T14:03:20.915,53.360,0.945,-0.061,-0.183
1668254600955,2022-11-12T14:03:20.955,53.400,0.884,-0.152,-0.030
1668254600995,2022-11-12T14:03:20.995,53.440,0.701,-0.274,0.122
1668254601035,2022-11-12T14:03:21.035,53.480,0.854,-0.244,-0.061
1668254601075,2022-11-12T14:03:21.075,53.520,0.854,-0.152,-0.030
1668254601115,2022-11-12T14:03:21.115,53.560,0.854,-0.122,0.030
1668254601155,2022-11-12T14:03:21.155,53.600,0.823,-0.152,-0.061
1668254601195,2022-11-12T14:03:21.195,53.640,0.823,-0.091,-0.091
1668254601235,2022-11-12T14:03:21.235,53.680,0.854,-0.091,-0.091
1668254601275,2022-11-12T14:03:21.275,53.720,0.823,-0.244,-0.030
1668254601315,2022-11-12T14:03:21.315,53.760,0.945,-0.152,-0.030
1668254601355,2022-11-12T14:03:21.355,53.800,0.793,-0.122,0.000
1668254601395,2022-11-12T14:03:21.395,53.840,0.732,-0.122,0.091
1668254601435,2022-11-12T14:03:21.435,53.880,0.854,-0.183,-0.030
1668254601475,2022-11-12T14:03:21.475,53.920,0.884,-0.152,-0.030
1668254601515,2022-11-12T14:03:21.515,53.960,0.976,-0.183,-0.030
1668254601555,2022-11-12T14:03:21.555,54.000,0.915,-0.152,-0.030
1668254601595,2022-11-12T14:03:21.595,54.040,0.854,-0.091,-0.030
1668254601635,2022-11-12T14:03:21.635,54.080,0.823,-0.122,-0.030
1668254601675,2022-11-12T14:03:21.675,54.120,0.671,-0.335,0.061
1668254601715,2022-11-12T14:03:21.715,54.160,0.823,-0.244,0.000
1668254601755,2022-11-12T14:03:21.755,54.200,0.823,-0.183,0.000
1668254601795,2022-11-12T14:03:21.795,54.240,0.976,-0.122,-0.061
1668254601835,2022-11-12T14:03:21.835,54.280,0.915,-0.152,0.000
1668254601875,2022-11-12T14:03:21.875,54.320,0.793,-0.183,0.091
1668254601915,2022-11-12T14:03:21.915,54.360,0.884,-0.122,-0.061
1668254601955,2022-11-12T14:03:21.955,54.400,0.701,-0.244,0.061
1668254601995,2022-11-12T14:03:21.995,54.440,0.823,-0.183,0.000
1668254602035,2022-11-12T14:03:22.035,54.480,0.945,-0.183,0.000
1668254602075,2022-11-12T14:03:22.075,54.520,0.610,-0.244,0.152
1668254602115,2022-11-12T14:03:22.115,54.560,0.823,-0.213,0.030
1668254602155,2022-11-12T14:03:22.155,54.600,0.762,-0.183,0.000
1668254602195,2022-11-12T14:03:22.195,54.640,0.671,-0.183,0.000
1668254602235,2022-11-12T14:03:22.235,54.680,0.793,-0.122,-0.030
1668254602275,2022-11-12T14:03:22.275,54.720,0.762,-0.244,-0.030
1668254602315,2022-11-12T14:03:22.315,54.760,0.823,-0.152,-0.061
1668254602355,2022-11-12T14:03:22.355,54.800,1.037,-0.122,-0.061
1668254602395,2022-11-12T14:03:22.395,54.840,0.915,-0.274,0.000
1668254602435,2022-11-12T14:03:22.435,54.880,1.037,-0.213,-0.061
1668254602475,2022-11-12T14:03:22.475,54.920,1.037,-0.091,-0.091
1668254602515,2022-11-12T14:03:22.515,54.960,0.823,-0.152,-0.091
1668254602555,2022-11-12T14:03:22.555,55.000,0.457,-0.335,0.122
1668254602595,2022-11-12T14:03:22.595,55.040,0.762,-0.183,0.030
1668254602635,2022-11-12T14:03:22.635,55.080,0.976,-0.152,-0.030
1668254602675,2022-11-12T14:03:22.675,55.120,0.915,-0.305,0.000
1668254602715,2022-11-12T14:03:22.715,55.160,1.006,-0.213,-0.061
1668254602755,2022-11-12T14:03:22.755,55.200,1.037,-0.122,-0.061
1668254602795,2022-11-12T14:03:22.795,55.240,0.793,-0.091,-0.030
1668254602835,2022-11-12T14:03:22.835,55.280,0.701,-0.152,-0.122
1668254602875,2022-11-12T14:03:22.875,55.320,0.976,-0.274,-0.183
1668254602915,2022-11-12T14:03:22.915,55.360,0.762,-0.122,0.091
1668254602955,2022-11-12T14:03:22.955,55.400,0.854,-0.213,0.000
1668254602995,2022-11-12T14:03:22.995,55.440,0.976,-0.274,-0.030
1668254603035,2022-11-12T14:03:23.035,55.480,1.037,-0.122,-0.091
1668254603075,2022-11-12T14:03:23.075,55.520,0.854,-0.152,0.030
1668254603115,2022-11-12T14:03:23.115,55.560,0.579,-0.396,0.122
1668254603155,2022-11-12T14:03:23.155,55.600,0.976,-0.335,-0.091
1668254603195,2022-11-12T14:03:23.195,55.640,1.037,-0.061,0.000
1668254603235,2022-11-12T14:03:23.235,55.680,0.976,-0.122,-0.030
1668254603275,2022-11-12T14:03:23.275,55.720,0.732,-0.396,0.000
1668254603315,2022-11-12T14:03:23.315,55.760,0.579,-0.244,0.091
1668254603355,2022-11-12T14:03:23.355,55.800,0.793,0.000,0.061
1668254603395,2022-11-12T14:03:23.395,55.840,1.006,-0.213,-0.030
1668254603435,2022-11-12T14:03:23.435,55.880,1.006,-0.366,-0.122
1668254603475,2022-11-12T14:03:23.475,55.920,0.823,-0.305,-0.030
1668254603515,2022-11-12T14:03:23.515,55.960,0.671,-0.122,0.091
1668254603555,2022-11-12T14:03:23.555,56.000,0.732,-0.244,0.030
1668254603595,2022-11-12T14:03:23.595,56.040,0.762,-0.366,0.030
1668254603635,2022-11-12T14:03:23.635,56.080,0.427,-0.183,0.213
1668254603675,2022-11-12T14:03:23.675,56.120,0.762,-0.183,0.000
1668254603715,2022-11-12T14:03:23.715,56.160,1.067,-0.213,0.000
1668254603755,2022-11-12T14:03:23.755,56.200,1.189,-0.091,-0.061
1668254603795,2022-11-12T14:03:23.795,56.240,1.341,-0.061,-0.244
1668254603835,2022-11-12T14:03:23.835,56.280,0.793,-0.305,0.061
1668254603875,2022-11-12T14:03:23.875,56.320,0.488,-0.427,0.183
1668254603915,2022-11-12T14:03:23.915,56.360,0.610,-0.244,-0.030
1668254603955,2022-11-12T14:03:23.955,56.400,0.701,-0.122,0.000
1668254603995,2022-11-12T14:03:23.995,56.440,1.006,-0.091,-0.061
1668254604035,2022-11-12T14:03:24.035,56.480,0.640,-0.213,0.061
1668254604075,2022-11-12T14:03:24.075,56.520,0.884,-0.213,0.000
1668254604115,2022-11-12T14:03:24.115,56.560,0.915,-0.244,0.000
1668254604155,2022-11-12T14:03:24.155,56.600,0.823,-0.274,-0.030
1668254604195,2022-11-12T14:03:24.195,56.640,0.915,-0.152,-0.030
1668254604235,2022-11-12T14:03:24.235,56.680,0.793,-0.213,0.091
1668254604275,2022-11-12T14:03:24.275,56.720,0.732,-0.213,0.091
1668254604315,2022-11-12T14:03:24.315,56.760,0.823,-0.274,0.030
1668254604355,2022-11-12T14:03:24.355,56.800,0.854,-0.274,0.000
1668254604395,2022-11-12T14:03:24.395,56.840,0.915,-0.213,0.030
1668254604435,2022-11-12T14:03:24.435,56.880,0.884,-0.152,0.030
1668254604475,2022-11-12T14:03:24.475,56.920,0.945,-0.091,-0.061
1668254604515,2022-11-12T14:03:24.515,56.960,0.701,-0.274,0.122
1668254604555,2022-11-12T14:03:24.555,57.000,0.793,-0.335,0.061
1668254604595,2022-11-12T14:03:24.595,57.040,0.915,-0.213,-0.030
1668254604635,2022-11-12T14:03:24.635,57.080,0.793,-0.122,0.030
1668254604675,2022-11-12T14:03:24.675,57.120,0.915,-0.061,-0.091
1668254604715,2022-11-12T14:03:24.715,57.160,0.823,-0.213,-0.061
1668254604755,2022-11-12T14:03:24.755,57.200,0.671,-0.152,0.061
1668254604795,2022-11-12T14:03:24.795,57.240,0.823,-0.244,0.030
1668254604835,2022-11-12T14:03:24.835,57.280,1.006,-0.213,-0.030
1668254604875,2022-11-12T14:03:24.875,57.320,0.823,-0.183,-0.030
1668254604915,2022-11-12T14:03:24.915,57.360,0.640,-0.244,0.061
1668254604955,2022-11-12T14:03:24.955,57.400,0.823,-0.244,0.030
1668254604995,2022-11-12T14:03:24.995,57.440,0.823,-0.152,0.000
1668254605035,2022-11-12T14:03:25.035,57.480,1.098,-0.152,-0.091
1668254605075,2022-11-12T14:03:25.075,57.520,0.976,-0.183,-0.030
1668254605115,2022-11-12T14:03:25.115,57.560,0.762,-0.213,0.000
1668254605155,2022-11-12T14:03:25.155,57.600,0.762,-0.244,0.030
1668254605195,2022-11-12T14:03:25.195,57.640,0.701,-0.335,0.030
1668254605235,2022-11-12T14:03:25.235,57.680,0.823,-0.274,0.000
1668254605275,2022-11-12T14:03:25.275,57.720,0.854,-0.152,0.000
1668254605315,2022-11-12T14:03:25.315,57.760,0.823,-0.091,0.030
1668254605355,2022-11-12T14:03:25.355,57.800,0.884,-0.213,-0.061
1668254605395,2022-11-12T14:03:25.395,57.840,0.579,0.152,-0.183
1668254605435,2022-11-12T14:03:25.435,57.880,0.762,-0.030,-0.061
1668254605475,2022-11-12T14:03:25.475,57.920,0.823,-0.366,0.030
1668254605515,2022-11-12T14:03:25.515,57.960,0.915,-0.244,0.061
1668254605555,2022-11-12T14:03:25.555,58.000,0.793,-0.183,0.061
1668254605595,2022-11-12T14:03:25.595,58.040,0.823,-0.213,0.000
1668254605635,2022-11-12T14:03:25.635,58.080,0.945,-0.244,-0.091
1668254605675,2022-11-12T14:03:25.675,58.120,0.945,-0.183,0.000
1668254605715,2022-11-12T14:03:25.715,58.160,0.915,-0.213,0.000
1668254605755,2022-11-12T14:03:25.755,58.200,0.976,-0.183,-0.061
1668254605795,2022-11-12T14:03:25.795,58.240,0.854,-0.122,0.030
1668254605835,2022-11-12T14:03:25.835,58.280,0.610,-0.335,0.152
1668254605875,2022-11-12T14:03:25.875,58.320,0.854,-0.335,-0.030
1668254605915,2022-11-12T14:03:25.915,58.360,0.976,-0.183,-0.030
1668254605955,2022-11-12T14:03:25.955,58.400,0.854,-0.183,0.000
1668254605995,2022-11-12T14:03:25.995,58.440,0.823,-0.274,-0.030
1668254606035,2022-11-12T14:03:26.035,58.480,0.823,-0.122,0.030
1668254606075,2022-11-12T14:03:26.075,58.520,0.884,-0.152,-0.030
1668254606115,2022-11-12T14:03:26.115,58.560,0.732,-0.305,0.030
1668254606155,2022-11-12T14:03:26.155,58.600,0.915,-0.183,-0.061
1668254606195,2022-11-12T14:03:26.195,58.640,0.793,-0.030,0.000
1668254606235,2022-11-12T14:03:26.235,58.680,0.884,-0.061,0.030
1668254606275,2022-11-12T14:03:26.275,58.720,0.884,-0.244,-0.091
1668254606315,2022-11-12T14:03:26.315,58.760,0.701,-0.213,-0.061
1668254606355,2022-11-12T14:03:26.355,58.800,0.823,-0.030,-0.061
1668254606395,2022-11-12T14:03:26.395,58.840,1.067,-0.091,-0.152
1668254606435,2022-11-12T14:03:26.435,58.880,0.701,-0.213,0.030
1668254606475,2022-11-12T14:03:26.475,58.920,0.671,-0.244,0.000
1668254606515,2022-11-12T14:03:26.515,58.960,0.945,-0.152,-0.091
1668254606555,2022-11-12T14:03:26.555,59.000,0.854,-0.122,0.000
1668254606595,2022-11-12T14:03:26.595,59.040,0.854,-0.122,0.000
1668254606635,2022-11-12T14:03:26.635,59.080,0.915,-0.152,0.000
1668254606675,2022-11-12T14:03:26.675,59.120,0.823,-0.122,0.091
1668254606715,2022-11-12T14:03:26.715,59.160,0.854,-0.122,-0.030
1668254606755,2022-11-12T14:03:26.755,59.200,0.701,-0.274,0.061
1668254606795,2022-11-12T14:03:26.795,59.240,0.915,-0.213,0.000
1668254606835,2022-11-12T14:03:26.835,59.280,0.823,-0.152,0.000
1668254606875,2022-11-12T14:03:26.875,59.320,0.671,-0.213,0.091
1668254606915,2022-11-12T14:03:26.915,59.360,0.762,-0.213,0.000
1668254606955,2022-11-12T14:03:26.955,59.400,0.945,-0.183,-0.061
1668254606995,2022-11-12T14:03:26.995,59.440,0.884,-0.091,-0.030
1668254607035,2022-11-12T14:03:27.035,59.480,0.854,-0.122,-0.030
1668254607075,2022-11-12T14:03:27.075,59.520,0.701,-0.366,0.091
1668254607115,2022-11-12T14:03:27.115,59.560,0.732,-0.305,0.061
1668254607155,2022-11-12T14:03:27.155,59.600,0.884,-0.091,-0.030
1668254607195,2022-11-12T14:03:27.195,59.640,0.823,-0.183,0.000
1668254607235,2022-11-12T14:03:27.235,59.680,0.793,-0.274,-0.030
1668254607275,2022-11-12T14:03:27.275,59.720,0.793,-0.244,0.000
1668254607315,2022-11-12T14:03:27.315,59.760,0.854,-0.122,0.000
1668254607355,2022-11-12T14:03:27.355,59.800,0.762,-0.244,0.030
1668254607395,2022-11-12T14:03:27.395,59.840,0.854,-0.213,0.030
1668254607435,2022-11-12T14:03:27.435,59.880,0.884,-0.122,-0.030
1668254607475,2022-11-12T14:03:27.475,59.920,0.762,-0.152,0.030
1668254607515,2022-11-12T14:03:27.515,59.960,0.762,-0.213,0.000
1668254607555,2022-11-12T14:03:27.555,60.000,0.854,-0.183,-0.030
1668254607595,2022-11-12T14:03:27.595,60.040,0.854,-0.152,-0.030
1668254607635,2022-11-12T14:03:27.635,60.080,0.823,-0.122,0.000
1668254607675,2022-11-12T14:03:27.675,60.120,0.915,-0.030,-0.091
1668254607715,2022-11-12T14:03:27.715,60.160,0.732,-0.213,0.000
1668254607755,2022-11-12T14:03:27.755,60.200,0.579,-0.427,0.091
1668254607795,2022-11-12T14:03:27.795,60.240,1.006,-0.274,-0.061
1668254607835,2022-11-12T14:03:27.835,60.280,0.884,-0.152,0.030
1668254607875,2022-11-12T14:03:27.875,60.320,0.823,-0.152,0.000
1668254607915,2022-11-12T14:03:27.915,60.360,0.793,-0.183,0.000
1668254607955,2022-11-12T14:03:27.955,60.400,0.762,-0.152,0.061
1668254607995,2022-11-12T14:03:27.995,60.440,0.793,-0.122,-0.061
1668254608035,2022-11-12T14:03:28.035,60.480,0.793,-0.213,0.030
1668254608075,2022-11-12T14:03:28.075,60.520,0.915,-0.213,0.000
1668254608115,2022-11-12T14:03:28.115,60.560,0.793,-0.213,0.000
1668254608155,2022-11-12T14:03:28.155,60.600,0.671,-0.305,0.061
1668254608195,2022-11-12T14:03:28.195,60.640,0.793,-0.274,0.000
1668254608235,2022-11-12T14:03:28.235,60.680,0.854,-0.152,-0.030
1668254608275,2022-11-12T14:03:28.275,60.720,0.793,-0.152,0.000
1668254608315,2022-11-12T14:03:28.315,60.760,0.823,-0.244,-0.030
1668254608355,2022-11-12T14:03:28.355,60.800,0.823,-0.152,0.030
1668254608395,2022-11-12T14:03:28.395,60.840,0.823,-0.091,0.000
1668254608435,2022-11-12T14:03:28.435,60.880,0.854,-0.183,-0.061
1668254608475,2022-11-12T14:03:28.475,60.920,0.610,-0.305,0.091
1668254608515,2022-11-12T14:03:28.515,60.960,0.823,-0.274,-0.061
1668254608555,2022-11-12T14:03:28.555,61.000,0.854,-0.183,0.000
1668254608595,2022-11-12T14:03:28.595,61.040,0.854,-0.152,0.000
1668254608635,2022-11-12T14:03:28.635,61.080,0.884,-0.183,-0.061
1668254608675,2022-11-12T14:03:28.675,61.120,0.732,-0.183,0.030
1668254608715,2022-11-12T14:03:28.715,61.160,0.915,-0.122,-0.061
1668254608755,2022-11-12T14:03:28.755,61.200,0.793,-0.274,0.000
1668254608795,2022-11-12T14:03:28.795,61.240,0.884,-0.213,-0.030
1668254608835,2022-11-12T14:03:28.835,61.280,0.884,-0.152,-0.061
1668254608875,2022-11-12T14:03:28.875,61.320,0.671,-0.183,0.122
1668254608915,2022-11-12T14:03:28.915,61.360,0.793,-0.152,0.030
1668254608955,2022-11-12T14:03:28.955,61.400,0.823,-0.152,0.030
1668254608995,2022-11-12T14:03:28.995,61.440,0.854,-0.183,0.000
1668254609035,2022-11-12T14:03:29.035,61.480,0.793,-0.183,0.000
1668254609075,2022-11-12T14:03:29.075,61.520,0.762,-0.244,0.000
1668254609115,2022-11-12T14:03:29.115,61.560,0.762,-0.213,0.030
1668254609155,2022-11-12T14:03:29.155,61.600,0.854,-0.183,0.000
1668254609195,2022-11-12T14:03:29.195,61.640,0.976,-0.122,-0.091
1668254609235,2022-11-12T14:03:29.235,61.680,0.762,-0.213,0.061
1668254609275,2022-11-12T14:03:29.275,61.720,0.671,-0.396,0.061
1668254609315,2022-11-12T14:03:29.315,61.760,1.006,-0.274,-0.061
1668254609355,2022-11-12T14:03:29.355,61.800,0.823,-0.244,0.030
1668254609395,2022-11-12T14:03:29.395,61.840,0.762,-0.183,0.000
1668254609435,2022-11-12T14:03:29.435,61.880,0.640,-0.366,0.122
1668254609475,2022-11-12T14:03:29.475,61.920,0.732,-0.518,0.213
1668254609515,2022-11-12T14:03:29.515,61.960,0.610,-0.945,0.244
1668254609555,2022-11-12T14:03:29.555,62.000,-0.244,-1.037,0.640
1668254609595,2022-11-12T14:03:29.595,62.040,1.494,-0.427,-0.152
1668254609635,2022-11-12T14:03:29.635,62.080,1.494,-0.335,-0.152
1668254609675,2022-11-12T14:03:29.675,62.120,0.122,-0.793,0.488
1668254609715,2022-11-12T14:03:29.715,62.160,0.427,-1.616,0.762
1668254609755,2022-11-12T14:03:29.755,62.200,-0.427,-1.799,0.945
1668254609795,2022-11-12T14:03:29.795,62.240,0.305,-2.073,0.061
1668254609835,2022-11-12T14:03:29.835,62.280,0.549,-3.110,0.091
1668254609875,2022-11-12T14:03:29.875,62.320,-0.579,-3.323,1.494
1668254609915,2022-11-12T14:03:29.915,62.360,2.134,-2.317,0.488
1668254609955,2022-11-12T14:03:29.955,62.400,3.811,0.061,-1.037
1668254609995,2022-11-12T14:03:29.995,62.440,2.988,0.518,-1.402
1668254610035,2022-11-12T14:03:30.035,62.480,2.439,0.091,-0.915
1668254610075,2022-11-12T14:03:30.075,62.520,2.713,0.244,-0.701
1668254610115,2022-11-12T14:03:30.115,62.560,0.854,0.091,0.427
1668254610155,2022-11-12T14:03:30.155,62.600,0.549,0.274,0.732
1668254610195,2022-11-12T14:03:30.195,62.640,1.829,0.000,-0.152
1668254610235,2022-11-12T14:03:30.235,62.680,1.067,-0.030,0.000
1668254610275,2022-11-12T14:03:30.275,62.720,1.890,0.671,-0.488
1668254610315,2022-11-12T14:03:30.315,62.760,2.774,-0.152,-0.915
1668254610355,2022-11-12T14:03:30.355,62.800,0.305,-0.488,0.183
1668254610395,2022-11-12T14:03:30.395,62.840,0.427,0.000,0.305
1668254610435,2022-11-12T14:03:30.435,62.880,0.335,0.000,0.579
1668254610475,2022-11-12T14:03:30.475,62.920,0.335,-0.183,0.244
1668254610515,2022-11-12T14:03:30.515,62.960,0.854,-0.640,-0.305
1668254610555,2022-11-12T14:03:30.555,63.000,-0.488,-0.793,0.457
1668254610595,2022-11-12T14:03:30.595,63.040,-0.213,0.000,0.671
1668254610635,2022-11-12T14:03:30.635,63.080,1.067,0.091,-0.152
1668254610675,2022-11-12T14:03:30.675,63.120,1.494,-0.274,-0.488
1668254610715,2022-11-12T14:03:30.715,63.160,0.976,0.152,0.091
1668254610755,2022-11-12T14:03:30.755,63.200,1.067,0.091,0.000
1668254610795,2022-11-12T14:03:30.795,63.240,0.762,-0.213,0.061
1668254610835,2022-11-12T14:03:30.835,63.280,0.732,-0.030,0.213
1668254610875,2022-11-12T14:03:30.875,63.320,0.579,-0.335,0.244
1668254610915,2022-11-12T14:03:30.915,63.360,0.366,-0.305,0.274
1668254610955,2022-11-12T14:03:30.955,63.400,0.884,-0.427,-0.427
1668254610995,2022-11-12T14:03:30.995,63.440,1.341,-0.244,-0.762
1668254611035,2022-11-12T14:03:31.035,63.480,0.884,-0.305,-0.244
1668254611075,2022-11-12T14:03:31.075,63.520,0.335,-0.213,0.000
1668254611115,2022-11-12T14:03:31.115,63.560,0.152,0.183,0.152
1668254611155,2022-11-12T14:03:31.155,63.600,-0.640,-0.152,0.793
1668254611195,2022-11-12T14:03:31.195,63.640,0.183,-0.335,0.396
1668254611235,2022-11-12T14:03:31.235,63.680,1.006,-0.244,-0.213
1668254611275,2022-11-12T14:03:31.275,63.720,0.793,0.030,0.030
1668254611315,2022-11-12T14:03:31.315,63.760,1.098,-0.305,0.061
1668254611355,2022-11-12T14:03:31.355,63.800,1.189,-0.945,-0.335
1668254611395,2022-11-12T14:03:31.395,63.840,1.006,-0.671,-0.183
1668254611435,2022-11-12T14:03:31.435,63.880,0.671,0.244,0.305
1668254611475,2022-11-12T14:03:31.475,63.920,0.640,-0.122,0.274
1668254611515,2022-11-12T14:03:31.515,63.960,0.366,-0.488,0.030
1668254611555,2022-11-12T14:03:31.555,64.000,0.457,-0.030,0.122
1668254611595,2022-11-12T14:03:31.595,64.040,0.671,0.335,0.305
1668254611635,2022-11-12T14:03:31.635,64.080,1.159,0.030,-0.122
1668254611675,2022-11-12T14:03:31.675,64.120,1.585,-0.152,-0.427
1668254611715,2022-11-12T14:03:31.715,64.160,1.037,-0.488,-0.061
1668254611755,2022-11-12T14:03:31.755,64.200,0.671,-0.793,0.061
1668254611795,2022-11-12T14:03:31.795,64.240,1.524,-0.427,-0.213
1668254611835,2022-11-12T14:03:31.835,64.280,1.524,-0.061,0.061
1668254611875,2022-11-12T14:03:31.875,64.320,1.006,0.000,0.183
1668254611915,2022-11-12T14:03:31.915,64.360,1.372,-0.244,-0.061
1668254611955,2022-11-12T14:03:31.955,64.400,1.098,-0.488,0.274
1668254611995,2022-11-12T14:03:31.995,64.440,1.402,-0.152,0.274
1668254612035,2022-11-12T14:03:32.035,64.480,1.250,-0.854,-0.427
1668254612075,2022-11-12T14:03:32.075,64.520,0.244,-0.640,-0.061
1668254612115,2022-11-12T14:03:32.115,64.560,-0.122,0.335,0.854
1668254612155,2022-11-12T14:03:32.155,64.600,1.311,0.305,0.427
1668254612195,2022-11-12T14:03:32.195,64.640,2.439,0.549,-0.671
1668254612235,2022-11-12T14:03:32.235,64.680,1.799,0.427,-0.488
1668254612275,2022-11-12T14:03:32.275,64.720,0.701,-0.030,0.305
1668254612315,2022-11-12T14:03:32.315,64.760,1.433,0.427,0.091
1668254612355,2022-11-12T14:03:32.355,64.800,2.043,0.610,-0.427
1668254612395,2022-11-12T14:03:32.395,64.840,0.915,-0.640,-0.213
1668254612435,2022-11-12T14:03:32.435,64.880,-0.091,-0.457,0.213
1668254612475,2022-11-12T14:03:32.475,64.920,0.335,0.000,0.061
1668254612515,2022-11-12T14:03:32.515,64.960,0.732,0.091,-0.213
1668254612555,2022-11-12T14:03:32.555,65.000,0.854,0.274,-0.549
1668254612595,2022-11-12T14:03:32.595,65.040,0.671,0.335,-0.610
1668254612635,2022-11-12T14:03:32.635,65.080,0.579,0.610,-0.061
1668254612675,2022-11-12T14:03:32.675,65.120,1.311,0.762,-0.213
1668254612715,2022-11-12T14:03:32.715,65.160,1.646,0.366,-0.427
1668254612755,2022-11-12T14:03:32.755,65.200,0.884,0.122,-0.457
1668254612795,2022-11-12T14:03:32.795,65.240,0.122,-0.152,-0.183
1668254612835,2022-11-12T14:03:32.835,65.280,-0.244,0.091,0.183
1668254612875,2022-11-12T14:03:32.875,65.320,0.640,0.488,-0.183
1668254612915,2022-11-12T14:03:32.915,65.360,0.915,0.305,-0.427
1668254612955,2022-11-12T14:03:32.955,65.400,0.671,0.061,-0.335
1668254612995,2022-11-12T14:03:32.995,65.440,1.037,0.030,-0.183
1668254613035,2022-11-12T14:03:33.035,65.480,1.098,0.061,-0.244
1668254613075,2022-11-12T14:03:33.075,65.520,0.579,-0.213,0.091
1668254613115,2022-11-12T14:03:33.115,65.560,0.427,0.000,0.122
1668254613155,2022-11-12T14:03:33.155,65.600,0.640,0.213,-0.091
1668254613195,2022-11-12T14:03:33.195,65.640,0.549,0.274,-0.091
1668254613235,2022-11-12T14:03:33.235,65.680,0.701,0.091,-0.244
1668254613275,2022-11-12T14:03:33.275,65.720,-0.030,-0.366,0.030
1668254613315,2022-11-12T14:03:33.315,65.760,-0.061,-0.061,0.274
1668254613355,2022-11-12T14:03:33.355,65.800,0.823,0.061,-0.183
1668254613395,2022-11-12T14:03:33.395,65.840,0.579,-0.030,-0.152
1668254613435,2022-11-12T14:03:33.435,65.880,0.610,0.000,-0.122
1668254613475,2022-11-12T14:03:33.475,65.920,0.427,-0.244,0.030
1668254613515,2022-11-12T14:03:33.515,65.960,0.122,-0.335,0.152
1668254613555,2022-11-12T14:03:33.555,66.000,0.244,-0.457,0.244
1668254613595,2022-11-12T14:03:33.595,66.040,0.640,0.122,-0.030
1668254613635,2022-11-12T14:03:33.635,66.080,1.098,0.061,-0.122
1668254613675,2022-11-12T14:03:33.675,66.120,0.396,-0.152,0.335
1668254613715,2022-11-12T14:03:33.715,66.160,1.341,-0.122,-0.152
1668254613755,2022-11-12T14:03:33.755,66.200,1.250,-0.366,-0.030
1668254613795,2022-11-12T14:03:33.795,66.240,0.793,-0.488,0.122
1668254613835,2022-11-12T14:03:33.835,66.280,0.762,-0.335,0.030
1668254613875,2022-11-12T14:03:33.875,66.320,0.518,-0.122,0.091
1668254613915,2022-11-12T14:03:33.915,66.360,0.518,-0.183,0.030
1668254613955,2022-11-12T14:03:33.955,66.400,0.457,-0.030,0.122
1668254613995,2022-11-12T14:03:33.995,66.440,0.671,0.030,-0.030
1668254614035,2022-11-12T14:03:34.035,66.480,0.610,-0.122,-0.091
1668254614075,2022-11-12T14:03:34.075,66.520,0.396,-0.213,-0.061
1668254614115,2022-11-12T14:03:34.115,66.560,0.061,-0.183,0.213
1668254614155,2022-11-12T14:03:34.155,66.600,0.762,-0.183,0.335
1668254614195,2022-11-12T14:03:34.195,66.640,0.823,-0.152,0.061
1668254614235,2022-11-12T14:03:34.235,66.680,0.884,-0.152,-0.061
1668254614275,2022-11-12T14:03:34.275,66.720,1.098,-0.061,-0.091
1668254614315,2022-11-12T14:03:34.315,66.760,1.311,-0.091,-0.213
1668254614355,2022-11-12T14:03:34.355,66.800,0.976,-0.366,-0.030
1668254614395,2022-11-12T14:03:34.395,66.840,0.762,-0.274,0.061
1668254614435,2022-11-12T14:03:34.435,66.880,0.610,-0.305,0.030
1668254614475,2022-11-12T14:03:34.475,66.920,0.610,-0.213,0.000
1668254614515,2022-11-12T14:03:34.515,66.960,1.006,0.091,-0.152
1668254614555,2022-11-12T14:03:34.555,67.000,1.128,0.061,-0.122
1668254614595,2022-11-12T14:03:34.595,67.040,1.037,-0.152,-0.061
1668254614635,2022-11-12T14:03:34.635,67.080,0.884,-0.305,-0.061
1668254614675,2022-11-12T14:03:34.675,67.120,0.915,-0.213,-0.061
1668254614715,2022-11-12T14:03:34.715,67.160,0.945,-0.152,-0.061
1668254614755,2022-11-12T14:03:34.755,67.200,0.915,-0.152,-0.061
1668254614795,2022-11-12T14:03:34.795,67.240,0.976,-0.122,-0.091
1668254614835,2022-11-12T14:03:34.835,67.280,0.854,-0.305,-0.030
1668254614875,2022-11-12T14:03:34.875,67.320,0.701,-0.366,0.000
1668254614915,2022-11-12T14:03:34.915,67.360,0.579,-0.244,0.061
1668254614955,2022-11-12T14:03:34.955,67.400,0.915,-0.122,-0.091
1668254614995,2022-11-12T14:03:34.995,67.440,0.884,-0.061,-0.061
1668254615035,2022-11-12T14:03:35.035,67.480,0.854,-0.122,-0.030
1668254615075,2022-11-12T14:03:35.075,67.520,0.823,-0.091,-0.061
1668254615115,2022-11-12T14:03:35.115,67.560,0.671,-0.244,0.000
1668254615155,2022-11-12T14:03:35.155,67.600,0.823,-0.183,-0.061
1668254615195,2022-11-12T14:03:35.195,67.640,0.976,-0.091,-0.152
1668254615235,2022-11-12T14:03:35.235,67.680,0.762,-0.183,-0.030
1668254615275,2022-11-12T14:03:35.275,67.720,0.640,-0.152,0.091
1668254615315,2022-11-12T14:03:35.315,67.760,0.884,-0.122,-0.061
1668254615355,2022-11-12T14:03:35.355,67.800,0.793,-0.122,-0.091
1668254615395,2022-11-12T14:03:35.395,67.840,0.945,-0.244,-0.152
1668254615435,2022-11-12T14:03:35.435,67.880,0.884,-0.061,-0.152
1668254615475,2022-11-12T14:03:35.475,67.920,0.854,0.000,-0.152
1668254615515,2022-11-12T14:03:35.515,67.960,0.793,-0.183,-0.030
1668254615555,2022-11-12T14:03:35.555,68.000,0.671,-0.396,0.030
1668254615595,2022-11-12T14:03:35.595,68.040,0.823,-0.183,-0.061
1668254615635,2022-11-12T14:03:35.635,68.080,0.854,-0.152,-0.091
1668254615675,2022-11-12T14:03:35.675,68.120,0.884,-0.274,-0.030
1668254615715,2022-11-12T14:03:35.715,68.160,0.793,-0.213,0.030
1668254615755,2022-11-12T14:03:35.755,68.200,0.732,-0.183,0.091
1668254615795,2022-11-12T14:03:35.795,68.240,0.823,-0.213,0.061
1668254615835,2022-11-12T14:03:35.835,68.280,0.671,-0.183,0.122
1668254615875,2022-11-12T14:03:35.875,68.320,0.945,-0.183,-0.061
1668254615915,2022-11-12T14:03:35.915,68.360,0.793,-0.244,-0.091
1668254615955,2022-11-12T14:03:35.955,68.400,0.488,-0.366,0.091
1668254615995,2022-11-12T14:03:35.995,68.440,0.732,-0.213,0.091
1668254616035,2022-11-12T14:03:36.035,68.480,0.762,-0.183,0.000
1668254616075,2022-11-12T14:03:36.075,68.520,0.762,-0.213,0.000
1668254616115,2022-11-12T14:03:36.115,68.560,0.762,-0.122,0.091
1668254616155,2022-11-12T14:03:36.155,68.600,0.823,-0.244,0.000
1668254616195,2022-11-12T14:03:36.195,68.640,1.006,-0.152,-0.091
1668254616235,2022-11-12T14:03:36.235,68.680,1.128,-0.061,-0.091
1668254616275,2022-11-12T14:03:36.275,68.720,0.945,-0.122,-0.030
1668254616315,2022-11-12T14:03:36.315,68.760,0.701,-0.396,0.000
1668254616355,2022-11-12T14:03:36.355,68.800,1.006,-0.305,-0.152
1668254616395,2022-11-12T14:03:36.395,68.840,0.793,-0.122,0.061
1668254616435,2022-11-12T14:03:36.435,68.880,0.793,-0.152,-0.061
1668254616475,2022-11-12T14:03:36.475,68.920,0.762,-0.305,0.000
1668254616515,2022-11-12T14:03:36.515,68.960,0.488,-0.183,0.183
1668254616555,2022-11-12T14:03:36.555,69.000,0.579,-0.061,0.122
1668254616595,2022-11-12T14:03:36.595,69.040,0.854,-0.183,0.030
1668254616635,2022-11-12T14:03:36.635,69.080,1.006,-0.274,-0.061
1668254616675,2022-11-12T14:03:36.675,69.120,0.915,-0.213,0.000
1668254616715,2022-11-12T14:03:36.715,69.160,0.793,-0.152,0.091
1668254616755,2022-11-12T14:03:36.755,69.200,0.945,-0.183,-0.061
1668254616795,2022-11-12T14:03:36.795,69.240,0.915,-0.122,-0.030
1668254616835,2022-11-12T14:03:36.835,69.280,0.945,-0.061,0.000
1668254616875,2022-11-12T14:03:36.875,69.320,1.098,-0.091,-0.091
1668254616915,2022-11-12T14:03:36.915,69.360,1.006,-0.244,-0.091
1668254616955,2022-11-12T14:03:36.955,69.400,0.793,-0.274,0.061
1668254616995,2022-11-12T14:03:36.995,69.440,0.823,-0.091,-0.030
1668254617035,2022-11-12T14:03:37.035,69.480,0.640,-0.183,0.000
1668254617075,2022-11-12T14:03:37.075,69.520,0.640,-0.122,-0.030
1668254617115,2022-11-12T14:03:37.115,69.560,0.549,-0.183,0.091
1668254617155,2022-11-12T14:03:37.155,69.600,0.366,-0.488,0.183
1668254617195,2022-11-12T14:03:37.195,69.640,0.732,-0.152,0.122
1668254617235,2022-11-12T14:03:37.235,69.680,0.976,0.061,-0.030
1668254617275,2022-11-12T14:03:37.275,69.720,1.220,-0.152,-0.213
1668254617315,2022-11-12T14:03:37.315,69.760,1.037,-0.213,-0.091
1668254617355,2022-11-12T14:03:37.355,69.800,1.037,-0.091,0.000
1668254617395,2022-11-12T14:03:37.395,69.840,1.037,-0.152,-0.061
1668254617435,2022-11-12T14:03:37.435,69.880,0.823,-0.274,0.000
1668254617475,2022-11-12T14:03:37.475,69.920,0.884,-0.122,-0.030
1668254617515,2022-11-12T14:03:37.515,69.960,0.671,-0.183,0.061
1668254617555,2022-11-12T14:03:37.555,70.000,0.488,-0.213,0.122
1668254617595,2022-11-12T14:03:37.595,70.040,0.762,-0.183,0.030
1668254617635,2022-11-12T14:03:37.635,70.080,0.793,-0.183,0.000
1668254617675,2022-11-12T14:03:37.675,70.120,0.762,-0.274,-0.030
1668254617715,2022-11-12T14:03:37.715,70.160,0.701,-0.244,0.061
1668254617755,2022-11-12T14:03:37.755,70.200,0.823,-0.183,0.030
1668254617795,2022-11-12T14:03:37.795,70.240,0.976,-0.183,0.000
1668254617835,2022-11-12T14:03:37.835,70.280,0.915,-0.183,0.000
1668254617875,2022-11-12T14:03:37.875,70.320,0.762,-0.122,-0.061
1668254617915,2022-11-12T14:03:37.915,70.360,0.640,-0.091,0.061
1668254617955,2022-11-12T14:03:37.955,70.400,0.579,-0.244,0.122
1668254617995,2022-11-12T14:03:37.995,70.440,0.915,-0.305,-0.061
1668254618035,2022-11-12T14:03:38.035,70.480,0.976,-0.061,-0.091
1668254618075,2022-11-12T14:03:38.075,70.520,0.915,0.335,-0.091
1668254618115,2022-11-12T14:03:38.115,70.560,1.067,-0.183,-0.122
1668254618155,2022-11-12T14:03:38.155,70.600,0.884,-0.305,0.030
1668254618195,2022-11-12T14:03:38.195,70.640,1.067,-0.091,-0.061
1668254618235,2022-11-12T14:03:38.235,70.680,0.701,-0.305,0.091
1668254618275,2022-11-12T14:03:38.275,70.720,0.762,-0.335,0.122
1668254618315,2022-11-12T14:03:38.315,70.760,0.732,-0.183,0.061
1668254618355,2022-11-12T14:03:38.355,70.800,0.640,-0.244,0.061
1668254618395,2022-11-12T14:03:38.395,70.840,0.884,-0.213,-0.061
1668254618435,2022-11-12T14:03:38.435,70.880,0.823,-0.213,0.030
1668254618475,2022-11-12T14:03:38.475,70.920,1.067,-0.152,-0.061
1668254618515,2022-11-12T14:03:38.515,70.960,1.067,-0.213,-0.091
1668254618555,2022-11-12T14:03:38.555,71.000,1.037,-0.213,-0.061
1668254618595,2022-11-12T14:03:38.595,71.040,0.976,-0.213,-0.061
1668254618635,2022-11-12T14:03:38.635,71.080,0.854,-0.213,-0.061
1668254618675,2022-11-12T14:03:38.675,71.120,0.915,-0.152,-0.061
1668254618715,2022-11-12T14:03:38.715,71.160,0.732,-0.244,0.061
1668254618755,2022-11-12T14:03:38.755,71.200,0.762,-0.366,0.061
1668254618795,2022-11-12T14:03:38.795,71.240,0.793,-0.274,0.061
1668254618835,2022-11-12T14:03:38.835,71.280,0.915,-0.030,-0.030
1668254618875,2022-11-12T14:03:38.875,71.320,1.037,-0.091,-0.091
1668254618915,2022-11-12T14:03:38.915,71.360,0.793,-0.305,0.061
1668254618955,2022-11-12T14:03:38.955,71.400,0.823,-0.152,0.091
1668254618995,2022-11-12T14:03:38.995,71.440,0.945,-0.244,-0.030
1668254619035,2022-11-12T14:03:39.035,71.480,0.884,-0.396,-0.030
1668254619075,2022-11-12T14:03:39.075,71.520,0.915,-0.122,0.000
1668254619115,2022-11-12T14:03:39.115,71.560,0.823,-0.213,0.061
1668254619155,2022-11-12T14:03:39.155,71.600,0.793,-0.305,0.030
1668254619195,2022-11-12T14:03:39.195,71.640,0.945,-0.213,-0.061
1668254619235,2022-11-12T14:03:39.235,71.680,0.823,-0.152,0.000
1668254619275,2022-11-12T14:03:39.275,71.720,1.037,-0.274,0.000
1668254619315,2022-11-12T14:03:39.315,71.760,1.037,-0.244,-0.030
1668254619355,2022-11-12T14:03:39.355,71.800,0.762,-0.122,0.000
1668254619395,2022-11-12T14:03:39.395,71.840,0.915,-0.061,-0.030
1668254619435,2022-11-12T14:03:39.435,71.880,0.823,-0.305,0.030
1668254619475,2022-11-12T14:03:39.475,71.920,0.732,-0.457,0.030
1668254619515,2022-11-12T14:03:39.515,71.960,0.823,-0.213,-0.030
1668254619555,2022-11-12T14:03:39.555,72.000,0.762,-0.122,0.000
1668254619595,2022-11-12T14:03:39.595,72.040,0.884,-0.122,-0.061
1668254619635,2022-11-12T14:03:39.635,72.080,0.762,-0.183,0.030
1668254619675,2022-11-12T14:03:39.675,72.120,0.793,-0.183,0.061
1668254619715,2022-11-12T14:03:39.715,72.160,0.976,-0.122,-0.030
1668254619755,2022-11-12T14:03:39.755,72.200,1.067,-0.152,-0.061
1668254619795,2022-11-12T14:03:39.795,72.240,0.976,-0.213,-0.030
1668254619835,2022-11-12T14:03:39.835,72.280,0.793,-0.183,0.061
1668254619875,2022-11-12T14:03:39.875,72.320,0.701,-0.244,0.122
1668254619915,2022-11-12T14:03:39.915,72.360,0.823,-0.244,0.000
1668254619955,2022-11-12T14:03:39.955,72.400,0.854,-0.152,-0.030
1668254619995,2022-11-12T14:03:39.995,72.440,0.854,-0.244,0.000
1668254620035,2022-11-12T14:03:40.035,72.480,0.793,-0.183,-0.030
1668254620075,2022-11-12T14:03:40.075,72.520,0.915,-0.061,-0.030
1668254620115,2022-11-12T14:03:40.115,72.560,0.701,-0.183,0.061
1668254620155,2022-11-12T14:03:40.155,72.600,0.671,-0.335,0.061
1668254620195,2022-11-12T14:03:40.195,72.640,0.854,-0.244,-0.030
1668254620235,2022-11-12T14:03:40.235,72.680,0.823,-0.152,0.030
1668254620275,2022-11-12T14:03:40.275,72.720,0.884,-0.213,0.000
1668254620315,2022-11-12T14:03:40.315,72.760,0.793,-0.213,-0.030
1668254620355,2022-11-12T14:03:40.355,72.800,0.640,-0.152,0.061
1668254620395,2022-11-12T14:03:40.395,72.840,0.823,-0.152,-0.061
1668254620435,2022-11-12T14:03:40.435,72.880,0.732,-0.274,0.000
1668254620475,2022-11-12T14:03:40.475,72.920,0.823,-0.152,0.000
1668254620515,2022-11-12T14:03:40.515,72.960,0.945,-0.030,0.000
1668254620555,2022-11-12T14:03:40.555,73.000,0.915,-0.122,0.000
1668254620595,2022-11-12T14:03:40.595,73.040,0.854,-0.335,-0.030
1668254620635,2022-11-12T14:03:40.635,73.080,0.823,-0.213,0.000
1668254620675,2022-11-12T14:03:40.675,73.120,0.793,-0.091,0.030
1668254620715,2022-11-12T14:03:40.715,73.160,0.762,-0.213,0.000
1668254620755,2022-11-12T14:03:40.755,73.200,0.945,-0.122,-0.061
1668254620795,2022-11-12T14:03:40.795,73.240,0.915,-0.030,-0.061
1668254620835,2022-11-12T14:03:40.835,73.280,0.884,-0.122,-0.030
1668254620875,2022-11-12T14:03:40.875,73.320,0.762,-0.396,0.030
1668254620915,2022-11-12T14:03:40.915,73.360,0.701,-0.396,0.061
1668254620955,2022-11-12T14:03:40.955,73.400,0.793,-0.122,0.091
1668254620995,2022-11-12T14:03:40.995,73.440,1.067,0.000,-0.030
1668254621035,2022-11-12T14:03:41.035,73.480,1.159,-0.457,0.061
1668254621075,2022-11-12T14:03:41.075,73.520,0.793,-0.305,0.030
1668254621115,2022-11-12T14:03:41.115,73.560,0.305,-0.091,0.152
1668254621155,2022-11-12T14:03:41.155,73.600,0.335,-0.274,0.122
1668254621195,2022-11-12T14:03:41.195,73.640,0.640,-0.183,0.091
1668254621235,2022-11-12T14:03:41.235,73.680,1.159,-0.183,-0.152
1668254621275,2022-11-12T14:03:41.275,73.720,1.067,-0.305,-0.122
1668254621315,2022-11-12T14:03:41.315,73.760,0.671,-0.213,0.091
1668254621355,2022-11-12T14:03:41.355,73.800,0.884,-0.183,-0.030
1668254621395,2022-11-12T14:03:41.395,73.840,0.671,-0.122,0.061
1668254621435,2022-11-12T14:03:41.435,73.880,0.732,-0.030,0.030
1668254621475,2022-11-12T14:03:41.475,73.920,0.945,-0.183,-0.061
1668254621515,2022-11-12T14:03:41.515,73.960,1.037,-0.274,-0.122
1668254621555,2022-11-12T14:03:41.555,74.000,1.159,-0.152,-0.091
1668254621595,2022-11-12T14:03:41.595,74.040,1.220,-0.030,-0.122
1668254621635,2022-11-12T14:03:41.635,74.080,0.823,-0.396,0.091
1668254621675,2022-11-12T14:03:41.675,74.120,0.915,-0.305,0.030
1668254621715,2022-11-12T14:03:41.715,74.160,0.915,-0.366,-0.061
1668254621755,2022-11-12T14:03:41.755,74.200,0.793,-0.457,-0.061
1668254621795,2022-11-12T14:03:41.795,74.240,0.854,-0.305,0.061
1668254621835,2022-11-12T14:03:41.835,74.280,0.854,-0.183,0.030
1668254621875,2022-11-12T14:03:41.875,74.320,0.915,-0.091,0.030
1668254621915,2022-11-12T14:03:41.915,74.360,1.189,-0.183,-0.152
1668254621955,2022-11-12T14:03:41.955,74.400,1.006,-0.274,-0.061
1668254621995,2022-11-12T14:03:41.995,74.440,1.037,-0.274,-0.061
1668254622035,2022-11-12T14:03:42.035,74.480,0.793,-0.244,0.030
1668254622075,2022-11-12T14:03:42.075,74.520,0.671,-0.183,0.061
1668254622115,2022-11-12T14:03:42.115,74.560,0.762,-0.274,0.030
1668254622155,2022-11-12T14:03:42.155,74.600,0.640,-0.244,0.091
1668254622195,2022-11-12T14:03:42.195,74.640,0.854,-0.091,-0.030
1668254622235,2022-11-12T14:03:42.235,74.680,0.884,-0.274,-0.030
1668254622275,2022-11-12T14:03:42.275,74.720,0.671,-0.335,0.061
1668254622315,2022-11-12T14:03:42.315,74.760,0.793,-0.274,0.000
1668254622355,2022-11-12T14:03:42.355,74.800,0.701,-0.305,0.030
1668254622395,2022-11-12T14:03:42.395,74.840,0.610,-0.213,0.091
1668254622435,2022-11-12T14:03:42.435,74.880,0.762,-0.030,0.030
1668254622475,2022-11-12T14:03:42.475,74.920,0.793,-0.366,-0.030
1668254622515,2022-11-12T14:03:42.515,74.960,0.732,-0.366,0.000
1668254622555,2022-11-12T14:03:42.555,75.000,0.732,-0.152,0.030
1668254622595,2022-11-12T14:03:42.595,75.040,0.945,-0.183,-0.122
1668254622635,2022-11-12T14:03:42.635,75.080,0.854,-0.213,0.000
1668254622675,2022-11-12T14:03:42.675,75.120,0.793,-0.152,0.061
1668254622715,2022-11-12T14:03:42.715,75.160,0.762,-0.183,0.030
1668254622755,2022-11-12T14:03:42.755,75.200,0.854,-0.244,0.030
1668254622795,2022-11-12T14:03:42.795,75.240,0.976,-0.152,-0.030
1668254622835,2022-11-12T14:03:42.835,75.280,0.884,-0.305,0.000
1668254622875,2022-11-12T14:03:42.875,75.320,0.732,-0.213,0.122
1668254622915,2022-11-12T14:03:42.915,75.360,0.793,-0.152,-0.030
1668254622955,2022-11-12T14:03:42.955,75.400,0.915,-0.274,-0.030
1668254622995,2022-11-12T14:03:42.995,75.440,0.701,-0.183,0.091
1668254623035,2022-11-12T14:03:43.035,75.480,0.884,-0.183,0.000
1668254623075,2022-11-12T14:03:43.075,75.520,0.884,-0.244,0.000
1668254623115,2022-11-12T14:03:43.115,75.560,0.701,-0.244,0.122
1668254623155,2022-11-12T14:03:43.155,75.600,0.915,-0.122,0.000
1668254623195,2022-11-12T14:03:43.195,75.640,0.915,-0.183,0.000
1668254623235,2022-11-12T14:03:43.235,75.680,0.701,-0.396,0.061
1668254623275,2022-11-12T14:03:43.275,75.720,0.793,-0.366,0.030
1668254623315,2022-11-12T14:03:43.315,75.760,0.762,-0.091,0.061
1668254623355,2022-11-12T14:03:43.355,75.800,0.884,-0.152,-0.030
1668254623395,2022-11-12T14:03:43.395,75.840,0.854,-0.274,-0.030
1668254623435,2022-11-12T14:03:43.435,75.880,0.732,-0.183,0.061
1668254623475,2022-11-12T14:03:43.475,75.920,0.884,-0.030,-0.030
1668254623515,2022-11-12T14:03:43.515,75.960,0.854,-0.244,-0.030
1668254623555,2022-11-12T14:03:43.555,76.000,0.976,-0.244,-0.091
1668254623595,2022-11-12T14:03:43.595,76.040,0.762,-0.122,0.030
1668254623635,2022-11-12T14:03:43.635,76.080,0.701,-0.122,0.030
1668254623675,2022-11-12T14:03:43.675,76.120,0.854,-0.091,-0.091
1668254623715,2022-11-12T14:03:43.715,76.160,0.915,-0.091,-0.030
1668254623755,2022-11-12T14:03:43.755,76.200,0.915,-0.213,-0.030
1668254623795,2022-11-12T14:03:43.795,76.240,0.945,-0.244,-0.030
1668254623835,2022-11-12T14:03:43.835,76.280,0.884,-0.091,-0.061
1668254623875,2022-11-12T14:03:43.875,76.320,0.854,-0.122,0.030
1668254623915,2022-11-12T14:03:43.915,76.360,0.732,-0.213,0.061
1668254623955,2022-11-12T14:03:43.955,76.400,0.823,-0.305,-0.030
1668254623995,2022-11-12T14:03:43.995,76.440,0.793,-0.244,-0.061
1668254624035,2022-11-12T14:03:44.035,76.480,0.701,-0.061,0.061
1668254624075,2022-11-12T14:03:44.075,76.520,0.976,-0.030,-0.030
1668254624115,2022-11-12T14:03:44.115,76.560,0.884,-0.305,-0.030
1668254624155,2022-11-12T14:03:44.155,76.600,0.793,-0.213,0.030
1668254624195,2022-11-12T14:03:44.195,76.640,0.762,-0.061,0.000
1668254624235,2022-11-12T14:03:44.235,76.680,0.732,-0.213,0.000
1668254624275,2022-11-12T14:03:44.275,76.720,1.037,-0.213,-0.122
1668254624315,2022-11-12T14:03:44.315,76.760,0.884,-0.213,-0.030
1668254624355,2022-11-12T14:03:44.355,76.800,0.793,-0.061,0.061
1668254624395,2022-11-12T14:03:44.395,76.840,1.128,-0.213,-0.122
1668254624435,2022-11-12T14:03:44.435,76.880,0.915,-0.274,-0.030
1668254624475,2022-11-12T14:03:44.475,76.920,0.732,-0.244,0.091
1668254624515,2022-11-12T14:03:44.515,76.960,0.671,-0.244,0.152
1668254624555,2022-11-12T14:03:44.555,77.000,0.762,-0.244,0.061
1668254624595,2022-11-12T14:03:44.595,77.040,0.732,-0.152,0.000
1668254624635,2022-11-12T14:03:44.635,77.080,0.762,-0.030,0.000
1668254624675,2022-11-12T14:03:44.675,77.120,0.854,-0.091,-0.030
1668254624715,2022-11-12T14:03:44.715,77.160,0.701,-0.396,0.000
1668254624755,2022-11-12T14:03:44.755,77.200,0.671,-0.305,0.030
1668254624795,2022-11-12T14:03:44.795,77.240,0.579,0.000,0.152
1668254624835,2022-11-12T14:03:44.835,77.280,0.854,-0.152,0.030
1668254624875,2022-11-12T14:03:44.875,77.320,0.823,-0.427,-0.030
1668254624915,2022-11-12T14:03:44.915,77.360,0.671,-0.244,0.061
1668254624955,2022-11-12T14:03:44.955,77.400,0.793,-0.030,0.000
1668254624995,2022-11-12T14:03:44.995,77.440,0.823,-0.213,0.000
1668254625035,2022-11-12T14:03:45.035,77.480,0.823,-0.274,0.000
1668254625075,2022-11-12T14:03:45.075,77.520,0.457,-0.152,0.152
1668254625115,2022-11-12T14:03:45.115,77.560,0.793,0.000,0.122
1668254625155,2022-11-12T14:03:45.155,77.600,1.280,-0.213,-0.213
1668254625195,2022-11-12T14:03:45.195,77.640,0.976,-0.366,-0.152
1668254625235,2022-11-12T14:03:45.235,77.680,0.701,-0.152,0.122
1668254625275,2022-11-12T14:03:45.275,77.720,0.701,-0.152,0.030
1668254625315,2022-11-12T14:03:45.315,77.760,0.823,-0.244,-0.030
1668254625355,2022-11-12T14:03:45.355,77.800,0.610,-0.122,0.091
1668254625395,2022-11-12T14:03:45.395,77.840,1.037,-0.030,-0.030
1668254625435,2022-11-12T14:03:45.435,77.880,1.372,0.000,-0.183
1668254625475,2022-11-12T14:03:45.475,77.920,1.037,-0.061,-0.122
1668254625515,2022-11-12T14:03:45.515,77.960,0.732,-0.244,0.000
1668254625555,2022-11-12T14:03:45.555,78.000,0.823,-0.274,0.091
1668254625595,2022-11-12T14:03:45.595,78.040,1.006,-0.213,-0.091
1668254625635,2022-11-12T14:03:45.635,78.080,0.854,-0.213,-0.061
1668254625675,2022-11-12T14:03:45.675,78.120,0.823,-0.122,0.030
1668254625715,2022-11-12T14:03:45.715,78.160,0.976,-0.244,-0.030
1668254625755,2022-11-12T14:03:45.755,78.200,0.823,-0.244,0.030
1668254625795,2022-11-12T14:03:45.795,78.240,0.701,-0.091,0.061
1668254625835,2022-11-12T14:03:45.835,78.280,0.823,-0.213,0.030
1668254625875,2022-11-12T14:03:45.875,78.320,0.884,-0.366,-0.030
1668254625915,2022-11-12T14:03:45.915,78.360,0.915,-0.091,0.000
1668254625955,2022-11-12T14:03:45.955,78.400,1.128,0.000,-0.061
1668254625995,2022-11-12T14:03:45.995,78.440,1.128,-0.152,-0.122
1668254626035,2022-11-12T14:03:46.035,78.480,1.037,-0.183,0.061
1668254626075,2022-11-12T14:03:46.075,78.520,0.854,-0.030,-0.030
1668254626115,2022-11-12T14:03:46.115,78.560,0.030,-0.183,0.274
1668254626155,2022-11-12T14:03:46.155,78.600,0.549,-0.061,0.183
1668254626195,2022-11-12T14:03:46.195,78.640,1.006,-0.061,-0.030
1668254626235,2022-11-12T14:03:46.235,78.680,1.311,-0.335,-0.152
1668254626275,2022-11-12T14:03:46.275,78.720,0.945,-0.152,0.122
1668254626315,2022-11-12T14:03:46.315,78.760,1.006,-0.183,0.000
1668254626355,2022-11-12T14:03:46.355,78.800,0.579,-0.305,0.030
1668254626395,2022-11-12T14:03:46.395,78.840,0.335,-0.335,0.183
1668254626435,2022-11-12T14:03:46.435,78.880,0.488,-0.152,0.091
1668254626475,2022-11-12T14:03:46.475,78.920,0.579,-0.152,-0.030
1668254626515,2022-11-12T14:03:46.515,78.960,0.854,-0.213,-0.122
1668254626555,2022-11-12T14:03:46.555,79.000,0.732,-0.213,0.061
1668254626595,2022-11-12T14:03:46.595,79.040,0.701,-0.244,0.061
1668254626635,2022-11-12T14:03:46.635,79.080,0.823,-0.152,-0.091
1668254626675,2022-11-12T14:03:46.675,79.120,0.762,-0.213,-0.091
1668254626715,2022-11-12T14:03:46.715,79.160,0.884,-0.244,-0.061
1668254626755,2022-11-12T14:03:46.755,79.200,0.762,-0.183,0.061
1668254626795,2022-11-12T14:03:46.795,79.240,0.793,-0.213,0.000
1668254626835,2022-11-12T14:03:46.835,79.280,0.884,-0.244,0.030
1668254626875,2022-11-12T14:03:46.875,79.320,0.945,-0.152,0.000
1668254626915,2022-11-12T14:03:46.915,79.360,0.915,-0.213,0.030
1668254626955,2022-11-12T14:03:46.955,79.400,0.976,-0.183,-0.030
1668254626995,2022-11-12T14:03:46.995,79.440,0.884,-0.213,0.000
1668254627035,2022-11-12T14:03:47.035,79.480,0.457,-0.335,0.244
1668254627075,2022-11-12T14:03:47.075,79.520,0.610,-0.183,0.122
1668254627115,2022-11-12T14:03:47.115,79.560,1.433,-0.122,-0.244
1668254627155,2022-11-12T14:03:47.155,79.600,1.372,-0.274,-0.152
1668254627195,2022-11-12T14:03:47.195,79.640,0.945,-0.457,0.061
1668254627235,2022-11-12T14:03:47.235,79.680,1.311,-0.305,-0.091
1668254627275,2022-11-12T14:03:47.275,79.720,1.098,-0.274,-0.061
1668254627315,2022-11-12T14:03:47.315,79.760,0.518,-0.274,0.091
1668254627355,2022-11-12T14:03:47.355,79.800,0.488,-0.244,0.061
1668254627395,2022-11-12T14:03:47.395,79.840,0.610,-0.152,0.122
1668254627435,2022-11-12T14:03:47.435,79.880,0.823,-0.213,0.061
1668254627475,2022-11-12T14:03:47.475,79.920,1.159,-0.244,-0.061
1668254627515,2022-11-12T14:03:47.515,79.960,1.280,-0.183,-0.122
1668254627555,2022-11-12T14:03:47.555,80.000,0.945,-0.305,0.091
1668254627595,2022-11-12T14:03:47.595,80.040,1.067,-0.183,0.030
1668254627635,2022-11-12T14:03:47.635,80.080,0.945,-0.152,0.030
1668254627675,2022-11-12T14:03:47.675,80.120,0.793,-0.244,0.091
1668254627715,2022-11-12T14:03:47.715,80.160,1.128,-0.183,0.000
1668254627755,2022-11-12T14:03:47.755,80.200,1.098,-0.274,-0.122
1668254627795,2022-11-12T14:03:47.795,80.240,0.884,-0.213,-0.030
1668254627835,2022-11-12T14:03:47.835,80.280,0.915,-0.122,-0.091
1668254627875,2022-11-12T14:03:47.875,80.320,0.213,-0.457,0.152
1668254627915,2022-11-12T14:03:47.915,80.360,0.671,-0.488,-0.061
1668254627955,2022-11-12T14:03:47.955,80.400,0.915,-0.122,-0.061
1668254627995,2022-11-12T14:03:47.995,80.440,0.823,-0.030,-0.030
1668254628035,2022-11-12T14:03:48.035,80.480,0.701,-0.213,-0.061
1668254628075,2022-11-12T14:03:48.075,80.520,0.823,-0.213,-0.061
1668254628115,2022-11-12T14:03:48.115,80.560,0.762,-0.061,0.000
1668254628155,2022-11-12T14:03:48.155,80.600,0.762,-0.183,-0.030
1668254628195,2022-11-12T14:03:48.195,80.640,1.037,-0.152,-0.122
1668254628235,2022-11-12T14:03:48.235,80.680,0.854,-0.122,-0.030
1668254628275,2022-11-12T14:03:48.275,80.720,0.732,-0.305,0.061
1668254628315,2022-11-12T14:03:48.315,80.760,0.884,-0.122,0.030
1668254628355,2022-11-12T14:03:48.355,80.800,0.823,-0.091,-0.030
1668254628395,2022-11-12T14:03:48.395,80.840,0.793,-0.213,0.061
1668254628435,2022-11-12T14:03:48.435,80.880,0.854,-0.152,-0.030
1668254628475,2022-11-12T14:03:48.475,80.920,0.823,-0.213,-0.030
1668254628515,2022-11-12T14:03:48.515,80.960,0.610,-0.244,0.122
1668254628555,2022-11-12T14:03:48.555,81.000,0.671,-0.244,0.061
1668254628595,2022-11-12T14:03:48.595,81.040,0.884,-0.183,-0.030
1668254628635,2022-11-12T14:03:48.635,81.080,0.823,-0.183,-0.061
1668254628675,2022-11-12T14:03:48.675,81.120,0.915,-0.152,-0.061
1668254628715,2022-11-12T14:03:48.715,81.160,0.915,-0.183,-0.061
1668254628755,2022-11-12T14:03:48.755,81.200,0.732,-0.305,0.030
1668254628795,2022-11-12T14:03:48.795,81.240,0.854,-0.091,-0.030
1668254628835,2022-11-12T14:03:48.835,81.280,0.793,-0.122,0.000
1668254628875,2022-11-12T14:03:48.875,81.320,0.793,-0.274,-0.030
1668254628915,2022-11-12T14:03:48.915,81.360,0.915,-0.122,-0.030
1668254628955,2022-11-12T14:03:48.955,81.400,0.793,-0.152,-0.030
1668254628995,2022-11-12T14:03:48.995,81.440,0.823,-0.183,-0.030
1668254629035,2022-11-12T14:03:49.035,81.480,0.823,-0.152,-0.061
1668254629075,2022-11-12T14:03:49.075,81.520,0.762,-0.213,-0.061
1668254629115,2022-11-12T14:03:49.115,81.560,0.762,-0.244,0.030
1668254629155,2022-11-12T14:03:49.155,81.600,0.762,-0.152,0.030
1668254629195,2022-11-12T14:03:49.195,81.640,0.915,-0.152,-0.061
1668254629235,2022-11-12T14:03:49.235,81.680,0.640,-0.274,0.061
1668254629275,2022-11-12T14:03:49.275,81.720,0.732,-0.274,0.061
1668254629315,2022-11-12T14:03:49.315,81.760,0.945,-0.122,-0.030
1668254629355,2022-11-12T14:03:49.355,81.800,0.823,-0.122,-0.030
1668254629395,2022-11-12T14:03:49.395,81.840,0.915,-0.213,-0.091
1668254629435,2022-11-12T14:03:49.435,81.880,0.640,-0.213,0.091
1668254629475,2022-11-12T14:03:49.475,81.920,0.762,-0.091,0.061
1668254629515,2022-11-12T14:03:49.515,81.960,0.884,-0.183,-0.030
1668254629555,2022-11-12T14:03:49.555,82.000,0.793,-0.244,0.030
1668254629595,2022-11-12T14:03:49.595,82.040,0.915,-0.183,0.000
1668254629635,2022-11-12T14:03:49.635,82.080,0.762,-0.152,0.061
1668254629675,2022-11-12T14:03:49.675,82.120,0.884,-0.213,0.030
1668254629715,2022-11-12T14:03:49.715,82.160,0.915,-0.152,0.000
1668254629755,2022-11-12T14:03:49.755,82.200,0.884,-0.122,-0.030
1668254629795,2022-11-12T14:03:49.795,82.240,0.884,-0.213,-0.030
1668254629835,2022-11-12T14:03:49.835,82.280,0.793,-0.213,0.000
1668254629875,2022-11-12T14:03:49.875,82.320,0.854,-0.152,-0.030
1668254629915,2022-11-12T14:03:49.915,82.360,0.915,-0.091,-0.091
1668254629955,2022-11-12T14:03:49.955,82.400,0.701,-0.152,0.000
1668254629995,2022-11-12T14:03:49.995,82.440,0.823,-0.335,0.030
1668254630035,2022-11-12T14:03:50.035,82.480,0.854,-0.274,0.000
1668254630075,2022-11-12T14:03:50.075,82.520,0.793,-0.122,0.030
1668254630115,2022-11-12T14:03:50.115,82.560,0.945,-0.183,-0.091
1668254630155,2022-11-12T14:03:50.155,82.600,0.793,-0.244,0.030
1668254630195,2022-11-12T14:03:50.195,82.640,0.732,-0.091,0.091
1668254630235,2022-11-12T14:03:50.235,82.680,0.945,-0.183,-0.030
1668254630275,2022-11-12T14:03:50.275,82.720,0.854,-0.213,0.000
1668254630315,2022-11-12T14:03:50.315,82.760,0.945,-0.152,-0.030
1668254630355,2022-11-12T14:03:50.355,82.800,0.884,-0.183,-0.030
1668254630395,2022-11-12T14:03:50.395,82.840,0.701,-0.152,0.061
1668254630435,2022-11-12T14:03:50.435,82.880,0.854,-0.152,0.000
1668254630475,2022-11-12T14:03:50.475,82.920,0.884,-0.183,-0.030
1668254630515,2022-11-12T14:03:50.515,82.960,0.854,-0.213,0.000
1668254630555,2022-11-12T14:03:50.555,83.000,0.854,-0.213,0.000
1668254630595,2022-11-12T14:03:50.595,83.040,0.701,-0.244,0.061
1668254630635,2022-11-12T14:03:50.635,83.080,0.793,-0.244,0.000
1668254630675,2022-11-12T14:03:50.675,83.120,0.884,-0.122,-0.030
1668254630715,2022-11-12T14:03:50.715,83.160,0.854,-0.091,-0.030
1668254630755,2022-11-12T14:03:50.755,83.200,0.640,-0.335,0.091
1668254630795,2022-11-12T14:03:50.795,83.240,0.884,-0.366,-0.061
1668254630835,2022-11-12T14:03:50.835,83.280,0.945,-0.213,0.000
1668254630875,2022-11-12T14:03:50.875,83.320,0.762,-0.122,0.061
1668254630915,2022-11-12T14:03:50.915,83.360,0.976,-0.183,-0.030
1668254630955,2022-11-12T14:03:50.955,83.400,0.823,-0.244,0.030
1668254630995,2022-11-12T14:03:50.995,83.440,0.732,-0.183,0.030
1668254631035,2022-11-12T14:03:51.035,83.480,0.854,-0.213,0.061
1668254631075,2022-11-12T14:03:51.075,83.520,0.945,-0.152,0.000
1668254631115,2022-11-12T14:03:51.115,83.560,1.037,-0.213,-0.091
1668254631155,2022-11-12T14:03:51.155,83.600,0.823,-0.244,0.061
1668254631195,2022-11-12T14:03:51.195,83.640,0.732,-0.183,0.091
1668254631235,2022-11-12T14:03:51.235,83.680,0.945,-0.244,-0.091
1668254631275,2022-11-12T14:03:51.275,83.720,0.854,-0.213,0.061
1668254631315,2022-11-12T14:03:51.315,83.760,0.854,-0.244,0.061
1668254631355,2022-11-12T14:03:51.355,83.800,0.945,-0.244,0.030
1668254631395,2022-11-12T14:03:51.395,83.840,0.854,-0.213,0.061
1668254631435,2022-11-12T14:03:51.435,83.880,0.976,-0.122,-0.061
1668254631475,2022-11-12T14:03:51.475,83.920,0.793,-0.152,0.030
1668254631515,2022-11-12T14:03:51.515,83.960,0.762,-0.396,0.061
1668254631555,2022-11-12T14:03:51.555,84.000,0.823,-0.305,0.000
1668254631595,2022-11-12T14:03:51.595,84.040,0.762,-0.152,0.061
1668254631635,2022-11-12T14:03:51.635,84.080,0.915,-0.091,-0.030
1668254631675,2022-11-12T14:03:51.675,84.120,0.945,-0.152,0.000
1668254631715,2022-11-12T14:03:51.715,84.160,0.854,-0.152,0.030
1668254631755,2022-11-12T14:03:51.755,84.200,0.945,-0.152,0.000
1668254631795,2022-11-12T14:03:51.795,84.240,0.884,-0.244,0.030
1668254631835,2022-11-12T14:03:51.835,84.280,0.976,-0.152,-0.061
1668254631875,2022-11-12T14:03:51.875,84.320,0.854,-0.122,0.000
1668254631915,2022-11-12T14:03:51.915,84.360,0.793,-0.091,0.030
1668254631955,2022-11-12T14:03:51.955,84.400,0.884,-0.183,-0.030
1668254631995,2022-11-12T14:03:51.995,84.440,0.762,-0.122,0.000
1668254632035,2022-11-12T14:03:52.035,84.480,0.915,-0.183,-0.061
1668254632075,2022-11-12T14:03:52.075,84.520,0.915,-0.091,-0.030
1668254632115,2022-11-12T14:03:52.115,84.560,0.823,-0.122,-0.061
1668254632155,2022-11-12T14:03:52.155,84.600,0.793,-0.183,0.000
1668254632195,2022-11-12T14:03:52.195,84.640,0.732,-0.274,0.061
1668254632235,2022-11-12T14:03:52.235,84.680,0.793,-0.305,-0.030
1668254632275,2022-11-12T14:03:52.275,84.720,0.762,-0.152,0.091
1668254632315,2022-11-12T14:03:52.315,84.760,0.854,-0.061,-0.030
1668254632355,2022-11-12T14:03:52.355,84.800,0.915,-0.244,-0.030
1668254632395,2022-11-12T14:03:52.395,84.840,0.854,-0.152,0.061
1668254632435,2022-11-12T14:03:52.435,84.880,0.884,-0.122,0.000
1668254632475,2022-11-12T14:03:52.475,84.920,0.854,-0.244,0.030
1668254632515,2022-11-12T14:03:52.515,84.960,0.945,-0.152,-0.091
1668254632555,2022-11-12T14:03:52.555,85.000,0.793,-0.183,-0.030
1668254632595,2022-11-12T14:03:52.595,85.040,0.671,-0.152,0.061
1668254632635,2022-11-12T14:03:52.635,85.080,0.793,-0.183,-0.030
1668254632675,2022-11-12T14:03:52.675,85.120,0.884,-0.152,-0.061
1668254632715,2022-11-12T14:03:52.715,85.160,0.823,-0.152,-0.030
1668254632755,2022-11-12T14:03:52.755,85.200,0.854,-0.213,-0.061
1668254632795,2022-11-12T14:03:52.795,85.240,0.762,-0.152,0.030
1668254632835,2022-11-12T14:03:52.835,85.280,0.854,-0.122,-0.030
1668254632875,2022-11-12T14:03:52.875,85.320,0.884,-0.152,0.000
1668254632915,2022-11-12T14:03:52.915,85.360,0.671,-0.305,0.122
1668254632955,2022-11-12T14:03:52.955,85.400,0.793,-0.274,-0.061
1668254632995,2022-11-12T14:03:52.995,85.440,0.823,-0.122,-0.091
1668254633035,2022-11-12T14:03:53.035,85.480,0.854,-0.122,-0.030
1668254633075,2022-11-12T14:03:53.075,85.520,0.823,-0.152,0.030
1668254633115,2022-11-12T14:03:53.115,85.560,0.823,-0.152,0.000
1668254633155,2022-11-12T14:03:53.155,85.600,0.823,-0.152,0.030
1668254633195,2022-11-12T14:03:53.195,85.640,0.793,-0.183,0.030
1668254633235,2022-11-12T14:03:53.235,85.680,0.915,-0.213,-0.061
1668254633275,2022-11-12T14:03:53.275,85.720,0.823,-0.152,-0.030
1668254633315,2022-11-12T14:03:53.315,85.760,0.762,-0.122,0.030
1668254633355,2022-11-12T14:03:53.355,85.800,0.884,-0.122,-0.061
1668254633395,2022-11-12T14:03:53.395,85.840,0.915,-0.122,-0.091
1668254633435,2022-11-12T14:03:53.435,85.880,0.854,-0.122,0.000
1668254633475,2022-11-12T14:03:53.475,85.920,0.884,-0.122,0.000
1668254633515,2022-11-12T14:03:53.515,85.960,0.823,-0.244,-0.030
1668254633555,2022-11-12T14:03:53.555,86.000,0.793,-0.274,0.000
1668254633595,2022-11-12T14:03:53.595,86.040,0.793,-0.122,0.000
1668254633635,2022-11-12T14:03:53.635,86.080,1.006,-0.061,-0.091
1668254633675,2022-11-12T14:03:53.675,86.120,0.915,-0.061,-0.030
1668254633715,2022-11-12T14:03:53.715,86.160,0.610,-0.335,0.091
1668254633755,2022-11-12T14:03:53.755,86.200,0.793,-0.335,-0.061
1668254633795,2022-11-12T14:03:53.795,86.240,0.793,-0.091,0.000
1668254633835,2022-11-12T14:03:53.835,86.280,0.823,-0.061,0.000
1668254633875,2022-11-12T14:03:53.875,86.320,1.037,-0.152,-0.061
1668254633915,2022-11-12T14:03:53.915,86.360,0.823,-0.183,0.061
1668254633955,2022-11-12T14:03:53.955,86.400,0.854,-0.213,0.000
1668254633995,2022-11-12T14:03:53.995,86.440,0.793,-0.183,0.030
1668254634035,2022-11-12T14:03:54.035,86.480,0.793,-0.213,0.000
1668254634075,2022-11-12T14:03:54.075,86.520,0.915,-0.183,-0.030
1668254634115,2022-11-12T14:03:54.115,86.560,0.671,-0.183,0.061
1668254634155,2022-11-12T14:03:54.155,86.600,0.732,-0.213,0.091
1668254634195,2022-11-12T14:03:54.195,86.640,0.884,-0.213,0.030
1668254634235,2022-11-12T14:03:54.235,86.680,0.854,-0.152,-0.030
1668254634275,2022-11-12T14:03:54.275,86.720,0.762,-0.152,0.030
1668254634315,2022-11-12T14:03:54.315,86.760,0.854,-0.152,0.030
1668254634355,2022-11-12T14:03:54.355,86.800,0.823,-0.213,0.030
1668254634395,2022-11-12T14:03:54.395,86.840,0.762,-0.244,0.030
1668254634435,2022-11-12T14:03:54.435,86.880,0.854,-0.213,0.000
1668254634475,2022-11-12T14:03:54.475,86.920,0.823,-0.152,0.030
1668254634515,2022-11-12T14:03:54.515,86.960,0.884,-0.122,-0.091
1668254634555,2022-11-12T14:03:54.555,87.000,0.671,-0.305,0.030
1668254634595,2022-11-12T14:03:54.595,87.040,0.732,-0.335,0.000
1668254634635,2022-11-12T14:03:54.635,87.080,0.884,-0.152,-0.030
1668254634675,2022-11-12T14:03:54.675,87.120,0.762,-0.152,0.061
1668254634715,2022-11-12T14:03:54.715,87.160,0.945,-0.183,-0.030
1668254634755,2022-11-12T14:03:54.755,87.200,0.701,-0.244,0.061
1668254634795,2022-11-12T14:03:54.795,87.240,0.854,-0.213,0.030
1668254634835,2022-11-12T14:03:54.835,87.280,0.884,-0.183,0.030
1668254634875,2022-11-12T14:03:54.875,87.320,0.823,-0.305,0.061
1668254634915,2022-11-12T14:03:54.915,87.360,0.884,-0.213,-0.061
1668254634955,2022-11-12T14:03:54.955,87.400,0.701,-0.213,0.091
1668254634995,2022-11-12T14:03:54.995,87.440,0.762,-0.244,0.030
1668254635035,2022-11-12T14:03:55.035,87.480,0.823,-0.213,0.000
1668254635075,2022-11-12T14:03:55.075,87.520,0.732,-0.213,0.061
1668254635115,2022-11-12T14:03:55.115,87.560,0.793,-0.213,0.000
1668254635155,2022-11-12T14:03:55.155,87.600,0.762,-0.183,0.000
1668254635195,2022-11-12T14:03:55.195,87.640,0.732,-0.213,0.030
1668254635235,2022-11-12T14:03:55.235,87.680,0.915,-0.244,0.000
1668254635275,2022-11-12T14:03:55.275,87.720,0.976,-0.213,0.000
1668254635315,2022-11-12T14:03:55.315,87.760,0.915,-0.244,0.030
1668254635355,2022-11-12T14:03:55.355,87.800,0.976,-0.152,0.000
1668254635395,2022-11-12T14:03:55.395,87.840,0.640,-0.244,0.091
1668254635435,2022-11-12T14:03:55.435,87.880,0.732,-0.366,0.030
1668254635475,2022-11-12T14:03:55.475,87.920,0.823,-0.244,0.030
1668254635515,2022-11-12T14:03:55.515,87.960,0.762,-0.213,0.061
1668254635555,2022-11-12T14:03:55.555,88.000,0.915,-0.183,0.000
1668254635595,2022-11-12T14:03:55.595,88.040,0.762,-0.274,0.061
1668254635635,2022-11-12T14:03:55.635,88.080,0.823,-0.183,0.091
1668254635675,2022-11-12T14:03:55.675,88.120,0.945,-0.152,0.000
1668254635715,2022-11-12T14:03:55.715,88.160,0.823,-0.244,0.030
1668254635755,2022-11-12T14:03:55.755,88.200,0.884,-0.305,-0.030
1668254635795,2022-11-12T14:03:55.795,88.240,0.701,-0.244,0.091
1668254635835,2022-11-12T14:03:55.835,88.280,0.793,-0.213,0.061
1668254635875,2022-11-12T14:03:55.875,88.320,0.915,-0.335,0.000
1668254635915,2022-11-12T14:03:55.915,88.360,0.854,-0.244,0.061
1668254635955,2022-11-12T14:03:55.955,88.400,0.884,-0.152,0.000
1668254635995,2022-11-12T14:03:55.995,88.440,0.915,-0.274,-0.030
1668254636035,2022-11-12T14:03:56.035,88.480,0.854,-0.244,0.061
1668254636075,2022-11-12T14:03:56.075,88.520,0.793,-0.061,0.000
1668254636115,2022-11-12T14:03:56.115,88.560,0.976,-0.061,-0.091
1668254636155,2022-11-12T14:03:56.155,88.600,0.823,-0.244,0.030
1668254636195,2022-11-12T14:03:56.195,88.640,0.640,-0.427,0.030
1668254636235,2022-11-12T14:03:56.235,88.680,0.854,-0.213,0.000
1668254636275,2022-11-12T14:03:56.275,88.720,0.823,-0.030,0.030
1668254636315,2022-11-12T14:03:56.315,88.760,0.884,-0.122,-0.030
1668254636355,2022-11-12T14:03:56.355,88.800,0.762,-0.183,0.000
1668254636395,2022-11-12T14:03:56.395,88.840,0.793,-0.061,0.061
1668254636435,2022-11-12T14:03:56.435,88.880,0.884,-0.152,0.000
1668254636475,2022-11-12T14:03:56.475,88.920,0.884,-0.213,0.000
1668254636515,2022-11-12T14:03:56.515,88.960,0.915,-0.152,-0.030
1668254636555,2022-11-12T14:03:56.555,89.000,0.762,-0.183,0.030
1668254636595,2022-11-12T14:03:56.595,89.040,0.793,-0.152,0.000
1668254636635,2022-11-12T14:03:56.635,89.080,0.884,-0.183,-0.030
1668254636675,2022-11-12T14:03:56.675,89.120,0.854,-0.152,0.030
1668254636715,2022-11-12T14:03:56.715,89.160,0.945,-0.213,0.000
1668254636755,2022-11-12T14:03:56.755,89.200,0.823,-0.213,-0.061
1668254636795,2022-11-12T14:03:56.795,89.240,0.854,-0.030,-0.030
1668254636835,2022-11-12T14:03:56.835,89.280,0.884,-0.061,-0.030
1668254636875,2022-11-12T14:03:56.875,89.320,0.701,-0.366,0.061
1668254636915,2022-11-12T14:03:56.915,89.360,0.854,-0.274,-0.030
1668254636955,2022-11-12T14:03:56.955,89.400,0.762,-0.183,0.000
1668254636995,2022-11-12T14:03:56.995,89.440,0.793,-0.152,0.000
1668254637035,2022-11-12T14:03:57.035,89.480,0.945,-0.183,-0.030
1668254637075,2022-11-12T14:03:57.075,89.520,0.793,-0.213,0.061
1668254637115,2022-11-12T14:03:57.115,89.560,0.823,-0.122,0.000
1668254637155,2022-11-12T14:03:57.155,89.600,0.823,-0.244,-0.030
1668254637195,2022-11-12T14:03:57.195,89.640,0.915,-0.213,0.000
1668254637235,2022-11-12T14:03:57.235,89.680,0.884,-0.152,-0.030
1668254637275,2022-11-12T14:03:57.275,89.720,0.701,-0.152,0.061
1668254637315,2022-11-12T14:03:57.315,89.760,0.762,-0.213,0.000
1668254637355,2022-11-12T14:03:57.355,89.800,0.915,-0.122,-0.061
1668254637395,2022-11-12T14:03:57.395,89.840,0.823,-0.183,0.061
1668254637435,2022-11-12T14:03:57.435,89.880,0.884,-0.274,0.061
1668254637475,2022-11-12T14:03:57.475,89.920,0.854,-0.091,0.000
1668254637515,2022-11-12T14:03:57.515,89.960,0.915,-0.122,-0.061
1668254637555,2022-11-12T14:03:57.555,90.000,0.701,-0.183,0.030
1668254637595,2022-11-12T14:03:57.595,90.040,0.579,-0.305,0.061
1668254637635,2022-11-12T14:03:57.635,90.080,0.976,-0.244,-0.030
1668254637675,2022-11-12T14:03:57.675,90.120,0.823,-0.152,0.061
1668254637715,2022-11-12T14:03:57.715,90.160,0.884,-0.122,-0.030
1668254637755,2022-11-12T14:03:57.755,90.200,0.884,-0.183,-0.030
1668254637795,2022-11-12T14:03:57.795,90.240,0.701,-0.213,0.061
1668254637835,2022-11-12T14:03:57.835,90.280,0.823,-0.183,-0.030
1668254637875,2022-11-12T14:03:57.875,90.320,0.823,-0.213,0.000
1668254637915,2022-11-12T14:03:57.915,90.360,1.006,-0.152,-0.091
1668254637955,2022-11-12T14:03:57.955,90.400,0.915,-0.152,0.000
1668254637995,2022-11-12T14:03:57.995,90.440,0.701,-0.152,0.061
1668254638035,2022-11-12T14:03:58.035,90.480,0.884,-0.213,-0.061
1668254638075,2022-11-12T14:03:58.075,90.520,0.945,-0.183,-0.030
1668254638115,2022-11-12T14:03:58.115,90.560,0.762,-0.183,0.000
1668254638155,2022-11-12T14:03:58.155,90.600,0.884,-0.213,-0.030
1668254638195,2022-11-12T14:03:58.195,90.640,0.915,-0.152,0.000
1668254638235,2022-11-12T14:03:58.235,90.680,0.915,-0.152,-0.030
1668254638275,2022-11-12T14:03:58.275,90.720,0.823,-0.091,-0.030
1668254638315,2022-11-12T14:03:58.315,90.760,0.610,-0.335,0.061
1668254638355,2022-11-12T14:03:58.355,90.800,0.854,-0.335,0.000
1668254638395,2022-11-12T14:03:58.395,90.840,0.823,-0.152,0.061
1668254638435,2022-11-12T14:03:58.435,90.880,0.732,-0.152,0.030
1668254638475,2022-11-12T14:03:58.475,90.920,0.915,-0.213,-0.091
1668254638515,2022-11-12T14:03:58.515,90.960,0.793,-0.152,0.091
1668254638555,2022-11-12T14:03:58.555,91.000,1.006,-0.152,-0.061
1668254638595,2022-11-12T14:03:58.595,91.040,0.793,-0.213,-0.030
1668254638635,2022-11-12T14:03:58.635,91.080,0.854,-0.152,0.000
1668254638675,2022-11-12T14:03:58.675,91.120,1.006,-0.213,-0.061
1668254638715,2022-11-12T14:03:58.715,91.160,0.549,-0.183,0.091
1668254638755,2022-11-12T14:03:58.755,91.200,0.793,-0.152,0.030
1668254638795,2022-11-12T14:03:58.795,91.240,0.823,-0.183,0.000
1668254638835,2022-11-12T14:03:58.835,91.280,0.793,-0.152,0.000
1668254638875,2022-11-12T14:03:58.875,91.320,0.884,-0.122,0.030
1668254638915,2022-11-12T14:03:58.915,91.360,0.854,-0.244,0.000
1668254638955,2022-11-12T14:03:58.955,91.400,0.884,-0.244,0.000
1668254638995,2022-11-12T14:03:58.995,91.440,0.854,-0.061,0.030
1668254639035,2022-11-12T14:03:59.035,91.480,0.854,-0.122,0.000
1668254639075,2022-11-12T14:03:59.075,91.520,0.640,-0.335,0.061
1668254639115,2022-11-12T14:03:59.115,91.560,0.671,-0.396,0.000
1668254639155,2022-11-12T14:03:59.155,91.600,0.762,-0.152,0.000
1668254639195,2022-11-12T14:03:59.195,91.640,0.732,-0.183,0.061
1668254639235,2022-11-12T14:03:59.235,91.680,0.945,-0.213,-0.030
1668254639275,2022-11-12T14:03:59.275,91.720,0.610,-0.213,0.061
1668254639315,2022-11-12T14:03:59.315,91.760,0.762,-0.183,0.000
1668254639355,2022-11-12T14:03:59.355,91.800,0.854,-0.213,0.000
1668254639395,2022-11-12T14:03:59.395,91.840,0.854,-0.213,0.030
1668254639435,2022-11-12T14:03:59.435,91.880,0.976,-0.183,-0.030
1668254639475,2022-11-12T14:03:59.475,91.920,0.823,-0.183,0.030
1668254639515,2022-11-12T14:03:59.515,91.960,0.793,-0.244,0.000
1668254639555,2022-11-12T14:03:59.555,92.000,0.793,-0.183,0.061
1668254639595,2022-11-12T14:03:59.595,92.040,0.854,-0.213,0.061
1668254639635,2022-11-12T14:03:59.635,92.080,0.823,-0.244,0.030
1668254639675,2022-11-12T14:03:59.675,92.120,0.823,-0.183,-0.030
1668254639715,2022-11-12T14:03:59.715,92.160,0.854,-0.213,0.000
1668254639755,2022-11-12T14:03:59.755,92.200,0.915,-0.244,0.000
1668254639795,2022-11-12T14:03:59.795,92.240,0.854,-0.152,-0.061
1668254639835,2022-11-12T14:03:59.835,92.280,0.884,-0.122,-0.030
1668254639875,2022-11-12T14:03:59.875,92.320,0.762,-0.244,0.061
1668254639915,2022-11-12T14:03:59.915,92.360,0.793,-0.305,-0.061
1668254639955,2022-11-12T14:03:59.955,92.400,0.854,-0.213,0.000
1668254639995,2022-11-12T14:03:59.995,92.440,0.884,-0.152,0.030
1668254640035,2022-11-12T14:04:00.035,92.480,0.915,-0.213,0.000
1668254640075,2022-11-12T14:04:00.075,92.520,0.732,-0.244,0.091
1668254640115,2022-11-12T14:04:00.115,92.560,0.915,-0.122,0.030
1668254640155,2022-11-12T14:04:00.155,92.600,0.823,-0.213,0.061
1668254640195,2022-11-12T14:04:00.195,92.640,0.945,-0.244,-0.030
1668254640235,2022-11-12T14:04:00.235,92.680,0.945,-0.183,0.000
1668254640275,2022-11-12T14:04:00.275,92.720,0.701,-0.183,0.122
1668254640315,2022-11-12T14:04:00.315,92.760,0.884,-0.213,-0.030
1668254640355,2022-11-12T14:04:00.355,92.800,0.884,-0.213,-0.030
1668254640395,2022-11-12T14:04:00.395,92.840,0.793,-0.122,0.061
1668254640435,2022-11-12T14:04:00.435,92.880,0.945,-0.183,-0.030
1668254640475,2022-11-12T14:04:00.475,92.920,0.915,-0.244,0.000
1668254640515,2022-11-12T14:04:00.515,92.960,0.823,-0.122,0.000
1668254640555,2022-11-12T14:04:00.555,93.000,0.854,-0.091,-0.030
1668254640595,2022-11-12T14:04:00.595,93.040,0.915,-0.091,-0.030
1668254640635,2022-11-12T14:04:00.635,93.080,0.732,-0.244,0.030
1668254640675,2022-11-12T14:04:00.675,93.120,0.793,-0.305,0.000
1668254640715,2022-11-12T14:04:00.715,93.160,0.945,-0.091,-0.061
1668254640755,2022-11-12T14:04:00.755,93.200,0.854,0.061,-0.030
1668254640795,2022-11-12T14:04:00.795,93.240,1.189,0.152,-0.030
1668254640835,2022-11-12T14:04:00.835,93.280,0.854,0.061,0.000
1668254640875,2022-11-12T14:04:00.875,93.320,0.457,0.061,-0.183
1668254640915,2022-11-12T14:04:00.915,93.360,0.396,-0.213,-0.122
1668254640955,2022-11-12T14:04:00.955,93.400,0.701,-0.396,0.000
1668254640995,2022-11-12T14:04:00.995,93.440,0.762,-0.366,0.000
1668254641035,2022-11-12T14:04:01.035,93.480,0.579,-0.335,0.061
1668254641075,2022-11-12T14:04:01.075,93.520,0.823,-0.274,-0.030
1668254641115,2022-11-12T14:04:01.115,93.560,0.793,-0.244,0.061
1668254641155,2022-11-12T14:04:01.155,93.600,0.976,-0.274,-0.061
1668254641195,2022-11-12T14:04:01.195,93.640,0.945,-0.213,0.030
1668254641235,2022-11-12T14:04:01.235,93.680,0.854,-0.213,0.061
1668254641275,2022-11-12T14:04:01.275,93.720,0.854,-0.274,0.000
1668254641315,2022-11-12T14:04:01.315,93.760,0.793,-0.183,0.000
1668254641355,2022-11-12T14:04:01.355,93.800,0.854,-0.152,-0.030
1668254641395,2022-11-12T14:04:01.395,93.840,1.006,-0.152,-0.061
1668254641435,2022-11-12T14:04:01.435,93.880,0.793,-0.244,0.000
1668254641475,2022-11-12T14:04:01.475,93.920,0.671,-0.366,0.030
1668254641515,2022-11-12T14:04:01.515,93.960,0.823,-0.183,-0.030
1668254641555,2022-11-12T14:04:01.555,94.000,0.762,-0.061,0.030
1668254641595,2022-11-12T14:04:01.595,94.040,0.976,-0.122,-0.091
1668254641635,2022-11-12T14:04:01.635,94.080,0.823,-0.244,0.061
1668254641675,2022-11-12T14:04:01.675,94.120,0.823,-0.183,0.030
1668254641715,2022-11-12T14:04:01.715,94.160,0.976,-0.091,-0.091
1668254641755,2022-11-12T14:04:01.755,94.200,0.884,-0.183,0.030
1668254641795,2022-11-12T14:04:01.795,94.240,1.098,-0.091,-0.030
1668254641835,2022-11-12T14:04:01.835,94.280,0.945,-0.213,-0.030
1668254641875,2022-11-12T14:04:01.875,94.320,0.701,-0.183,0.091
1668254641915,2022-11-12T14:04:01.915,94.360,0.915,-0.183,0.000
1668254641955,2022-11-12T14:04:01.955,94.400,0.762,-0.183,0.030
1668254641995,2022-11-12T14:04:01.995,94.440,0.762,-0.213,-0.030
1668254642035,2022-11-12T14:04:02.035,94.480,0.915,-0.183,0.000
1668254642075,2022-11-12T14:04:02.075,94.520,0.884,-0.122,0.061
1668254642115,2022-11-12T14:04:02.115,94.560,0.854,-0.091,0.030
1668254642155,2022-11-12T14:04:02.155,94.600,0.884,-0.183,0.030
1668254642195,2022-11-12T14:04:02.195,94.640,0.884,-0.244,0.000
1668254642235,2022-11-12T14:04:02.235,94.680,0.823,-0.183,0.000
1668254642275,2022-11-12T14:04:02.275,94.720,0.823,-0.091,-0.030
1668254642315,2022-11-12T14:04:02.315,94.760,0.793,-0.183,0.030
1668254642355,2022-11-12T14:04:02.355,94.800,0.732,-0.366,0.061
1668254642395,2022-11-12T14:04:02.395,94.840,0.915,-0.213,-0.030
1668254642435,2022-11-12T14:04:02.435,94.880,0.915,-0.122,0.030
1668254642475,2022-11-12T14:04:02.475,94.920,0.915,-0.122,-0.061
1668254642515,2022-11-12T14:04:02.515,94.960,0.762,-0.183,0.000
1668254642555,2022-11-12T14:04:02.555,95.000,0.793,-0.183,0.000
1668254642595,2022-11-12T14:04:02.595,95.040,0.854,-0.183,-0.061
1668254642635,2022-11-12T14:04:02.635,95.080,0.854,-0.183,-0.030
1668254642675,2022-11-12T14:04:02.675,95.120,0.884,-0.213,-0.061
1668254642715,2022-11-12T14:04:02.715,95.160,0.823,-0.213,0.030
1668254642755,2022-11-12T14:04:02.755,95.200,0.762,-0.152,0.061
1668254642795,2022-11-12T14:04:02.795,95.240,0.854,-0.183,-0.061
1668254642835,2022-11-12T14:04:02.835,95.280,0.762,-0.152,-0.061
1668254642875,2022-11-12T14:04:02.875,95.320,0.793,-0.183,0.000
1668254642915,2022-11-12T14:04:02.915,95.360,0.854,-0.152,0.000
1668254642955,2022-11-12T14:04:02.955,95.400,0.793,-0.152,0.000
1668254642995,2022-11-12T14:04:02.995,95.440,0.854,-0.213,0.030
1668254643035,2022-11-12T14:04:03.035,95.480,0.793,-0.183,0.030
1668254643075,2022-11-12T14:04:03.075,95.520,0.823,-0.183,-0.030
1668254643115,2022-11-12T14:04:03.115,95.560,0.884,-0.183,0.000
1668254643155,2022-11-12T14:04:03.155,95.600,0.854,-0.122,0.030
1668254643195,2022-11-12T14:04:03.195,95.640,0.701,-0.366,0.030
1668254643235,2022-11-12T14:04:03.235,95.680,0.793,-0.335,-0.030
1668254643275,2022-11-12T14:04:03.275,95.720,0.793,-0.122,0.000
1668254643315,2022-11-12T14:04:03.315,95.760,0.854,-0.183,0.030
1668254643355,2022-11-12T14:04:03.355,95.800,0.915,-0.213,-0.030
1668254643395,2022-11-12T14:04:03.395,95.840,0.640,-0.213,0.122
1668254643435,2022-11-12T14:04:03.435,95.880,0.793,-0.183,-0.030
1668254643475,2022-11-12T14:04:03.475,95.920,0.732,-0.213,0.000
1668254643515,2022-11-12T14:04:03.515,95.960,0.945,-0.213,0.000
1668254643555,2022-11-12T14:04:03.555,96.000,0.854,-0.152,0.030
1668254643595,2022-11-12T14:04:03.595,96.040,0.732,-0.183,0.061
1668254643635,2022-11-12T14:04:03.635,96.080,0.884,-0.213,0.000
1668254643675,2022-11-12T14:04:03.675,96.120,1.006,-0.213,-0.030
1668254643715,2022-11-12T14:04:03.715,96.160,0.915,-0.213,0.061
1668254643755,2022-11-12T14:04:03.755,96.200,0.884,-0.213,0.030
1668254643795,2022-11-12T14:04:03.795,96.240,0.854,-0.213,-0.061
1668254643835,2022-11-12T14:04:03.835,96.280,0.884,-0.213,0.000
1668254643875,2022-11-12T14:04:03.875,96.320,0.793,-0.244,0.030
1668254643915,2022-11-12T14:04:03.915,96.360,0.793,-0.274,-0.030
1668254643955,2022-11-12T14:04:03.955,96.400,0.884,-0.183,-0.030
1668254643995,2022-11-12T14:04:03.995,96.440,0.884,-0.213,0.000
1668254644035,2022-11-12T14:04:04.035,96.480,0.762,-0.366,0.061
1668254644075,2022-11-12T14:04:04.075,96.520,0.915,-0.335,0.000
1668254644115,2022-11-12T14:04:04.115,96.560,0.884,-0.244,0.030
1668254644155,2022-11-12T14:04:04.155,96.600,0.823,-0.152,0.061
1668254644195,2022-11-12T14:04:04.195,96.640,0.915,-0.213,-0.030
1668254644235,2022-11-12T14:04:04.235,96.680,0.701,-0.305,0.061
1668254644275,2022-11-12T14:04:04.275,96.720,0.915,-0.122,0.030
1668254644315,2022-11-12T14:04:04.315,96.760,0.945,-0.183,-0.091
1668254644355,2022-11-12T14:04:04.355,96.800,0.854,-0.244,-0.030
1668254644395,2022-11-12T14:04:04.395,96.840,0.915,-0.122,0.000
1668254644435,2022-11-12T14:04:04.435,96.880,0.823,-0.244,0.061
1668254644475,2022-11-12T14:04:04.475,96.920,0.915,-0.152,-0.061
1668254644515,2022-11-12T14:04:04.515,96.960,0.945,-0.091,-0.091
1668254644555,2022-11-12T14:04:04.555,97.000,0.884,-0.152,0.000
1668254644595,2022-11-12T14:04:04.595,97.040,0.945,-0.213,-0.030
1668254644635,2022-11-12T14:04:04.635,97.080,0.884,-0.244,0.000
1668254644675,2022-11-12T14:04:04.675,97.120,0.793,-0.152,0.000
1668254644715,2022-11-12T14:04:04.715,97.160,0.793,-0.061,-0.061
1668254644755,2022-11-12T14:04:04.755,97.200,1.067,0.030,-0.152
1668254644795,2022-11-12T14:04:04.795,97.240,0.915,-0.122,-0.091
1668254644835,2022-11-12T14:04:04.835,97.280,0.732,-0.366,0.000
1668254644875,2022-11-12T14:04:04.875,97.320,0.793,-0.274,0.091
1668254644915,2022-11-12T14:04:04.915,97.360,0.793,-0.213,0.091
1668254644955,2022-11-12T14:04:04.955,97.400,0.823,-0.152,0.000
1668254644995,2022-11-12T14:04:04.995,97.440,0.762,-0.152,0.061
1668254645035,2022-11-12T14:04:05.035,97.480,0.762,-0.152,0.061
1668254645075,2022-11-12T14:04:05.075,97.520,0.823,-0.244,-0.030
1668254645115,2022-11-12T14:04:05.115,97.560,0.823,-0.244,0.000
1668254645155,2022-11-12T14:04:05.155,97.600,1.006,-0.183,-0.061
1668254645195,2022-11-12T14:04:05.195,97.640,0.793,-0.213,0.091
1668254645235,2022-11-12T14:04:05.235,97.680,0.701,-0.244,0.091
1668254645275,2022-11-12T14:04:05.275,97.720,0.915,-0.213,0.000
1668254645315,2022-11-12T14:04:05.315,97.760,0.884,-0.152,0.030
1668254645355,2022-11-12T14:04:05.355,97.800,0.915,-0.183,-0.030
1668254645395,2022-11-12T14:04:05.395,97.840,0.793,-0.274,0.030
1668254645435,2022-11-12T14:04:05.435,97.880,0.762,-0.152,-0.030
1668254645475,2022-11-12T14:04:05.475,97.920,0.884,-0.122,-0.030
1668254645515,2022-11-12T14:04:05.515,97.960,0.823,-0.152,-0.030
1668254645555,2022-11-12T14:04:05.555,98.000,0.762,-0.213,0.000
1668254645595,2022-11-12T14:04:05.595,98.040,0.854,-0.366,0.061
1668254645635,2022-11-12T14:04:05.635,98.080,0.884,-0.274,0.000
1668254645675,2022-11-12T14:04:05.675,98.120,0.823,-0.091,0.061
1668254645715,2022-11-12T14:04:05.715,98.160,0.915,-0.122,-0.030
1668254645755,2022-11-12T14:04:05.755,98.200,0.854,-0.213,-0.030
1668254645795,2022-11-12T14:04:05.795,98.240,0.732,-0.183,0.061
1668254645835,2022-11-12T14:04:05.835,98.280,0.854,-0.152,-0.030
1668254645875,2022-11-12T14:04:05.875,98.320,0.793,-0.183,0.000
1668254645915,2022-11-12T14:04:05.915,98.360,1.006,-0.213,-0.091
1668254645955,2022-11-12T14:04:05.955,98.400,0.793,-0.244,0.000
1668254645995,2022-11-12T14:04:05.995,98.440,0.549,-0.244,0.152
1668254646035,2022-11-12T14:04:06.035,98.480,0.671,-0.396,0.061
1668254646075,2022-11-12T14:04:06.075,98.520,0.793,-0.183,0.030
1668254646115,2022-11-12T14:04:06.115,98.560,0.854,-0.183,-0.030
1668254646155,2022-11-12T14:04:06.155,98.600,0.732,-0.213,-0.030
1668254646195,2022-11-12T14:04:06.195,98.640,0.854,-0.152,-0.061
1668254646235,2022-11-12T14:04:06.235,98.680,0.884,-0.152,0.030
1668254646275,2022-11-12T14:04:06.275,98.720,0.854,-0.183,-0.030
1668254646315,2022-11-12T14:04:06.315,98.760,0.945,-0.091,-0.091
1668254646355,2022-11-12T14:04:06.355,98.800,0.762,-0.305,0.030
1668254646395,2022-11-12T14:04:06.395,98.840,0.915,-0.335,-0.030
1668254646435,2022-11-12T14:04:06.435,98.880,0.854,-0.213,-0.030
1668254646475,2022-11-12T14:04:06.475,98.920,0.732,-0.152,0.030
1668254646515,2022-11-12T14:04:06.515,98.960,0.915,-0.183,-0.061
1668254646555,2022-11-12T14:04:06.555,99.000,0.701,-0.183,0.030
1668254646595,2022-11-12T14:04:06.595,99.040,0.823,-0.091,-0.030
1668254646635,2022-11-12T14:04:06.635,99.080,0.854,-0.152,0.000
1668254646675,2022-11-12T14:04:06.675,99.120,0.915,-0.183,0.030
1668254646715,2022-11-12T14:04:06.715,99.160,0.945,-0.152,-0.030
1668254646755,2022-11-12T14:04:06.755,99.200,0.671,-0.244,0.122
1668254646795,2022-11-12T14:04:06.795,99.240,0.854,-0.183,0.000
1668254646835,2022-11-12T14:04:06.835,99.280,0.915,-0.183,-0.030
1668254646875,2022-11-12T14:04:06.875,99.320,0.884,-0.122,0.000
1668254646915,2022-11-12T14:04:06.915,99.360,0.823,-0.152,-0.061
1668254646955,2022-11-12T14:04:06.955,99.400,0.762,-0.213,0.000
1668254646995,2022-11-12T14:04:06.995,99.440,0.823,-0.213,0.000
1668254647035,2022-11-12T14:04:07.035,99.480,0.854,-0.152,-0.030
1668254647075,2022-11-12T14:04:07.075,99.520,0.793,-0.152,0.000
1668254647115,2022-11-12T14:04:07.115,99.560,0.915,-0.213,-0.061
1668254647155,2022-11-12T14:04:07.155,99.600,0.762,-0.213,0.000
1668254647195,2022-11-12T14:04:07.195,99.640,0.701,-0.396,0.061
1668254647235,2022-11-12T14:04:07.235,99.680,0.884,-0.335,-0.061
1668254647275,2022-11-12T14:04:07.275,99.720,0.732,-0.122,0.030
1668254647315,2022-11-12T14:04:07.315,99.760,0.823,-0.091,0.030
1668254647355,2022-11-12T14:04:07.355,99.800,0.945,-0.213,-0.030
1668254647395,2022-11-12T14:04:07.395,99.840,0.762,-0.274,0.061
1668254647435,2022-11-12T14:04:07.435,99.880,0.976,-0.152,-0.091
1668254647475,2022-11-12T14:04:07.475,99.920,0.793,-0.335,0.000
1668254647515,2022-11-12T14:04:07.515,99.960,0.884,-0.213,0.030
1668254647555,2022-11-12T14:04:07.555,100.000,0.884,-0.183,0.000
1668254647595,2022-11-12T14:04:07.595,100.040,0.671,-0.274,0.091
1668254647635,2022-11-12T14:04:07.635,100.080,0.854,-0.244,-0.061
1668254647675,2022-11-12T14:04:07.675,100.120,0.945,-0.183,-0.091
1668254647715,2022-11-12T14:04:07.715,100.160,0.884,-0.183,0.000
1668254647755,2022-11-12T14:04:07.755,100.200,0.854,-0.183,0.000
1668254647795,2022-11-12T14:04:07.795,100.240,0.793,-0.244,0.000
1668254647835,2022-11-12T14:04:07.835,100.280,0.854,-0.244,0.030
1668254647875,2022-11-12T14:04:07.875,100.320,0.945,-0.213,-0.030
1668254647915,2022-11-12T14:04:07.915,100.360,1.037,-0.274,-0.091
1668254647955,2022-11-12T14:04:07.955,100.400,1.280,-0.274,-0.061
1668254647995,2022-11-12T14:04:07.995,100.440,1.037,-0.457,0.061
1668254648035,2022-11-12T14:04:08.035,100.480,0.762,-0.396,0.030
1668254648075,2022-11-12T14:04:08.075,100.520,0.854,-0.122,-0.030
1668254648115,2022-11-12T14:04:08.115,100.560,0.762,-0.030,0.000
1668254648155,2022-11-12T14:04:08.155,100.600,0.915,-0.183,-0.061
1668254648195,2022-11-12T14:04:08.195,100.640,0.640,-0.183,0.091
1668254648235,2022-11-12T14:04:08.235,100.680,0.793,-0.122,0.000
1668254648275,2022-11-12T14:04:08.275,100.720,0.915,-0.305,-0.091
1668254648315,2022-11-12T14:04:08.315,100.760,0.945,-0.244,-0.030
1668254648355,2022-11-12T14:04:08.355,100.800,0.915,-0.152,0.030
1668254648395,2022-11-12T14:04:08.395,100.840,0.701,-0.213,0.091
1668254648435,2022-11-12T14:04:08.435,100.880,0.976,-0.213,0.000
1668254648475,2022-11-12T14:04:08.475,100.920,0.884,-0.122,0.000
1668254648515,2022-11-12T14:04:08.515,100.960,1.006,-0.152,-0.061
1668254648555,2022-11-12T14:04:08.555,101.000,0.884,-0.213,0.000
1668254648595,2022-11-12T14:04:08.595,101.040,0.793,-0.213,0.030
1668254648635,2022-11-12T14:04:08.635,101.080,0.823,-0.122,-0.030
1668254648675,2022-11-12T14:04:08.675,101.120,0.823,-0.122,0.000
1668254648715,2022-11-12T14:04:08.715,101.160,0.976,-0.061,-0.030
1668254648755,2022-11-12T14:04:08.755,101.200,0.610,-0.274,0.122
1668254648795,2022-11-12T14:04:08.795,101.240,0.793,-0.335,0.000
1668254648835,2022-11-12T14:04:08.835,101.280,0.884,-0.122,-0.030
1668254648875,2022-11-12T14:04:08.875,101.320,0.762,-0.122,0.000
1668254648915,2022-11-12T14:04:08.915,101.360,0.945,-0.183,-0.061
1668254648955,2022-11-12T14:04:08.955,101.400,0.701,-0.183,0.091
1668254648995,2022-11-12T14:04:08.995,101.440,0.915,-0.122,-0.061
1668254649035,2022-11-12T14:04:09.035,101.480,0.884,-0.183,-0.030
1668254649075,2022-11-12T14:04:09.075,101.520,0.854,-0.183,0.030
1668254649115,2022-11-12T14:04:09.115,101.560,0.945,-0.183,-0.030
1668254649155,2022-11-12T14:04:09.155,101.600,0.762,-0.122,0.061
1668254649195,2022-11-12T14:04:09.195,101.640,0.762,-0.152,0.030
1668254649235,2022-11-12T14:04:09.235,101.680,0.823,-0.213,-0.061
1668254649275,2022-11-12T14:04:09.275,101.720,0.884,-0.152,-0.030
1668254649315,2022-11-12T14:04:09.315,101.760,0.915,-0.122,0.000
1668254649355,2022-11-12T14:04:09.355,101.800,0.823,-0.244,0.030
1668254649395,2022-11-12T14:04:09.395,101.840,0.854,-0.213,0.000
1668254649435,2022-11-12T14:04:09.435,101.880,0.854,-0.122,0.000
1668254649475,2022-11-12T14:04:09.475,101.920,0.915,-0.122,-0.091
1668254649515,2022-11-12T14:04:09.515,101.960,0.793,-0.183,0.030
1668254649555,2022-11-12T14:04:09.555,102.000,0.701,-0.366,0.030
1668254649595,2022-11-12T14:04:09.595,102.040,0.854,-0.274,-0.030
1668254649635,2022-11-12T14:04:09.635,102.080,0.762,-0.122,0.061
1668254649675,2022-11-12T14:04:09.675,102.120,0.915,-0.122,0.030
1668254649715,2022-11-12T14:04:09.715,102.160,0.884,-0.213,0.000
1668254649755,2022-11-12T14:04:09.755,102.200,0.701,-0.213,0.061
1668254649795,2022-11-12T14:04:09.795,102.240,0.823,-0.152,-0.030
1668254649835,2022-11-12T14:04:09.835,102.280,0.823,-0.213,0.030
1668254649875,2022-11-12T14:04:09.875,102.320,0.976,-0.183,-0.122
1668254649915,2022-11-12T14:04:09.915,102.360,0.854,-0.213,0.000
1668254649955,2022-11-12T14:04:09.955,102.400,0.640,-0.183,0.122
1668254649995,2022-11-12T14:04:09.995,102.440,0.884,-0.183,-0.030
1668254650035,2022-11-12T14:04:10.035,102.480,0.884,-0.152,-0.030
1668254650075,2022-11-12T14:04:10.075,102.520,0.976,0.000,0.030
1668254650115,2022-11-12T14:04:10.115,102.560,1.037,-0.030,0.030
1668254650155,2022-11-12T14:04:10.155,102.600,0.854,-0.152,0.030
1668254650195,2022-11-12T14:04:10.195,102.640,0.854,-0.152,0.030
1668254650235,2022-11-12T14:04:10.235,102.680,0.793,-0.152,0.030
1668254650275,2022-11-12T14:04:10.275,102.720,0.884,-0.122,-0.030
1668254650315,2022-11-12T14:04:10.315,102.760,0.701,-0.244,0.061
1668254650355,2022-11-12T14:04:10.355,102.800,0.701,-0.427,0.030
1668254650395,2022-11-12T14:04:10.395,102.840,0.854,-0.244,-0.091
1668254650435,2022-11-12T14:04:10.435,102.880,0.732,-0.152,0.030
1668254650475,2022-11-12T14:04:10.475,102.920,0.823,-0.183,-0.061
1668254650515,2022-11-12T14:04:10.515,102.960,0.793,-0.213,0.000
1668254650555,2022-11-12T14:04:10.555,103.000,0.762,-0.213,0.061
1668254650595,2022-11-12T14:04:10.595,103.040,0.945,-0.183,0.000
1668254650635,2022-11-12T14:04:10.635,103.080,0.823,-0.244,0.061
1668254650675,2022-11-12T14:04:10.675,103.120,0.823,-0.122,0.000
1668254650715,2022-11-12T14:04:10.715,103.160,0.640,-0.152,0.091
1668254650755,2022-11-12T14:04:10.755,103.200,0.732,-0.305,0.030
1668254650795,2022-11-12T14:04:10.795,103.240,0.884,-0.305,-0.030
1668254650835,2022-11-12T14:04:10.835,103.280,0.915,-0.213,-0.030
1668254650875,2022-11-12T14:04:10.875,103.320,0.884,-0.183,0.000
1668254650915,2022-11-12T14:04:10.915,103.360,0.701,-0.152,0.091
1668254650955,2022-11-12T14:04:10.955,103.400,0.762,-0.274,0.091
1668254650995,2022-11-12T14:04:10.995,103.440,0.884,-0.305,0.061
1668254651035,2022-11-12T14:04:11.035,103.480,0.945,-0.213,-0.030
1668254651075,2022-11-12T14:04:11.075,103.520,0.945,-0.122,-0.091
1668254651115,2022-11-12T14:04:11.115,103.560,0.823,-0.274,0.000
1668254651155,2022-11-12T14:04:11.155,103.600,0.793,-0.396,0.030
1668254651195,2022-11-12T14:04:11.195,103.640,0.976,-0.274,-0.061
1668254651235,2022-11-12T14:04:11.235,103.680,0.854,-0.213,0.061
1668254651275,2022-11-12T14:04:11.275,103.720,0.884,-0.213,0.000
1668254651315,2022-11-12T14:04:11.315,103.760,0.854,-0.305,0.000
1668254651355,2022-11-12T14:04:11.355,103.800,0.793,-0.244,0.030
1668254651395,2022-11-12T14:04:11.395,103.840,0.915,-0.183,-0.091
1668254651435,2022-11-12T14:04:11.435,103.880,0.884,-0.213,0.030
1668254651475,2022-11-12T14:04:11.475,103.920,0.976,-0.305,0.000
1668254651515,2022-11-12T14:04:11.515,103.960,0.823,-0.305,0.000
1668254651555,2022-11-12T14:04:11.555,104.000,0.762,-0.244,0.000
1668254651595,2022-11-12T14:04:11.595,104.040,0.915,-0.213,-0.030
1668254651635,2022-11-12T14:04:11.635,104.080,0.884,-0.213,-0.030
1668254651675,2022-11-12T14:04:11.675,104.120,0.823,-0.213,0.000
1668254651715,2022-11-12T14:04:11.715,104.160,0.823,-0.244,0.000
1668254651755,2022-11-12T14:04:11.755,104.200,0.854,-0.244,0.000
1668254651795,2022-11-12T14:04:11.795,104.240,0.854,-0.183,0.000
1668254651835,2022-11-12T14:04:11.835,104.280,0.884,-0.152,-0.061
1668254651875,2022-11-12T14:04:11.875,104.320,0.945,-0.183,0.000
1668254651915,2022-11-12T14:04:11.915,104.360,0.762,-0.244,0.061
1668254651955,2022-11-12T14:04:11.955,104.400,0.610,-0.427,0.091
1668254651995,2022-11-12T14:04:11.995,104.440,0.762,-0.335,0.061
1668254652035,2022-11-12T14:04:12.035,104.480,0.884,-0.152,0.030
1668254652075,2022-11-12T14:04:12.075,104.520,0.976,-0.183,0.061
1668254652115,2022-11-12T14:04:12.115,104.560,0.854,-0.244,0.061
1668254652155,2022-11-12T14:04:12.155,104.600,0.915,-0.213,0.061
1668254652195,2022-11-12T14:04:12.195,104.640,1.006,-0.213,0.000
1668254652235,2022-11-12T14:04:12.235,104.680,0.915,-0.244,0.000
1668254652275,2022-11-12T14:04:12.275,104.720,0.945,-0.274,-0.030
1668254652315,2022-11-12T14:04:12.315,104.760,0.854,-0.213,0.000
1668254652355,2022-11-12T14:04:12.355,104.800,0.793,-0.152,0.030
1668254652395,2022-11-12T14:04:12.395,104.840,0.884,-0.183,-0.061
1668254652435,2022-11-12T14:04:12.435,104.880,0.762,-0.122,0.000
1668254652475,2022-11-12T14:04:12.475,104.920,0.854,-0.152,-0.030
1668254652515,2022-11-12T14:04:12.515,104.960,0.823,-0.213,0.000
1668254652555,2022-11-12T14:04:12.555,105.000,0.762,-0.152,0.000
1668254652595,2022-11-12T14:04:12.595,105.040,0.823,-0.061,-0.061
1668254652635,2022-11-12T14:04:12.635,105.080,0.915,-0.061,-0.061
1668254652675,2022-11-12T14:04:12.675,105.120,0.671,-0.305,0.030
1668254652715,2022-11-12T14:04:12.715,105.160,0.793,-0.305,-0.030
1668254652755,2022-11-12T14:04:12.755,105.200,0.793,-0.122,0.030
1668254652795,2022-11-12T14:04:12.795,105.240,0.823,-0.122,0.030
1668254652835,2022-11-12T14:04:12.835,105.280,0.884,-0.213,-0.152
1668254652875,2022-11-12T14:04:12.875,105.320,0.762,-0.183,0.030
1668254652915,2022-11-12T14:04:12.915,105.360,0.732,-0.030,0.061
1668254652955,2022-11-12T14:04:12.955,105.400,0.823,-0.213,-0.030
1668254652995,2022-11-12T14:04:12.995,105.440,0.915,-0.213,-0.030
1668254653035,2022-11-12T14:04:13.035,105.480,0.915,-0.152,-0.030
1668254653075,2022-11-12T14:04:13.075,105.520,0.793,-0.213,0.061
1668254653115,2022-11-12T14:04:13.115,105.560,0.793,-0.244,0.030
1668254653155,2022-11-12T14:04:13.155,105.600,0.884,-0.244,-0.091
1668254653195,2022-11-12T14:04:13.195,105.640,0.884,-0.213,0.030
1668254653235,2022-11-12T14:04:13.235,105.680,0.823,-0.183,0.000
1668254653275,2022-11-12T14:04:13.275,105.720,0.762,-0.244,-0.030
1668254653315,2022-11-12T14:04:13.315,105.760,0.854,-0.122,-0.030
1668254653355,2022-11-12T14:04:13.355,105.800,0.854,-0.122,0.000
1668254653395,2022-11-12T14:04:13.395,105.840,0.762,-0.213,0.030
1668254653435,2022-11-12T14:04:13.435,105.880,0.732,-0.335,-0.030
1668254653475,2022-11-12T14:04:13.475,105.920,0.854,-0.183,-0.030
1668254653515,2022-11-12T14:04:13.515,105.960,0.823,-0.183,0.030
1668254653555,2022-11-12T14:04:13.555,106.000,0.976,-0.152,-0.030
1668254653595,2022-11-12T14:04:13.595,106.040,1.006,-0.152,0.000
1668254653635,2022-11-12T14:04:13.635,106.080,0.823,-0.183,0.000
1668254653675,2022-11-12T14:04:13.675,106.120,0.884,-0.183,-0.091
1668254653715,2022-11-12T14:04:13.715,106.160,0.884,-0.213,-0.061
1668254653755,2022-11-12T14:04:13.755,106.200,0.823,-0.152,-0.030
1668254653795,2022-11-12T14:04:13.795,106.240,0.915,-0.152,0.000
1668254653835,2022-11-12T14:04:13.835,106.280,0.640,-0.183,0.061
1668254653875,2022-11-12T14:04:13.875,106.320,0.854,-0.213,0.000
1668254653915,2022-11-12T14:04:13.915,106.360,0.793,-0.213,-0.061
1668254653955,2022-11-12T14:04:13.955,106.400,0.762,-0.152,0.000
1668254653995,2022-11-12T14:04:13.995,106.440,0.823,-0.183,0.030
1668254654035,2022-11-12T14:04:14.035,106.480,0.762,-0.213,0.000
1668254654075,2022-11-12T14:04:14.075,106.520,0.854,-0.122,0.000
1668254654115,2022-11-12T14:04:14.115,106.560,0.945,-0.091,-0.030
1668254654155,2022-11-12T14:04:14.155,106.600,0.854,-0.122,0.030
1668254654195,2022-11-12T14:04:14.195,106.640,0.671,-0.335,0.061
1668254654235,2022-11-12T14:04:14.235,106.680,0.793,-0.213,0.030
1668254654275,2022-11-12T14:04:14.275,106.720,0.732,-0.091,0.122
1668254654315,2022-11-12T14:04:14.315,106.760,0.915,-0.152,0.000
1668254654355,2022-11-12T14:04:14.355,106.800,0.823,-0.183,0.000
1668254654395,2022-11-12T14:04:14.395,106.840,0.610,-0.213,0.091
1668254654435,2022-11-12T14:04:14.435,106.880,0.884,-0.183,0.030
1668254654475,2022-11-12T14:04:14.475,106.920,0.823,-0.244,0.000
1668254654515,2022-11-12T14:04:14.515,106.960,0.854,-0.213,-0.030
1668254654555,2022-11-12T14:04:14.555,107.000,0.915,-0.183,0.030
1668254654595,2022-11-12T14:04:14.595,107.040,0.701,-0.244,0.091
1668254654635,2022-11-12T14:04:14.635,107.080,0.823,-0.274,-0.030
1668254654675,2022-11-12T14:04:14.675,107.120,0.884,-0.244,-0.030
1668254654715,2022-11-12T14:04:14.715,107.160,0.884,-0.213,0.000
1668254654755,2022-11-12T14:04:14.755,107.200,0.793,-0.183,0.000
1668254654795,2022-11-12T14:04:14.795,107.240,0.915,-0.244,-0.061
1668254654835,2022-11-12T14:04:14.835,107.280,0.915,-0.152,0.030
1668254654875,2022-11-12T14:04:14.875,107.320,0.823,-0.152,0.030
1668254654915,2022-11-12T14:04:14.915,107.360,0.915,-0.183,-0.061
1668254654955,2022-11-12T14:04:14.955,107.400,0.762,-0.244,0.030
1668254654995,2022-11-12T14:04:14.995,107.440,0.793,-0.396,0.000
1668254655035,2022-11-12T14:04:15.035,107.480,0.945,-0.244,-0.091
1668254655075,2022-11-12T14:04:15.075,107.520,0.823,-0.152,-0.030
1668254655115,2022-11-12T14:04:15.115,107.560,0.915,-0.213,-0.061
1668254655155,2022-11-12T14:04:15.155,107.600,0.793,-0.274,0.030
1668254655195,2022-11-12T14:04:15.195,107.640,0.793,-0.152,0.000
1668254655235,2022-11-12T14:04:15.235,107.680,0.854,-0.183,-0.061
1668254655275,2022-11-12T14:04:15.275,107.720,0.854,-0.213,0.030
1668254655315,2022-11-12T14:04:15.315,107.760,0.915,-0.244,0.000
1668254655355,2022-11-12T14:04:15.355,107.800,0.701,-0.274,0.061
1668254655395,2022-11-12T14:04:15.395,107.840,0.793,-0.244,0.061
1668254655435,2022-11-12T14:04:15.435,107.880,0.884,-0.213,0.000
1668254655475,2022-11-12T14:04:15.475,107.920,0.854,-0.244,0.030
1668254655515,2022-11-12T14:04:15.515,107.960,0.915,-0.183,0.061
1668254655555,2022-11-12T14:04:15.555,108.000,0.945,-0.305,0.000
1668254655595,2022-11-12T14:04:15.595,108.040,0.854,-0.274,0.030
1668254655635,2022-11-12T14:04:15.635,108.080,0.793,-0.183,0.061
1668254655675,2022-11-12T14:04:15.675,108.120,0.915,-0.152,-0.061
1668254655715,2022-11-12T14:04:15.715,108.160,0.701,-0.274,0.091
1668254655755,2022-11-12T14:04:15.755,108.200,0.793,-0.366,0.000
1668254655795,2022-11-12T14:04:15.795,108.240,0.732,-0.183,0.030
1668254655835,2022-11-12T14:04:15.835,108.280,0.793,-0.122,0.030
1668254655875,2022-11-12T14:04:15.875,108.320,0.884,-0.183,0.000
1668254655915,2022-11-12T14:04:15.915,108.360,0.701,-0.213,0.091
1668254655955,2022-11-12T14:04:15.955,108.400,0.945,-0.091,-0.061
1668254655995,2022-11-12T14:04:15.995,108.440,0.823,-0.183,-0.030
1668254656035,2022-11-12T14:04:16.035,108.480,0.945,-0.183,-0.061
1668254656075,2022-11-12T14:04:16.075,108.520,0.976,-0.152,-0.061
1668254656115,2022-11-12T14:04:16.115,108.560,0.671,-0.183,0.061
1668254656155,2022-11-12T14:04:16.155,108.600,0.793,-0.152,-0.061
1668254656195,2022-11-12T14:04:16.195,108.640,0.884,-0.152,-0.061
1668254656235,2022-11-12T14:04:16.235,108.680,0.823,-0.183,-0.030
1668254656275,2022-11-12T14:04:16.275,108.720,0.945,-0.183,0.000
1668254656315,2022-11-12T14:04:16.315,108.760,0.915,-0.152,0.000
1668254656355,2022-11-12T14:04:16.355,108.800,0.793,-0.091,0.030
1668254656395,2022-11-12T14:04:16.395,108.840,0.915,-0.030,-0.091
1668254656435,2022-11-12T14:04:16.435,108.880,0.823,-0.183,0.030
1668254656475,2022-11-12T14:04:16.475,108.920,0.732,-0.396,0.061
1668254656515,2022-11-12T14:04:16.515,108.960,0.732,-0.274,0.030
1668254656555,2022-11-12T14:04:16.555,109.000,0.854,-0.122,0.000
1668254656595,2022-11-12T14:04:16.595,109.040,0.915,-0.122,-0.030
1668254656635,2022-11-12T14:04:16.635,109.080,0.762,-0.213,0.000
1668254656675,2022-11-12T14:04:16.675,109.120,0.701,-0.213,0.091
1668254656715,2022-11-12T14:04:16.715,109.160,0.854,-0.122,0.000
1668254656755,2022-11-12T14:04:16.755,109.200,0.823,-0.152,0.030
1668254656795,2022-11-12T14:04:16.795,109.240,0.945,-0.213,-0.030
1668254656835,2022-11-12T14:04:16.835,109.280,0.854,-0.183,0.000
1668254656875,2022-11-12T14:04:16.875,109.320,0.671,-0.122,0.091
1668254656915,2022-11-12T14:04:16.915,109.360,0.884,-0.244,-0.030
1668254656955,2022-11-12T14:04:16.955,109.400,0.884,-0.183,-0.030
1668254656995,2022-11-12T14:04:16.995,109.440,0.884,-0.122,0.000
1668254657035,2022-11-12T14:04:17.035,109.480,0.884,-0.244,-0.061
1668254657075,2022-11-12T14:04:17.075,109.520,0.823,-0.183,-0.030
1668254657115,2022-11-12T14:04:17.115,109.560,0.854,-0.061,-0.030
1668254657155,2022-11-12T14:04:17.155,109.600,0.884,-0.122,-0.061
1668254657195,2022-11-12T14:04:17.195,109.640,0.793,-0.183,0.000
1668254657235,2022-11-12T14:04:17.235,109.680,0.701,-0.305,0.030
1668254657275,2022-11-12T14:04:17.275,109.720,0.854,-0.305,-0.030
1668254657315,2022-11-12T14:04:17.315,109.760,0.793,-0.091,0.061
1668254657355,2022-11-12T14:04:17.355,109.800,0.762,-0.152,0.030
1668254657395,2022-11-12T14:04:17.395,109.840,0.945,-0.244,-0.061
1668254657435,2022-11-12T14:04:17.435,109.880,0.701,-0.183,0.122
1668254657475,2022-11-12T14:04:17.475,109.920,0.945,-0.152,-0.061
1668254657515,2022-11-12T14:04:17.515,109.960,0.732,-0.213,0.061
1668254657555,2022-11-12T14:04:17.555,110.000,0.976,-0.183,-0.030
1668254657595,2022-11-12T14:04:17.595,110.040,0.884,-0.122,0.030
1668254657635,2022-11-12T14:04:17.635,110.080,0.671,-0.183,0.122
1668254657675,2022-11-12T14:04:17.675,110.120,0.823,-0.244,-0.030
1668254657715,2022-11-12T14:04:17.715,110.160,0.884,-0.213,-0.030
1668254657755,2022-11-12T14:04:17.755,110.200,0.854,-0.213,0.000
1668254657795,2022-11-12T14:04:17.795,110.240,0.823,-0.213,-0.030
1668254657835,2022-11-12T14:04:17.835,110.280,0.823,-0.213,0.030
1668254657875,2022-11-12T14:04:17.875,110.320,0.854,-0.152,0.030
1668254657915,2022-11-12T14:04:17.915,110.360,0.884,-0.183,-0.030
1668254657955,2022-11-12T14:04:17.955,110.400,0.915,-0.152,0.030
1668254657995,2022-11-12T14:04:17.995,110.440,0.671,-0.274,0.091
1668254658035,2022-11-12T14:04:18.035,110.480,0.793,-0.366,-0.030
1668254658075,2022-11-12T14:04:18.075,110.520,0.884,-0.183,-0.061
1668254658115,2022-11-12T14:04:18.115,110.560,0.762,-0.122,-0.030
1668254658155,2022-11-12T14:04:18.155,110.600,0.884,-0.244,-0.091
1668254658195,2022-11-12T14:04:18.195,110.640,0.793,-0.274,0.061
1668254658235,2022-11-12T14:04:18.235,110.680,0.762,-0.152,0.061
1668254658275,2022-11-12T14:04:18.275,110.720,0.915,-0.213,-0.061
1668254658315,2022-11-12T14:04:18.315,110.760,0.854,-0.244,0.000
1668254658355,2022-11-12T14:04:18.355,110.800,0.915,-0.183,-0.061
1668254658395,2022-11-12T14:04:18.395,110.840,0.793,-0.213,0.030
1668254658435,2022-11-12T14:04:18.435,110.880,0.732,-0.213,0.061
1668254658475,2022-11-12T14:04:18.475,110.920,0.976,-0.213,-0.061
1668254658515,2022-11-12T14:04:18.515,110.960,0.884,-0.213,0.061
1668254658555,2022-11-12T14:04:18.555,111.000,0.854,-0.274,0.000
1668254658595,2022-11-12T14:04:18.595,111.040,0.884,-0.244,-0.030
1668254658635,2022-11-12T14:04:18.635,111.080,0.884,-0.244,0.000
1668254658675,2022-11-12T14:04:18.675,111.120,0.854,-0.244,0.061
1668254658715,2022-11-12T14:04:18.715,111.160,0.884,-0.152,0.000
1668254658755,2022-11-12T14:04:18.755,111.200,0.854,-0.152,-0.030
1668254658795,2022-11-12T14:04:18.795,111.240,0.732,-0.366,0.091
1668254658835,2022-11-12T14:04:18.835,111.280,0.823,-0.366,0.061
1668254658875,2022-11-12T14:04:18.875,111.320,0.915,-0.183,-0.030
1668254658915,2022-11-12T14:04:18.915,111.360,0.823,-0.183,0.000
1668254658955,2022-11-12T14:04:18.955,111.400,0.854,-0.274,0.000
1668254658995,2022-11-12T14:04:18.995,111.440,0.762,-0.183,0.091
1668254659035,2022-11-12T14:04:19.035,111.480,0.915,-0.183,-0.030
1668254659075,2022-11-12T14:04:19.075,111.520,0.823,-0.183,0.000
1668254659115,2022-11-12T14:04:19.115,111.560,0.854,-0.152,-0.030
1668254659155,2022-11-12T14:04:19.155,111.600,0.854,-0.183,-0.030
1668254659195,2022-11-12T14:04:19.195,111.640,0.396,-0.152,0.305
1668254659235,2022-11-12T14:04:19.235,111.680,0.701,-0.244,0.122
1668254659275,2022-11-12T14:04:19.275,111.720,1.128,-0.274,-0.183
1668254659315,2022-11-12T14:04:19.315,111.760,0.701,-0.152,0.030
1668254659355,2022-11-12T14:04:19.355,111.800,0.915,-0.213,-0.091
1668254659395,2022-11-12T14:04:19.395,111.840,0.854,-0.183,-0.061
1668254659435,2022-11-12T14:04:19.435,111.880,0.640,-0.061,0.091
1668254659475,2022-11-12T14:04:19.475,111.920,1.037,-0.122,-0.122
1668254659515,2022-11-12T14:04:19.515,111.960,0.640,-0.213,0.030
1668254659555,2022-11-12T14:04:19.555,112.000,0.762,-0.305,0.000
1668254659595,2022-11-12T14:04:19.595,112.040,0.854,-0.091,0.030
1668254659635,2022-11-12T14:04:19.635,112.080,0.823,-0.122,0.000
1668254659675,2022-11-12T14:04:19.675,112.120,0.884,-0.183,-0.061
1668254659715,2022-11-12T14:04:19.715,112.160,0.610,-0.213,0.091
1668254659755,2022-11-12T14:04:19.755,112.200,0.884,-0.213,-0.061
1668254659795,2022-11-12T14:04:19.795,112.240,0.762,-0.183,0.061
1668254659835,2022-11-12T14:04:19.835,112.280,0.976,-0.213,-0.061
1668254659875,2022-11-12T14:04:19.875,112.320,0.915,-0.183,-0.091
1668254659915,2022-11-12T14:04:19.915,112.360,0.671,-0.213,0.091
1668254659955,2022-11-12T14:04:19.955,112.400,0.884,-0.183,-0.030
1668254659995,2022-11-12T14:04:19.995,112.440,0.793,-0.183,0.000
1668254660035,2022-11-12T14:04:20.035,112.480,0.915,-0.183,-0.030
1668254660075,2022-11-12T14:04:20.075,112.520,0.884,-0.152,-0.030
1668254660115,2022-11-12T14:04:20.115,112.560,0.793,-0.244,0.000
1668254660155,2022-11-12T14:04:20.155,112.600,0.854,-0.183,-0.030
1668254660195,2022-11-12T14:04:20.195,112.640,0.823,-0.091,0.000
1668254660235,2022-11-12T14:04:20.235,112.680,0.884,-0.183,-0.030
1668254660275,2022-11-12T14:04:20.275,112.720,0.823,-0.335,0.091
1668254660315,2022-11-12T14:04:20.315,112.760,0.762,-0.305,0.122
1668254660355,2022-11-12T14:04:20.355,112.800,0.945,-0.274,-0.030
1668254660395,2022-11-12T14:04:20.395,112.840,0.884,-0.152,-0.061
1668254660435,2022-11-12T14:04:20.435,112.880,0.854,-0.183,0.000
1668254660475,2022-11-12T14:04:20.475,112.920,0.671,-0.183,0.122
1668254660515,2022-11-12T14:04:20.515,112.960,0.884,-0.183,-0.030
1668254660555,2022-11-12T14:04:20.555,113.000,0.884,-0.183,-0.061
1668254660595,2022-11-12T14:04:20.595,113.040,0.823,-0.122,0.000
1668254660635,2022-11-12T14:04:20.635,113.080,0.976,-0.122,-0.091
1668254660675,2022-11-12T14:04:20.675,113.120,0.671,-0.183,0.061
1668254660715,2022-11-12T14:04:20.715,113.160,0.823,-0.213,-0.030
1668254660755,2022-11-12T14:04:20.755,113.200,0.915,-0.213,-0.061
1668254660795,2022-11-12T14:04:20.795,113.240,0.701,-0.183,0.000
1668254660835,2022-11-12T14:04:20.835,113.280,0.884,-0.183,-0.091
1668254660875,2022-11-12T14:04:20.875,113.320,0.823,-0.183,0.000
1668254660915,2022-11-12T14:04:20.915,113.360,0.762,-0.183,0.030
1668254660955,2022-11-12T14:04:20.955,113.400,0.915,-0.122,-0.061
1668254660995,2022-11-12T14:04:20.995,113.440,0.884,-0.122,-0.061
1668254661035,2022-11-12T14:04:21.035,113.480,0.732,-0.183,0.061
1668254661075,2022-11-12T14:04:21.075,113.520,0.762,-0.305,0.000
1668254661115,2022-11-12T14:04:21.115,113.560,0.854,-0.244,-0.061
1668254661155,2022-11-12T14:04:21.155,113.600,0.854,-0.152,0.000
1668254661195,2022-11-12T14:04:21.195,113.640,0.823,-0.152,0.000
1668254661235,2022-11-12T14:04:21.235,113.680,0.793,-0.244,-0.061
1668254661275,2022-11-12T14:04:21.275,113.720,0.762,-0.183,0.030
1668254661315,2022-11-12T14:04:21.315,113.760,0.793,-0.091,-0.030
1668254661355,2022-11-12T14:04:21.355,113.800,0.793,-0.244,-0.061
1668254661395,2022-11-12T14:04:21.395,113.840,0.884,-0.244,-0.061
1668254661435,2022-11-12T14:04:21.435,113.880,0.793,-0.213,0.061
1668254661475,2022-11-12T14:04:21.475,113.920,0.762,-0.213,0.030
1668254661515,2022-11-12T14:04:21.515,113.960,0.884,-0.183,-0.061
1668254661555,2022-11-12T14:04:21.555,114.000,0.884,-0.152,0.000
1668254661595,2022-11-12T14:04:21.595,114.040,0.884,-0.122,0.000
1668254661635,2022-11-12T14:04:21.635,114.080,0.823,-0.213,-0.030
1668254661675,2022-11-12T14:04:21.675,114.120,0.762,-0.213,-0.030
1668254661715,2022-11-12T14:04:21.715,114.160,0.762,-0.183,-0.030
1668254661755,2022-11-12T14:04:21.755,114.200,0.884,-0.244,-0.091
1668254661795,2022-11-12T14:04:21.795,114.240,0.793,-0.152,-0.061
1668254661835,2022-11-12T14:04:21.835,114.280,0.854,-0.152,-0.061
1668254661875,2022-11-12T14:04:21.875,114.320,0.671,-0.335,0.061
1668254661915,2022-11-12T14:04:21.915,114.360,0.823,-0.305,-0.061
1668254661955,2022-11-12T14:04:21.955,114.400,0.884,-0.152,0.000
1668254661995,2022-11-12T14:04:21.995,114.440,0.793,-0.122,0.030
1668254662035,2022-11-12T14:04:22.035,114.480,0.854,-0.213,0.000
1668254662075,2022-11-12T14:04:22.075,114.520,0.762,-0.244,0.030
1668254662115,2022-11-12T14:04:22.115,114.560,0.915,-0.122,0.000
1668254662155,2022-11-12T14:04:22.155,114.600,0.854,-0.244,0.061
1668254662195,2022-11-12T14:04:22.195,114.640,0.884,-0.274,0.000
1668254662235,2022-11-12T14:04:22.235,114.680,0.915,-0.274,0.030
1668254662275,2022-11-12T14:04:22.275,114.720,0.762,-0.183,0.122
1668254662315,2022-11-12T14:04:22.315,114.760,0.823,-0.274,0.000
1668254662355,2022-11-12T14:04:22.355,114.800,0.915,-0.244,-0.030
1668254662395,2022-11-12T14:04:22.395,114.840,0.884,-0.152,0.030
1668254662435,2022-11-12T14:04:22.435,114.880,0.823,-0.213,0.030
1668254662475,2022-11-12T14:04:22.475,114.920,0.915,-0.244,-0.030
1668254662515,2022-11-12T14:04:22.515,114.960,0.854,-0.122,0.030
1668254662555,2022-11-12T14:04:22.555,115.000,0.823,-0.183,0.061
1668254662595,2022-11-12T14:04:22.595,115.040,0.976,-0.183,-0.061
1668254662635,2022-11-12T14:04:22.635,115.080,0.671,-0.274,0.061
1668254662675,2022-11-12T14:04:22.675,115.120,0.823,-0.396,0.000
1668254662715,2022-11-12T14:04:22.715,115.160,0.976,-0.244,-0.030
1668254662755,2022-11-12T14:04:22.755,115.200,0.762,-0.122,0.061
1668254662795,2022-11-12T14:04:22.795,115.240,0.915,-0.213,0.000
1668254662835,2022-11-12T14:04:22.835,115.280,0.823,-0.274,0.030
1668254662875,2022-11-12T14:04:22.875,115.320,0.823,-0.122,0.061
1668254662915,2022-11-12T14:04:22.915,115.360,0.884,-0.213,-0.030
1668254662955,2022-11-12T14:04:22.955,115.400,0.976,-0.244,-0.030
1668254662995,2022-11-12T14:04:22.995,115.440,0.884,-0.122,0.000
1668254663035,2022-11-12T14:04:23.035,115.480,0.701,-0.152,0.030
1668254663075,2022-11-12T14:04:23.075,115.520,0.854,-0.183,-0.030
1668254663115,2022-11-12T14:04:23.115,115.560,0.854,-0.152,0.000
1668254663155,2022-11-12T14:04:23.155,115.600,0.884,-0.122,0.030
1668254663195,2022-11-12T14:04:23.195,115.640,0.854,-0.213,0.030
1668254663235,2022-11-12T14:04:23.235,115.680,0.884,-0.183,-0.030
1668254663275,2022-11-12T14:04:23.275,115.720,0.854,-0.091,0.000
1668254663315,2022-11-12T14:04:23.315,115.760,0.854,-0.091,-0.030
1668254663355,2022-11-12T14:04:23.355,115.800,0.823,-0.213,-0.030
1668254663395,2022-11-12T14:04:23.395,115.840,0.701,-0.366,0.061
1668254663435,2022-11-12T14:04:23.435,115.880,0.854,-0.183,0.000
1668254663475,2022-11-12T14:04:23.475,115.920,0.854,-0.091,0.000
1668254663515,2022-11-12T14:04:23.515,115.960,0.854,-0.183,-0.030
1668254663555,2022-11-12T14:04:23.555,116.000,0.762,-0.183,0.030
1668254663595,2022-11-12T14:04:23.595,116.040,0.732,-0.061,0.061
1668254663635,2022-11-12T14:04:23.635,116.080,0.884,-0.152,-0.061
1668254663675,2022-11-12T14:04:23.675,116.120,0.823,-0.244,0.030
1668254663715,2022-11-12T14:04:23.715,116.160,0.945,-0.152,-0.030
1668254663755,2022-11-12T14:04:23.755,116.200,0.854,-0.183,0.030
1668254663795,2022-11-12T14:04:23.795,116.240,0.762,-0.122,0.091
1668254663835,2022-11-12T14:04:23.835,116.280,0.854,-0.213,-0.061
1668254663875,2022-11-12T14:04:23.875,116.320,0.884,-0.152,0.000
1668254663915,2022-11-12T14:04:23.915,116.360,0.884,-0.183,0.030
1668254663955,2022-11-12T14:04:23.955,116.400,0.762,-0.213,0.030
1668254663995,2022-11-12T14:04:23.995,116.440,0.884,-0.152,-0.030
1668254664035,2022-11-12T14:04:24.035,116.480,0.945,-0.122,-0.030
1668254664075,2022-11-12T14:04:24.075,116.520,0.884,-0.122,-0.030
1668254664115,2022-11-12T14:04:24.115,116.560,0.854,-0.183,-0.030
1668254664155,2022-11-12T14:04:24.155,116.600,0.671,-0.366,0.061
1668254664195,2022-11-12T14:04:24.195,116.640,0.915,-0.213,-0.091
1668254664235,2022-11-12T14:04:24.235,116.680,0.854,-0.152,0.061
1668254664275,2022-11-12T14:04:24.275,116.720,0.884,-0.152,0.000
1668254664315,2022-11-12T14:04:24.315,116.760,0.793,-0.152,0.000
1668254664355,2022-11-12T14:04:24.355,116.800,0.640,-0.122,0.091
1668254664395,2022-11-12T14:04:24.395,116.840,0.945,-0.091,-0.091
1668254664435,2022-11-12T14:04:24.435,116.880,0.915,-0.274,-0.030
1668254664475,2022-11-12T14:04:24.475,116.920,0.945,-0.244,0.000
1668254664515,2022-11-12T14:04:24.515,116.960,0.915,-0.183,0.030
1668254664555,2022-11-12T14:04:24.555,117.000,0.793,-0.183,0.061
1668254664595,2022-11-12T14:04:24.595,117.040,0.854,-0.244,-0.030
1668254664635,2022-11-12T14:04:24.635,117.080,0.823,-0.183,0.061
1668254664675,2022-11-12T14:04:24.675,117.120,0.793,-0.122,0.091
1668254664715,2022-11-12T14:04:24.715,117.160,0.823,-0.244,-0.061
1668254664755,2022-11-12T14:04:24.755,117.200,0.823,-0.213,0.000
1668254664795,2022-11-12T14:04:24.795,117.240,0.884,-0.152,0.000
1668254664835,2022-11-12T14:04:24.835,117.280,0.823,-0.244,-0.030
1668254664875,2022-11-12T14:04:24.875,117.320,0.945,-0.213,-0.030
1668254664915,2022-11-12T14:04:24.915,117.360,0.854,-0.122,0.000
1668254664955,2022-11-12T14:04:24.955,117.400,0.640,-0.335,0.000
1668254664995,2022-11-12T14:04:24.995,117.440,0.854,-0.335,-0.122
1668254665035,2022-11-12T14:04:25.035,117.480,0.732,-0.091,0.030
1668254665075,2022-11-12T14:04:25.075,117.520,0.854,-0.183,0.000
1668254665115,2022-11-12T14:04:25.115,117.560,0.884,-0.244,0.030
1668254665155,2022-11-12T14:04:25.155,117.600,0.762,-0.274,0.091
1668254665195,2022-11-12T14:04:25.195,117.640,0.823,-0.122,0.000
1668254665235,2022-11-12T14:04:25.235,117.680,0.884,-0.244,0.030
1668254665275,2022-11-12T14:04:25.275,117.720,0.915,-0.244,0.000
1668254665315,2022-11-12T14:04:25.315,117.760,0.945,-0.213,-0.061
1668254665355,2022-11-12T14:04:25.355,117.800,0.793,-0.213,0.030
1668254665395,2022-11-12T14:04:25.395,117.840,0.823,-0.183,0.000
1668254665435,2022-11-12T14:04:25.435,117.880,0.945,-0.244,0.000
1668254665475,2022-11-12T14:04:25.475,117.920,0.884,-0.213,0.030
1668254665515,2022-11-12T14:04:25.515,117.960,0.823,-0.244,0.000
1668254665555,2022-11-12T14:04:25.555,118.000,0.854,-0.274,0.030
1668254665595,2022-11-12T14:04:25.595,118.040,0.793,-0.183,0.000
1668254665635,2022-11-12T14:04:25.635,118.080,0.793,-0.213,0.000
1668254665675,2022-11-12T14:04:25.675,118.120,0.915,-0.244,-0.061
1668254665715,2022-11-12T14:04:25.715,118.160,0.823,-0.122,0.061
1668254665755,2022-11-12T14:04:25.755,118.200,1.098,-0.122,0.000
1668254665795,2022-11-12T14:04:25.795,118.240,0.640,-0.305,0.122
1668254665835,2022-11-12T14:04:25.835,118.280,0.884,-0.396,-0.030
1668254665875,2022-11-12T14:04:25.875,118.320,0.854,-0.152,0.000
1668254665915,2022-11-12T14:04:25.915,118.360,0.793,-0.183,0.030
1668254665955,2022-11-12T14:04:25.955,118.400,0.945,-0.213,0.000
1668254665995,2022-11-12T14:04:25.995,118.440,0.701,-0.244,0.122
1668254666035,2022-11-12T14:04:26.035,118.480,0.884,-0.213,-0.030
1668254666075,2022-11-12T14:04:26.075,118.520,0.945,-0.213,0.030
1668254666115,2022-11-12T14:04:26.115,118.560,0.823,-0.244,0.061
1668254666155,2022-11-12T14:04:26.155,118.600,1.006,-0.213,-0.091
1668254666195,2022-11-12T14:04:26.195,118.640,0.823,-0.183,0.061
1668254666235,2022-11-12T14:04:26.235,118.680,0.732,-0.213,0.061
1668254666275,2022-11-12T14:04:26.275,118.720,0.945,-0.244,-0.030
1668254666315,2022-11-12T14:04:26.315,118.760,0.762,-0.183,0.122
1668254666355,2022-11-12T14:04:26.355,118.800,0.915,-0.244,-0.030
1668254666395,2022-11-12T14:04:26.395,118.840,0.915,-0.244,-0.061
1668254666435,2022-11-12T14:04:26.435,118.880,0.823,-0.213,0.030
1668254666475,2022-11-12T14:04:26.475,118.920,0.884,-0.274,0.030
1668254666515,2022-11-12T14:04:26.515,118.960,0.915,-0.305,-0.030
1668254666555,2022-11-12T14:04:26.555,119.000,0.793,-0.152,-0.061
1668254666595,2022-11-12T14:04:26.595,119.040,0.976,-0.122,-0.061
1668254666635,2022-11-12T14:04:26.635,119.080,0.762,-0.335,0.091
1668254666675,2022-11-12T14:04:26.675,119.120,0.732,-0.396,-0.030
1668254666715,2022-11-12T14:04:26.715,119.160,0.945,-0.152,-0.030
1668254666755,2022-11-12T14:04:26.755,119.200,0.884,-0.061,0.061
1668254666795,2022-11-12T14:04:26.795,119.240,0.823,-0.183,-0.030
1668254666835,2022-11-12T14:04:26.835,119.280,0.762,-0.213,0.030
1668254666875,2022-11-12T14:04:26.875,119.320,0.823,-0.091,0.030
1668254666915,2022-11-12T14:04:26.915,119.360,0.976,-0.122,-0.061
1668254666955,2022-11-12T14:04:26.955,119.400,0.854,-0.213,-0.030
1668254666995,2022-11-12T14:04:26.995,119.440,0.884,-0.152,-0.030
1668254667035,2022-11-12T14:04:27.035,119.480,0.732,-0.122,0.061
1668254667075,2022-11-12T14:04:27.075,119.520,0.793,-0.183,0.030
1668254667115,2022-11-12T14:04:27.115,119.560,0.884,-0.152,-0.030
1668254667155,2022-11-12T14:04:27.155,119.600,0.884,-0.183,0.000
1668254667195,2022-11-12T14:04:27.195,119.640,0.915,-0.213,-0.061
1668254667235,2022-11-12T14:04:27.235,119.680,0.823,-0.152,-0.030
1668254667275,2022-11-12T14:04:27.275,119.720,0.823,-0.183,0.000
1668254667315,2022-11-12T14:04:27.315,119.760,0.762,-0.152,0.000
1668254667355,2022-11-12T14:04:27.355,119.800,0.823,-0.091,-0.061
1668254667395,2022-11-12T14:04:27.395,119.840,0.915,-0.091,-0.061
1668254667435,2022-11-12T14:04:27.435,119.880,0.640,-0.274,0.091
1668254667475,2022-11-12T14:04:27.475,119.920,0.854,-0.335,-0.030
1668254667515,2022-11-12T14:04:27.515,119.960,0.823,-0.183,0.000
1668254667555,2022-11-12T14:04:27.555,120.000,0.884,-0.122,-0.030
1668254667595,2022-11-12T14:04:27.595,120.040,0.854,-0.213,-0.061
1668254667635,2022-11-12T14:04:27.635,120.080,0.732,-0.244,0.061
1668254667675,2022-11-12T14:04:27.675,120.120,0.854,-0.183,0.000
1668254667715,2022-11-12T14:04:27.715,120.160,0.823,-0.213,-0.030
1668254667755,2022-11-12T14:04:27.755,120.200,0.884,-0.213,0.000
1668254667795,2022-11-12T14:04:27.795,120.240,0.976,-0.183,-0.061
1668254667835,2022-11-12T14:04:27.835,120.280,0.671,-0.274,0.061
1668254667875,2022-11-12T14:04:27.875,120.320,0.762,-0.152,0.091
1668254667915,2022-11-12T14:04:27.915,120.360,0.945,-0.183,-0.030
1668254667955,2022-11-12T14:04:27.955,120.400,0.793,-0.213,0.030
1668254667995,2022-11-12T14:04:27.995,120.440,0.854,-0.183,-0.030
1668254668035,2022-11-12T14:04:28.035,120.480,0.793,-0.244,0.030
1668254668075,2022-11-12T14:04:28.075,120.520,0.732,-0.244,0.030
1668254668115,2022-11-12T14:04:28.115,120.560,0.854,-0.152,-0.030
1668254668155,2022-11-12T14:04:28.155,120.600,0.823,-0.183,-0.030
1668254668195,2022-11-12T14:04:28.195,120.640,1.006,-0.122,-0.061
1668254668235,2022-11-12T14:04:28.235,120.680,0.671,-0.244,0.091
1668254668275,2022-11-12T14:04:28.275,120.720,0.793,-0.427,0.000
1668254668315,2022-11-12T14:04:28.315,120.760,0.915,-0.183,-0.030
1668254668355,2022-11-12T14:04:28.355,120.800,0.701,-0.152,0.061
1668254668395,2022-11-12T14:04:28.395,120.840,0.976,-0.183,-0.122
1668254668435,2022-11-12T14:04:28.435,120.880,0.793,-0.152,0.061
1668254668475,2022-11-12T14:04:28.475,120.920,0.793,-0.213,0.030
1668254668515,2022-11-12T14:04:28.515,120.960,0.884,-0.183,-0.030
1668254668555,2022-11-12T14:04:28.555,121.000,0.854,-0.213,0.030
1668254668595,2022-11-12T14:04:28.595,121.040,0.945,-0.183,-0.061
1668254668635,2022-11-12T14:04:28.635,121.080,0.762,-0.213,0.000
1668254668675,2022-11-12T14:04:28.675,121.120,0.854,-0.183,0.000
1668254668715,2022-11-12T14:04:28.715,121.160,0.854,-0.244,-0.061
1668254668755,2022-11-12T14:04:28.755,121.200,0.884,-0.213,0.000
1668254668795,2022-11-12T14:04:28.795,121.240,0.976,-0.183,0.030
1668254668835,2022-11-12T14:04:28.835,121.280,0.732,-0.213,0.061
1668254668875,2022-11-12T14:04:28.875,121.320,0.854,-0.244,0.000
1668254668915,2022-11-12T14:04:28.915,121.360,0.854,-0.183,0.000
1668254668955,2022-11-12T14:04:28.955,121.400,0.823,-0.213,0.000
1668254668995,2022-11-12T14:04:28.995,121.440,0.884,-0.122,-0.030
1668254669035,2022-11-12T14:04:29.035,121.480,0.823,-0.213,0.061
1668254669075,2022-11-12T14:04:29.075,121.520,0.671,-0.366,0.091
1668254669115,2022-11-12T14:04:29.115,121.560,0.823,-0.274,-0.030
1668254669155,2022-11-12T14:04:29.155,121.600,0.823,-0.183,0.000
1668254669195,2022-11-12T14:04:29.195,121.640,0.854,-0.122,0.030
1668254669235,2022-11-12T14:04:29.235,121.680,0.854,-0.183,-0.091
1668254669275,2022-11-12T14:04:29.275,121.720,0.701,-0.244,0.091
1668254669315,2022-11-12T14:04:29.315,121.760,0.884,-0.183,-0.030
1668254669355,2022-11-12T14:04:29.355,121.800,0.823,-0.244,0.000
1668254669395,2022-11-12T14:04:29.395,121.840,0.915,-0.213,0.030
1668254669435,2022-11-12T14:04:29.435,121.880,0.915,-0.183,0.000
1668254669475,2022-11-12T14:04:29.475,121.920,0.793,-0.213,0.061
1668254669515,2022-11-12T14:04:29.515,121.960,0.854,-0.213,-0.030
1668254669555,2022-11-12T14:04:29.555,122.000,0.823,-0.152,0.030
1668254669595,2022-11-12T14:04:29.595,122.040,0.945,-0.061,0.000
1668254669635,2022-11-12T14:04:29.635,122.080,0.793,-0.061,0.061
1668254669675,2022-11-12T14:04:29.675,122.120,0.671,-0.183,0.030
1668254669715,2022-11-12T14:04:29.715,122.160,0.793,-0.213,-0.030
1668254669755,2022-11-12T14:04:29.755,122.200,0.793,-0.244,0.000
1668254669795,2022-11-12T14:04:29.795,122.240,0.762,-0.213,0.000
1668254669835,2022-11-12T14:04:29.835,122.280,0.884,-0.183,-0.061
1668254669875,2022-11-12T14:04:29.875,122.320,0.823,-0.183,0.000
1668254669915,2022-11-12T14:04:29.915,122.360,0.732,-0.427,0.000
1668254669955,2022-11-12T14:04:29.955,122.400,0.854,-0.305,0.000
1668254669995,2022-11-12T14:04:29.995,122.440,0.793,-0.152,0.000
1668254670035,2022-11-12T14:04:30.035,122.480,0.793,-0.244,0.030
1668254670075,2022-11-12T14:04:30.075,122.520,0.732,-0.244,0.030
1668254670115,2022-11-12T14:04:30.115,122.560,0.762,-0.152,0.061
1668254670155,2022-11-12T14:04:30.155,122.600,0.793,-0.030,0.061
1668254670195,2022-11-12T14:04:30.195,122.640,0.762,-0.183,0.091
1668254670235,2022-11-12T14:04:30.235,122.680,0.823,-0.244,-0.030
1668254670275,2022-11-12T14:04:30.275,122.720,0.915,-0.213,-0.030
1668254670315,2022-11-12T14:04:30.315,122.760,0.701,-0.152,0.152
1668254670355,2022-11-12T14:04:30.355,122.800,0.854,-0.244,0.000
1668254670395,2022-11-12T14:04:30.395,122.840,0.915,-0.244,-0.030
1668254670435,2022-11-12T14:04:30.435,122.880,0.884,-0.152,0.030
1668254670475,2022-11-12T14:04:30.475,122.920,0.945,-0.183,0.000
1668254670515,2022-11-12T14:04:30.515,122.960,0.793,-0.244,0.030
1668254670555,2022-11-12T14:04:30.555,123.000,0.762,-0.183,0.030
1668254670595,2022-11-12T14:04:30.595,123.040,0.854,-0.091,-0.061
1668254670635,2022-11-12T14:04:30.635,123.080,0.915,-0.122,-0.061
1668254670675,2022-11-12T14:04:30.675,123.120,0.701,-0.274,0.030
1668254670715,2022-11-12T14:04:30.715,123.160,0.762,-0.305,0.030
1668254670755,2022-11-12T14:04:30.755,123.200,0.976,-0.152,0.000
1668254670795,2022-11-12T14:04:30.795,123.240,0.854,-0.091,0.000
1668254670835,2022-11-12T14:04:30.835,123.280,0.823,-0.213,-0.030
1668254670875,2022-11-12T14:04:30.875,123.320,0.793,-0.213,0.091
1668254670915,2022-11-12T14:04:30.915,123.360,0.884,-0.152,-0.030
1668254670955,2022-11-12T14:04:30.955,123.400,0.793,-0.213,0.000
1668254670995,2022-11-12T14:04:30.995,123.440,0.945,-0.213,-0.030
1668254671035,2022-11-12T14:04:31.035,123.480,0.945,-0.213,-0.030
1668254671075,2022-11-12T14:04:31.075,123.520,0.701,-0.152,0.030
1668254671115,2022-11-12T14:04:31.115,123.560,0.884,-0.244,-0.030
1668254671155,2022-11-12T14:04:31.155,123.600,0.793,-0.213,0.061
1668254671195,2022-11-12T14:04:31.195,123.640,0.945,-0.183,0.000
1668254671235,2022-11-12T14:04:31.235,123.680,0.854,-0.152,0.000
1668254671275,2022-11-12T14:04:31.275,123.720,0.610,-0.152,0.061
1668254671315,2022-11-12T14:04:31.315,123.760,0.640,-0.183,0.061
1668254671355,2022-11-12T14:04:31.355,123.800,0.701,-0.122,0.000
1668254671395,2022-11-12T14:04:31.395,123.840,0.854,-0.152,-0.091
1668254671435,2022-11-12T14:04:31.435,123.880,0.671,-0.244,0.061
1668254671475,2022-11-12T14:04:31.475,123.920,0.823,-0.396,0.000
1668254671515,2022-11-12T14:04:31.515,123.960,0.976,-0.152,-0.030
1668254671555,2022-11-12T14:04:31.555,124.000,0.793,-0.091,0.030
1668254671595,2022-11-12T14:04:31.595,124.040,0.884,-0.213,-0.030
1668254671635,2022-11-12T14:04:31.635,124.080,0.823,-0.213,0.030
1668254671675,2022-11-12T14:04:31.675,124.120,0.884,-0.122,0.030
1668254671715,2022-11-12T14:04:31.715,124.160,0.884,-0.183,-0.061
1668254671755,2022-11-12T14:04:31.755,124.200,0.854,-0.213,0.000
1668254671795,2022-11-12T14:04:31.795,124.240,1.006,-0.152,-0.061
1668254671835,2022-11-12T14:04:31.835,124.280,0.732,-0.213,0.091
1668254671875,2022-11-12T14:04:31.875,124.320,0.793,-0.244,0.030
1668254671915,2022-11-12T14:04:31.915,124.360,0.854,-0.213,0.000
1668254671955,2022-11-12T14:04:31.955,124.400,0.915,-0.213,-0.061
1668254671995,2022-11-12T14:04:31.995,124.440,0.945,-0.122,-0.030
1668254672035,2022-11-12T14:04:32.035,124.480,0.854,-0.183,0.000
1668254672075,2022-11-12T14:04:32.075,124.520,0.915,-0.335,0.000
1668254672115,2022-11-12T14:04:32.115,124.560,0.793,-0.152,0.030
1668254672155,2022-11-12T14:04:32.155,124.600,0.884,-0.122,-0.061
1668254672195,2022-11-12T14:04:32.195,124.640,0.915,-0.183,-0.030
1668254672235,2022-11-12T14:04:32.235,124.680,0.579,-0.305,0.061
1668254672275,2022-11-12T14:04:32.275,124.720,0.884,-0.274,-0.061
1668254672315,2022-11-12T14:04:32.315,124.760,0.823,-0.152,0.030
1668254672355,2022-11-12T14:04:32.355,124.800,0.823,-0.122,0.000
1668254672395,2022-11-12T14:04:32.395,124.840,0.854,-0.183,-0.030
1668254672435,2022-11-12T14:04:32.435,124.880,0.732,-0.213,0.061
1668254672475,2022-11-12T14:04:32.475,124.920,0.945,-0.091,0.000
1668254672515,2022-11-12T14:04:32.515,124.960,0.854,-0.213,-0.030
1668254672555,2022-11-12T14:04:32.555,125.000,0.915,-0.244,0.000
1668254672595,2022-11-12T14:04:32.595,125.040,0.915,-0.152,0.000
1668254672635,2022-11-12T14:04:32.635,125.080,0.732,-0.183,0.091
1668254672675,2022-11-12T14:04:32.675,125.120,0.854,-0.244,0.000
1668254672715,2022-11-12T14:04:32.715,125.160,0.884,-0.183,-0.061
1668254672755,2022-11-12T14:04:32.755,125.200,0.762,-0.183,0.061
1668254672795,2022-11-12T14:04:32.795,125.240,0.823,-0.213,0.030
1668254672835,2022-11-12T14:04:32.835,125.280,0.732,-0.183,0.030
1668254672875,2022-11-12T14:04:32.875,125.320,0.793,-0.244,0.030
1668254672915,2022-11-12T14:04:32.915,125.360,0.884,-0.213,-0.030
1668254672955,2022-11-12T14:04:32.955,125.400,0.854,-0.152,-0.061
1668254672995,2022-11-12T14:04:32.995,125.440,0.884,-0.091,-0.061
1668254673035,2022-11-12T14:04:33.035,125.480,0.945,-0.183,-0.030
1668254673075,2022-11-12T14:04:33.075,125.520,0.671,-0.457,0.091
1668254673115,2022-11-12T14:04:33.115,125.560,0.915,-0.427,-0.030
1668254673155,2022-11-12T14:04:33.155,125.600,0.823,-0.152,0.030
1668254673195,2022-11-12T14:04:33.195,125.640,0.732,-0.152,0.061
1668254673235,2022-11-12T14:04:33.235,125.680,0.976,-0.274,-0.061
1668254673275,2022-11-12T14:04:33.275,125.720,0.732,-0.244,0.091
1668254673315,2022-11-12T14:04:33.315,125.760,0.793,-0.183,-0.030
1668254673355,2022-11-12T14:04:33.355,125.800,0.854,-0.274,-0.061
1668254673395,2022-11-12T14:04:33.395,125.840,0.793,-0.244,0.030
1668254673435,2022-11-12T14:04:33.435,125.880,0.823,-0.183,0.030
1668254673475,2022-11-12T14:04:33.475,125.920,0.762,-0.244,0.122
1668254673515,2022-11-12T14:04:33.515,125.960,0.854,-0.274,-0.030
1668254673555,2022-11-12T14:04:33.555,126.000,0.823,-0.274,0.000
1668254673595,2022-11-12T14:04:33.595,126.040,0.823,-0.213,0.000
1668254673635,2022-11-12T14:04:33.635,126.080,0.945,-0.274,-0.030
1668254673675,2022-11-12T14:04:33.675,126.120,0.854,-0.244,0.030
1668254673715,2022-11-12T14:04:33.715,126.160,0.854,-0.213,-0.030
1668254673755,2022-11-12T14:04:33.755,126.200,0.945,-0.244,0.030
1668254673795,2022-11-12T14:04:33.795,126.240,0.854,-0.152,0.091
1668254673835,2022-11-12T14:04:33.835,126.280,0.945,-0.213,0.000
1668254673875,2022-11-12T14:04:33.875,126.320,0.793,-0.396,0.030
1668254673915,2022-11-12T14:04:33.915,126.360,0.762,-0.244,0.000
1668254673955,2022-11-12T14:04:33.955,126.400,1.006,-0.183,-0.030
1668254673995,2022-11-12T14:04:33.995,126.440,0.762,-0.213,0.030
1668254674035,2022-11-12T14:04:34.035,126.480,0.854,-0.244,0.030
1668254674075,2022-11-12T14:04:34.075,126.520,0.732,-0.244,0.152
1668254674115,2022-11-12T14:04:34.115,126.560,0.854,-0.152,-0.030
1668254674155,2022-11-12T14:04:34.155,126.600,0.823,-0.152,-0.061
1668254674195,2022-11-12T14:04:34.195,126.640,0.549,-0.061,-0.061
1668254674235,2022-11-12T14:04:34.235,126.680,0.701,-0.122,-0.122
1668254674275,2022-11-12T14:04:34.275,126.720,0.793,-0.244,0.030
1668254674315,2022-11-12T14:04:34.315,126.760,0.915,-0.122,0.000
1668254674355,2022-11-12T14:04:34.355,126.800,1.098,-0.122,-0.122
1668254674395,2022-11-12T14:04:34.395,126.840,0.854,-0.122,-0.030
1668254674435,2022-11-12T14:04:34.435,126.880,0.793,-0.305,0.000
1668254674475,2022-11-12T14:04:34.475,126.920,0.701,-0.305,0.061
1668254674515,2022-11-12T14:04:34.515,126.960,0.762,-0.091,0.030
1668254674555,2022-11-12T14:04:34.555,127.000,0.884,-0.030,-0.061
1668254674595,2022-11-12T14:04:34.595,127.040,0.884,-0.152,0.000
1668254674635,2022-11-12T14:04:34.635,127.080,0.884,-0.305,-0.061
1668254674675,2022-11-12T14:04:34.675,127.120,0.823,-0.213,-0.061
1668254674715,2022-11-12T14:04:34.715,127.160,0.793,-0.061,0.061
1668254674755,2022-11-12T14:04:34.755,127.200,0.823,-0.122,0.000
1668254674795,2022-11-12T14:04:34.795,127.240,0.701,-0.213,0.030
1668254674835,2022-11-12T14:04:34.835,127.280,0.671,-0.122,0.061
1668254674875,2022-11-12T14:04:34.875,127.320,0.823,-0.213,0.030
1668254674915,2022-11-12T14:04:34.915,127.360,0.884,-0.335,0.061
1668254674955,2022-11-12T14:04:34.955,127.400,0.884,-0.122,0.030
1668254674995,2022-11-12T14:04:34.995,127.440,0.915,0.000,-0.030
1668254675035,2022-11-12T14:04:35.035,127.480,1.006,-0.183,-0.030
1668254675075,2022-11-12T14:04:35.075,127.520,0.915,-0.244,0.000
1668254675115,2022-11-12T14:04:35.115,127.560,0.854,-0.061,0.000
1668254675155,2022-11-12T14:04:35.155,127.600,0.823,-0.213,-0.091
1668254675195,2022-11-12T14:04:35.195,127.640,0.915,-0.213,-0.030
1668254675235,2022-11-12T14:04:35.235,127.680,0.854,-0.122,0.000
1668254675275,2022-11-12T14:04:35.275,127.720,0.915,-0.183,-0.061
1668254675315,2022-11-12T14:04:35.315,127.760,0.793,-0.244,0.000
1668254675355,2022-11-12T14:04:35.355,127.800,0.671,-0.366,0.030
1668254675395,2022-11-12T14:04:35.395,127.840,0.823,-0.213,-0.030
1668254675435,2022-11-12T14:04:35.435,127.880,0.793,-0.152,0.000
1668254675475,2022-11-12T14:04:35.475,127.920,0.884,-0.122,-0.030
1668254675515,2022-11-12T14:04:35.515,127.960,0.793,-0.183,-0.030
1668254675555,2022-11-12T14:04:35.555,128.000,0.701,-0.213,0.000
1668254675595,2022-11-12T14:04:35.595,128.040,0.854,-0.061,0.000
1668254675635,2022-11-12T14:04:35.635,128.080,0.823,-0.183,0.000
1668254675675,2022-11-12T14:04:35.675,128.120,0.884,-0.183,-0.030
1668254675715,2022-11-12T14:04:35.715,128.160,0.854,-0.152,0.000
1668254675755,2022-11-12T14:04:35.755,128.200,0.701,-0.213,0.061
1668254675795,2022-11-12T14:04:35.795,128.240,0.732,-0.305,0.030
1668254675835,2022-11-12T14:04:35.835,128.280,0.854,-0.183,-0.030
1668254675875,2022-11-12T14:04:35.875,128.320,0.854,-0.122,-0.030
1668254675915,2022-11-12T14:04:35.915,128.360,0.976,-0.183,-0.030
1668254675955,2022-11-12T14:04:35.955,128.400,0.945,-0.152,-0.061
1668254675995,2022-11-12T14:04:35.995,128.440,0.762,-0.183,-0.030
1668254676035,2022-11-12T14:04:36.035,128.480,0.884,-0.122,-0.030
1668254676075,2022-11-12T14:04:36.075,128.520,0.671,-0.244,0.061
1668254676115,2022-11-12T14:04:36.115,128.560,0.762,-0.366,0.030
1668254676155,2022-11-12T14:04:36.155,128.600,1.006,-0.122,-0.061
1668254676195,2022-11-12T14:04:36.195,128.640,0.884,-0.183,0.030
1668254676235,2022-11-12T14:04:36.235,128.680,0.823,-0.244,-0.061
1668254676275,2022-11-12T14:04:36.275,128.720,0.610,-0.244,0.091
1668254676315,2022-11-12T14:04:36.315,128.760,0.793,-0.213,-0.030
1668254676355,2022-11-12T14:04:36.355,128.800,0.823,-0.183,-0.030
1668254676395,2022-11-12T14:04:36.395,128.840,0.732,-0.213,0.061
1668254676435,2022-11-12T14:04:36.435,128.880,1.006,-0.274,-0.030
1668254676475,2022-11-12T14:04:36.475,128.920,0.854,-0.213,0.061
1668254676515,2022-11-12T14:04:36.515,128.960,0.915,-0.152,0.061
1668254676555,2022-11-12T14:04:36.555,129.000,0.945,-0.244,0.030
1668254676595,2022-11-12T14:04:36.595,129.040,0.854,-0.335,0.061
1668254676635,2022-11-12T14:04:36.635,129.080,0.945,-0.305,-0.030
1668254676675,2022-11-12T14:04:36.675,129.120,0.945,-0.335,-0.061
1668254676715,2022-11-12T14:04:36.715,129.160,0.854,-0.274,0.030
1668254676755,2022-11-12T14:04:36.755,129.200,0.823,-0.183,-0.030
1668254676795,2022-11-12T14:04:36.795,129.240,0.762,-0.244,0.030
1668254676835,2022-11-12T14:04:36.835,129.280,0.671,-0.366,0.122
1668254676875,2022-11-12T14:04:36.875,129.320,0.823,-0.305,0.061
1668254676915,2022-11-12T14:04:36.915,129.360,0.854,-0.183,0.000
1668254676955,2022-11-12T14:04:36.955,129.400,0.884,-0.122,0.000
1668254676995,2022-11-12T14:04:36.995,129.440,0.884,-0.213,-0.061
1668254677035,2022-11-12T14:04:37.035,129.480,0.854,-0.213,0.030
1668254677075,2022-11-12T14:04:37.075,129.520,0.976,-0.152,0.000
1668254677115,2022-11-12T14:04:37.115,129.560,0.915,-0.244,0.030
1668254677155,2022-11-12T14:04:37.155,129.600,1.037,-0.183,-0.061
1668254677195,2022-11-12T14:04:37.195,129.640,0.854,-0.213,0.061
1668254677235,2022-11-12T14:04:37.235,129.680,0.823,-0.091,0.091
1668254677275,2022-11-12T14:04:37.275,129.720,0.976,-0.152,0.000
1668254677315,2022-11-12T14:04:37.315,129.760,0.854,-0.274,0.061
1668254677355,2022-11-12T14:04:37.355,129.800,0.945,-0.213,0.000
1668254677395,2022-11-12T14:04:37.395,129.840,0.884,-0.183,0.000
1668254677435,2022-11-12T14:04:37.435,129.880,0.854,-0.152,0.000
1668254677475,2022-11-12T14:04:37.475,129.920,0.945,-0.122,0.000
1668254677515,2022-11-12T14:04:37.515,129.960,0.732,-0.335,0.030
1668254677555,2022-11-12T14:04:37.555,130.000,0.884,-0.335,-0.061
1668254677595,2022-11-12T14:04:37.595,130.040,0.854,-0.091,0.091
1668254677635,2022-11-12T14:04:37.635,130.080,0.793,-0.122,-0.030
1668254677675,2022-11-12T14:04:37.675,130.120,0.884,-0.274,-0.091
1668254677715,2022-11-12T14:04:37.715,130.160,0.701,-0.152,0.091
1668254677755,2022-11-12T14:04:37.755,130.200,0.854,-0.152,-0.030
1668254677795,2022-11-12T14:04:37.795,130.240,0.732,-0.274,0.030
1668254677835,2022-11-12T14:04:37.835,130.280,0.945,-0.183,-0.030
1668254677875,2022-11-12T14:04:37.875,130.320,0.823,-0.122,0.000
1668254677915,2022-11-12T14:04:37.915,130.360,0.793,-0.122,0.091
1668254677955,2022-11-12T14:04:37.955,130.400,0.884,-0.183,0.000
1668254677995,2022-11-12T14:04:37.995,130.440,0.854,-0.213,0.030
1668254678035,2022-11-12T14:04:38.035,130.480,0.854,-0.274,0.091
1668254678075,2022-11-12T14:04:38.075,130.520,0.884,-0.152,-0.030
1668254678115,2022-11-12T14:04:38.115,130.560,1.037,-0.122,-0.091
1668254678155,2022-11-12T14:04:38.155,130.600,0.732,-0.213,0.091
1668254678195,2022-11-12T14:04:38.195,130.640,0.671,-0.366,0.061
1668254678235,2022-11-12T14:04:38.235,130.680,0.793,-0.305,0.000
1668254678275,2022-11-12T14:04:38.275,130.720,0.823,-0.152,0.091
1668254678315,2022-11-12T14:04:38.315,130.760,1.067,-0.244,0.000
1668254678355,2022-11-12T14:04:38.355,130.800,0.915,-0.274,0.061
1668254678395,2022-11-12T14:04:38.395,130.840,0.884,-0.183,-0.030
1668254678435,2022-11-12T14:04:38.435,130.880,0.884,-0.183,0.000
1668254678475,2022-11-12T14:04:38.475,130.920,0.793,-0.213,0.122
1668254678515,2022-11-12T14:04:38.515,130.960,0.945,-0.122,-0.091
1668254678555,2022-11-12T14:04:38.555,131.000,0.884,-0.061,-0.122
1668254678595,2022-11-12T14:04:38.595,131.040,0.762,-0.183,0.030
1668254678635,2022-11-12T14:04:38.635,131.080,0.793,-0.305,0.030
1668254678675,2022-11-12T14:04:38.675,131.120,0.915,-0.122,-0.030
1668254678715,2022-11-12T14:04:38.715,131.160,0.915,-0.061,-0.030
1668254678755,2022-11-12T14:04:38.755,131.200,0.915,-0.091,-0.122
1668254678795,2022-11-12T14:04:38.795,131.240,0.640,-0.122,0.030
1668254678835,2022-11-12T14:04:38.835,131.280,0.640,-0.305,0.030
1668254678875,2022-11-12T14:04:38.875,131.320,0.793,-0.213,-0.030
1668254678915,2022-11-12T14:04:38.915,131.360,0.732,-0.122,-0.030
1668254678955,2022-11-12T14:04:38.955,131.400,0.884,-0.183,-0.030
1668254678995,2022-11-12T14:04:38.995,131.440,0.762,-0.274,0.061
1668254679035,2022-11-12T14:04:39.035,131.480,0.762,-0.183,-0.030
1668254679075,2022-11-12T14:04:39.075,131.520,0.884,-0.122,0.000
1668254679115,2022-11-12T14:04:39.115,131.560,0.732,-0.213,0.030
1668254679155,2022-11-12T14:04:39.155,131.600,0.915,-0.244,-0.061
1668254679195,2022-11-12T14:04:39.195,131.640,0.854,-0.183,0.000
1668254679235,2022-11-12T14:04:39.235,131.680,0.732,-0.122,0.061
1668254679275,2022-11-12T14:04:39.275,131.720,0.793,-0.183,-0.061
1668254679315,2022-11-12T14:04:39.315,131.760,0.854,-0.183,-0.061
1668254679355,2022-11-12T14:04:39.355,131.800,0.732,-0.061,0.000
1668254679395,2022-11-12T14:04:39.395,131.840,0.823,-0.091,-0.061
1668254679435,2022-11-12T14:04:39.435,131.880,0.884,-0.183,-0.122
1668254679475,2022-11-12T14:04:39.475,131.920,0.549,-0.274,0.061
1668254679515,2022-11-12T14:04:39.515,131.960,0.854,-0.244,-0.061
1668254679555,2022-11-12T14:04:39.555,132.000,0.762,-0.152,0.000
1668254679595,2022-11-12T14:04:39.595,132.040,0.884,-0.152,-0.030
1668254679635,2022-11-12T14:04:39.635,132.080,0.823,-0.213,0.000
1668254679675,2022-11-12T14:04:39.675,132.120,0.671,-0.183,0.091
1668254679715,2022-11-12T14:04:39.715,132.160,0.854,-0.091,-0.061
1668254679755,2022-11-12T14:04:39.755,132.200,0.793,-0.244,-0.030
1668254679795,2022-11-12T14:04:39.795,132.240,0.945,-0.213,-0.030
1668254679835,2022-11-12T14:04:39.835,132.280,0.793,-0.122,0.000
1668254679875,2022-11-12T14:04:39.875,132.320,0.762,-0.244,0.061
1668254679915,2022-11-12T14:04:39.915,132.360,0.854,-0.244,-0.061
1668254679955,2022-11-12T14:04:39.955,132.400,0.762,-0.122,0.000
1668254679995,2022-11-12T14:04:39.995,132.440,0.945,-0.183,0.000
1668254680035,2022-11-12T14:04:40.035,132.480,0.793,-0.213,0.000
1668254680075,2022-11-12T14:04:40.075,132.520,0.732,-0.152,0.061
1668254680115,2022-11-12T14:04:40.115,132.560,0.945,-0.122,-0.030
1668254680155,2022-11-12T14:04:40.155,132.600,0.915,-0.152,-0.061
1668254680195,2022-11-12T14:04:40.195,132.640,0.884,-0.152,-0.061
1668254680235,2022-11-12T14:04:40.235,132.680,0.701,-0.335,0.061
1668254680275,2022-11-12T14:04:40.275,132.720,0.762,-0.335,-0.030
1668254680315,2022-11-12T14:04:40.315,132.760,0.854,-0.152,0.030
1668254680355,2022-11-12T14:04:40.355,132.800,0.762,-0.122,0.061
1668254680395,2022-11-12T14:04:40.395,132.840,0.854,-0.244,-0.061
1668254680435,2022-11-12T14:04:40.435,132.880,0.732,-0.183,0.061
1668254680475,2022-11-12T14:04:40.475,132.920,0.762,-0.152,-0.030
1668254680515,2022-11-12T14:04:40.515,132.960,0.762,-0.274,0.061
1668254680555,2022-11-12T14:04:40.555,133.000,0.884,-0.183,0.030
1668254680595,2022-11-12T14:04:40.595,133.040,0.945,-0.213,-0.030
1668254680635,2022-11-12T14:04:40.635,133.080,0.762,-0.213,0.061
1668254680675,2022-11-12T14:04:40.675,133.120,0.793,-0.213,0.061
1668254680715,2022-11-12T14:04:40.715,133.160,0.793,-0.213,-0.030
1668254680755,2022-11-12T14:04:40.755,133.200,0.762,-0.213,-0.030
1668254680795,2022-11-12T14:04:40.795,133.240,0.823,-0.183,0.030
1668254680835,2022-11-12T14:04:40.835,133.280,0.762,-0.244,0.000
1668254680875,2022-11-12T14:04:40.875,133.320,0.732,-0.244,0.000
1668254680915,2022-11-12T14:04:40.915,133.360,0.884,-0.213,-0.030
1668254680955,2022-11-12T14:04:40.955,133.400,0.854,-0.183,0.000
1668254680995,2022-11-12T14:04:40.995,133.440,0.884,-0.183,-0.061
1668254681035,2022-11-12T14:04:41.035,133.480,0.732,-0.305,0.030
1668254681075,2022-11-12T14:04:41.075,133.520,0.762,-0.335,-0.030
1668254681115,2022-11-12T14:04:41.115,133.560,0.854,-0.244,-0.030
1668254681155,2022-11-12T14:04:41.155,133.600,0.762,-0.152,0.122
1668254681195,2022-11-12T14:04:41.195,133.640,0.976,-0.244,-0.061
1668254681235,2022-11-12T14:04:41.235,133.680,0.823,-0.244,0.061
1668254681275,2022-11-12T14:04:41.275,133.720,0.915,-0.213,0.030
1668254681315,2022-11-12T14:04:41.315,133.760,0.976,-0.213,0.000
1668254681355,2022-11-12T14:04:41.355,133.800,0.976,-0.274,-0.030
1668254681395,2022-11-12T14:04:41.395,133.840,0.823,-0.335,0.030
1668254681435,2022-11-12T14:04:41.435,133.880,0.610,-0.305,0.122
1668254681475,2022-11-12T14:04:41.475,133.920,0.610,-0.213,0.091
1668254681515,2022-11-12T14:04:41.515,133.960,0.793,-0.213,0.030
1668254681555,2022-11-12T14:04:41.555,134.000,0.945,-0.213,0.061
1668254681595,2022-11-12T14:04:41.595,134.040,0.915,-0.183,0.000
1668254681635,2022-11-12T14:04:41.635,134.080,1.037,-0.335,-0.030
1668254681675,2022-11-12T14:04:41.675,134.120,0.854,-0.244,0.091
1668254681715,2022-11-12T14:04:41.715,134.160,0.915,-0.183,0.030
1668254681755,2022-11-12T14:04:41.755,134.200,0.915,-0.183,-0.061
1668254681795,2022-11-12T14:04:41.795,134.240,0.915,-0.183,0.000
1668254681835,2022-11-12T14:04:41.835,134.280,0.671,-0.335,0.091
1668254681875,2022-11-12T14:04:41.875,134.320,0.793,-0.335,0.000
1668254681915,2022-11-12T14:04:41.915,134.360,0.854,-0.152,0.030
1668254681955,2022-11-12T14:04:41.955,134.400,0.823,-0.091,0.030
1668254681995,2022-11-12T14:04:41.995,134.440,0.762,-0.122,-0.030
1668254682035,2022-11-12T14:04:42.035,134.480,0.793,-0.152,0.030
1668254682075,2022-11-12T14:04:42.075,134.520,0.823,-0.091,0.000
1668254682115,2022-11-12T14:04:42.115,134.560,0.915,-0.213,-0.030
1668254682155,2022-11-12T14:04:42.155,134.600,1.006,-0.152,-0.091
1668254682195,2022-11-12T14:04:42.195,134.640,0.793,-0.152,-0.030
1668254682235,2022-11-12T14:04:42.235,134.680,0.701,-0.122,0.061
1668254682275,2022-11-12T14:04:42.275,134.720,0.915,-0.183,-0.030
1668254682315,2022-11-12T14:04:42.315,134.760,0.793,-0.152,-0.061
1668254682355,2022-11-12T14:04:42.355,134.800,0.823,-0.122,0.000
1668254682395,2022-11-12T14:04:42.395,134.840,0.884,-0.152,0.030
1668254682435,2022-11-12T14:04:42.435,134.880,0.823,-0.183,0.000
1668254682475,2022-11-12T14:04:42.475,134.920,0.823,-0.091,-0.030
1668254682515,2022-11-12T14:04:42.515,134.960,0.854,-0.030,-0.030
1668254682555,2022-11-12T14:04:42.555,135.000,0.793,-0.305,0.030
1668254682595,2022-11-12T14:04:42.595,135.040,0.762,-0.396,0.030
1668254682635,2022-11-12T14:04:42.635,135.080,0.732,-0.183,0.000
1668254682675,2022-11-12T14:04:42.675,135.120,0.793,-0.091,-0.061
1668254682715,2022-11-12T14:04:42.715,135.160,0.793,-0.183,-0.061
1668254682755,2022-11-12T14:04:42.755,135.200,0.823,-0.152,0.000
1668254682795,2022-11-12T14:04:42.795,135.240,0.823,-0.030,0.000
1668254682835,2022-11-12T14:04:42.835,135.280,0.701,-0.244,0.000
1668254682875,2022-11-12T14:04:42.875,135.320,0.884,-0.213,-0.091
1668254682915,2022-11-12T14:04:42.915,135.360,0.915,-0.122,0.000
1668254682955,2022-11-12T14:04:42.955,135.400,0.732,-0.183,0.122
1668254682995,2022-11-12T14:04:42.995,135.440,0.854,-0.183,-0.030
1668254683035,2022-11-12T14:04:43.035,135.480,0.854,-0.213,0.000
1668254683075,2022-11-12T14:04:43.075,135.520,0.854,-0.152,-0.030
1668254683115,2022-11-12T14:04:43.115,135.560,0.762,-0.244,-0.061
1668254683155,2022-11-12T14:04:43.155,135.600,0.884,-0.213,-0.061
1668254683195,2022-11-12T14:04:43.195,135.640,0.762,-0.122,0.000
1668254683235,2022-11-12T14:04:43.235,135.680,0.793,-0.183,-0.061
1668254683275,2022-11-12T14:04:43.275,135.720,0.884,-0.091,-0.030
1668254683315,2022-11-12T14:04:43.315,135.760,0.640,-0.274,0.061
1668254683355,2022-11-12T14:04:43.355,135.800,0.793,-0.366,0.000
1668254683395,2022-11-12T14:04:43.395,135.840,0.793,-0.152,-0.030
1668254683435,2022-11-12T14:04:43.435,135.880,0.793,-0.091,0.000
1668254683475,2022-11-12T14:04:43.475,135.920,0.915,-0.183,-0.091
1668254683515,2022-11-12T14:04:43.515,135.960,0.762,-0.213,0.000
1668254683555,2022-11-12T14:04:43.555,136.000,0.793,-0.091,0.061
1668254683595,2022-11-12T14:04:43.595,136.040,0.884,-0.183,-0.061
1668254683635,2022-11-12T14:04:43.635,136.080,0.884,-0.213,-0.061
1668254683675,2022-11-12T14:04:43.675,136.120,0.915,-0.122,0.000
1668254683715,2022-11-12T14:04:43.715,136.160,0.732,-0.213,0.030
1668254683755,2022-11-12T14:04:43.755,136.200,0.701,-0.305,-0.030
1668254683795,2022-11-12T14:04:43.795,136.240,0.945,-0.213,-0.061
1668254683835,2022-11-12T14:04:43.835,136.280,0.854,-0.183,0.030
1668254683875,2022-11-12T14:04:43.875,136.320,0.854,-0.213,-0.030
1668254683915,2022-11-12T14:04:43.915,136.360,0.732,-0.152,0.030
1668254683955,2022-11-12T14:04:43.955,136.400,0.762,-0.213,0.030
1668254683995,2022-11-12T14:04:43.995,136.440,0.854,-0.244,-0.030
1668254684035,2022-11-12T14:04:44.035,136.480,0.823,-0.122,0.000
1668254684075,2022-11-12T14:04:44.075,136.520,0.854,-0.152,-0.030
1668254684115,2022-11-12T14:04:44.115,136.560,0.701,-0.396,0.030
1668254684155,2022-11-12T14:04:44.155,136.600,0.884,-0.305,-0.030
1668254684195,2022-11-12T14:04:44.195,136.640,0.793,-0.152,-0.030
1668254684235,2022-11-12T14:04:44.235,136.680,0.762,-0.183,0.000
1668254684275,2022-11-12T14:04:44.275,136.720,0.854,-0.152,0.000
1668254684315,2022-11-12T14:04:44.315,136.760,0.701,-0.183,0.122
1668254684355,2022-11-12T14:04:44.355,136.800,0.884,-0.213,-0.091
1668254684395,2022-11-12T14:04:44.395,136.840,0.793,-0.305,0.061
1668254684435,2022-11-12T14:04:44.435,136.880,0.976,-0.213,0.030
1668254684475,2022-11-12T14:04:44.475,136.920,0.976,-0.244,0.061
1668254684515,2022-11-12T14:04:44.515,136.960,0.793,-0.183,0.091
1668254684555,2022-11-12T14:04:44.555,137.000,0.915,-0.213,-0.061
1668254684595,2022-11-12T14:04:44.595,137.040,0.915,-0.244,0.030
1668254684635,2022-11-12T14:04:44.635,137.080,0.823,-0.183,0.000
1668254684675,2022-11-12T14:04:44.675,137.120,0.854,-0.274,-0.030
1668254684715,2022-11-12T14:04:44.715,137.160,0.823,-0.213,0.030
1668254684755,2022-11-12T14:04:44.755,137.200,0.884,-0.274,0.000
1668254684795,2022-11-12T14:04:44.795,137.240,0.884,-0.152,0.000
1668254684835,2022-11-12T14:04:44.835,137.280,0.945,-0.122,-0.061
1668254684875,2022-11-12T14:04:44.875,137.320,0.671,-0.213,0.122
1668254684915,2022-11-12T14:04:44.915,137.360,0.793,-0.396,0.030
1668254684955,2022-11-12T14:04:44.955,137.400,0.823,-0.335,-0.030
1668254684995,2022-11-12T14:04:44.995,137.440,0.732,-0.183,0.030
1668254685035,2022-11-12T14:04:45.035,137.480,0.823,-0.213,0.000
1668254685075,2022-11-12T14:04:45.075,137.520,0.823,-0.244,0.061
1668254685115,2022-11-12T14:04:45.115,137.560,0.793,-0.183,0.061
1668254685155,2022-11-12T14:04:45.155,137.600,1.037,-0.213,0.000
1668254685195,2022-11-12T14:04:45.195,137.640,0.976,-0.274,0.000
1668254685235,2022-11-12T14:04:45.235,137.680,0.976,-0.213,0.000
1668254685275,2022-11-12T14:04:45.275,137.720,0.854,-0.244,0.061
1668254685315,2022-11-12T14:04:45.315,137.760,0.762,-0.274,0.061
1668254685355,2022-11-12T14:04:45.355,137.800,0.854,-0.183,0.000
1668254685395,2022-11-12T14:04:45.395,137.840,0.823,-0.183,0.030
1668254685435,2022-11-12T14:04:45.435,137.880,0.915,-0.274,-0.061
1668254685475,2022-11-12T14:04:45.475,137.920,0.854,-0.213,0.030
1668254685515,2022-11-12T14:04:45.515,137.960,0.762,-0.183,-0.030
1668254685555,2022-11-12T14:04:45.555,138.000,0.945,-0.122,-0.122
1668254685595,2022-11-12T14:04:45.595,138.040,0.762,-0.122,0.030
1668254685635,2022-11-12T14:04:45.635,138.080,0.762,-0.366,-0.030
1668254685675,2022-11-12T14:04:45.675,138.120,0.854,-0.213,-0.030
1668254685715,2022-11-12T14:04:45.715,138.160,0.823,-0.122,-0.030
1668254685755,2022-11-12T14:04:45.755,138.200,0.884,-0.152,-0.061
1668254685795,2022-11-12T14:04:45.795,138.240,0.854,-0.213,0.000
1668254685835,2022-11-12T14:04:45.835,138.280,0.671,-0.122,0.061
1668254685875,2022-11-12T14:04:45.875,138.320,0.854,-0.183,-0.091
1668254685915,2022-11-12T14:04:45.915,138.360,0.884,-0.274,-0.061
1668254685955,2022-11-12T14:04:45.955,138.400,0.915,-0.122,-0.091
1668254685995,2022-11-12T14:04:45.995,138.440,0.732,-0.152,0.061
1668254686035,2022-11-12T14:04:46.035,138.480,0.854,-0.244,0.030
1668254686075,2022-11-12T14:04:46.075,138.520,0.854,-0.152,-0.030
1668254686115,2022-11-12T14:04:46.115,138.560,0.793,-0.152,0.030
1668254686155,2022-11-12T14:04:46.155,138.600,0.915,-0.244,-0.030
1668254686195,2022-11-12T14:04:46.195,138.640,0.732,-0.152,0.030
1668254686235,2022-11-12T14:04:46.235,138.680,0.793,-0.061,-0.030
1668254686275,2022-11-12T14:04:46.275,138.720,0.884,-0.152,0.000
1668254686315,2022-11-12T14:04:46.315,138.760,0.701,-0.427,0.061
1668254686355,2022-11-12T14:04:46.355,138.800,0.884,-0.305,-0.030
1668254686395,2022-11-12T14:04:46.395,138.840,0.793,-0.091,-0.061
1668254686435,2022-11-12T14:04:46.435,138.880,0.854,-0.244,-0.061
1668254686475,2022-11-12T14:04:46.475,138.920,0.823,-0.274,0.061
1668254686515,2022-11-12T14:04:46.515,138.960,0.762,-0.152,0.091
1668254686555,2022-11-12T14:04:46.555,139.000,0.884,-0.152,-0.030
1668254686595,2022-11-12T14:04:46.595,139.040,0.823,-0.244,0.030
1668254686635,2022-11-12T14:04:46.635,139.080,0.945,-0.122,-0.030
1668254686675,2022-11-12T14:04:46.675,139.120,0.793,-0.183,0.030
1668254686715,2022-11-12T14:04:46.715,139.160,0.762,-0.213,0.030
1668254686755,2022-11-12T14:04:46.755,139.200,0.915,-0.122,-0.091
1668254686795,2022-11-12T14:04:46.795,139.240,0.823,-0.213,0.030
1668254686835,2022-11-12T14:04:46.835,139.280,0.884,-0.244,0.000
1668254686875,2022-11-12T14:04:46.875,139.320,0.884,-0.152,-0.030
1668254686915,2022-11-12T14:04:46.915,139.360,0.854,-0.091,-0.030
1668254686955,2022-11-12T14:04:46.955,139.400,0.976,-0.122,-0.030
1668254686995,2022-11-12T14:04:46.995,139.440,0.701,-0.274,0.091
1668254687035,2022-11-12T14:04:47.035,139.480,0.701,-0.335,0.000
1668254687075,2022-11-12T14:04:47.075,139.520,0.915,-0.213,-0.030
1668254687115,2022-11-12T14:04:47.115,139.560,0.671,-0.152,0.030
1668254687155,2022-11-12T14:04:47.155,139.600,0.976,-0.152,-0.091
1668254687195,2022-11-12T14:04:47.195,139.640,0.854,-0.183,0.061
1668254687235,2022-11-12T14:04:47.235,139.680,0.732,-0.152,0.061
1668254687275,2022-11-12T14:04:47.275,139.720,0.854,-0.244,-0.030
1668254687315,2022-11-12T14:04:47.315,139.760,0.823,-0.152,0.000
1668254687355,2022-11-12T14:04:47.355,139.800,0.945,-0.213,-0.030
1668254687395,2022-11-12T14:04:47.395,139.840,0.793,-0.183,0.122
1668254687435,2022-11-12T14:04:47.435,139.880,0.793,-0.122,0.000
1668254687475,2022-11-12T14:04:47.475,139.920,0.823,-0.244,-0.030
1668254687515,2022-11-12T14:04:47.515,139.960,0.915,-0.152,-0.030
1668254687555,2022-11-12T14:04:47.555,140.000,0.762,-0.213,0.061
1668254687595,2022-11-12T14:04:47.595,140.040,0.701,-0.244,0.000
1668254687635,2022-11-12T14:04:47.635,140.080,0.854,-0.152,0.030
1668254687675,2022-11-12T14:04:47.675,140.120,0.915,-0.152,0.000
1668254687715,2022-11-12T14:04:47.715,140.160,0.732,-0.183,0.000
1668254687755,2022-11-12T14:04:47.755,140.200,0.732,-0.396,0.030
1668254687795,2022-11-12T14:04:47.795,140.240,0.854,-0.305,0.000
1668254687835,2022-11-12T14:04:47.835,140.280,0.701,-0.152,0.000
1668254687875,2022-11-12T14:04:47.875,140.320,0.854,-0.213,-0.030
1668254687915,2022-11-12T14:04:47.915,140.360,0.823,-0.183,0.061
1668254687955,2022-11-12T14:04:47.955,140.400,0.762,-0.213,0.030
1668254687995,2022-11-12T14:04:47.995,140.440,0.854,-0.183,-0.030
1668254688035,2022-11-12T14:04:48.035,140.480,0.823,-0.244,0.000
1668254688075,2022-11-12T14:04:48.075,140.520,0.945,-0.244,-0.061
1668254688115,2022-11-12T14:04:48.115,140.560,0.854,-0.183,0.030
1668254688155,2022-11-12T14:04:48.155,140.600,0.701,-0.183,0.030
1668254688195,2022-11-12T14:04:48.195,140.640,0.854,-0.274,-0.030
1668254688235,2022-11-12T14:04:48.235,140.680,0.762,-0.213,0.000
1668254688275,2022-11-12T14:04:48.275,140.720,0.823,-0.244,0.030
1668254688315,2022-11-12T14:04:48.315,140.760,0.823,-0.274,0.061
1668254688355,2022-11-12T14:04:48.355,140.800,0.732,-0.244,0.030
1668254688395,2022-11-12T14:04:48.395,140.840,0.762,-0.244,-0.030
1668254688435,2022-11-12T14:04:48.435,140.880,0.793,-0.274,0.000
1668254688475,2022-11-12T14:04:48.475,140.920,0.915,-0.122,-0.030
1668254688515,2022-11-12T14:04:48.515,140.960,0.884,-0.213,0.000
1668254688555,2022-11-12T14:04:48.555,141.000,0.732,-0.396,0.091
1668254688595,2022-11-12T14:04:48.595,141.040,0.884,-0.366,0.000
1668254688635,2022-11-12T14:04:48.635,141.080,0.793,-0.183,0.000
1668254688675,2022-11-12T14:04:48.675,141.120,0.854,-0.122,0.000
1668254688715,2022-11-12T14:04:48.715,141.160,0.915,-0.244,-0.061
1668254688755,2022-11-12T14:04:48.755,141.200,0.701,-0.274,0.091
1668254688795,2022-11-12T14:04:48.795,141.240,0.915,-0.152,0.030
1668254688835,2022-11-12T14:04:48.835,141.280,0.915,-0.244,0.000
1668254688875,2022-11-12T14:04:48.875,141.320,0.915,-0.274,-0.030
1668254688915,2022-11-12T14:04:48.915,141.360,0.884,-0.183,0.000
1668254688955,2022-11-12T14:04:48.955,141.400,0.732,-0.183,0.122
1668254688995,2022-11-12T14:04:48.995,141.440,0.884,-0.244,-0.030
1668254689035,2022-11-12T14:04:49.035,141.480,0.854,-0.213,0.000
1668254689075,2022-11-12T14:04:49.075,141.520,0.884,-0.244,0.061
1668254689115,2022-11-12T14:04:49.115,141.560,0.976,-0.274,-0.030
1668254689155,2022-11-12T14:04:49.155,141.600,0.884,-0.274,-0.061
1668254689195,2022-11-12T14:04:49.195,141.640,0.762,-0.213,0.030
1668254689235,2022-11-12T14:04:49.235,141.680,0.823,-0.213,0.030
1668254689275,2022-11-12T14:04:49.275,141.720,0.945,-0.183,-0.061
1668254689315,2022-11-12T14:04:49.315,141.760,0.793,-0.122,0.000
1668254689355,2022-11-12T14:04:49.355,141.800,0.793,-0.335,0.030
1668254689395,2022-11-12T14:04:49.395,141.840,0.915,-0.213,-0.091
1668254689435,2022-11-12T14:04:49.435,141.880,0.823,-0.091,0.000
1668254689475,2022-11-12T14:04:49.475,141.920,0.915,-0.091,-0.030
1668254689515,2022-11-12T14:04:49.515,141.960,0.762,-0.213,0.000
1668254689555,2022-11-12T14:04:49.555,142.000,0.793,-0.122,0.030
1668254689595,2022-11-12T14:04:49.595,142.040,0.945,-0.152,-0.030
1668254689635,2022-11-12T14:04:49.635,142.080,0.854,-0.213,0.030
1668254689675,2022-11-12T14:04:49.675,142.120,0.945,-0.122,-0.030
1668254689715,2022-11-12T14:04:49.715,142.160,0.793,-0.152,0.061
1668254689755,2022-11-12T14:04:49.755,142.200,0.701,-0.213,0.061
1668254689795,2022-11-12T14:04:49.795,142.240,0.945,-0.183,-0.030
1668254689835,2022-11-12T14:04:49.835,142.280,0.884,-0.152,0.030
1668254689875,2022-11-12T14:04:49.875,142.320,0.732,-0.183,-0.030
1668254689915,2022-11-12T14:04:49.915,142.360,0.915,-0.244,-0.061
1668254689955,2022-11-12T14:04:49.955,142.400,0.793,-0.213,0.030
1668254689995,2022-11-12T14:04:49.995,142.440,0.793,-0.152,-0.030
1668254690035,2022-11-12T14:04:50.035,142.480,0.884,-0.152,-0.091
1668254690075,2022-11-12T14:04:50.075,142.520,0.854,-0.061,0.000
1668254690115,2022-11-12T14:04:50.115,142.560,0.701,-0.305,0.091
1668254690155,2022-11-12T14:04:50.155,142.600,0.823,-0.335,-0.030
1668254690195,2022-11-12T14:04:50.195,142.640,0.884,-0.122,-0.030
1668254690235,2022-11-12T14:04:50.235,142.680,0.793,-0.152,0.030
1668254690275,2022-11-12T14:04:50.275,142.720,0.854,-0.213,-0.030
1668254690315,2022-11-12T14:04:50.315,142.760,0.701,-0.152,0.061
1668254690355,2022-11-12T14:04:50.355,142.800,0.823,-0.091,0.000
1668254690395,2022-11-12T14:04:50.395,142.840,0.884,-0.244,0.000
1668254690435,2022-11-12T14:04:50.435,142.880,0.945,-0.183,0.000
1668254690475,2022-11-12T14:04:50.475,142.920,0.884,-0.183,-0.030
1668254690515,2022-11-12T14:04:50.515,142.960,0.732,-0.213,0.061
1668254690555,2022-11-12T14:04:50.555,143.000,0.823,-0.183,0.000
1668254690595,2022-11-12T14:04:50.595,143.040,0.823,-0.183,-0.030
1668254690635,2022-11-12T14:04:50.635,143.080,0.854,-0.213,0.030
1668254690675,2022-11-12T14:04:50.675,143.120,0.854,-0.213,-0.030
1668254690715,2022-11-12T14:04:50.715,143.160,0.793,-0.274,0.000
1668254690755,2022-11-12T14:04:50.755,143.200,0.884,-0.152,-0.061
1668254690795,2022-11-12T14:04:50.795,143.240,0.793,-0.183,0.000
1668254690835,2022-11-12T14:04:50.835,143.280,0.854,-0.274,0.000
1668254690875,2022-11-12T14:04:50.875,143.320,0.823,-0.152,0.000
1668254690915,2022-11-12T14:04:50.915,143.360,0.915,-0.091,0.000
1668254690955,2022-11-12T14:04:50.955,143.400,0.762,-0.274,0.061
1668254690995,2022-11-12T14:04:50.995,143.440,0.732,-0.366,0.030
1668254691035,2022-11-12T14:04:51.035,143.480,0.884,-0.213,0.000
1668254691075,2022-11-12T14:04:51.075,143.520,0.762,-0.183,0.030
1668254691115,2022-11-12T14:04:51.115,143.560,0.945,-0.152,-0.030
1668254691155,2022-11-12T14:04:51.155,143.600,0.854,-0.274,0.061
1668254691195,2022-11-12T14:04:51.195,143.640,0.701,-0.152,0.030
1668254691235,2022-11-12T14:04:51.235,143.680,0.915,-0.122,-0.061
1668254691275,2022-11-12T14:04:51.275,143.720,0.793,-0.213,0.061
1668254691315,2022-11-12T14:04:51.315,143.760,0.915,-0.152,-0.061
1668254691355,2022-11-12T14:04:51.355,143.800,0.884,-0.183,0.061
1668254691395,2022-11-12T14:04:51.395,143.840,0.732,-0.183,0.061
1668254691435,2022-11-12T14:04:51.435,143.880,0.884,-0.183,-0.061
1668254691475,2022-11-12T14:04:51.475,143.920,0.823,-0.183,0.000
1668254691515,2022-11-12T14:04:51.515,143.960,0.793,-0.213,0.000
1668254691555,2022-11-12T14:04:51.555,144.000,0.854,-0.274,0.000
1668254691595,2022-11-12T14:04:51.595,144.040,0.793,-0.122,0.030
1668254691635,2022-11-12T14:04:51.635,144.080,0.762,-0.213,0.000
1668254691675,2022-11-12T14:04:51.675,144.120,0.854,-0.244,0.000
1668254691715,2022-11-12T14:04:51.715,144.160,0.793,-0.152,0.000
1668254691755,2022-11-12T14:04:51.755,144.200,0.884,-0.213,-0.091
1668254691795,2022-11-12T14:04:51.795,144.240,0.884,-0.091,-0.061
1668254691835,2022-11-12T14:04:51.835,144.280,0.701,-0.183,0.061
1668254691875,2022-11-12T14:04:51.875,144.320,0.793,-0.396,-0.030
1668254691915,2022-11-12T14:04:51.915,144.360,0.976,-0.244,0.000
1668254691955,2022-11-12T14:04:51.955,144.400,0.732,-0.122,0.091
1668254691995,2022-11-12T14:04:51.995,144.440,0.976,-0.183,-0.061
1668254692035,2022-11-12T14:04:52.035,144.480,0.793,-0.213,0.030
1668254692075,2022-11-12T14:04:52.075,144.520,0.732,-0.183,0.000
1668254692115,2022-11-12T14:04:52.115,144.560,0.884,-0.213,-0.091
1668254692155,2022-11-12T14:04:52.155,144.600,0.793,-0.213,0.061
1668254692195,2022-11-12T14:04:52.195,144.640,0.915,-0.183,-0.061
1668254692235,2022-11-12T14:04:52.235,144.680,0.793,-0.244,0.030
1668254692275,2022-11-12T14:04:52.275,144.720,0.732,-0.183,0.091
1668254692315,2022-11-12T14:04:52.315,144.760,0.823,-0.244,-0.030
1668254692355,2022-11-12T14:04:52.355,144.800,0.884,-0.244,0.000
1668254692395,2022-11-12T14:04:52.395,144.840,0.915,-0.213,0.030
1668254692435,2022-11-12T14:04:52.435,144.880,0.823,-0.213,-0.030
1668254692475,2022-11-12T14:04:52.475,144.920,0.945,-0.183,-0.030
1668254692515,2022-11-12T14:04:52.515,144.960,0.915,-0.244,0.061
1668254692555,2022-11-12T14:04:52.555,145.000,0.671,-0.274,0.061
1668254692595,2022-11-12T14:04:52.595,145.040,0.823,-0.213,-0.030
1668254692635,2022-11-12T14:04:52.635,145.080,0.854,-0.122,0.030
1668254692675,2022-11-12T14:04:52.675,145.120,0.671,-0.305,0.091
1668254692715,2022-11-12T14:04:52.715,145.160,0.884,-0.427,-0.030
1668254692755,2022-11-12T14:04:52.755,145.200,0.793,-0.213,0.122
1668254692795,2022-11-12T14:04:52.795,145.240,0.976,-0.183,0.000
1668254692835,2022-11-12T14:04:52.835,145.280,0.915,-0.244,0.000
1668254692875,2022-11-12T14:04:52.875,145.320,0.823,-0.213,0.091
1668254692915,2022-11-12T14:04:52.915,145.360,0.915,-0.152,0.000
1668254692955,2022-11-12T14:04:52.955,145.400,0.854,-0.335,0.000
1668254692995,2022-11-12T14:04:52.995,145.440,1.037,-0.213,-0.030
1668254693035,2022-11-12T14:04:53.035,145.480,0.945,-0.152,0.000
1668254693075,2022-11-12T14:04:53.075,145.520,0.945,-0.274,0.000
1668254693115,2022-11-12T14:04:53.115,145.560,1.037,-0.213,-0.030
1668254693155,2022-11-12T14:04:53.155,145.600,0.884,-0.274,-0.030
1668254693195,2022-11-12T14:04:53.195,145.640,0.884,-0.244,0.000
1668254693235,2022-11-12T14:04:53.235,145.680,0.976,-0.152,-0.030
1668254693275,2022-11-12T14:04:53.275,145.720,0.823,-0.091,0.000
1668254693315,2022-11-12T14:04:53.315,145.760,0.884,-0.122,-0.061
1668254693355,2022-11-12T14:04:53.355,145.800,0.701,-0.030,0.061
1668254693395,2022-11-12T14:04:53.395,145.840,0.701,-0.213,0.122
1668254693435,2022-11-12T14:04:53.435,145.880,0.793,-0.366,-0.030
1668254693475,2022-11-12T14:04:53.475,145.920,0.701,-0.152,0.000
1668254693515,2022-11-12T14:04:53.515,145.960,0.701,-0.091,0.061
1668254693555,2022-11-12T14:04:53.555,146.000,0.793,-0.213,-0.030
1668254693595,2022-11-12T14:04:53.595,146.040,0.793,-0.152,0.030
1668254693635,2022-11-12T14:04:53.635,146.080,1.006,-0.061,0.030
1668254693675,2022-11-12T14:04:53.675,146.120,1.006,-0.244,0.061
1668254693715,2022-11-12T14:04:53.715,146.160,0.976,-0.335,-0.030
1668254693755,2022-11-12T14:04:53.755,146.200,0.915,-0.122,-0.030
1668254693795,2022-11-12T14:04:53.795,146.240,0.701,-0.030,0.091
1668254693835,2022-11-12T14:04:53.835,146.280,0.915,-0.213,-0.091
1668254693875,2022-11-12T14:04:53.875,146.320,0.823,-0.152,0.030
1668254693915,2022-11-12T14:04:53.915,146.360,0.762,-0.091,0.030
1668254693955,2022-11-12T14:04:53.955,146.400,0.976,-0.213,-0.122
1668254693995,2022-11-12T14:04:53.995,146.440,0.884,-0.183,0.000
1668254694035,2022-11-12T14:04:54.035,146.480,0.976,0.061,-0.061
1668254694075,2022-11-12T14:04:54.075,146.520,0.732,-0.122,0.061
1668254694115,2022-11-12T14:04:54.115,146.560,0.762,-0.427,0.000
1668254694155,2022-11-12T14:04:54.155,146.600,0.823,-0.122,0.000
1668254694195,2022-11-12T14:04:54.195,146.640,0.732,-0.091,0.000
1668254694235,2022-11-12T14:04:54.235,146.680,0.884,-0.274,-0.061
1668254694275,2022-11-12T14:04:54.275,146.720,0.854,-0.305,0.122
1668254694315,2022-11-12T14:04:54.315,146.760,0.854,-0.427,0.213
1668254694355,2022-11-12T14:04:54.355,146.800,0.823,-0.518,0.000
1668254694395,2022-11-12T14:04:54.395,146.840,0.945,-0.213,-0.061
1668254694435,2022-11-12T14:04:54.435,146.880,0.854,0.000,-0.030
1668254694475,2022-11-12T14:04:54.475,146.920,0.823,-0.244,0.030
1668254694515,2022-11-12T14:04:54.515,146.960,0.732,-0.213,0.091
1668254694555,2022-11-12T14:04:54.555,147.000,0.823,-0.152,0.000
1668254694595,2022-11-12T14:04:54.595,147.040,0.762,-0.122,0.061
1668254694635,2022-11-12T14:04:54.635,147.080,0.732,-0.183,-0.030
1668254694675,2022-11-12T14:04:54.675,147.120,0.732,-0.061,0.000
1668254694715,2022-11-12T14:04:54.715,147.160,0.976,-0.091,-0.091
1668254694755,2022-11-12T14:04:54.755,147.200,0.793,-0.213,0.000
1668254694795,2022-11-12T14:04:54.795,147.240,0.762,-0.213,0.030
1668254694835,2022-11-12T14:04:54.835,147.280,0.945,-0.335,-0.061
1668254694875,2022-11-12T14:04:54.875,147.320,0.732,-0.152,0.091
1668254694915,2022-11-12T14:04:54.915,147.360,0.854,-0.061,-0.061
1668254694955,2022-11-12T14:04:54.955,147.400,0.854,-0.213,-0.030
1668254694995,2022-11-12T14:04:54.995,147.440,0.884,-0.091,0.061
1668254695035,2022-11-12T14:04:55.035,147.480,0.488,-0.152,0.122
1668254695075,2022-11-12T14:04:55.075,147.520,0.274,-0.335,0.274
1668254695115,2022-11-12T14:04:55.115,147.560,1.006,-0.122,0.061
1668254695155,2022-11-12T14:04:55.155,147.600,1.768,0.152,-0.152
1668254695195,2022-11-12T14:04:55.195,147.640,1.280,-0.152,-0.183
1668254695235,2022-11-12T14:04:55.235,147.680,0.732,-0.579,0.061
1668254695275,2022-11-12T14:04:55.275,147.720,0.579,-0.030,0.152
1668254695315,2022-11-12T14:04:55.315,147.760,0.945,-0.305,-0.152
1668254695355,2022-11-12T14:04:55.355,147.800,0.671,-0.427,-0.030
1668254695395,2022-11-12T14:04:55.395,147.840,0.671,-0.183,0.061
1668254695435,2022-11-12T14:04:55.435,147.880,1.006,-0.152,-0.122
1668254695475,2022-11-12T14:04:55.475,147.920,0.823,-0.274,0.000
1668254695515,2022-11-12T14:04:55.515,147.960,0.671,-0.305,0.061
1668254695555,2022-11-12T14:04:55.555,148.000,0.915,-0.305,-0.091
1668254695595,2022-11-12T14:04:55.595,148.040,0.640,-0.213,0.030
1668254695635,2022-11-12T14:04:55.635,148.080,0.976,-0.061,-0.183
1668254695675,2022-11-12T14:04:55.675,148.120,0.884,-0.274,-0.152
1668254695715,2022-11-12T14:04:55.715,148.160,0.488,-0.335,0.122
1668254695755,2022-11-12T14:04:55.755,148.200,0.915,-0.122,-0.061
1668254695795,2022-11-12T14:04:55.795,148.240,0.335,-0.274,0.030
1668254695835,2022-11-12T14:04:55.835,148.280,1.006,-0.549,-0.183
1668254695875,2022-11-12T14:04:55.875,148.320,0.884,0.000,0.152
1668254695915,2022-11-12T14:04:55.915,148.360,0.854,-0.244,0.061
1668254695955,2022-11-12T14:04:55.955,148.400,0.976,-0.396,-0.061
1668254695995,2022-11-12T14:04:55.995,148.440,0.945,-0.213,0.000
1668254696035,2022-11-12T14:04:56.035,148.480,0.793,-0.183,0.030
1668254696075,2022-11-12T14:04:56.075,148.520,0.884,-0.213,-0.030
1668254696115,2022-11-12T14:04:56.115,148.560,0.915,-0.274,0.091
1668254696155,2022-11-12T14:04:56.155,148.600,1.006,-0.305,0.000
1668254696195,2022-11-12T14:04:56.195,148.640,0.915,-0.274,-0.061
1668254696235,2022-11-12T14:04:56.235,148.680,0.884,-0.152,0.030
1668254696275,2022-11-12T14:04:56.275,148.720,0.701,-0.274,0.152
1668254696315,2022-11-12T14:04:56.315,148.760,0.976,-0.457,-0.030
1668254696355,2022-11-12T14:04:56.355,148.800,0.854,-0.213,0.000
1668254696395,2022-11-12T14:04:56.395,148.840,0.915,-0.091,0.030
1668254696435,2022-11-12T14:04:56.435,148.880,1.006,-0.183,-0.061
1668254696475,2022-11-12T14:04:56.475,148.920,0.732,-0.152,0.030
1668254696515,2022-11-12T14:04:56.515,148.960,0.732,-0.030,-0.030
1668254696555,2022-11-12T14:04:56.555,149.000,0.762,-0.122,-0.061
1668254696595,2022-11-12T14:04:56.595,149.040,0.701,-0.305,0.030
1668254696635,2022-11-12T14:04:56.635,149.080,0.793,-0.213,0.061
1668254696675,2022-11-12T14:04:56.675,149.120,0.976,-0.122,0.030
1668254696715,2022-11-12T14:04:56.715,149.160,1.189,-0.122,-0.061
1668254696755,2022-11-12T14:04:56.755,149.200,0.945,-0.305,0.000
1668254696795,2022-11-12T14:04:56.795,149.240,0.823,-0.335,0.061
1668254696835,2022-11-12T14:04:56.835,149.280,0.823,-0.183,0.091
1668254696875,2022-11-12T14:04:56.875,149.320,0.793,-0.244,0.091
1668254696915,2022-11-12T14:04:56.915,149.360,0.945,-0.244,-0.061
1668254696955,2022-11-12T14:04:56.955,149.400,0.732,-0.122,0.030
1668254696995,2022-11-12T14:04:56.995,149.440,0.884,-0.183,0.000
1668254697035,2022-11-12T14:04:57.035,149.480,0.823,-0.213,0.030
1668254697075,2022-11-12T14:04:57.075,149.520,0.793,-0.305,-0.030
1668254697115,2022-11-12T14:04:57.115,149.560,0.823,-0.152,0.000
1668254697155,2022-11-12T14:04:57.155,149.600,0.854,-0.061,0.000
1668254697195,2022-11-12T14:04:57.195,149.640,0.793,-0.122,-0.061
1668254697235,2022-11-12T14:04:57.235,149.680,0.732,-0.183,0.030
1668254697275,2022-11-12T14:04:57.275,149.720,0.915,-0.091,-0.091
1668254697315,2022-11-12T14:04:57.315,149.760,0.793,-0.152,0.000
1668254697355,2022-11-12T14:04:57.355,149.800,0.915,-0.183,0.000
1668254697395,2022-11-12T14:04:57.395,149.840,0.854,-0.122,0.000
1668254697435,2022-11-12T14:04:57.435,149.880,0.732,-0.183,0.030
1668254697475,2022-11-12T14:04:57.475,149.920,0.854,-0.183,-0.030
1668254697515,2022-11-12T14:04:57.515,149.960,0.854,-0.091,-0.061
1668254697555,2022-11-12T14:04:57.555,150.000,0.823,-0.244,0.000
1668254697595,2022-11-12T14:04:57.595,150.040,0.915,-0.213,0.000
1668254697635,2022-11-12T14:04:57.635,150.080,0.854,-0.122,0.000
1668254697675,2022-11-12T14:04:57.675,150.120,0.854,-0.122,-0.030
1668254697715,2022-11-12T14:04:57.715,150.160,0.823,-0.122,0.000
1668254697755,2022-11-12T14:04:57.755,150.200,0.732,-0.274,0.091
1668254697795,2022-11-12T14:04:57.795,150.240,0.823,-0.305,-0.061
1668254697835,2022-11-12T14:04:57.835,150.280,0.823,-0.122,0.061
1668254697875,2022-11-12T14:04:57.875,150.320,0.976,0.030,0.061
1668254697915,2022-11-12T14:04:57.915,150.360,1.555,0.396,-0.183
1668254697955,2022-11-12T14:04:57.955,150.400,1.677,0.305,-0.213
1668254697995,2022-11-12T14:04:57.995,150.440,0.945,-0.183,0.000
1668254698035,2022-11-12T14:04:58.035,150.480,0.213,-0.244,0.335
1668254698075,2022-11-12T14:04:58.075,150.520,0.793,-0.213,0.000
1668254698115,2022-11-12T14:04:58.115,150.560,0.579,-0.213,0.030
1668254698155,2022-11-12T14:04:58.155,150.600,0.640,-0.213,0.061
1668254698195,2022-11-12T14:04:58.195,150.640,0.762,-0.366,0.091
1668254698235,2022-11-12T14:04:58.235,150.680,0.823,-0.335,-0.061
1668254698275,2022-11-12T14:04:58.275,150.720,0.976,-0.183,-0.061
1668254698315,2022-11-12T14:04:58.315,150.760,1.098,-0.213,0.030
1668254698355,2022-11-12T14:04:58.355,150.800,0.732,-0.213,0.091
1668254698395,2022-11-12T14:04:58.395,150.840,0.762,-0.213,0.000
1668254698435,2022-11-12T14:04:58.435,150.880,0.549,-0.213,0.030
1668254698475,2022-11-12T14:04:58.475,150.920,0.793,-0.091,-0.030
1668254698515,2022-11-12T14:04:58.515,150.960,0.915,0.000,-0.061
1668254698555,2022-11-12T14:04:58.555,151.000,0.640,-0.335,0.061
1668254698595,2022-11-12T14:04:58.595,151.040,0.762,-0.305,0.000
1668254698635,2022-11-12T14:04:58.635,151.080,0.701,-0.122,0.000
1668254698675,2022-11-12T14:04:58.675,151.120,0.884,-0.152,-0.061
1668254698715,2022-11-12T14:04:58.715,151.160,0.762,-0.122,-0.091
1668254698755,2022-11-12T14:04:58.755,151.200,0.793,-0.183,0.000
1668254698795,2022-11-12T14:04:58.795,151.240,0.854,-0.152,0.030
1668254698835,2022-11-12T14:04:58.835,151.280,0.671,-0.152,0.030
1668254698875,2022-11-12T14:04:58.875,151.320,0.823,-0.244,-0.030
1668254698915,2022-11-12T14:04:58.915,151.360,0.793,-0.183,0.000
1668254698955,2022-11-12T14:04:58.955,151.400,0.732,-0.183,0.030
1668254698995,2022-11-12T14:04:58.995,151.440,0.823,-0.183,0.030
1668254699035,2022-11-12T14:04:59.035,151.480,0.854,-0.183,-0.030
1668254699075,2022-11-12T14:04:59.075,151.520,0.762,-0.152,0.030
1668254699115,2022-11-12T14:04:59.115,151.560,0.823,-0.152,0.000
1668254699155,2022-11-12T14:04:59.155,151.600,0.823,-0.030,0.000
1668254699195,2022-11-12T14:04:59.195,151.640,0.915,-0.213,-0.091
1668254699235,2022-11-12T14:04:59.235,151.680,0.884,-0.305,-0.030
1668254699275,2022-11-12T14:04:59.275,151.720,0.579,-0.152,0.091
1668254699315,2022-11-12T14:04:59.315,151.760,0.793,-0.244,-0.030
1668254699355,2022-11-12T14:04:59.355,151.800,0.732,-0.122,-0.061
1668254699395,2022-11-12T14:04:59.395,151.840,0.762,-0.061,-0.122
1668254699435,2022-11-12T14:04:59.435,151.880,0.549,-0.244,0.030
1668254699475,2022-11-12T14:04:59.475,151.920,0.488,-0.335,0.091
1668254699515,2022-11-12T14:04:59.515,151.960,0.701,-0.183,-0.030
1668254699555,2022-11-12T14:04:59.555,152.000,0.640,-0.030,0.122
1668254699595,2022-11-12T14:04:59.595,152.040,0.793,-0.122,-0.030
1668254699635,2022-11-12T14:04:59.635,152.080,0.884,-0.183,-0.030
1668254699675,2022-11-12T14:04:59.675,152.120,0.671,-0.152,0.091
1668254699715,2022-11-12T14:04:59.715,152.160,0.945,-0.213,-0.091
1668254699755,2022-11-12T14:04:59.755,152.200,0.854,-0.213,0.000
1668254699795,2022-11-12T14:04:59.795,152.240,0.915,-0.244,0.000
1668254699835,2022-11-12T14:04:59.835,152.280,0.732,-0.366,0.183
1668254699875,2022-11-12T14:04:59.875,152.320,0.579,-0.305,0.061
1668254699915,2022-11-12T14:04:59.915,152.360,0.823,-0.274,-0.061
1668254699955,2022-11-12T14:04:59.955,152.400,0.762,-0.061,0.000
1668254699995,2022-11-12T14:04:59.995,152.440,0.823,-0.183,0.030
1668254700035,2022-11-12T14:05:00.035,152.480,0.915,-0.213,0.030
1668254700075,2022-11-12T14:05:00.075,152.520,0.823,-0.122,0.030
1668254700115,2022-11-12T14:05:00.115,152.560,0.915,-0.183,-0.030
1668254700155,2022-11-12T14:05:00.155,152.600,0.915,-0.244,-0.091
1668254700195,2022-11-12T14:05:00.195,152.640,0.762,-0.152,-0.030
1668254700235,2022-11-12T14:05:00.235,152.680,0.823,-0.122,-0.122
1668254700275,2022-11-12T14:05:00.275,152.720,0.732,-0.244,-0.091
1668254700315,2022-11-12T14:05:00.315,152.760,0.762,-0.396,0.000
1668254700355,2022-11-12T14:05:00.355,152.800,0.884,-0.244,0.061
1668254700395,2022-11-12T14:05:00.395,152.840,0.915,-0.183,0.061
1668254700435,2022-11-12T14:05:00.435,152.880,0.945,-0.213,-0.061
1668254700475,2022-11-12T14:05:00.475,152.920,0.854,-0.244,0.091
1668254700515,2022-11-12T14:05:00.515,152.960,0.884,-0.244,0.091
1668254700555,2022-11-12T14:05:00.555,153.000,0.976,-0.244,-0.030
1668254700595,2022-11-12T14:05:00.595,153.040,0.915,-0.244,0.000
1668254700635,2022-11-12T14:05:00.635,153.080,0.915,-0.274,0.030
1668254700675,2022-11-12T14:05:00.675,153.120,0.823,-0.274,0.122
1668254700715,2022-11-12T14:05:00.715,153.160,0.854,-0.244,0.091
1668254700755,2022-11-12T14:05:00.755,153.200,0.854,-0.183,0.061
1668254700795,2022-11-12T14:05:00.795,153.240,0.976,-0.274,0.000
1668254700835,2022-11-12T14:05:00.835,153.280,0.915,-0.213,0.000
1668254700875,2022-11-12T14:05:00.875,153.320,0.945,-0.213,0.000
1668254700915,2022-11-12T14:05:00.915,153.360,0.884,-0.244,0.061
1668254700955,2022-11-12T14:05:00.955,153.400,0.732,-0.244,0.030
1668254700995,2022-11-12T14:05:00.995,153.440,0.884,-0.091,-0.061
1668254701035,2022-11-12T14:05:01.035,153.480,0.915,0.000,-0.061
1668254701075,2022-11-12T14:05:01.075,153.520,0.793,-0.274,0.000
1668254701115,2022-11-12T14:05:01.115,153.560,0.884,-0.305,0.000
1668254701155,2022-11-12T14:05:01.155,153.600,0.762,-0.091,0.030
1668254701195,2022-11-12T14:05:01.195,153.640,0.976,-0.122,-0.122
1668254701235,2022-11-12T14:05:01.235,153.680,0.793,-0.213,0.000
1668254701275,2022-11-12T14:05:01.275,153.720,0.579,-0.152,0.061
1668254701315,2022-11-12T14:05:01.315,153.760,0.854,-0.061,-0.091
1668254701355,2022-11-12T14:05:01.355,153.800,0.854,-0.213,0.000
1668254701395,2022-11-12T14:05:01.395,153.840,0.823,-0.122,0.000
1668254701435,2022-11-12T14:05:01.435,153.880,0.915,-0.091,-0.061
1668254701475,2022-11-12T14:05:01.475,153.920,0.823,-0.183,-0.061
1668254701515,2022-11-12T14:05:01.515,153.960,0.823,-0.183,-0.030
1668254701555,2022-11-12T14:05:01.555,154.000,0.884,-0.122,0.000
1668254701595,2022-11-12T14:05:01.595,154.040,0.884,-0.244,-0.030
1668254701635,2022-11-12T14:05:01.635,154.080,0.884,-0.305,-0.030
1668254701675,2022-11-12T14:05:01.675,154.120,0.884,-0.122,0.000
1668254701715,2022-11-12T14:05:01.715,154.160,0.915,-0.091,-0.061
1668254701755,2022-11-12T14:05:01.755,154.200,0.762,-0.213,0.000
1668254701795,2022-11-12T14:05:01.795,154.240,0.671,-0.305,0.030
1668254701835,2022-11-12T14:05:01.835,154.280,0.823,-0.244,-0.061
1668254701875,2022-11-12T14:05:01.875,154.320,0.854,-0.152,-0.030
1668254701915,2022-11-12T14:05:01.915,154.360,0.915,-0.122,0.000
1668254701955,2022-11-12T14:05:01.955,154.400,0.884,-0.152,0.000
1668254701995,2022-11-12T14:05:01.995,154.440,0.671,-0.152,0.061
1668254702035,2022-11-12T14:05:02.035,154.480,0.793,-0.091,-0.030
1668254702075,2022-11-12T14:05:02.075,154.520,0.854,-0.183,0.000
1668254702115,2022-11-12T14:05:02.115,154.560,0.854,-0.213,0.000
1668254702155,2022-11-12T14:05:02.155,154.600,0.823,-0.122,0.000
1668254702195,2022-11-12T14:05:02.195,154.640,0.793,-0.183,0.030
1668254702235,2022-11-12T14:05:02.235,154.680,0.884,-0.213,-0.030
1668254702275,2022-11-12T14:05:02.275,154.720,0.884,-0.152,0.030
1668254702315,2022-11-12T14:05:02.315,154.760,0.823,-0.152,0.030
1668254702355,2022-11-12T14:05:02.355,154.800,0.762,-0.244,0.000
1668254702395,2022-11-12T14:05:02.395,154.840,0.884,-0.183,-0.030
1668254702435,2022-11-12T14:05:02.435,154.880,0.823,-0.030,0.000
1668254702475,2022-11-12T14:05:02.475,154.920,0.915,-0.122,-0.091
1668254702515,2022-11-12T14:05:02.515,154.960,0.732,-0.274,0.061
1668254702555,2022-11-12T14:05:02.555,155.000,0.701,-0.305,0.061
1668254702595,2022-11-12T14:05:02.595,155.040,0.823,-0.183,-0.061
1668254702635,2022-11-12T14:05:02.635,155.080,0.701,-0.122,0.061
1668254702675,2022-11-12T14:05:02.675,155.120,0.945,-0.152,-0.061
1668254702715,2022-11-12T14:05:02.715,155.160,0.762,-0.244,0.061
1668254702755,2022-11-12T14:05:02.755,155.200,0.793,-0.183,0.061
1668254702795,2022-11-12T14:05:02.795,155.240,0.884,-0.183,-0.030
1668254702835,2022-11-12T14:05:02.835,155.280,0.793,-0.213,-0.030
1668254702875,2022-11-12T14:05:02.875,155.320,0.854,-0.152,-0.091
1668254702915,2022-11-12T14:05:02.915,155.360,0.732,-0.091,0.061
1668254702955,2022-11-12T14:05:02.955,155.400,0.732,-0.213,0.030
1668254702995,2022-11-12T14:05:02.995,155.440,0.884,-0.213,-0.061
1668254703035,2022-11-12T14:05:03.035,155.480,0.823,-0.183,0.030
1668254703075,2022-11-12T14:05:03.075,155.520,0.884,-0.183,0.030
1668254703115,2022-11-12T14:05:03.115,155.560,0.884,-0.213,-0.030
1668254703155,2022-11-12T14:05:03.155,155.600,0.762,-0.183,-0.030
1668254703195,2022-11-12T14:05:03.195,155.640,0.732,-0.122,0.000
1668254703235,2022-11-12T14:05:03.235,155.680,0.976,-0.244,-0.122
1668254703275,2022-11-12T14:05:03.275,155.720,0.915,-0.152,-0.061
1668254703315,2022-11-12T14:05:03.315,155.760,0.854,-0.061,-0.061
1668254703355,2022-11-12T14:05:03.355,155.800,0.701,-0.305,0.030
1668254703395,2022-11-12T14:05:03.395,155.840,0.793,-0.366,-0.061
1668254703435,2022-11-12T14:05:03.435,155.880,0.732,-0.152,0.000
1668254703475,2022-11-12T14:05:03.475,155.920,0.793,-0.152,0.000
1668254703515,2022-11-12T14:05:03.515,155.960,0.915,-0.274,-0.091
1668254703555,2022-11-12T14:05:03.555,156.000,0.701,-0.213,0.091
1668254703595,2022-11-12T14:05:03.595,156.040,0.854,-0.122,-0.061
1668254703635,2022-11-12T14:05:03.635,156.080,0.884,-0.213,-0.122
1668254703675,2022-11-12T14:05:03.675,156.120,0.793,-0.183,0.061
1668254703715,2022-11-12T14:05:03.715,156.160,0.915,-0.244,-0.030
1668254703755,2022-11-12T14:05:03.755,156.200,0.701,-0.183,0.061
1668254703795,2022-11-12T14:05:03.795,156.240,0.762,-0.183,-0.030
1668254703835,2022-11-12T14:05:03.835,156.280,0.854,-0.183,-0.030
1668254703875,2022-11-12T14:05:03.875,156.320,0.793,-0.152,0.091
1668254703915,2022-11-12T14:05:03.915,156.360,0.854,-0.183,0.030
1668254703955,2022-11-12T14:05:03.955,156.400,0.884,-0.183,-0.030
1668254703995,2022-11-12T14:05:03.995,156.440,0.823,-0.183,0.030
1668254704035,2022-11-12T14:05:04.035,156.480,0.854,-0.213,-0.061
1668254704075,2022-11-12T14:05:04.075,156.520,0.823,-0.183,0.000
1668254704115,2022-11-12T14:05:04.115,156.560,0.793,-0.152,0.000
1668254704155,2022-11-12T14:05:04.155,156.600,0.976,-0.122,-0.091
1668254704195,2022-11-12T14:05:04.195,156.640,0.701,-0.244,0.061
1668254704235,2022-11-12T14:05:04.235,156.680,0.732,-0.305,0.030
1668254704275,2022-11-12T14:05:04.275,156.720,0.915,-0.213,-0.061
1668254704315,2022-11-12T14:05:04.315,156.760,0.762,-0.152,0.030
1668254704355,2022-11-12T14:05:04.355,156.800,0.915,-0.183,-0.030
1668254704395,2022-11-12T14:05:04.395,156.840,0.823,-0.274,0.030
1668254704435,2022-11-12T14:05:04.435,156.880,0.793,-0.213,0.000
1668254704475,2022-11-12T14:05:04.475,156.920,0.854,-0.183,-0.061
1668254704515,2022-11-12T14:05:04.515,156.960,0.823,-0.244,0.030
1668254704555,2022-11-12T14:05:04.555,157.000,1.006,-0.213,-0.030
1668254704595,2022-11-12T14:05:04.595,157.040,0.793,-0.244,0.030
1668254704635,2022-11-12T14:05:04.635,157.080,0.671,-0.213,0.061
1668254704675,2022-11-12T14:05:04.675,157.120,0.884,-0.244,-0.061
1668254704715,2022-11-12T14:05:04.715,157.160,0.884,-0.274,0.000
1668254704755,2022-11-12T14:05:04.755,157.200,0.823,-0.305,0.000
1668254704795,2022-11-12T14:05:04.795,157.240,0.854,-0.183,0.000
1668254704835,2022-11-12T14:05:04.835,157.280,0.915,-0.213,-0.030
1668254704875,2022-11-12T14:05:04.875,157.320,0.823,-0.244,0.030
1668254704915,2022-11-12T14:05:04.915,157.360,0.854,-0.183,0.030
1668254704955,2022-11-12T14:05:04.955,157.400,0.854,-0.183,0.030
1668254704995,2022-11-12T14:05:04.995,157.440,0.915,-0.183,0.000
1668254705035,2022-11-12T14:05:05.035,157.480,0.701,-0.305,0.091
1668254705075,2022-11-12T14:05:05.075,157.520,0.823,-0.396,0.000
1668254705115,2022-11-12T14:05:05.115,157.560,0.823,-0.183,-0.030
1668254705155,2022-11-12T14:05:05.155,157.600,0.793,-0.122,0.030
1668254705195,2022-11-12T14:05:05.195,157.640,0.945,-0.213,0.000
1668254705235,2022-11-12T14:05:05.235,157.680,0.884,-0.183,0.061
1668254705275,2022-11-12T14:05:05.275,157.720,0.976,-0.122,-0.030
1668254705315,2022-11-12T14:05:05.315,157.760,0.915,-0.244,-0.030
1668254705355,2022-11-12T14:05:05.355,157.800,0.945,-0.244,-0.030
1668254705395,2022-11-12T14:05:05.395,157.840,0.854,-0.183,0.030
1668254705435,2022-11-12T14:05:05.435,157.880,0.762,-0.213,0.061
1668254705475,2022-11-12T14:05:05.475,157.920,0.945,-0.274,-0.030
1668254705515,2022-11-12T14:05:05.515,157.960,0.884,-0.244,0.061
1668254705555,2022-11-12T14:05:05.555,158.000,0.884,-0.152,-0.030
1668254705595,2022-11-12T14:05:05.595,158.040,0.854,-0.213,0.000
1668254705635,2022-11-12T14:05:05.635,158.080,0.823,-0.274,0.091
1668254705675,2022-11-12T14:05:05.675,158.120,0.793,-0.122,0.061
1668254705715,2022-11-12T14:05:05.715,158.160,0.793,-0.061,-0.030
1668254705755,2022-11-12T14:05:05.755,158.200,1.006,-0.122,-0.091
1668254705795,2022-11-12T14:05:05.795,158.240,0.793,-0.274,0.091
1668254705835,2022-11-12T14:05:05.835,158.280,0.884,-0.335,-0.030
1668254705875,2022-11-12T14:05:05.875,158.320,0.854,-0.152,-0.030
1668254705915,2022-11-12T14:05:05.915,158.360,0.793,-0.091,0.030
1668254705955,2022-11-12T14:05:05.955,158.400,0.823,-0.183,0.000
1668254705995,2022-11-12T14:05:05.995,158.440,0.732,-0.213,0.091
1668254706035,2022-11-12T14:05:06.035,158.480,0.854,-0.152,-0.030
1668254706075,2022-11-12T14:05:06.075,158.520,0.854,-0.213,-0.030
1668254706115,2022-11-12T14:05:06.115,158.560,0.884,-0.183,0.000
1668254706155,2022-11-12T14:05:06.155,158.600,0.823,-0.122,0.000
1668254706195,2022-11-12T14:05:06.195,158.640,0.671,-0.183,0.030
1668254706235,2022-11-12T14:05:06.235,158.680,0.762,-0.213,0.000
1668254706275,2022-11-12T14:05:06.275,158.720,0.884,-0.122,-0.030
1668254706315,2022-11-12T14:05:06.315,158.760,0.884,-0.152,-0.061
1668254706355,2022-11-12T14:05:06.355,158.800,0.884,-0.213,0.000
1668254706395,2022-11-12T14:05:06.395,158.840,0.854,-0.152,-0.030
1668254706435,2022-11-12T14:05:06.435,158.880,0.793,-0.122,0.000
1668254706475,2022-11-12T14:05:06.475,158.920,0.976,-0.091,-0.030
1668254706515,2022-11-12T14:05:06.515,158.960,0.701,-0.305,0.030
1668254706555,2022-11-12T14:05:06.555,159.000,0.671,-0.396,0.030
1668254706595,2022-11-12T14:05:06.595,159.040,0.854,-0.122,0.000
1668254706635,2022-11-12T14:05:06.635,159.080,0.823,-0.183,0.030
1668254706675,2022-11-12T14:05:06.675,159.120,0.884,-0.213,-0.030
1668254706715,2022-11-12T14:05:06.715,159.160,0.793,-0.152,0.061
1668254706755,2022-11-12T14:05:06.755,159.200,0.823,-0.152,0.030
1668254706795,2022-11-12T14:05:06.795,159.240,0.793,-0.183,-0.030
1668254706835,2022-11-12T14:05:06.835,159.280,0.823,-0.183,-0.030
1668254706875,2022-11-12T14:05:06.875,159.320,0.945,-0.152,-0.061
1668254706915,2022-11-12T14:05:06.915,159.360,0.823,-0.213,0.061
1668254706955,2022-11-12T14:05:06.955,159.400,0.762,-0.183,0.061
1668254706995,2022-11-12T14:05:06.995,159.440,0.884,-0.183,-0.030
1668254707035,2022-11-12T14:05:07.035,159.480,0.884,-0.183,0.000
1668254707075,2022-11-12T14:05:07.075,159.520,0.793,-0.183,-0.030
1668254707115,2022-11-12T14:05:07.115,159.560,0.823,-0.213,-0.030
1668254707155,2022-11-12T14:05:07.155,159.600,0.762,-0.183,-0.030
1668254707195,2022-11-12T14:05:07.195,159.640,0.823,-0.122,-0.030
1668254707235,2022-11-12T14:05:07.235,159.680,0.915,-0.122,-0.030
1668254707275,2022-11-12T14:05:07.275,159.720,0.701,-0.305,0.091
1668254707315,2022-11-12T14:05:07.315,159.760,0.915,-0.335,-0.030
1668254707355,2022-11-12T14:05:07.355,159.800,0.884,-0.122,-0.061
1668254707395,2022-11-12T14:05:07.395,159.840,0.762,-0.122,0.000
1668254707435,2022-11-12T14:05:07.435,159.880,0.915,-0.152,-0.061
1668254707475,2022-11-12T14:05:07.475,159.920,0.701,-0.122,0.061
1668254707515,2022-11-12T14:05:07.515,159.960,0.884,-0.152,-0.030
1668254707555,2022-11-12T14:05:07.555,160.000,0.945,-0.183,-0.030
1668254707595,2022-11-12T14:05:07.595,160.040,0.854,-0.213,0.000
1668254707635,2022-11-12T14:05:07.635,160.080,0.945,-0.183,-0.061
1668254707675,2022-11-12T14:05:07.675,160.120,0.762,-0.183,0.030
1668254707715,2022-11-12T14:05:07.715,160.160,0.793,-0.152,0.000
1668254707755,2022-11-12T14:05:07.755,160.200,0.976,-0.183,-0.091
1668254707795,2022-11-12T14:05:07.795,160.240,0.762,-0.213,0.000
1668254707835,2022-11-12T14:05:07.835,160.280,0.793,-0.213,0.030
1668254707875,2022-11-12T14:05:07.875,160.320,0.732,-0.213,0.000
1668254707915,2022-11-12T14:05:07.915,160.360,0.884,-0.213,-0.061
1668254707955,2022-11-12T14:05:07.955,160.400,0.884,-0.152,0.000
1668254707995,2022-11-12T14:05:07.995,160.440,0.762,-0.213,0.030
1668254708035,2022-11-12T14:05:08.035,160.480,0.915,-0.122,-0.030
1668254708075,2022-11-12T14:05:08.075,160.520,0.854,-0.122,0.061
1668254708115,2022-11-12T14:05:08.115,160.560,0.671,-0.335,0.061
1668254708155,2022-11-12T14:05:08.155,160.600,0.976,-0.274,-0.091
1668254708195,2022-11-12T14:05:08.195,160.640,0.823,-0.122,0.061
1668254708235,2022-11-12T14:05:08.235,160.680,0.854,-0.152,0.000
1668254708275,2022-11-12T14:05:08.275,160.720,0.884,-0.244,0.000
1668254708315,2022-11-12T14:05:08.315,160.760,0.701,-0.244,0.183
1668254708355,2022-11-12T14:05:08.355,160.800,0.854,-0.122,0.061
1668254708395,2022-11-12T14:05:08.395,160.840,0.976,-0.274,-0.061
1668254708435,2022-11-12T14:05:08.435,160.880,0.854,-0.213,0.000
1668254708475,2022-11-12T14:05:08.475,160.920,0.762,-0.152,0.030
1668254708515,2022-11-12T14:05:08.515,160.960,0.732,-0.213,0.061
1668254708555,2022-11-12T14:05:08.555,161.000,0.884,-0.244,-0.061
1668254708595,2022-11-12T14:05:08.595,161.040,0.762,-0.152,0.030
1668254708635,2022-11-12T14:05:08.635,161.080,0.854,-0.183,-0.030
1668254708675,2022-11-12T14:05:08.675,161.120,0.854,-0.183,-0.030
1668254708715,2022-11-12T14:05:08.715,161.160,0.732,-0.152,0.000
1668254708755,2022-11-12T14:05:08.755,161.200,0.884,-0.152,-0.030
1668254708795,2022-11-12T14:05:08.795,161.240,0.823,-0.244,0.000
1668254708835,2022-11-12T14:05:08.835,161.280,0.823,-0.244,-0.030
1668254708875,2022-11-12T14:05:08.875,161.320,0.884,-0.122,-0.061
1668254708915,2022-11-12T14:05:08.915,161.360,0.854,-0.152,0.000
1668254708955,2022-11-12T14:05:08.955,161.400,0.732,-0.366,0.061
1668254708995,2022-11-12T14:05:08.995,161.440,0.823,-0.335,0.030
1668254709035,2022-11-12T14:05:09.035,161.480,0.823,-0.213,0.030
1668254709075,2022-11-12T14:05:09.075,161.520,0.762,-0.213,0.030
1668254709115,2022-11-12T14:05:09.115,161.560,0.854,-0.244,-0.061
1668254709155,2022-11-12T14:05:09.155,161.600,0.732,-0.213,0.000
1668254709195,2022-11-12T14:05:09.195,161.640,0.884,-0.122,-0.091
1668254709235,2022-11-12T14:05:09.235,161.680,0.793,-0.152,-0.030
1668254709275,2022-11-12T14:05:09.275,161.720,0.915,-0.244,-0.030
1668254709315,2022-11-12T14:05:09.315,161.760,1.006,-0.244,-0.030
1668254709355,2022-11-12T14:05:09.355,161.800,0.640,-0.244,0.152
1668254709395,2022-11-12T14:05:09.395,161.840,0.854,-0.244,-0.061
1668254709435,2022-11-12T14:05:09.435,161.880,0.854,-0.335,0.000
1668254709475,2022-11-12T14:05:09.475,161.920,0.640,-0.213,0.122
1668254709515,2022-11-12T14:05:09.515,161.960,0.915,-0.213,-0.061
1668254709555,2022-11-12T14:05:09.555,162.000,0.823,-0.213,0.030
1668254709595,2022-11-12T14:05:09.595,162.040,0.732,-0.152,0.061
1668254709635,2022-11-12T14:05:09.635,162.080,0.945,-0.244,-0.030
1668254709675,2022-11-12T14:05:09.675,162.120,0.793,-0.274,0.000
1668254709715,2022-11-12T14:05:09.715,162.160,0.793,-0.152,-0.061
1668254709755,2022-11-12T14:05:09.755,162.200,0.976,-0.152,-0.030
1668254709795,2022-11-12T14:05:09.795,162.240,0.732,-0.396,0.061
1668254709835,2022-11-12T14:05:09.835,162.280,0.762,-0.366,-0.030
1668254709875,2022-11-12T14:05:09.875,162.320,0.762,-0.122,0.061
1668254709915,2022-11-12T14:05:09.915,162.360,0.823,-0.091,0.000
1668254709955,2022-11-12T14:05:09.955,162.400,0.854,-0.305,0.000
1668254709995,2022-11-12T14:05:09.995,162.440,0.732,-0.244,0.091
1668254710035,2022-11-12T14:05:10.035,162.480,0.915,-0.152,-0.061
1668254710075,2022-11-12T14:05:10.075,162.520,0.945,-0.305,-0.061
1668254710115,2022-11-12T14:05:10.115,162.560,0.915,-0.274,0.000
1668254710155,2022-11-12T14:05:10.155,162.600,0.823,-0.091,0.030
1668254710195,2022-11-12T14:05:10.195,162.640,0.732,-0.122,0.000
1668254710235,2022-11-12T14:05:10.235,162.680,0.823,-0.213,-0.091
1668254710275,2022-11-12T14:05:10.275,162.720,0.793,-0.152,0.030
1668254710315,2022-11-12T14:05:10.315,162.760,1.006,-0.122,-0.030
1668254710355,2022-11-12T14:05:10.355,162.800,0.854,-0.183,-0.030
1668254710395,2022-11-12T14:05:10.395,162.840,0.884,-0.183,-0.030
1668254710435,2022-11-12T14:05:10.435,162.880,0.762,-0.152,0.030
1668254710475,2022-11-12T14:05:10.475,162.920,0.762,-0.061,-0.030
1668254710515,2022-11-12T14:05:10.515,162.960,1.037,-0.061,-0.030
1668254710555,2022-11-12T14:05:10.555,163.000,0.671,-0.244,0.061
1668254710595,2022-11-12T14:05:10.595,163.040,0.762,-0.366,-0.030
1668254710635,2022-11-12T14:05:10.635,163.080,0.793,-0.152,0.000
1668254710675,2022-11-12T14:05:10.675,163.120,0.732,-0.061,0.030
1668254710715,2022-11-12T14:05:10.715,163.160,0.884,-0.213,-0.061
1668254710755,2022-11-12T14:05:10.755,163.200,0.823,-0.152,0.030
1668254710795,2022-11-12T14:05:10.795,163.240,0.823,-0.122,0.000
1668254710835,2022-11-12T14:05:10.835,163.280,0.976,-0.213,-0.061
1668254710875,2022-11-12T14:05:10.875,163.320,0.945,-0.183,-0.061
1668254710915,2022-11-12T14:05:10.915,163.360,0.854,-0.213,-0.030
1668254710955,2022-11-12T14:05:10.955,163.400,0.854,-0.091,0.000
1668254710995,2022-11-12T14:05:10.995,163.440,0.762,-0.091,0.000
1668254711035,2022-11-12T14:05:11.035,163.480,0.884,-0.152,-0.030
1668254711075,2022-11-12T14:05:11.075,163.520,0.884,-0.122,0.000
1668254711115,2022-11-12T14:05:11.115,163.560,0.762,-0.091,0.061
1668254711155,2022-11-12T14:05:11.155,163.600,1.189,0.000,-0.152
1668254711195,2022-11-12T14:05:11.195,163.640,1.128,0.061,-0.122
1668254711235,2022-11-12T14:05:11.235,163.680,0.945,-0.030,-0.030
1668254711275,2022-11-12T14:05:11.275,163.720,0.884,-0.091,-0.030
1668254711315,2022-11-12T14:05:11.315,163.760,0.701,-0.274,-0.030
1668254711355,2022-11-12T14:05:11.355,163.800,0.610,-0.427,0.091
1668254711395,2022-11-12T14:05:11.395,163.840,0.732,-0.335,0.000
1668254711435,2022-11-12T14:05:11.435,163.880,0.762,-0.213,0.030
1668254711475,2022-11-12T14:05:11.475,163.920,0.701,-0.244,0.030
1668254711515,2022-11-12T14:05:11.515,163.960,0.732,-0.305,0.000
1668254711555,2022-11-12T14:05:11.555,164.000,0.762,-0.183,0.091
1668254711595,2022-11-12T14:05:11.595,164.040,0.732,-0.152,-0.030
1668254711635,2022-11-12T14:05:11.635,164.080,0.701,-0.213,-0.061
1668254711675,2022-11-12T14:05:11.675,164.120,1.006,-0.122,-0.122
1668254711715,2022-11-12T14:05:11.715,164.160,0.701,-0.183,0.030
1668254711755,2022-11-12T14:05:11.755,164.200,0.671,-0.213,0.000
1668254711795,2022-11-12T14:05:11.795,164.240,0.915,-0.152,0.000
1668254711835,2022-11-12T14:05:11.835,164.280,0.854,-0.244,0.030
1668254711875,2022-11-12T14:05:11.875,164.320,0.945,-0.213,0.000
1668254711915,2022-11-12T14:05:11.915,164.360,0.793,-0.152,0.000
1668254711955,2022-11-12T14:05:11.955,164.400,0.823,-0.213,0.000
1668254711995,2022-11-12T14:05:11.995,164.440,0.884,-0.213,-0.030
1668254712035,2022-11-12T14:05:12.035,164.480,0.823,-0.244,0.030
1668254712075,2022-11-12T14:05:12.075,164.520,0.762,-0.152,0.030
1668254712115,2022-11-12T14:05:12.115,164.560,0.915,-0.122,-0.091
1668254712155,2022-11-12T14:05:12.155,164.600,0.732,-0.305,0.091
1668254712195,2022-11-12T14:05:12.195,164.640,0.793,-0.305,0.000
1668254712235,2022-11-12T14:05:12.235,164.680,0.976,-0.183,-0.061
1668254712275,2022-11-12T14:05:12.275,164.720,0.762,-0.152,0.061
1668254712315,2022-11-12T14:05:12.315,164.760,0.976,-0.152,-0.030
1668254712355,2022-11-12T14:05:12.355,164.800,0.823,-0.244,0.061
1668254712395,2022-11-12T14:05:12.395,164.840,0.793,-0.213,0.030
1668254712435,2022-11-12T14:05:12.435,164.880,0.793,-0.122,-0.030
1668254712475,2022-11-12T14:05:12.475,164.920,0.884,-0.244,0.030
1668254712515,2022-11-12T14:05:12.515,164.960,0.915,-0.183,0.000
1668254712555,2022-11-12T14:05:12.555,165.000,0.793,-0.183,0.061
1668254712595,2022-11-12T14:05:12.595,165.040,0.823,-0.183,0.000
1668254712635,2022-11-12T14:05:12.635,165.080,0.823,-0.213,0.000
1668254712675,2022-11-12T14:05:12.675,165.120,0.945,-0.183,-0.061
1668254712715,2022-11-12T14:05:12.715,165.160,0.793,-0.244,0.030
1668254712755,2022-11-12T14:05:12.755,165.200,0.793,-0.213,0.030
1668254712795,2022-11-12T14:05:12.795,165.240,0.915,-0.152,-0.030
1668254712835,2022-11-12T14:05:12.835,165.280,0.884,-0.213,0.030
1668254712875,2022-11-12T14:05:12.875,165.320,0.915,-0.183,-0.030
1668254712915,2022-11-12T14:05:12.915,165.360,0.823,-0.152,0.030
1668254712955,2022-11-12T14:05:12.955,165.400,0.884,-0.152,-0.030
1668254712995,2022-11-12T14:05:12.995,165.440,0.762,-0.244,0.030
1668254713035,2022-11-12T14:05:13.035,165.480,0.671,-0.427,0.061
1668254713075,2022-11-12T14:05:13.075,165.520,0.915,-0.274,-0.122
1668254713115,2022-11-12T14:05:13.115,165.560,0.823,-0.122,0.061
1668254713155,2022-11-12T14:05:13.155,165.600,0.884,-0.183,0.030
1668254713195,2022-11-12T14:05:13.195,165.640,0.762,-0.213,0.061
1668254713235,2022-11-12T14:05:13.235,165.680,0.762,-0.183,0.061
1668254713275,2022-11-12T14:05:13.275,165.720,0.884,-0.183,-0.091
1668254713315,2022-11-12T14:05:13.315,165.760,0.823,-0.274,0.030
1668254713355,2022-11-12T14:05:13.355,165.800,0.976,-0.183,-0.030
1668254713395,2022-11-12T14:05:13.395,165.840,0.854,-0.244,0.030
1668254713435,2022-11-12T14:05:13.435,165.880,0.762,-0.213,0.091
1668254713475,2022-11-12T14:05:13.475,165.920,0.915,-0.274,-0.061
1668254713515,2022-11-12T14:05:13.515,165.960,0.884,-0.244,0.061
1668254713555,2022-11-12T14:05:13.555,166.000,0.854,-0.244,0.061
1668254713595,2022-11-12T14:05:13.595,166.040,0.976,-0.244,-0.030
1668254713635,2022-11-12T14:05:13.635,166.080,0.854,-0.213,0.061
1668254713675,2022-11-12T14:05:13.675,166.120,0.915,-0.305,0.000
1668254713715,2022-11-12T14:05:13.715,166.160,0.762,-0.335,0.030
1668254713755,2022-11-12T14:05:13.755,166.200,0.823,-0.213,0.030
1668254713795,2022-11-12T14:05:13.795,166.240,0.915,-0.091,-0.061
1668254713835,2022-11-12T14:05:13.835,166.280,0.732,-0.244,0.061
1668254713875,2022-11-12T14:05:13.875,166.320,0.762,-0.457,-0.030
1668254713915,2022-11-12T14:05:13.915,166.360,0.854,-0.305,0.091
1668254713955,2022-11-12T14:05:13.955,166.400,0.762,-0.152,0.030
1668254713995,2022-11-12T14:05:13.995,166.440,0.915,-0.213,-0.091
1668254714035,2022-11-12T14:05:14.035,166.480,0.854,-0.305,0.061
1668254714075,2022-11-12T14:05:14.075,166.520,0.671,-0.244,0.091
1668254714115,2022-11-12T14:05:14.115,166.560,0.884,-0.244,0.000
1668254714155,2022-11-12T14:05:14.155,166.600,0.762,-0.213,0.030
1668254714195,2022-11-12T14:05:14.195,166.640,0.823,-0.152,0.000
1668254714235,2022-11-12T14:05:14.235,166.680,0.793,-0.244,0.030
1668254714275,2022-11-12T14:05:14.275,166.720,0.793,-0.213,0.030
1668254714315,2022-11-12T14:05:14.315,166.760,0.884,-0.213,0.030
1668254714355,2022-11-12T14:05:14.355,166.800,0.976,-0.213,0.000
1668254714395,2022-11-12T14:05:14.395,166.840,0.945,-0.122,-0.030
1668254714435,2022-11-12T14:05:14.435,166.880,0.854,-0.213,0.000
1668254714475,2022-11-12T14:05:14.475,166.920,0.854,-0.183,0.000
1668254714515,2022-11-12T14:05:14.515,166.960,0.762,-0.183,0.000
1668254714555,2022-11-12T14:05:14.555,167.000,0.854,-0.122,-0.091
1668254714595,2022-11-12T14:05:14.595,167.040,0.823,0.000,-0.030
1668254714635,2022-11-12T14:05:14.635,167.080,0.854,-0.274,-0.030
1668254714675,2022-11-12T14:05:14.675,167.120,0.762,-0.396,-0.030
1668254714715,2022-11-12T14:05:14.715,167.160,0.762,-0.152,-0.030
1668254714755,2022-11-12T14:05:14.755,167.200,0.854,-0.152,0.000
1668254714795,2022-11-12T14:05:14.795,167.240,0.915,-0.152,-0.030
1668254714835,2022-11-12T14:05:14.835,167.280,0.732,-0.122,0.091
1668254714875,2022-11-12T14:05:14.875,167.320,0.854,-0.122,0.030
1668254714915,2022-11-12T14:05:14.915,167.360,1.037,-0.152,-0.152
1668254714955,2022-11-12T14:05:14.955,167.400,0.915,-0.244,0.000
1668254714995,2022-11-12T14:05:14.995,167.440,0.884,-0.152,0.000
1668254715035,2022-11-12T14:05:15.035,167.480,0.762,-0.152,0.000
1668254715075,2022-11-12T14:05:15.075,167.520,0.732,-0.213,0.061
1668254715115,2022-11-12T14:05:15.115,167.560,0.762,-0.152,0.030
1668254715155,2022-11-12T14:05:15.155,167.600,0.915,-0.122,-0.061
1668254715195,2022-11-12T14:05:15.195,167.640,0.793,-0.152,0.030
1668254715235,2022-11-12T14:05:15.235,167.680,0.945,-0.183,0.000
1668254715275,2022-11-12T14:05:15.275,167.720,0.915,-0.152,-0.030
1668254715315,2022-11-12T14:05:15.315,167.760,0.854,-0.152,0.030
1668254715355,2022-11-12T14:05:15.355,167.800,1.006,-0.152,-0.061
1668254715395,2022-11-12T14:05:15.395,167.840,0.671,-0.274,0.000
1668254715435,2022-11-12T14:05:15.435,167.880,0.762,-0.244,-0.030
1668254715475,2022-11-12T14:05:15.475,167.920,0.762,-0.183,-0.030
1668254715515,2022-11-12T14:05:15.515,167.960,0.732,-0.152,0.030
1668254715555,2022-11-12T14:05:15.555,168.000,0.945,-0.183,-0.061
1668254715595,2022-11-12T14:05:15.595,168.040,0.640,-0.244,0.183
1668254715635,2022-11-12T14:05:15.635,168.080,0.762,-0.122,-0.061
1668254715675,2022-11-12T14:05:15.675,168.120,0.762,-0.183,-0.030
1668254715715,2022-11-12T14:05:15.715,168.160,0.854,-0.152,0.000
1668254715755,2022-11-12T14:05:15.755,168.200,1.128,-0.122,-0.152
1668254715795,2022-11-12T14:05:15.795,168.240,0.854,-0.213,0.030
1668254715835,2022-11-12T14:05:15.835,168.280,0.823,-0.213,0.061
1668254715875,2022-11-12T14:05:15.875,168.320,0.884,-0.244,0.000
1668254715915,2022-11-12T14:05:15.915,168.360,0.701,-0.183,0.030
1668254715955,2022-11-12T14:05:15.955,168.400,0.762,-0.183,-0.030
1668254715995,2022-11-12T14:05:15.995,168.440,0.854,-0.152,-0.061
1668254716035,2022-11-12T14:05:16.035,168.480,0.884,-0.091,-0.030
1668254716075,2022-11-12T14:05:16.075,168.520,0.915,-0.091,-0.091
1668254716115,2022-11-12T14:05:16.115,168.560,0.793,-0.244,0.000
1668254716155,2022-11-12T14:05:16.155,168.600,0.732,-0.366,0.061
1668254716195,2022-11-12T14:05:16.195,168.640,0.854,-0.183,-0.030
1668254716235,2022-11-12T14:05:16.235,168.680,0.823,-0.213,0.030
1668254716275,2022-11-12T14:05:16.275,168.720,0.915,-0.183,0.000
1668254716315,2022-11-12T14:05:16.315,168.760,0.793,-0.244,0.030
1668254716355,2022-11-12T14:05:16.355,168.800,0.732,-0.244,0.030
1668254716395,2022-11-12T14:05:16.395,168.840,0.915,-0.152,-0.030
1668254716435,2022-11-12T14:05:16.435,168.880,0.793,-0.274,0.061
1668254716475,2022-11-12T14:05:16.475,168.920,0.854,-0.213,0.000
1668254716515,2022-11-12T14:05:16.515,168.960,0.915,-0.213,-0.061
1668254716555,2022-11-12T14:05:16.555,169.000,0.732,-0.213,0.061
1668254716595,2022-11-12T14:05:16.595,169.040,0.793,-0.244,-0.030
1668254716635,2022-11-12T14:05:16.635,169.080,0.945,-0.213,-0.030
1668254716675,2022-11-12T14:05:16.675,169.120,0.732,-0.244,0.061
1668254716715,2022-11-12T14:05:16.715,169.160,0.854,-0.274,0.000
1668254716755,2022-11-12T14:05:16.755,169.200,0.915,-0.183,-0.030
1668254716795,2022-11-12T14:05:16.795,169.240,0.884,-0.152,0.030
1668254716835,2022-11-12T14:05:16.835,169.280,0.823,-0.244,0.091
1668254716875,2022-11-12T14:05:16.875,169.320,0.762,-0.396,0.000
1668254716915,2022-11-12T14:05:16.915,169.360,0.884,-0.366,-0.061
1668254716955,2022-11-12T14:05:16.955,169.400,0.640,-0.152,0.122
1668254716995,2022-11-12T14:05:16.995,169.440,0.854,-0.213,0.000
1668254717035,2022-11-12T14:05:17.035,169.480,0.945,-0.274,-0.061
1668254717075,2022-11-12T14:05:17.075,169.520,0.732,-0.152,0.061
1668254717115,2022-11-12T14:05:17.115,169.560,0.976,-0.183,-0.061
1668254717155,2022-11-12T14:05:17.155,169.600,0.793,-0.244,0.030
1668254717195,2022-11-12T14:05:17.195,169.640,0.976,-0.244,-0.030
1668254717235,2022-11-12T14:05:17.235,169.680,0.823,-0.274,0.030
1668254717275,2022-11-12T14:05:17.275,169.720,0.640,-0.213,0.122
1668254717315,2022-11-12T14:05:17.315,169.760,0.854,-0.213,0.030
1668254717355,2022-11-12T14:05:17.355,169.800,0.945,-0.213,0.000
1668254717395,2022-11-12T14:05:17.395,169.840,0.945,-0.244,0.000
1668254717435,2022-11-12T14:05:17.435,169.880,0.793,-0.152,0.091
1668254717475,2022-11-12T14:05:17.475,169.920,0.854,-0.122,-0.030
1668254717515,2022-11-12T14:05:17.515,169.960,0.854,-0.122,0.030
1668254717555,2022-11-12T14:05:17.555,170.000,0.793,-0.244,0.030
1668254717595,2022-11-12T14:05:17.595,170.040,0.884,-0.213,-0.061
1668254717635,2022-11-12T14:05:17.635,170.080,0.671,-0.122,0.030
1668254717675,2022-11-12T14:05:17.675,170.120,0.915,-0.091,-0.061
1668254717715,2022-11-12T14:05:17.715,170.160,0.762,-0.183,0.000
1668254717755,2022-11-12T14:05:17.755,170.200,0.762,-0.183,0.030
1668254717795,2022-11-12T14:05:17.795,170.240,0.976,-0.122,-0.122
1668254717835,2022-11-12T14:05:17.835,170.280,0.915,-0.183,-0.030
1668254717875,2022-11-12T14:05:17.875,170.320,0.976,-0.183,-0.030
1668254717915,2022-11-12T14:05:17.915,170.360,0.854,-0.152,0.030
1668254717955,2022-11-12T14:05:17.955,170.400,0.671,-0.183,0.061
1668254717995,2022-11-12T14:05:17.995,170.440,0.793,-0.244,-0.030
1668254718035,2022-11-12T14:05:18.035,170.480,0.854,-0.305,0.000
1668254718075,2022-11-12T14:05:18.075,170.520,0.854,-0.213,0.000
1668254718115,2022-11-12T14:05:18.115,170.560,0.793,-0.213,-0.030
1668254718155,2022-11-12T14:05:18.155,170.600,0.884,-0.122,-0.061
1668254718195,2022-11-12T14:05:18.195,170.640,0.854,-0.152,0.061
1668254718235,2022-11-12T14:05:18.235,170.680,0.701,-0.335,0.030
1668254718275,2022-11-12T14:05:18.275,170.720,0.793,-0.396,-0.030
1668254718315,2022-11-12T14:05:18.315,170.760,0.762,-0.152,0.030
1668254718355,2022-11-12T14:05:18.355,170.800,0.823,-0.152,-0.030
1668254718395,2022-11-12T14:05:18.395,170.840,0.945,-0.244,-0.030
1668254718435,2022-11-12T14:05:18.435,170.880,0.732,-0.244,0.122
1668254718475,2022-11-12T14:05:18.475,170.920,0.884,-0.122,-0.030
1668254718515,2022-11-12T14:05:18.515,170.960,0.823,-0.152,-0.030
1668254718555,2022-11-12T14:05:18.555,171.000,0.884,-0.213,-0.030
1668254718595,2022-11-12T14:05:18.595,171.040,0.884,-0.183,-0.030
1668254718635,2022-11-12T14:05:18.635,171.080,0.762,-0.122,0.091
1668254718675,2022-11-12T14:05:18.675,171.120,0.793,-0.213,0.000
1668254718715,2022-11-12T14:05:18.715,171.160,0.915,-0.213,-0.061
1668254718755,2022-11-12T14:05:18.755,171.200,0.854,-0.152,0.000
1668254718795,2022-11-12T14:05:18.795,171.240,0.793,-0.213,0.030
1668254718835,2022-11-12T14:05:18.835,171.280,0.823,-0.244,0.000
1668254718875,2022-11-12T14:05:18.875,171.320,0.854,-0.183,-0.030
1668254718915,2022-11-12T14:05:18.915,171.360,0.793,-0.091,0.000
1668254718955,2022-11-12T14:05:18.955,171.400,0.884,-0.061,-0.061
1668254718995,2022-11-12T14:05:18.995,171.440,0.762,-0.122,-0.061
1668254719035,2022-11-12T14:05:19.035,171.480,0.579,-0.335,0.061
1668254719075,2022-11-12T14:05:19.075,171.520,0.915,-0.213,-0.091
1668254719115,2022-11-12T14:05:19.115,171.560,0.762,-0.061,0.030
1668254719155,2022-11-12T14:05:19.155,171.600,0.823,-0.152,-0.061
1668254719195,2022-11-12T14:05:19.195,171.640,0.854,-0.213,-0.030
1668254719235,2022-11-12T14:05:19.235,171.680,0.762,-0.152,0.091
1668254719275,2022-11-12T14:05:19.275,171.720,0.945,-0.091,-0.122
1668254719315,2022-11-12T14:05:19.315,171.760,0.701,-0.122,-0.030
1668254719355,2022-11-12T14:05:19.355,171.800,0.915,-0.213,-0.122
1668254719395,2022-11-12T14:05:19.395,171.840,0.732,-0.183,0.000
1668254719435,2022-11-12T14:05:19.435,171.880,0.579,-0.152,0.152
1668254719475,2022-11-12T14:05:19.475,171.920,0.976,-0.152,-0.091
1668254719515,2022-11-12T14:05:19.515,171.960,0.945,-0.244,-0.030
1668254719555,2022-11-12T14:05:19.555,172.000,0.823,-0.152,0.061
1668254719595,2022-11-12T14:05:19.595,172.040,0.854,-0.183,-0.061
1668254719635,2022-11-12T14:05:19.635,172.080,0.823,-0.213,-0.030
1668254719675,2022-11-12T14:05:19.675,172.120,0.732,-0.152,0.061
1668254719715,2022-11-12T14:05:19.715,172.160,0.762,-0.183,0.030
1668254719755,2022-11-12T14:05:19.755,172.200,0.915,-0.244,-0.061
1668254719795,2022-11-12T14:05:19.795,172.240,0.823,-0.213,-0.030
1668254719835,2022-11-12T14:05:19.835,172.280,0.884,-0.091,-0.061
1668254719875,2022-11-12T14:05:19.875,172.320,0.793,-0.274,0.000
1668254719915,2022-11-12T14:05:19.915,172.360,0.610,-0.427,0.061
1668254719955,2022-11-12T14:05:19.955,172.400,0.945,-0.213,-0.122
1668254719995,2022-11-12T14:05:19.995,172.440,0.823,-0.213,0.000
1668254720035,2022-11-12T14:05:20.035,172.480,0.884,-0.244,0.000
1668254720075,2022-11-12T14:05:20.075,172.520,0.793,-0.244,0.061
1668254720115,2022-11-12T14:05:20.115,172.560,0.732,-0.274,0.122
1668254720155,2022-11-12T14:05:20.155,172.600,0.976,-0.213,-0.030
1668254720195,2022-11-12T14:05:20.195,172.640,0.823,-0.244,0.030
1668254720235,2022-11-12T14:05:20.235,172.680,0.884,-0.305,-0.061
1668254720275,2022-11-12T14:05:20.275,172.720,0.793,-0.244,0.061
1668254720315,2022-11-12T14:05:20.315,172.760,0.823,-0.213,0.061
1668254720355,2022-11-12T14:05:20.355,172.800,0.884,-0.274,0.000
1668254720395,2022-11-12T14:05:20.395,172.840,0.854,-0.274,0.000
1668254720435,2022-11-12T14:05:20.435,172.880,0.823,-0.183,0.061
1668254720475,2022-11-12T14:05:20.475,172.920,0.945,-0.213,0.000
1668254720515,2022-11-12T14:05:20.515,172.960,0.854,-0.305,0.000
1668254720555,2022-11-12T14:05:20.555,173.000,0.793,-0.274,0.061
1668254720595,2022-11-12T14:05:20.595,173.040,0.884,-0.244,0.000
1668254720635,2022-11-12T14:05:20.635,173.080,0.762,-0.122,0.030
1668254720675,2022-11-12T14:05:20.675,173.120,1.006,-0.091,-0.061
1668254720715,2022-11-12T14:05:20.715,173.160,0.823,-0.274,0.061
1668254720755,2022-11-12T14:05:20.755,173.200,0.793,-0.427,0.030
1668254720795,2022-11-12T14:05:20.795,173.240,0.854,-0.122,0.030
1668254720835,2022-11-12T14:05:20.835,173.280,0.823,-0.091,0.000
1668254720875,2022-11-12T14:05:20.875,173.320,0.823,-0.213,-0.030
1668254720915,2022-11-12T14:05:20.915,173.360,0.762,-0.213,0.091
1668254720955,2022-11-12T14:05:20.955,173.400,0.884,-0.183,0.000
1668254720995,2022-11-12T14:05:20.995,173.440,0.976,-0.213,-0.091
1668254721035,2022-11-12T14:05:21.035,173.480,0.915,-0.152,-0.030
1668254721075,2022-11-12T14:05:21.075,173.520,0.854,-0.183,-0.030
1668254721115,2022-11-12T14:05:21.115,173.560,0.671,-0.152,0.000
1668254721155,2022-11-12T14:05:21.155,173.600,0.884,-0.091,0.000
1668254721195,2022-11-12T14:05:21.195,173.640,0.945,-0.183,0.000
1668254721235,2022-11-12T14:05:21.235,173.680,0.884,-0.152,-0.091
1668254721275,2022-11-12T14:05:21.275,173.720,0.793,-0.122,-0.061
1668254721315,2022-11-12T14:05:21.315,173.760,0.823,-0.183,0.000
1668254721355,2022-11-12T14:05:21.355,173.800,0.823,-0.183,-0.091
1668254721395,2022-11-12T14:05:21.395,173.840,0.854,-0.122,-0.061
1668254721435,2022-11-12T14:05:21.435,173.880,0.915,-0.091,0.000
1668254721475,2022-11-12T14:05:21.475,173.920,0.732,-0.335,0.030
1668254721515,2022-11-12T14:05:21.515,173.960,0.762,-0.366,0.000
1668254721555,2022-11-12T14:05:21.555,174.000,0.823,-0.122,0.000
1668254721595,2022-11-12T14:05:21.595,174.040,0.823,-0.122,-0.061
1668254721635,2022-11-12T14:05:21.635,174.080,0.884,-0.244,-0.030
1668254721675,2022-11-12T14:05:21.675,174.120,0.793,-0.152,0.122
1668254721715,2022-11-12T14:05:21.715,174.160,0.976,-0.152,-0.061
1668254721755,2022-11-12T14:05:21.755,174.200,0.823,-0.213,-0.030
1668254721795,2022-11-12T14:05:21.795,174.240,0.976,-0.213,-0.061
1668254721835,2022-11-12T14:05:21.835,174.280,0.915,-0.152,-0.030
1668254721875,2022-11-12T14:05:21.875,174.320,0.640,-0.122,0.091
1668254721915,2022-11-12T14:05:21.915,174.360,0.823,-0.213,-0.061
1668254721955,2022-11-12T14:05:21.955,174.400,0.732,-0.244,0.000
1668254721995,2022-11-12T14:05:21.995,174.440,0.762,-0.152,0.030
1668254722035,2022-11-12T14:05:22.035,174.480,0.884,-0.152,-0.061
1668254722075,2022-11-12T14:05:22.075,174.520,1.037,-0.244,-0.030
1668254722115,2022-11-12T14:05:22.115,174.560,0.976,-0.152,0.030
1668254722155,2022-11-12T14:05:22.155,174.600,0.945,-0.122,0.000
1668254722195,2022-11-12T14:05:22.195,174.640,0.884,-0.152,-0.091
1668254722235,2022-11-12T14:05:22.235,174.680,0.640,-0.183,0.061
1668254722275,2022-11-12T14:05:22.275,174.720,0.701,-0.274,0.030
1668254722315,2022-11-12T14:05:22.315,174.760,0.823,-0.244,-0.061
1668254722355,2022-11-12T14:05:22.355,174.800,0.793,-0.152,0.000
1668254722395,2022-11-12T14:05:22.395,174.840,0.823,-0.152,0.000
1668254722435,2022-11-12T14:05:22.435,174.880,0.701,-0.213,-0.030
1668254722475,2022-11-12T14:05:22.475,174.920,0.610,-0.213,0.152
1668254722515,2022-11-12T14:05:22.515,174.960,1.037,-0.061,-0.030
1668254722555,2022-11-12T14:05:22.555,175.000,0.976,-0.274,-0.030
1668254722595,2022-11-12T14:05:22.595,175.040,1.006,-0.305,-0.061
1668254722635,2022-11-12T14:05:22.635,175.080,1.067,-0.122,-0.061
1668254722675,2022-11-12T14:05:22.675,175.120,0.762,-0.091,0.061
1668254722715,2022-11-12T14:05:22.715,175.160,1.067,-0.152,-0.152
1668254722755,2022-11-12T14:05:22.755,175.200,0.915,-0.152,-0.030
1668254722795,2022-11-12T14:05:22.795,175.240,0.732,-0.183,-0.030
1668254722835,2022-11-12T14:05:22.835,175.280,0.793,-0.213,-0.030
1668254722875,2022-11-12T14:05:22.875,175.320,0.823,-0.213,0.000
1668254722915,2022-11-12T14:05:22.915,175.360,0.762,-0.183,0.000
1668254722955,2022-11-12T14:05:22.955,175.400,1.006,-0.152,-0.030
1668254722995,2022-11-12T14:05:22.995,175.440,0.793,-0.183,0.030
1668254723035,2022-11-12T14:05:23.035,175.480,0.518,-0.335,0.091
1668254723075,2022-11-12T14:05:23.075,175.520,0.945,-0.305,-0.061
1668254723115,2022-11-12T14:05:23.115,175.560,0.854,-0.152,0.061
1668254723155,2022-11-12T14:05:23.155,175.600,1.006,-0.152,-0.030
1668254723195,2022-11-12T14:05:23.195,175.640,0.915,-0.274,0.000
1668254723235,2022-11-12T14:05:23.235,175.680,0.793,-0.183,0.091
1668254723275,2022-11-12T14:05:23.275,175.720,1.006,-0.122,-0.061
1668254723315,2022-11-12T14:05:23.315,175.760,0.701,-0.244,0.061
1668254723355,2022-11-12T14:05:23.355,175.800,0.915,-0.244,-0.061
1668254723395,2022-11-12T14:05:23.395,175.840,0.915,-0.244,0.030
1668254723435,2022-11-12T14:05:23.435,175.880,0.610,-0.274,0.152
1668254723475,2022-11-12T14:05:23.475,175.920,0.793,-0.335,-0.030
1668254723515,2022-11-12T14:05:23.515,175.960,0.976,-0.305,-0.091
1668254723555,2022-11-12T14:05:23.555,176.000,0.945,-0.244,0.030
1668254723595,2022-11-12T14:05:23.595,176.040,0.823,-0.274,0.030
1668254723635,2022-11-12T14:05:23.635,176.080,0.915,-0.366,-0.030
1668254723675,2022-11-12T14:05:23.675,176.120,0.610,-0.152,0.152
1668254723715,2022-11-12T14:05:23.715,176.160,0.884,-0.061,0.030
1668254723755,2022-11-12T14:05:23.755,176.200,0.854,-0.213,0.000
1668254723795,2022-11-12T14:05:23.795,176.240,0.884,-0.427,-0.030
1668254723835,2022-11-12T14:05:23.835,176.280,0.701,-0.274,0.091
1668254723875,2022-11-12T14:05:23.875,176.320,0.762,-0.152,0.061
1668254723915,2022-11-12T14:05:23.915,176.360,0.945,-0.183,-0.091
1668254723955,2022-11-12T14:05:23.955,176.400,0.671,-0.213,0.061
1668254723995,2022-11-12T14:05:23.995,176.440,0.915,-0.213,0.030
1668254724035,2022-11-12T14:05:24.035,176.480,0.976,-0.213,-0.061
1668254724075,2022-11-12T14:05:24.075,176.520,0.854,-0.305,0.000
1668254724115,2022-11-12T14:05:24.115,176.560,0.945,-0.244,0.000
1668254724155,2022-11-12T14:05:24.155,176.600,0.823,-0.244,0.122
1668254724195,2022-11-12T14:05:24.195,176.640,0.884,-0.274,0.122
1668254724235,2022-11-12T14:05:24.235,176.680,0.854,-0.213,0.000
1668254724275,2022-11-12T14:05:24.275,176.720,0.823,-0.183,0.030
1668254724315,2022-11-12T14:05:24.315,176.760,0.976,-0.213,-0.030
1668254724355,2022-11-12T14:05:24.355,176.800,0.823,-0.122,0.000
1668254724395,2022-11-12T14:05:24.395,176.840,0.854,-0.122,-0.091
1668254724435,2022-11-12T14:05:24.435,176.880,0.884,-0.061,0.000
1668254724475,2022-11-12T14:05:24.475,176.920,0.823,-0.305,0.000
1668254724515,2022-11-12T14:05:24.515,176.960,0.915,-0.305,0.030
1668254724555,2022-11-12T14:05:24.555,177.000,0.762,-0.213,0.152
1668254724595,2022-11-12T14:05:24.595,177.040,0.854,-0.274,0.030
1668254724635,2022-11-12T14:05:24.635,177.080,0.793,-0.274,-0.030
1668254724675,2022-11-12T14:05:24.675,177.120,0.854,-0.152,0.030
1668254724715,2022-11-12T14:05:24.715,177.160,0.732,-0.213,0.091
1668254724755,2022-11-12T14:05:24.755,177.200,0.823,-0.274,0.000
1668254724795,2022-11-12T14:05:24.795,177.240,0.884,-0.183,-0.061
1668254724835,2022-11-12T14:05:24.835,177.280,0.732,-0.183,0.091
1668254724875,2022-11-12T14:05:24.875,177.320,0.793,-0.183,0.061
1668254724915,2022-11-12T14:05:24.915,177.360,0.884,-0.152,-0.122
1668254724955,2022-11-12T14:05:24.955,177.400,0.854,-0.183,-0.061
1668254724995,2022-11-12T14:05:24.995,177.440,0.884,-0.213,-0.030
1668254725035,2022-11-12T14:05:25.035,177.480,0.671,-0.152,-0.030
1668254725075,2022-11-12T14:05:25.075,177.520,0.823,-0.122,-0.030
1668254725115,2022-11-12T14:05:25.115,177.560,0.579,-0.244,0.091
1668254725155,2022-11-12T14:05:25.155,177.600,0.610,-0.488,0.030
1668254725195,2022-11-12T14:05:25.195,177.640,0.549,-0.488,-0.030
1668254725235,2022-11-12T14:05:25.235,177.680,-0.183,-0.671,0.122
1668254725275,2022-11-12T14:05:25.275,177.720,-0.518,-0.610,0.244
1668254725315,2022-11-12T14:05:25.315,177.760,0.213,-0.244,0.122
1668254725355,2022-11-12T14:05:25.355,177.800,0.335,-0.213,-0.061
1668254725395,2022-11-12T14:05:25.395,177.840,0.305,-0.457,0.183
1668254725435,2022-11-12T14:05:25.435,177.880,0.305,-0.915,0.061
1668254725475,2022-11-12T14:05:25.475,177.920,-0.823,-1.250,0.427
1668254725515,2022-11-12T14:05:25.515,177.960,-0.183,-0.915,0.396
1668254725555,2022-11-12T14:05:25.555,178.000,0.274,-0.640,0.457
1668254725595,2022-11-12T14:05:25.595,178.040,-0.457,-0.610,0.549
1668254725635,2022-11-12T14:05:25.635,178.080,0.335,-0.701,0.091
1668254725675,2022-11-12T14:05:25.675,178.120,0.945,-0.549,0.000
1668254725715,2022-11-12T14:05:25.715,178.160,0.762,-0.518,-0.030
1668254725755,2022-11-12T14:05:25.755,178.200,0.945,-0.549,-0.091
1668254725795,2022-11-12T14:05:25.795,178.240,1.098,-0.183,-0.122
1668254725835,2022-11-12T14:05:25.835,178.280,0.884,-0.244,0.091
1668254725875,2022-11-12T14:05:25.875,178.320,0.854,-0.610,-0.030
1668254725915,2022-11-12T14:05:25.915,178.360,0.274,-0.335,0.183
1668254725955,2022-11-12T14:05:25.955,178.400,0.976,0.305,0.274
1668254725995,2022-11-12T14:05:25.995,178.440,2.134,0.396,-0.244
1668254726035,2022-11-12T14:05:26.035,178.480,1.280,0.183,0.244
1668254726075,2022-11-12T14:05:26.075,178.520,1.707,0.427,-0.213
1668254726115,2022-11-12T14:05:26.115,178.560,1.463,-0.945,-0.579
1668254726155,2022-11-12T14:05:26.155,178.600,-0.122,-1.250,0.732
1668254726195,2022-11-12T14:05:26.195,178.640,-0.305,-0.518,1.372
1668254726235,2022-11-12T14:05:26.235,178.680,0.091,0.061,0.488
1668254726275,2022-11-12T14:05:26.275,178.720,1.280,-0.061,0.030
1668254726315,2022-11-12T14:05:26.315,178.760,0.640,-0.732,-0.030
1668254726355,2022-11-12T14:05:26.355,178.800,-0.488,-0.213,0.823
1668254726395,2022-11-12T14:05:26.395,178.840,1.799,0.945,0.427
1668254726435,2022-11-12T14:05:26.435,178.880,2.744,0.701,-0.457
1668254726475,2022-11-12T14:05:26.475,178.920,1.921,-0.183,-0.488
1668254726515,2022-11-12T14:05:26.515,178.960,1.951,-0.335,0.152
1668254726555,2022-11-12T14:05:26.555,179.000,1.494,-0.884,-0.122
1668254726595,2022-11-12T14:05:26.595,179.040,1.463,-0.457,-0.335
1668254726635,2022-11-12T14:05:26.635,179.080,1.280,-0.610,0.915
1668254726675,2022-11-12T14:05:26.675,179.120,-2.530,0.579,2.774
1668254726715,2022-11-12T14:05:26.715,179.160,-0.122,-0.549,0.793
1668254726755,2022-11-12T14:05:26.755,179.200,-0.122,-0.823,-0.122
1668254726795,2022-11-12T14:05:26.795,179.240,-0.061,-0.274,-0.823
1668254726835,2022-11-12T14:05:26.835,179.280,-0.183,0.091,0.183
1668254726875,2022-11-12T14:05:26.875,179.320,0.000,0.549,0.396
1668254726915,2022-11-12T14:05:26.915,179.360,-0.671,-0.061,-0.274
1668254726955,2022-11-12T14:05:26.955,179.400,0.213,0.122,-0.976
1668254726995,2022-11-12T14:05:26.995,179.440,-2.287,1.982,-0.732
1668254727035,2022-11-12T14:05:27.035,179.480,-2.683,1.799,0.030
1668254727075,2022-11-12T14:05:27.075,179.520,0.183,0.000,-1.372
1668254727115,2022-11-12T14:05:27.115,179.560,-0.396,-0.366,-2.256
1668254727155,2022-11-12T14:05:27.155,179.600,-1.128,-0.488,-1.463
1668254727195,2022-11-12T14:05:27.195,179.640,-1.220,0.122,-0.671
1668254727235,2022-11-12T14:05:27.235,179.680,-1.372,2.287,-1.463
1668254727275,2022-11-12T14:05:27.275,179.720,-0.213,3.811,-2.835
1668254727315,2022-11-12T14:05:27.315,179.760,-0.091,3.201,-1.280
1668254727355,2022-11-12T14:05:27.355,179.800,-0.854,2.073,0.396
1668254727395,2022-11-12T14:05:27.395,179.840,0.518,1.616,-1.189
1668254727435,2022-11-12T14:05:27.435,179.880,0.884,1.159,-1.677
1668254727475,2022-11-12T14:05:27.475,179.920,2.957,-0.122,-1.280
1668254727515,2022-11-12T14:05:27.515,179.960,3.171,-0.366,-1.250
1668254727555,2022-11-12T14:05:27.555,180.000,0.152,0.579,-1.250
1668254727595,2022-11-12T14:05:27.595,180.040,1.890,1.372,-2.195
1668254727635,2022-11-12T14:05:27.635,180.080,3.689,1.494,-2.896
1668254727675,2022-11-12T14:05:27.675,180.120,2.622,1.037,-2.378
1668254727715,2022-11-12T14:05:27.715,180.160,-0.396,0.579,-2.713
1668254727755,2022-11-12T14:05:27.755,180.200,-0.183,-0.122,-2.043
1668254727795,2022-11-12T14:05:27.795,180.240,0.457,-0.671,-0.701
1668254727835,2022-11-12T14:05:27.835,180.280,0.091,-0.274,-0.030
1668254727875,2022-11-12T14:05:27.875,180.320,0.579,-0.244,-0.030
1668254727915,2022-11-12T14:05:27.915,180.360,1.098,0.061,-0.884
1668254727955,2022-11-12T14:05:27.955,180.400,0.244,-0.122,-0.366
1668254727995,2022-11-12T14:05:27.995,180.440,0.244,-0.427,-0.213
1668254728035,2022-11-12T14:05:28.035,180.480,-0.183,-0.335,-0.183
1668254728075,2022-11-12T14:05:28.075,180.520,-0.671,0.061,-0.183
1668254728115,2022-11-12T14:05:28.115,180.560,0.213,-0.457,-0.152
1668254728155,2022-11-12T14:05:28.155,180.600,1.037,0.061,-0.122
1668254728195,2022-11-12T14:05:28.195,180.640,1.799,0.335,-0.549
1668254728235,2022-11-12T14:05:28.235,180.680,1.799,-0.030,-0.823
1668254728275,2022-11-12T14:05:28.275,180.720,2.134,-0.732,-0.518
1668254728315,2022-11-12T14:05:28.315,180.760,2.195,-0.793,-0.701
1668254728355,2022-11-12T14:05:28.355,180.800,2.043,0.030,-1.037
1668254728395,2022-11-12T14:05:28.395,180.840,0.457,1.738,-2.256
1668254728435,2022-11-12T14:05:28.435,180.880,0.274,3.598,-2.927
1668254728475,2022-11-12T14:05:28.475,180.920,2.530,2.866,-1.463
1668254728515,2022-11-12T14:05:28.515,180.960,0.701,1.402,-0.854
1668254728555,2022-11-12T14:05:28.555,181.000,-1.829,0.610,-1.220
1668254728595,2022-11-12T14:05:28.595,181.040,-0.549,-0.488,-0.427
1668254728635,2022-11-12T14:05:28.635,181.080,-0.823,0.122,-0.732
1668254728675,2022-11-12T14:05:28.675,181.120,-1.037,0.518,-0.701
1668254728715,2022-11-12T14:05:28.715,181.160,1.433,-0.640,0.122
1668254728755,2022-11-12T14:05:28.755,181.200,3.384,-1.951,0.305
1668254728795,2022-11-12T14:05:28.795,181.240,1.189,-1.159,-0.518
1668254728835,2022-11-12T14:05:28.835,181.280,0.061,0.000,-0.549
1668254728875,2022-11-12T14:05:28.875,181.320,1.372,0.122,-0.488
1668254728915,2022-11-12T14:05:28.915,181.360,-0.061,0.854,-1.372
1668254728955,2022-11-12T14:05:28.955,181.400,-1.555,1.463,-2.195
1668254728995,2022-11-12T14:05:28.995,181.440,0.122,-0.274,-1.677
1668254729035,2022-11-12T14:05:29.035,181.480,1.890,0.671,-1.463
1668254729075,2022-11-12T14:05:29.075,181.520,3.963,0.701,-0.518
1668254729115,2022-11-12T14:05:29.115,181.560,4.177,-0.152,0.579
1668254729155,2022-11-12T14:05:29.155,181.600,2.409,-0.061,0.945
1668254729195,2022-11-12T14:05:29.195,181.640,0.396,0.061,0.396
1668254729235,2022-11-12T14:05:29.235,181.680,0.549,0.244,-0.183
1668254729275,2022-11-12T14:05:29.275,181.720,0.457,0.640,-0.396
1668254729315,2022-11-12T14:05:29.315,181.760,0.640,0.152,0.122
1668254729355,2022-11-12T14:05:29.355,181.800,1.220,0.091,0.396
1668254729395,2022-11-12T14:05:29.395,181.840,1.067,-0.579,0.152
1668254729435,2022-11-12T14:05:29.435,181.880,1.677,0.244,-0.152
1668254729475,2022-11-12T14:05:29.475,181.920,1.463,1.829,-1.037
1668254729515,2022-11-12T14:05:29.515,181.960,1.738,0.854,-0.366
1668254729555,2022-11-12T14:05:29.555,182.000,2.012,2.439,0.152
1668254729595,2022-11-12T14:05:29.595,182.040,-0.030,5.061,-2.226
1668254729635,2022-11-12T14:05:29.635,182.080,4.268,4.146,-4.665
1668254729675,2022-11-12T14:05:29.675,182.120,2.378,9.512,-7.348
1668254729715,2022-11-12T14:05:29.715,182.160,4.634,12.774,-4.726
1668254729755,2022-11-12T14:05:29.755,182.200,5.396,5.000,0.061
1668254729795,2022-11-12T14:05:29.795,182.240,3.476,1.829,-1.616
1668254729835,2022-11-12T14:05:29.835,182.280,4.329,7.744,-5.762
1668254729875,2022-11-12T14:05:29.875,182.320,3.963,10.000,-8.049
1668254729915,2022-11-12T14:05:29.915,182.360,4.299,10.305,-7.652
1668254729955,2022-11-12T14:05:29.955,182.400,7.348,12.652,-5.976
1668254729995,2022-11-12T14:05:29.995,182.440,3.110,13.415,-6.585
1668254730035,2022-11-12T14:05:30.035,182.480,0.427,10.732,-6.220
1668254730075,2022-11-12T14:05:30.075,182.520,3.049,7.866,-4.848
1668254730115,2022-11-12T14:05:30.115,182.560,3.384,9.512,-5.610
1668254730155,2022-11-12T14:05:30.155,182.600,5.396,10.732,-4.146
1668254730195,2022-11-12T14:05:30.195,182.640,3.689,13.140,-7.226
1668254730235,2022-11-12T14:05:30.235,182.680,-4.726,19.878,-14.817
1668254730275,2022-11-12T14:05:30.275,182.720,-0.366,19.451,-13.933
1668254730315,2022-11-12T14:05:30.315,182.760,2.896,20.183,-11.921
1668254730355,2022-11-12T14:05:30.355,182.800,0.000,22.165,-13.628
1668254730395,2022-11-12T14:05:30.395,182.840,4.177,23.598,-12.500
1668254730435,2022-11-12T14:05:30.435,182.880,7.104,20.091,-9.787
1668254730475,2022-11-12T14:05:30.475,182.920,5.793,21.677,-11.128
1668254730515,2022-11-12T14:05:30.515,182.960,5.671,22.530,-11.707
1668254730555,2022-11-12T14:05:30.555,183.000,1.555,24.573,-14.268
1668254730595,2022-11-12T14:05:30.595,183.040,-6.220,28.171,-18.780
1668254730635,2022-11-12T14:05:30.635,183.080,-14.085,32.500,-22.348
1668254730675,2022-11-12T14:05:30.675,183.120,-9.421,31.677,-18.628
1668254730715,2022-11-12T14:05:30.715,183.160,-2.500,28.415,-12.896
1668254730755,2022-11-12T14:05:30.755,183.200,-1.494,26.524,-10.213
1668254730795,2022-11-12T14:05:30.795,183.240,3.659,23.933,-9.329
1668254730835,2022-11-12T14:05:30.835,183.280,2.622,22.713,-7.896
1668254730875,2022-11-12T14:05:30.875,183.320,3.567,21.829,-4.024
1668254730915,2022-11-12T14:05:30.915,183.360,5.244,22.256,-2.591
1668254730955,2022-11-12T14:05:30.955,183.400,5.793,23.506,-3.049
1668254730995,2022-11-12T14:05:30.995,183.440,4.451,23.628,-3.567
1668254731035,2022-11-12T14:05:31.035,183.480,9.390,28.018,-4.756
1668254731075,2022-11-12T14:05:31.075,183.520,12.927,31.829,-11.585
1668254731115,2022-11-12T14:05:31.115,183.560,11.616,33.293,-10.823
1668254731155,2022-11-12T14:05:31.155,183.600,9.634,30.579,-7.866
1668254731195,2022-11-12T14:05:31.195,183.640,8.750,26.768,-6.280
1668254731235,2022-11-12T14:05:31.235,183.680,8.963,24.482,-5.823
1668254731275,2022-11-12T14:05:31.275,183.720,1.738,28.293,-10.152
1668254731315,2022-11-12T14:05:31.315,183.760,-0.732,27.134,-11.006
1668254731355,2022-11-12T14:05:31.355,183.800,-7.012,24.085,-9.573
1668254731395,2022-11-12T14:05:31.395,183.840,-8.079,23.537,-5.762
1668254731435,2022-11-12T14:05:31.435,183.880,-8.110,26.280,-2.134
1668254731475,2022-11-12T14:05:31.475,183.920,-5.488,21.128,-2.134
1668254731515,2022-11-12T14:05:31.515,183.960,-5.396,20.488,-5.213
1668254731555,2022-11-12T14:05:31.555,184.000,-2.866,15.976,-5.305
1668254731595,2022-11-12T14:05:31.595,184.040,3.140,11.585,-3.963
1668254731635,2022-11-12T14:05:31.635,184.080,4.329,11.829,-6.128
1668254731675,2022-11-12T14:05:31.675,184.120,5.061,5.427,-2.652
1668254731715,2022-11-12T14:05:31.715,184.160,2.470,3.963,-2.622
1668254731755,2022-11-12T14:05:31.755,184.200,-0.488,-3.049,0.518
1668254731795,2022-11-12T14:05:31.795,184.240,-7.561,-10.640,3.384
1668254731835,2022-11-12T14:05:31.835,184.280,-27.409,-52.500,17.622
1668254731875,2022-11-12T14:05:31.875,184.320,-94.756,-350.671,102.226
1668254731915,2022-11-12T14:05:31.915,184.360,-127.256,-889.268,209.787
1668254731955,2022-11-12T14:05:31.955,184.400,-205.793,-814.695,41.799
1668254731995,2022-11-12T14:05:31.995,184.440,-161.463,-287.896,3.902
1668254732035,2022-11-12T14:05:32.035,184.480,-134.939,-100.549,83.110
1668254732075,2022-11-12T14:05:32.075,184.520,-32.287,-123.780,4.817
1668254732115,2022-11-12T14:05:32.115,184.560,-35.030,9.817,24.787
1668254732155,2022-11-12T14:05:32.155,184.600,-8.476,31.890,13.232
1668254732195,2022-11-12T14:05:32.195,184.640,8.323,-18.384,-17.043
1668254732235,2022-11-12T14:05:32.235,184.680,-8.598,8.445,11.646
1668254732275,2022-11-12T14:05:32.275,184.720,8.384,8.323,-2.256
1668254732315,2022-11-12T14:05:32.315,184.760,17.287,-8.506,-17.195
1668254732355,2022-11-12T14:05:32.355,184.800,3.780,-9.604,-1.768
1668254732395,2022-11-12T14:05:32.395,184.840,8.963,-5.061,-9.085
1668254732435,2022-11-12T14:05:32.435,184.880,12.226,2.500,-6.524
1668254732475,2022-11-12T14:05:32.475,184.920,3.628,11.585,6.067
1668254732515,2022-11-12T14:05:32.515,184.960,5.000,1.402,-2.957
1668254732555,2022-11-12T14:05:32.555,185.000,11.768,14.817,-9.299
1668254732595,2022-11-12T14:05:32.595,185.040,9.787,28.293,0.122
1668254732635,2022-11-12T14:05:32.635,185.080,10.122,29.390,-0.335
1668254732675,2022-11-12T14:05:32.675,185.120,2.774,33.323,5.671
1668254732715,2022-11-12T14:05:32.715,185.160,2.317,25.457,4.665
1668254732755,2022-11-12T14:05:32.755,185.200,6.738,25.305,2.805
1668254732795,2022-11-12T14:05:32.795,185.240,1.921,26.860,7.226
1668254732835,2022-11-12T14:05:32.835,185.280,9.085,18.720,-0.518
1668254732875,2022-11-12T14:05:32.875,185.320,11.189,22.439,-1.280
1668254732915,2022-11-12T14:05:32.915,185.360,10.457,28.262,-0.640
1668254732955,2022-11-12T14:05:32.955,185.400,8.415,23.780,-2.134
1668254732995,2022-11-12T14:05:32.995,185.440,12.805,27.744,-4.665
1668254733035,2022-11-12T14:05:33.035,185.480,16.006,36.555,-4.634
1668254733075,2022-11-12T14:05:33.075,185.520,17.683,49.695,-2.226
1668254733115,2022-11-12T14:05:33.115,185.560,20.427,51.098,-0.640
1668254733155,2022-11-12T14:05:33.155,185.600,17.866,31.402,-4.970
1668254733195,2022-11-12T14:05:33.195,185.640,15.793,23.506,-5.152
1668254733235,2022-11-12T14:05:33.235,185.680,5.793,20.640,-1.067
1668254733275,2022-11-12T14:05:33.275,185.720,6.006,15.701,-0.122
1668254733315,2022-11-12T14:05:33.315,185.760,5.213,16.707,2.073
1668254733355,2022-11-12T14:05:33.355,185.800,6.067,16.585,-0.274
1668254733395,2022-11-12T14:05:33.395,185.840,8.171,13.689,-2.012
1668254733435,2022-11-12T14:05:33.435,185.880,5.457,18.079,-1.768
1668254733475,2022-11-12T14:05:33.475,185.920,24.543,30.793,-9.543
1668254733515,2022-11-12T14:05:33.515,185.960,12.104,26.555,-3.262
1668254733555,2022-11-12T14:05:33.555,186.000,2.927,18.445,-1.402
1668254733595,2022-11-12T14:05:33.595,186.040,10.061,16.341,-4.665
1668254733635,2022-11-12T14:05:33.635,186.080,2.348,11.220,-1.433
1668254733675,2022-11-12T14:05:33.675,186.120,6.890,10.915,-2.774
1668254733715,2022-11-12T14:05:33.715,186.160,4.085,9.146,0.000
1668254733755,2022-11-12T14:05:33.755,186.200,-2.165,4.573,1.128
1668254733795,2022-11-12T14:05:33.795,186.240,3.201,7.957,-2.348
1668254733835,2022-11-12T14:05:33.835,186.280,-0.854,12.439,0.701
1668254733875,2022-11-12T14:05:33.875,186.320,5.732,9.848,-1.372
1668254733915,2022-11-12T14:05:33.915,186.360,16.189,9.299,-2.317
1668254733955,2022-11-12T14:05:33.955,186.400,18.567,9.970,-2.043
1668254733995,2022-11-12T14:05:33.995,186.440,8.689,3.079,-1.555
1668254734035,2022-11-12T14:05:34.035,186.480,3.506,5.091,-1.524
1668254734075,2022-11-12T14:05:34.075,186.520,2.530,11.616,-1.341
1668254734115,2022-11-12T14:05:34.115,186.560,-0.732,13.841,-0.061
1668254734155,2022-11-12T14:05:34.155,186.600,4.817,22.683,0.518
1668254734195,2022-11-12T14:05:34.195,186.640,7.622,23.506,1.951
1668254734235,2022-11-12T14:05:34.235,186.680,2.652,5.884,1.463
1668254734275,2022-11-12T14:05:34.275,186.720,1.585,2.012,1.280
1668254734315,2022-11-12T14:05:34.315,186.760,-1.616,0.793,2.134
1668254734355,2022-11-12T14:05:34.355,186.800,1.280,3.293,-0.213
1668254734395,2022-11-12T14:05:34.395,186.840,2.927,8.323,-2.195
1668254734435,2022-11-12T14:05:34.435,186.880,0.457,7.896,-0.976
1668254734475,2022-11-12T14:05:34.475,186.920,6.402,6.982,-1.067
1668254734515,2022-11-12T14:05:34.515,186.960,15.030,9.451,-1.799
1668254734555,2022-11-12T14:05:34.555,187.000,13.933,12.530,-2.744
1668254734595,2022-11-12T14:05:34.595,187.040,6.707,15.518,-2.348
1668254734635,2022-11-12T14:05:34.635,187.080,-0.335,21.250,-2.134
1668254734675,2022-11-12T14:05:34.675,187.120,1.159,20.732,-4.573
1668254734715,2022-11-12T14:05:34.715,187.160,-1.220,20.061,-6.341
1668254734755,2022-11-12T14:05:34.755,187.200,-11.372,27.500,-3.232
1668254734795,2022-11-12T14:05:34.795,187.240,-5.701,29.360,-3.659
1668254734835,2022-11-12T14:05:34.835,187.280,6.341,26.128,-4.543
1668254734875,2022-11-12T14:05:34.875,187.320,5.732,37.652,-2.256
1668254734915,2022-11-12T14:05:34.915,187.360,2.988,37.226,-1.311
1668254734955,2022-11-12T14:05:34.955,187.400,-5.457,20.396,-0.762
1668254734995,2022-11-12T14:05:34.995,187.440,-4.085,14.848,0.335
1668254735035,2022-11-12T14:05:35.035,187.480,-4.726,12.409,1.524
1668254735075,2022-11-12T14:05:35.075,187.520,0.976,12.988,-0.610
1668254735115,2022-11-12T14:05:35.115,187.560,8.384,20.671,-2.622
1668254735155,2022-11-12T14:05:35.155,187.600,6.250,24.360,-3.262
1668254735195,2022-11-12T14:05:35.195,187.640,7.378,22.470,-3.659
1668254735235,2022-11-12T14:05:35.235,187.680,8.415,22.622,-2.957
1668254735275,2022-11-12T14:05:35.275,187.720,7.927,26.006,-4.085
1668254735315,2022-11-12T14:05:35.315,187.760,9.238,21.860,-3.933
1668254735355,2022-11-12T14:05:35.355,187.800,6.402,22.713,-1.860
1668254735395,2022-11-12T14:05:35.395,187.840,12.104,28.902,-2.530
1668254735435,2022-11-12T14:05:35.435,187.880,10.762,22.683,-2.378
1668254735475,2022-11-12T14:05:35.475,187.920,10.549,24.146,-3.018
1668254735515,2022-11-12T14:05:35.515,187.960,6.646,23.445,-2.378
1668254735555,2022-11-12T14:05:35.555,188.000,1.829,13.720,-0.732
1668254735595,2022-11-12T14:05:35.595,188.040,2.287,11.646,0.030
1668254735635,2022-11-12T14:05:35.635,188.080,3.415,14.482,0.152
1668254735675,2022-11-12T14:05:35.675,188.120,7.530,16.951,-2.195
1668254735715,2022-11-12T14:05:35.715,188.160,6.433,22.287,-3.201
1668254735755,2022-11-12T14:05:35.755,188.200,-0.366,17.896,-2.317
1668254735795,2022-11-12T14:05:35.795,188.240,-8.323,14.634,-0.976
1668254735835,2022-11-12T14:05:35.835,188.280,-0.884,20.305,-2.591
1668254735875,2022-11-12T14:05:35.875,188.320,5.884,23.841,-4.329
1668254735915,2022-11-12T14:05:35.915,188.360,5.366,23.872,-4.604
1668254735955,2022-11-12T14:05:35.955,188.400,5.488,18.720,-4.085
1668254735995,2022-11-12T14:05:35.995,188.440,8.201,16.860,-3.811
1668254736035,2022-11-12T14:05:36.035,188.480,7.470,16.463,-3.720
1668254736075,2022-11-12T14:05:36.075,188.520,2.043,12.835,-1.982
1668254736115,2022-11-12T14:05:36.115,188.560,2.591,11.890,-1.860
1668254736155,2022-11-12T14:05:36.155,188.600,5.915,13.171,-3.628
1668254736195,2022-11-12T14:05:36.195,188.640,5.488,15.457,-4.116
1668254736235,2022-11-12T14:05:36.235,188.680,9.207,20.030,-4.024
1668254736275,2022-11-12T14:05:36.275,188.720,11.006,22.561,-4.878
1668254736315,2022-11-12T14:05:36.315,188.760,8.140,20.884,-5.915
1668254736355,2022-11-12T14:05:36.355,188.800,7.287,20.183,-5.732
1668254736395,2022-11-12T14:05:36.395,188.840,11.220,25.030,-4.909
1668254736435,2022-11-12T14:05:36.435,188.880,12.195,30.915,-6.433
1668254736475,2022-11-12T14:05:36.475,188.920,9.451,36.037,-8.537
1668254736515,2022-11-12T14:05:36.515,188.960,0.427,25.183,-4.665
1668254736555,2022-11-12T14:05:36.555,189.000,-8.232,9.756,-0.152
1668254736595,2022-11-12T14:05:36.595,189.040,-7.317,5.854,0.213
1668254736635,2022-11-12T14:05:36.635,189.080,3.140,5.640,0.091
1668254736675,2022-11-12T14:05:36.675,189.120,3.171,9.726,-0.061
1668254736715,2022-11-12T14:05:36.715,189.160,7.622,14.146,-0.884
1668254736755,2022-11-12T14:05:36.755,189.200,4.787,17.165,-0.457
1668254736795,2022-11-12T14:05:36.795,189.240,6.494,18.140,-0.274
1668254736835,2022-11-12T14:05:36.835,189.280,9.634,20.518,-1.524
1668254736875,2022-11-12T14:05:36.875,189.320,9.024,20.030,-3.079
1668254736915,2022-11-12T14:05:36.915,189.360,7.927,17.317,-4.482
1668254736955,2022-11-12T14:05:36.955,189.400,9.116,18.110,-9.543
1668254736995,2022-11-12T14:05:36.995,189.440,6.860,17.256,-8.598
1668254737035,2022-11-12T14:05:37.035,189.480,9.665,28.659,-8.567
1668254737075,2022-11-12T14:05:37.075,189.520,12.896,32.774,-7.896
1668254737115,2022-11-12T14:05:37.115,189.560,12.957,31.280,-4.848
1668254737155,2022-11-12T14:05:37.155,189.600,8.079,36.189,-5.762
1668254737195,2022-11-12T14:05:37.195,189.640,9.909,40.244,-7.744
1668254737235,2022-11-12T14:05:37.235,189.680,21.280,39.634,-8.659
1668254737275,2022-11-12T14:05:37.275,189.720,16.006,37.104,-6.433
1668254737315,2022-11-12T14:05:37.315,189.760,19.146,35.030,-8.110
1668254737355,2022-11-12T14:05:37.355,189.800,19.817,27.591,-10.640
1668254737395,2022-11-12T14:05:37.395,189.840,24.817,33.018,-15.274
1668254737435,2022-11-12T14:05:37.435,189.880,19.787,36.738,-13.171
1668254737475,2022-11-12T14:05:37.475,189.920,15.793,27.348,-10.061
1668254737515,2022-11-12T14:05:37.515,189.960,12.927,22.439,-8.750
1668254737555,2022-11-12T14:05:37.555,190.000,14.451,23.445,-8.262
1668254737595,2022-11-12T14:05:37.595,190.040,8.811,22.439,-5.183
1668254737635,2022-11-12T14:05:37.635,190.080,10.030,14.878,-3.994
1668254737675,2022-11-12T14:05:37.675,190.120,11.890,14.512,-5.579
1668254737715,2022-11-12T14:05:37.715,190.160,8.201,15.366,-5.305
1668254737755,2022-11-12T14:05:37.755,190.200,5.518,12.774,-1.463
1668254737795,2022-11-12T14:05:37.795,190.240,5.823,14.024,-1.524
1668254737835,2022-11-12T14:05:37.835,190.280,3.963,9.024,1.159
1668254737875,2022-11-12T14:05:37.875,190.320,4.451,2.622,1.768
1668254737915,2022-11-12T14:05:37.915,190.360,10.305,2.287,-5.945
1668254737955,2022-11-12T14:05:37.955,190.400,13.506,9.695,-13.537
1668254737995,2022-11-12T14:05:37.995,190.440,11.860,17.835,-15.854
1668254738035,2022-11-12T14:05:38.035,190.480,17.165,24.787,-18.811
1668254738075,2022-11-12T14:05:38.075,190.520,23.689,36.738,-26.738
1668254738115,2022-11-12T14:05:38.115,190.560,17.957,42.530,-26.768
1668254738155,2022-11-12T14:05:38.155,190.600,15.457,31.463,-25.030
1668254738195,2022-11-12T14:05:38.195,190.640,-0.244,-50.518,14.665
1668254738235,2022-11-12T14:05:38.235,190.680,87.713,-449.146,279.970
1668254738275,2022-11-12T14:05:38.275,190.720,-50.823,-986.829,427.591
1668254738315,2022-11-12T14:05:38.315,190.760,-564.421,-868.079,277.927
1668254738355,2022-11-12T14:05:38.355,190.800,-108.293,-152.835,-29.482
1668254738395,2022-11-12T14:05:38.395,190.840,-41.341,19.451,9.543
1668254738435,2022-11-12T14:05:38.435,190.880,-52.896,-57.530,18.598
1668254738475,2022-11-12T14:05:38.475,190.920,-25.396,-15.396,1.372
1668254738515,2022-11-12T14:05:38.515,190.960,0.579,-29.146,-18.262
1668254738555,2022-11-12T14:05:38.555,191.000,-1.037,-39.573,-3.933
1668254738595,2022-11-12T14:05:38.595,191.040,-19.512,-28.963,21.829
1668254738635,2022-11-12T14:05:38.635,191.080,-0.335,-33.628,-2.104
1668254738675,2022-11-12T14:05:38.675,191.120,5.518,-24.451,-7.652
1668254738715,2022-11-12T14:05:38.715,191.160,3.201,-7.744,5.457
1668254738755,2022-11-12T14:05:38.755,191.200,3.354,2.744,7.012
1668254738795,2022-11-12T14:05:38.795,191.240,6.189,-0.030,-1.159
1668254738835,2022-11-12T14:05:38.835,191.280,3.902,-7.256,-2.439
1668254738875,2022-11-12T14:05:38.875,191.320,-0.091,0.396,1.799
1668254738915,2022-11-12T14:05:38.915,191.360,4.970,11.799,2.043
1668254738955,2022-11-12T14:05:38.955,191.400,2.470,13.750,7.226
1668254738995,2022-11-12T14:05:38.995,191.440,1.433,14.482,6.555
1668254739035,2022-11-12T14:05:39.035,191.480,5.915,13.018,4.055
1668254739075,2022-11-12T14:05:39.075,191.520,5.976,15.915,5.915
1668254739115,2022-11-12T14:05:39.115,191.560,6.037,14.634,5.732
1668254739155,2022-11-12T14:05:39.155,191.600,0.549,4.787,6.128
1668254739195,2022-11-12T14:05:39.195,191.640,4.116,4.482,0.183
1668254739235,2022-11-12T14:05:39.235,191.680,3.780,7.104,2.835
1668254739275,2022-11-12T14:05:39.275,191.720,1.921,7.012,5.518
1668254739315,2022-11-12T14:05:39.315,191.760,4.421,6.890,0.915
1668254739355,2022-11-12T14:05:39.355,191.800,2.988,7.256,0.884
1668254739395,2022-11-12T14:05:39.395,191.840,3.384,8.933,0.823
1668254739435,2022-11-12T14:05:39.435,191.880,2.439,9.848,2.744
1668254739475,2022-11-12T14:05:39.475,191.920,1.220,14.787,6.524
1668254739515,2022-11-12T14:05:39.515,191.960,0.183,20.183,8.415
1668254739555,2022-11-12T14:05:39.555,192.000,0.976,13.445,4.878
1668254739595,2022-11-12T14:05:39.595,192.040,2.195,8.171,1.037
1668254739635,2022-11-12T14:05:39.635,192.080,2.195,7.530,0.549
1668254739675,2022-11-12T14:05:39.675,192.120,1.128,7.195,2.835
1668254739715,2022-11-12T14:05:39.715,192.160,-0.671,8.354,4.146
1668254739755,2022-11-12T14:05:39.755,192.200,2.591,6.280,0.030
1668254739795,2022-11-12T14:05:39.795,192.240,1.189,11.341,3.018
1668254739835,2022-11-12T14:05:39.835,192.280,-0.671,18.110,6.585
1668254739875,2022-11-12T14:05:39.875,192.320,3.323,10.335,0.274
1668254739915,2022-11-12T14:05:39.915,192.360,3.628,4.421,-1.799
1668254739955,2022-11-12T14:05:39.955,192.400,1.250,7.165,2.439
1668254739995,2022-11-12T14:05:39.995,192.440,-0.457,12.561,4.543
1668254740035,2022-11-12T14:05:40.035,192.480,2.226,8.994,0.854
1668254740075,2022-11-12T14:05:40.075,192.520,3.354,4.177,-1.433
1668254740115,2022-11-12T14:05:40.115,192.560,-0.945,8.201,3.049
1668254740155,2022-11-12T14:05:40.155,192.600,-0.030,9.787,2.470
1668254740195,2022-11-12T14:05:40.195,192.640,5.244,11.585,-1.768
1668254740235,2022-11-12T14:05:40.235,192.680,0.762,8.750,1.128
1668254740275,2022-11-12T14:05:40.275,192.720,1.433,7.622,0.854
1668254740315,2022-11-12T14:05:40.315,192.760,6.982,17.195,-0.854
1668254740355,2022-11-12T14:05:40.355,192.800,5.213,28.567,4.634
1668254740395,2022-11-12T14:05:40.395,192.840,7.957,27.378,1.860
1668254740435,2022-11-12T14:05:40.435,192.880,9.116,25.091,1.067
1668254740475,2022-11-12T14:05:40.475,192.920,0.000,22.500,10.122
1668254740515,2022-11-12T14:05:40.515,192.960,2.439,19.390,6.768
1668254740555,2022-11-12T14:05:40.555,193.000,6.951,15.671,0.305
1668254740595,2022-11-12T14:05:40.595,193.040,7.043,14.909,-0.274
1668254740635,2022-11-12T14:05:40.635,193.080,2.591,16.098,2.500
1668254740675,2022-11-12T14:05:40.675,193.120,1.799,15.579,2.500
1668254740715,2022-11-12T14:05:40.715,193.160,5.122,19.604,0.183
1668254740755,2022-11-12T14:05:40.755,193.200,6.768,19.970,0.122
1668254740795,2022-11-12T14:05:40.795,193.240,2.195,19.207,3.506
1668254740835,2022-11-12T14:05:40.835,193.280,5.640,25.640,4.695
1668254740875,2022-11-12T14:05:40.875,193.320,-0.610,31.555,10.305
1668254740915,2022-11-12T14:05:40.915,193.360,3.384,26.311,7.683
1668254740955,2022-11-12T14:05:40.955,193.400,4.055,20.732,5.091
1668254740995,2022-11-12T14:05:40.995,193.440,8.232,19.909,1.098
1668254741035,2022-11-12T14:05:41.035,193.480,11.616,24.665,-0.762
1668254741075,2022-11-12T14:05:41.075,193.520,7.866,23.628,-0.061
1668254741115,2022-11-12T14:05:41.115,193.560,10.488,22.805,-2.287
1668254741155,2022-11-12T14:05:41.155,193.600,9.878,30.701,-0.335
1668254741195,2022-11-12T14:05:41.195,193.640,4.848,23.963,1.128
1668254741235,2022-11-12T14:05:41.235,193.680,13.659,25.640,-2.317
1668254741275,2022-11-12T14:05:41.275,193.720,16.372,38.171,-0.610
1668254741315,2022-11-12T14:05:41.315,193.760,14.512,38.567,-1.067
1668254741355,2022-11-12T14:05:41.355,193.800,18.232,41.646,-1.951
1668254741395,2022-11-12T14:05:41.395,193.840,9.634,34.421,0.457
1668254741435,2022-11-12T14:05:41.435,193.880,10.793,26.463,-2.226
1668254741475,2022-11-12T14:05:41.475,193.920,15.244,37.348,-2.713
1668254741515,2022-11-12T14:05:41.515,193.960,11.189,34.970,-0.488
1668254741555,2022-11-12T14:05:41.555,194.000,16.738,30.640,-3.293
1668254741595,2022-11-12T14:05:41.595,194.040,16.372,32.439,-3.598
1668254741635,2022-11-12T14:05:41.635,194.080,13.079,30.854,-1.037
1668254741675,2022-11-12T14:05:41.675,194.120,19.665,34.268,-3.262
1668254741715,2022-11-12T14:05:41.715,194.160,9.878,29.207,-3.506
1668254741755,2022-11-12T14:05:41.755,194.200,15.061,29.146,-4.543
1668254741795,2022-11-12T14:05:41.795,194.240,18.140,33.384,-6.220
1668254741835,2022-11-12T14:05:41.835,194.280,3.720,19.085,-1.555
1668254741875,2022-11-12T14:05:41.875,194.320,9.878,19.787,-2.957
1668254741915,2022-11-12T14:05:41.915,194.360,5.945,20.732,-1.616
1668254741955,2022-11-12T14:05:41.955,194.400,4.390,16.280,0.305
1668254741995,2022-11-12T14:05:41.995,194.440,12.043,23.994,-1.921
1668254742035,2022-11-12T14:05:42.035,194.480,7.530,23.384,0.854
1668254742075,2022-11-12T14:05:42.075,194.520,4.238,13.140,3.201
1668254742115,2022-11-12T14:05:42.115,194.560,7.226,13.963,2.561
1668254742155,2022-11-12T14:05:42.155,194.600,10.061,20.396,3.628
1668254742195,2022-11-12T14:05:42.195,194.640,21.189,32.500,0.152
1668254742235,2022-11-12T14:05:42.235,194.680,18.201,34.116,-3.659
1668254742275,2022-11-12T14:05:42.275,194.720,12.927,22.104,-4.329
1668254742315,2022-11-12T14:05:42.315,194.760,9.207,13.963,-4.512
1668254742355,2022-11-12T14:05:42.355,194.800,1.189,11.098,-1.250
1668254742395,2022-11-12T14:05:42.395,194.840,4.543,12.988,0.274
1668254742435,2022-11-12T14:05:42.435,194.880,10.152,16.677,-0.884
1668254742475,2022-11-12T14:05:42.475,194.920,8.049,19.116,-1.463
1668254742515,2022-11-12T14:05:42.515,194.960,8.933,21.951,-2.439
1668254742555,2022-11-12T14:05:42.555,195.000,12.043,25.061,-1.341
1668254742595,2022-11-12T14:05:42.595,195.040,9.238,22.652,-0.640
1668254742635,2022-11-12T14:05:42.635,195.080,5.732,18.476,-3.110
1668254742675,2022-11-12T14:05:42.675,195.120,2.348,12.805,-4.268
1668254742715,2022-11-12T14:05:42.715,195.160,3.537,11.738,-2.530
1668254742755,2022-11-12T14:05:42.755,195.200,7.957,18.689,-2.165
1668254742795,2022-11-12T14:05:42.795,195.240,8.445,20.122,-0.640
1668254742835,2022-11-12T14:05:42.835,195.280,7.134,19.512,1.860
1668254742875,2022-11-12T14:05:42.875,195.320,4.207,19.512,0.793
1668254742915,2022-11-12T14:05:42.915,195.360,6.098,21.280,-1.951
1668254742955,2022-11-12T14:05:42.955,195.400,6.220,17.835,-2.744
1668254742995,2022-11-12T14:05:42.995,195.440,4.177,10.213,-2.043
1668254743035,2022-11-12T14:05:43.035,195.480,6.037,10.854,-3.628
1668254743075,2022-11-12T14:05:43.075,195.520,0.366,7.530,-1.067
1668254743115,2022-11-12T14:05:43.115,195.560,2.591,10.549,1.098
1668254743155,2022-11-12T14:05:43.155,195.600,0.274,14.177,-0.976
1668254743195,2022-11-12T14:05:43.195,195.640,-6.159,8.110,3.476
1668254743235,2022-11-12T14:05:43.235,195.680,-2.591,7.530,3.232
1668254743275,2022-11-12T14:05:43.275,195.720,-5.884,6.738,5.518
1668254743315,2022-11-12T14:05:43.315,195.760,-5.152,7.165,3.689
1668254743355,2022-11-12T14:05:43.355,195.800,-1.250,7.378,-0.762
1668254743395,2022-11-12T14:05:43.395,195.840,-2.622,4.421,-0.152
1668254743435,2022-11-12T14:05:43.435,195.880,0.427,5.915,-0.396
1668254743475,2022-11-12T14:05:43.475,195.920,1.189,5.732,-2.500
1668254743515,2022-11-12T14:05:43.515,195.960,-3.171,-2.988,-1.555
1668254743555,2022-11-12T14:05:43.555,196.000,1.646,-7.256,-0.122
1668254743595,2022-11-12T14:05:43.595,196.040,0.122,-4.268,-2.530
1668254743635,2022-11-12T14:05:43.635,196.080,-5.579,-9.390,-1.738
1668254743675,2022-11-12T14:05:43.675,196.120,-3.780,-13.354,-0.213
1668254743715,2022-11-12T14:05:43.715,196.160,-3.384,-10.213,-0.976
1668254743755,2022-11-12T14:05:43.755,196.200,-3.018,-11.067,-1.250
1668254743795,2022-11-12T14:05:43.795,196.240,-1.860,-15.396,1.341
1668254743835,2022-11-12T14:05:43.835,196.280,-1.159,-10.305,1.463
1668254743875,2022-11-12T14:05:43.875,196.320,-2.134,-7.927,0.244
1668254743915,2022-11-12T14:05:43.915,196.360,0.000,-8.872,1.159
1668254743955,2022-11-12T14:05:43.955,196.400,-2.409,-8.537,1.189
1668254743995,2022-11-12T14:05:43.995,196.440,-5.701,-9.451,-0.274
1668254744035,2022-11-12T14:05:44.035,196.480,-5.000,-13.110,0.183
1668254744075,2022-11-12T14:05:44.075,196.520,-1.921,-11.128,-0.427
1668254744115,2022-11-12T14:05:44.115,196.560,0.274,-6.463,-1.707
1668254744155,2022-11-12T14:05:44.155,196.600,-0.915,-7.317,0.152
1668254744195,2022-11-12T14:05:44.195,196.640,-1.402,-7.348,1.341
1668254744235,2022-11-12T14:05:44.235,196.680,-2.713,-7.622,1.860
1668254744275,2022-11-12T14:05:44.275,196.720,-1.585,-6.098,2.713
1668254744315,2022-11-12T14:05:44.315,196.760,-2.378,-6.433,1.372
1668254744355,2022-11-12T14:05:44.355,196.800,-1.280,-6.006,1.829
1668254744395,2022-11-12T14:05:44.395,196.840,-3.780,-0.915,0.305
1668254744435,2022-11-12T14:05:44.435,196.880,-8.140,-6.738,3.354
1668254744475,2022-11-12T14:05:44.475,196.920,-3.018,-10.640,5.030
1668254744515,2022-11-12T14:05:44.515,196.960,0.091,-10.274,0.152
1668254744555,2022-11-12T14:05:44.555,197.000,-2.774,-14.329,1.006
1668254744595,2022-11-12T14:05:44.595,197.040,1.220,-12.805,3.811
1668254744635,2022-11-12T14:05:44.635,197.080,-0.335,-11.555,2.683
1668254744675,2022-11-12T14:05:44.675,197.120,-3.323,-9.848,1.372
1668254744715,2022-11-12T14:05:44.715,197.160,-3.902,-9.787,0.488
1668254744755,2022-11-12T14:05:44.755,197.200,-2.348,-7.256,-0.396
1668254744795,2022-11-12T14:05:44.795,197.240,-3.872,-7.195,-1.829
1668254744835,2022-11-12T14:05:44.835,197.280,-1.037,-8.323,-1.067
1668254744875,2022-11-12T14:05:44.875,197.320,0.427,-7.134,0.305
1668254744915,2022-11-12T14:05:44.915,197.360,-1.951,-5.793,2.134
1668254744955,2022-11-12T14:05:44.955,197.400,-1.067,-4.756,2.622
1668254744995,2022-11-12T14:05:44.995,197.440,-1.220,-6.006,2.378
1668254745035,2022-11-12T14:05:45.035,197.480,-2.104,-3.262,2.348
1668254745075,2022-11-12T14:05:45.075,197.520,-1.006,-5.000,1.646
1668254745115,2022-11-12T14:05:45.115,197.560,1.372,-7.439,3.201
1668254745155,2022-11-12T14:05:45.155,197.600,0.030,-5.183,1.616
1668254745195,2022-11-12T14:05:45.195,197.640,0.640,-7.287,1.159
1668254745235,2022-11-12T14:05:45.235,197.680,4.146,-10.945,4.787
1668254745275,2022-11-12T14:05:45.275,197.720,7.043,-8.384,6.098
1668254745315,2022-11-12T14:05:45.315,197.760,1.006,-5.244,2.226
1668254745355,2022-11-12T14:05:45.355,197.800,1.585,-6.280,-0.823
1668254745395,2022-11-12T14:05:45.395,197.840,3.171,-5.945,-0.061
1668254745435,2022-11-12T14:05:45.435,197.880,3.811,-7.317,0.884
1668254745475,2022-11-12T14:05:45.475,197.920,3.293,-8.994,0.396
1668254745515,2022-11-12T14:05:45.515,197.960,0.213,-7.927,0.091
1668254745555,2022-11-12T14:05:45.555,198.000,-1.555,-11.463,2.927
1668254745595,2022-11-12T14:05:45.595,198.040,0.793,-15.640,6.402
1668254745635,2022-11-12T14:05:45.635,198.080,-0.823,-12.683,1.677
1668254745675,2022-11-12T14:05:45.675,198.120,-7.683,-21.829,-1.921
1668254745715,2022-11-12T14:05:45.715,198.160,8.811,-15.579,2.713
1668254745755,2022-11-12T14:05:45.755,198.200,10.671,-6.707,2.043
1668254745795,2022-11-12T14:05:45.795,198.240,2.195,-11.860,4.116
1668254745835,2022-11-12T14:05:45.835,198.280,4.055,-11.463,6.189
1668254745875,2022-11-12T14:05:45.875,198.320,6.159,-14.268,6.707
1668254745915,2022-11-12T14:05:45.915,198.360,9.238,-17.134,7.683
1668254745955,2022-11-12T14:05:45.955,198.400,8.323,-19.116,2.591
1668254745995,2022-11-12T14:05:45.995,198.440,14.085,-23.079,-2.165
1668254746035,2022-11-12T14:05:46.035,198.480,19.939,-18.720,8.780
1668254746075,2022-11-12T14:05:46.075,198.520,25.061,-13.079,13.841
1668254746115,2022-11-12T14:05:46.115,198.560,18.354,-9.207,4.543
1668254746155,2022-11-12T14:05:46.155,198.600,7.043,-8.384,1.006
1668254746195,2022-11-12T14:05:46.195,198.640,7.896,-11.159,6.524
1668254746235,2022-11-12T14:05:46.235,198.680,9.085,-11.799,6.159
1668254746275,2022-11-12T14:05:46.275,198.720,3.567,-9.146,0.366
1668254746315,2022-11-12T14:05:46.315,198.760,8.232,-8.750,0.396
1668254746355,2022-11-12T14:05:46.355,198.800,12.165,-3.963,0.732
1668254746395,2022-11-12T14:05:46.395,198.840,4.268,-1.494,1.280
1668254746435,2022-11-12T14:05:46.435,198.880,-0.030,-2.500,1.829
1668254746475,2022-11-12T14:05:46.475,198.920,2.713,-1.555,-0.152
1668254746515,2022-11-12T14:05:46.515,198.960,0.030,-1.250,0.061
1668254746555,2022-11-12T14:05:46.555,199.000,-2.957,-0.762,0.884
1668254746595,2022-11-12T14:05:46.595,199.040,0.061,0.518,0.518
1668254746635,2022-11-12T14:05:46.635,199.080,2.287,2.012,0.152
1668254746675,2022-11-12T14:05:46.675,199.120,2.134,4.299,-0.518
1668254746715,2022-11-12T14:05:46.715,199.160,3.506,5.945,-1.738
1668254746755,2022-11-12T14:05:46.755,199.200,3.628,2.256,-1.311
1668254746795,2022-11-12T14:05:46.795,199.240,3.537,-0.488,-0.701
1668254746835,2022-11-12T14:05:46.835,199.280,4.848,0.427,-1.433
1668254746875,2022-11-12T14:05:46.875,199.320,2.500,0.732,-0.732
1668254746915,2022-11-12T14:05:46.915,199.360,1.372,1.098,0.152
1668254746955,2022-11-12T14:05:46.955,199.400,1.280,0.793,0.061
1668254746995,2022-11-12T14:05:46.995,199.440,1.341,-0.061,-0.274
1668254747035,2022-11-12T14:05:47.035,199.480,1.159,-0.091,0.152
1668254747075,2022-11-12T14:05:47.075,199.520,1.860,0.671,-0.061
1668254747115,2022-11-12T14:05:47.115,199.560,3.415,1.280,-0.701
1668254747155,2022-11-12T14:05:47.155,199.600,2.073,0.335,-0.183
1668254747195,2022-11-12T14:05:47.195,199.640,1.951,-0.213,0.183
1668254747235,2022-11-12T14:05:47.235,199.680,1.372,-1.372,0.122
1668254747275,2022-11-12T14:05:47.275,199.720,1.037,-1.067,-0.457
1668254747315,2022-11-12T14:05:47.315,199.760,1.799,-1.128,-0.335
1668254747355,2022-11-12T14:05:47.355,199.800,2.866,0.030,0.244
1668254747395,2022-11-12T14:05:47.395,199.840,2.835,-1.159,-0.213
1668254747435,2022-11-12T14:05:47.435,199.880,0.030,-2.226,-0.305
1668254747475,2022-11-12T14:05:47.475,199.920,3.232,0.549,-1.098
1668254747515,2022-11-12T14:05:47.515,199.960,1.220,0.518,-0.244
1668254747555,2022-11-12T14:05:47.555,200.000,1.220,0.823,-0.244
1668254747595,2022-11-12T14:05:47.595,200.040,1.829,-0.579,-0.396
1668254747635,2022-11-12T14:05:47.635,200.080,0.884,0.030,-0.152
1668254747675,2022-11-12T14:05:47.675,200.120,1.829,-0.854,-0.183
1668254747715,2022-11-12T14:05:47.715,200.160,0.122,-1.189,0.183
1668254747755,2022-11-12T14:05:47.755,200.200,0.793,-0.091,-0.427
1668254747795,2022-11-12T14:05:47.795,200.240,0.457,-0.061,-0.366
1668254747835,2022-11-12T14:05:47.835,200.280,0.274,-0.427,-0.274
1668254747875,2022-11-12T14:05:47.875,200.320,0.457,-0.518,-0.244
1668254747915,2022-11-12T14:05:47.915,200.360,1.402,0.274,-0.213
1668254747955,2022-11-12T14:05:47.955,200.400,0.335,-0.335,0.000
1668254747995,2022-11-12T14:05:47.995,200.440,0.915,-0.366,-0.030
1668254748035,2022-11-12T14:05:48.035,200.480,1.372,-0.213,-0.549
1668254748075,2022-11-12T14:05:48.075,200.520,1.189,-0.091,-0.244
1668254748115,2022-11-12T14:05:48.115,200.560,0.579,0.000,0.305
1668254748155,2022-11-12T14:05:48.155,200.600,0.976,-0.274,0.000
1668254748195,2022-11-12T14:05:48.195,200.640,0.000,-0.976,0.000
1668254748235,2022-11-12T14:05:48.235,200.680,-0.213,-0.854,0.213
1668254748275,2022-11-12T14:05:48.275,200.720,1.341,-0.884,0.061
1668254748315,2022-11-12T14:05:48.315,200.760,1.220,-0.457,0.030
1668254748355,2022-11-12T14:05:48.355,200.800,0.732,-0.488,0.061
1668254748395,2022-11-12T14:05:48.395,200.840,1.738,-1.220,0.030
1668254748435,2022-11-12T14:05:48.435,200.880,1.494,-0.762,0.000
1668254748475,2022-11-12T14:05:48.475,200.920,1.128,-0.762,0.213
1668254748515,2022-11-12T14:05:48.515,200.960,0.854,-0.640,0.030
1668254748555,2022-11-12T14:05:48.555,201.000,1.250,-0.305,-0.244
1668254748595,2022-11-12T14:05:48.595,201.040,1.067,-0.122,0.030
1668254748635,2022-11-12T14:05:48.635,201.080,1.524,0.183,-0.061
1668254748675,2022-11-12T14:05:48.675,201.120,2.256,-0.274,-0.335
1668254748715,2022-11-12T14:05:48.715,201.160,2.195,-0.732,-0.518
1668254748755,2022-11-12T14:05:48.755,201.200,1.402,-0.457,-0.274
1668254748795,2022-11-12T14:05:48.795,201.240,0.976,-0.396,-0.122
1668254748835,2022-11-12T14:05:48.835,201.280,1.159,0.000,-0.091
1668254748875,2022-11-12T14:05:48.875,201.320,0.945,-0.091,-0.030
1668254748915,2022-11-12T14:05:48.915,201.360,0.488,-0.366,-0.183
1668254748955,2022-11-12T14:05:48.955,201.400,1.220,0.061,-0.091
1668254748995,2022-11-12T14:05:48.995,201.440,1.098,0.305,0.030
1668254749035,2022-11-12T14:05:49.035,201.480,1.067,-0.396,-0.244
1668254749075,2022-11-12T14:05:49.075,201.520,1.402,-0.061,-0.518
1668254749115,2022-11-12T14:05:49.115,201.560,1.250,0.427,-0.152
1668254749155,2022-11-12T14:05:49.155,201.600,0.549,0.030,0.000
1668254749195,2022-11-12T14:05:49.195,201.640,0.427,-0.610,-0.091
1668254749235,2022-11-12T14:05:49.235,201.680,0.854,-0.366,-0.152
1668254749275,2022-11-12T14:05:49.275,201.720,1.037,0.335,-0.030
1668254749315,2022-11-12T14:05:49.315,201.760,0.884,-0.457,0.152
1668254749355,2022-11-12T14:05:49.355,201.800,0.732,-0.427,-0.183
1668254749395,2022-11-12T14:05:49.395,201.840,1.098,-0.122,-0.305
1668254749435,2022-11-12T14:05:49.435,201.880,0.793,-0.427,0.061
1668254749475,2022-11-12T14:05:49.475,201.920,1.037,-0.244,0.000
1668254749515,2022-11-12T14:05:49.515,201.960,0.793,-0.030,0.030
1668254749555,2022-11-12T14:05:49.555,202.000,0.549,-0.061,0.061
1668254749595,2022-11-12T14:05:49.595,202.040,0.945,0.061,-0.030
1668254749635,2022-11-12T14:05:49.635,202.080,0.396,0.305,0.152
1668254749675,2022-11-12T14:05:49.675,202.120,0.762,-0.122,0.213
1668254749715,2022-11-12T14:05:49.715,202.160,0.915,0.000,-0.061
1668254749755,2022-11-12T14:05:49.755,202.200,0.823,-0.305,0.030
1668254749795,2022-11-12T14:05:49.795,202.240,1.280,-0.762,-0.152
1668254749835,2022-11-12T14:05:49.835,202.280,1.159,-0.976,-0.091
1668254749875,2022-11-12T14:05:49.875,202.320,0.671,-0.488,0.091
1668254749915,2022-11-12T14:05:49.915,202.360,1.159,-0.030,-0.183
1668254749955,2022-11-12T14:05:49.955,202.400,0.701,-0.213,0.152
1668254749995,2022-11-12T14:05:49.995,202.440,0.488,-0.183,0.152
1668254750035,2022-11-12T14:05:50.035,202.480,1.128,-0.335,-0.244
1668254750075,2022-11-12T14:05:50.075,202.520,0.671,-0.244,0.122
1668254750115,2022-11-12T14:05:50.115,202.560,0.549,-0.274,0.518
1668254750155,2022-11-12T14:05:50.155,202.600,1.311,-0.152,-0.091
1668254750195,2022-11-12T14:05:50.195,202.640,1.037,-0.122,-0.213
1668254750235,2022-11-12T14:05:50.235,202.680,1.189,-0.061,-0.244
1668254750275,2022-11-12T14:05:50.275,202.720,1.372,0.091,-0.274
1668254750315,2022-11-12T14:05:50.315,202.760,0.793,-0.030,-0.030
1668254750355,2022-11-12T14:05:50.355,202.800,0.579,-0.366,0.152
1668254750395,2022-11-12T14:05:50.395,202.840,0.945,-0.457,0.030
1668254750435,2022-11-12T14:05:50.435,202.880,0.427,0.091,0.274
1668254750475,2022-11-12T14:05:50.475,202.920,0.823,-0.183,0.000
1668254750515,2022-11-12T14:05:50.515,202.960,1.037,-0.488,-0.122
1668254750555,2022-11-12T14:05:50.555,203.000,1.037,-0.274,0.000
1668254750595,2022-11-12T14:05:50.595,203.040,0.518,0.152,0.183
1668254750635,2022-11-12T14:05:50.635,203.080,0.976,0.030,-0.152
1668254750675,2022-11-12T14:05:50.675,203.120,0.854,-0.061,-0.152
1668254750715,2022-11-12T14:05:50.715,203.160,0.396,-0.213,0.244
1668254750755,2022-11-12T14:05:50.755,203.200,0.823,-0.183,0.091
1668254750795,2022-11-12T14:05:50.795,203.240,0.976,-0.152,-0.152
1668254750835,2022-11-12T14:05:50.835,203.280,0.640,-0.488,-0.152
1668254750875,2022-11-12T14:05:50.875,203.320,0.793,-0.457,-0.030
1668254750915,2022-11-12T14:05:50.915,203.360,0.427,-0.061,0.244
1668254750955,2022-11-12T14:05:50.955,203.400,0.488,-0.122,0.244
1668254750995,2022-11-12T14:05:50.995,203.440,0.915,0.030,-0.122
1668254751035,2022-11-12T14:05:51.035,203.480,1.159,0.061,-0.122
1668254751075,2022-11-12T14:05:51.075,203.520,0.823,-0.213,-0.030
1668254751115,2022-11-12T14:05:51.115,203.560,1.037,-0.091,-0.091
1668254751155,2022-11-12T14:05:51.155,203.600,1.220,-0.061,0.152
1668254751195,2022-11-12T14:05:51.195,203.640,1.006,-0.122,-0.122
1668254751235,2022-11-12T14:05:51.235,203.680,0.884,-0.091,0.000
1668254751275,2022-11-12T14:05:51.275,203.720,0.823,-0.152,0.183
1668254751315,2022-11-12T14:05:51.315,203.760,1.250,-0.488,-0.244
1668254751355,2022-11-12T14:05:51.355,203.800,1.311,-0.396,-0.122
1668254751395,2022-11-12T14:05:51.395,203.840,0.518,0.000,0.305
1668254751435,2022-11-12T14:05:51.435,203.880,0.671,-0.396,0.152
1668254751475,2022-11-12T14:05:51.475,203.920,1.037,-0.518,-0.091
1668254751515,2022-11-12T14:05:51.515,203.960,0.671,-0.457,0.061
1668254751555,2022-11-12T14:05:51.555,204.000,1.037,0.000,-0.061
1668254751595,2022-11-12T14:05:51.595,204.040,1.494,-0.183,-0.152
1668254751635,2022-11-12T14:05:51.635,204.080,0.396,-0.305,0.244
1668254751675,2022-11-12T14:05:51.675,204.120,1.220,-0.183,-0.030
1668254751715,2022-11-12T14:05:51.715,204.160,1.128,-0.183,-0.091
1668254751755,2022-11-12T14:05:51.755,204.200,0.793,-0.030,0.000
1668254751795,2022-11-12T14:05:51.795,204.240,1.280,-0.274,-0.091
1668254751835,2022-11-12T14:05:51.835,204.280,0.823,-0.518,-0.091
1668254751875,2022-11-12T14:05:51.875,204.320,0.976,-0.366,-0.091
1668254751915,2022-11-12T14:05:51.915,204.360,0.854,-0.030,0.030
1668254751955,2022-11-12T14:05:51.955,204.400,0.518,-0.122,0.244
1668254751995,2022-11-12T14:05:51.995,204.440,1.341,-0.640,0.030
1668254752035,2022-11-12T14:05:52.035,204.480,1.524,-0.030,-0.305
1668254752075,2022-11-12T14:05:52.075,204.520,0.732,-0.122,0.030
1668254752115,2022-11-12T14:05:52.115,204.560,0.884,-0.183,0.030
1668254752155,2022-11-12T14:05:52.155,204.600,0.732,-0.091,-0.122
1668254752195,2022-11-12T14:05:52.195,204.640,0.122,-0.061,0.061
1668254752235,2022-11-12T14:05:52.235,204.680,1.067,0.213,-0.091
1668254752275,2022-11-12T14:05:52.275,204.720,0.884,-0.091,0.061
1668254752315,2022-11-12T14:05:52.315,204.760,0.579,-0.366,-0.061
1668254752355,2022-11-12T14:05:52.355,204.800,1.159,-0.183,-0.213
1668254752395,2022-11-12T14:05:52.395,204.840,1.067,-0.427,0.091
1668254752435,2022-11-12T14:05:52.435,204.880,0.762,-0.152,0.061
1668254752475,2022-11-12T14:05:52.475,204.920,1.341,-0.305,-0.061
1668254752515,2022-11-12T14:05:52.515,204.960,0.854,-0.335,0.061
1668254752555,2022-11-12T14:05:52.555,205.000,0.549,0.122,0.000
1668254752595,2022-11-12T14:05:52.595,205.040,0.732,0.000,0.030
1668254752635,2022-11-12T14:05:52.635,205.080,0.701,-0.091,0.091
1668254752675,2022-11-12T14:05:52.675,205.120,0.884,-0.122,0.000
1668254752715,2022-11-12T14:05:52.715,205.160,0.945,0.152,-0.061
1668254752755,2022-11-12T14:05:52.755,205.200,1.128,0.152,0.000
1668254752795,2022-11-12T14:05:52.795,205.240,0.823,-0.366,-0.030
1668254752835,2022-11-12T14:05:52.835,205.280,1.159,-0.671,-0.183
1668254752875,2022-11-12T14:05:52.875,205.320,0.762,-0.122,0.061
1668254752915,2022-11-12T14:05:52.915,205.360,0.518,0.061,0.183
1668254752955,2022-11-12T14:05:52.955,205.400,0.976,-0.305,-0.030
1668254752995,2022-11-12T14:05:52.995,205.440,1.159,-0.305,-0.305
1668254753035,2022-11-12T14:05:53.035,205.480,0.793,-0.244,0.030
1668254753075,2022-11-12T14:05:53.075,205.520,0.854,-0.122,-0.091
1668254753115,2022-11-12T14:05:53.115,205.560,1.189,0.061,-0.152
1668254753155,2022-11-12T14:05:53.155,205.600,0.671,-0.457,0.183
1668254753195,2022-11-12T14:05:53.195,205.640,0.976,-0.549,-0.122
1668254753235,2022-11-12T14:05:53.235,205.680,1.402,-0.366,-0.213
1668254753275,2022-11-12T14:05:53.275,205.720,0.915,-0.244,0.152
1668254753315,2022-11-12T14:05:53.315,205.760,0.854,-0.091,0.091
1668254753355,2022-11-12T14:05:53.355,205.800,1.006,-0.366,-0.030
1668254753395,2022-11-12T14:05:53.395,205.840,1.037,-0.366,-0.244
1668254753435,2022-11-12T14:05:53.435,205.880,0.976,-0.213,-0.213
1668254753475,2022-11-12T14:05:53.475,205.920,0.762,-0.091,-0.030
1668254753515,2022-11-12T14:05:53.515,205.960,0.671,-0.122,0.213
1668254753555,2022-11-12T14:05:53.555,206.000,0.884,-0.091,0.091
1668254753595,2022-11-12T14:05:53.595,206.040,0.671,-0.122,-0.061
1668254753635,2022-11-12T14:05:53.635,206.080,0.793,-0.305,0.061
1668254753675,2022-11-12T14:05:53.675,206.120,0.976,-0.152,-0.091
1668254753715,2022-11-12T14:05:53.715,206.160,0.945,-0.091,-0.061
1668254753755,2022-11-12T14:05:53.755,206.200,1.098,-0.061,-0.061
1668254753795,2022-11-12T14:05:53.795,206.240,0.915,-0.061,0.030
1668254753835,2022-11-12T14:05:53.835,206.280,0.671,-0.122,0.061
1668254753875,2022-11-12T14:05:53.875,206.320,0.335,0.091,0.061
1668254753915,2022-11-12T14:05:53.915,206.360,0.518,-0.030,-0.030
1668254753955,2022-11-12T14:05:53.955,206.400,1.006,0.030,-0.213
1668254753995,2022-11-12T14:05:53.995,206.440,0.823,-0.122,-0.061
1668254754035,2022-11-12T14:05:54.035,206.480,0.793,-0.274,0.152
1668254754075,2022-11-12T14:05:54.075,206.520,0.915,0.183,0.000
1668254754115,2022-11-12T14:05:54.115,206.560,0.884,0.000,-0.061
1668254754155,2022-11-12T14:05:54.155,206.600,1.067,-0.274,-0.061
1668254754195,2022-11-12T14:05:54.195,206.640,0.762,-0.213,-0.030
1668254754235,2022-11-12T14:05:54.235,206.680,0.915,-0.274,0.061
1668254754275,2022-11-12T14:05:54.275,206.720,0.915,-0.183,0.030
1668254754315,2022-11-12T14:05:54.315,206.760,0.762,0.030,-0.030
1668254754355,2022-11-12T14:05:54.355,206.800,0.915,-0.244,-0.122
1668254754395,2022-11-12T14:05:54.395,206.840,0.945,-0.183,0.122
1668254754435,2022-11-12T14:05:54.435,206.880,0.762,0.000,0.152
1668254754475,2022-11-12T14:05:54.475,206.920,0.823,-0.030,-0.061
1668254754515,2022-11-12T14:05:54.515,206.960,1.067,-0.335,-0.213
1668254754555,2022-11-12T14:05:54.555,207.000,0.640,-0.244,0.152
1668254754595,2022-11-12T14:05:54.595,207.040,0.671,-0.274,0.030
1668254754635,2022-11-12T14:05:54.635,207.080,0.915,-0.213,-0.122
1668254754675,2022-11-12T14:05:54.675,207.120,0.976,-0.213,0.061
1668254754715,2022-11-12T14:05:54.715,207.160,0.701,-0.183,0.030
1668254754755,2022-11-12T14:05:54.755,207.200,0.396,0.244,-0.152
1668254754795,2022-11-12T14:05:54.795,207.240,0.579,-0.091,0.000
1668254754835,2022-11-12T14:05:54.835,207.280,0.518,-0.427,0.213
1668254754875,2022-11-12T14:05:54.875,207.320,0.823,-0.305,0.091
1668254754915,2022-11-12T14:05:54.915,207.360,0.701,-0.061,0.244
1668254754955,2022-11-12T14:05:54.955,207.400,0.549,-0.183,0.183
1668254754995,2022-11-12T14:05:54.995,207.440,0.762,0.000,-0.030
1668254755035,2022-11-12T14:05:55.035,207.480,0.366,-0.274,0.091
1668254755075,2022-11-12T14:05:55.075,207.520,0.854,-0.396,0.122
1668254755115,2022-11-12T14:05:55.115,207.560,1.006,-0.244,0.091
1668254755155,2022-11-12T14:05:55.155,207.600,0.823,-0.061,0.061
1668254755195,2022-11-12T14:05:55.195,207.640,0.762,0.091,-0.061
1668254755235,2022-11-12T14:05:55.235,207.680,1.037,-0.579,-0.061
1668254755275,2022-11-12T14:05:55.275,207.720,1.037,-0.671,0.061
1668254755315,2022-11-12T14:05:55.315,207.760,1.006,-0.152,-0.030
1668254755355,2022-11-12T14:05:55.355,207.800,1.220,-0.183,-0.061
1668254755395,2022-11-12T14:05:55.395,207.840,0.915,-0.152,0.030
1668254755435,2022-11-12T14:05:55.435,207.880,1.128,-0.427,0.000
1668254755475,2022-11-12T14:05:55.475,207.920,1.341,-0.274,-0.091
1668254755515,2022-11-12T14:05:55.515,207.960,0.915,-0.061,-0.061
1668254755555,2022-11-12T14:05:55.555,208.000,0.945,-0.335,-0.030
1668254755595,2022-11-12T14:05:55.595,208.040,0.823,-0.091,0.000
1668254755635,2022-11-12T14:05:55.635,208.080,0.610,-0.152,0.091
1668254755675,2022-11-12T14:05:55.675,208.120,0.640,-0.274,0.091
1668254755715,2022-11-12T14:05:55.715,208.160,0.884,-0.122,-0.091
1668254755755,2022-11-12T14:05:55.755,208.200,0.793,-0.244,0.030
1668254755795,2022-11-12T14:05:55.795,208.240,0.732,-0.244,0.091
1668254755835,2022-11-12T14:05:55.835,208.280,1.189,-0.274,-0.091
1668254755875,2022-11-12T14:05:55.875,208.320,1.128,-0.396,-0.274
1668254755915,2022-11-12T14:05:55.915,208.360,1.220,-0.335,-0.152
1668254755955,2022-11-12T14:05:55.955,208.400,0.640,-0.549,0.305
1668254755995,2022-11-12T14:05:55.995,208.440,0.610,-0.610,0.183
1668254756035,2022-11-12T14:05:56.035,208.480,1.128,-0.274,-0.122
1668254756075,2022-11-12T14:05:56.075,208.520,1.280,-0.213,-0.030
1668254756115,2022-11-12T14:05:56.115,208.560,0.793,-0.396,0.122
1668254756155,2022-11-12T14:05:56.155,208.600,0.854,-0.244,0.091
1668254756195,2022-11-12T14:05:56.195,208.640,1.280,-0.091,-0.122
1668254756235,2022-11-12T14:05:56.235,208.680,1.067,-0.030,0.061
1668254756275,2022-11-12T14:05:56.275,208.720,1.189,0.061,-0.030
1668254756315,2022-11-12T14:05:56.315,208.760,1.067,0.030,0.030
1668254756355,2022-11-12T14:05:56.355,208.800,0.640,-0.183,0.061
1668254756395,2022-11-12T14:05:56.395,208.840,0.945,-0.122,-0.122
1668254756435,2022-11-12T14:05:56.435,208.880,0.671,-0.061,0.213
1668254756475,2022-11-12T14:05:56.475,208.920,0.762,-0.335,0.396
1668254756515,2022-11-12T14:05:56.515,208.960,1.220,-0.396,0.061
1668254756555,2022-11-12T14:05:56.555,209.000,0.915,-0.061,-0.091
1668254756595,2022-11-12T14:05:56.595,209.040,1.006,0.335,0.000
1668254756635,2022-11-12T14:05:56.635,209.080,1.220,-0.152,0.122
1668254756675,2022-11-12T14:05:56.675,209.120,1.189,-0.579,0.152
1668254756715,2022-11-12T14:05:56.715,209.160,0.884,0.335,0.213
1668254756755,2022-11-12T14:05:56.755,209.200,1.341,0.457,0.061
1668254756795,2022-11-12T14:05:56.795,209.240,1.677,-0.030,-0.274
1668254756835,2022-11-12T14:05:56.835,209.280,1.128,-0.457,-0.122
1668254756875,2022-11-12T14:05:56.875,209.320,1.037,-0.457,0.427
1668254756915,2022-11-12T14:05:56.915,209.360,0.945,-0.732,0.488
1668254756955,2022-11-12T14:05:56.955,209.400,0.366,-1.311,0.061
1668254756995,2022-11-12T14:05:56.995,209.440,0.152,-1.463,-0.274
1668254757035,2022-11-12T14:05:57.035,209.480,-0.396,-0.884,-0.030
1668254757075,2022-11-12T14:05:57.075,209.520,0.640,-0.061,-0.061
1668254757115,2022-11-12T14:05:57.115,209.560,1.067,-0.610,-0.122
1668254757155,2022-11-12T14:05:57.155,209.600,0.091,-1.494,-0.183
1668254757195,2022-11-12T14:05:57.195,209.640,0.335,-0.518,-0.579
1668254757235,2022-11-12T14:05:57.235,209.680,1.280,0.244,-0.213
1668254757275,2022-11-12T14:05:57.275,209.720,-0.274,0.396,0.915
1668254757315,2022-11-12T14:05:57.315,209.760,0.335,0.122,0.030
1668254757355,2022-11-12T14:05:57.355,209.800,1.585,0.457,-0.915
1668254757395,2022-11-12T14:05:57.395,209.840,1.280,1.006,-0.183
1668254757435,2022-11-12T14:05:57.435,209.880,0.274,1.067,0.396
1668254757475,2022-11-12T14:05:57.475,209.920,0.000,-0.549,0.061
1668254757515,2022-11-12T14:05:57.515,209.960,0.091,-1.098,-0.183
1668254757555,2022-11-12T14:05:57.555,210.000,0.427,-0.335,0.061
1668254757595,2022-11-12T14:05:57.595,210.040,1.494,-0.610,-0.061
1668254757635,2022-11-12T14:05:57.635,210.080,0.396,-0.640,0.213
1668254757675,2022-11-12T14:05:57.675,210.120,0.549,-0.488,0.244
1668254757715,2022-11-12T14:05:57.715,210.160,0.945,-0.427,0.091
1668254757755,2022-11-12T14:05:57.755,210.200,0.274,-0.579,0.396
1668254757795,2022-11-12T14:05:57.795,210.240,0.671,-0.579,0.244
1668254757835,2022-11-12T14:05:57.835,210.280,1.890,-0.488,0.061
1668254757875,2022-11-12T14:05:57.875,210.320,2.165,0.366,-0.061
1668254757915,2022-11-12T14:05:57.915,210.360,1.524,0.122,-0.183
1668254757955,2022-11-12T14:05:57.955,210.400,0.976,-0.091,0.030
1668254757995,2022-11-12T14:05:57.995,210.440,0.762,-0.061,0.335
1668254758035,2022-11-12T14:05:58.035,210.480,0.396,0.061,0.518
1668254758075,2022-11-12T14:05:58.075,210.520,1.220,-0.152,-0.213
1668254758115,2022-11-12T14:05:58.115,210.560,1.494,-0.457,-0.396
1668254758155,2022-11-12T14:05:58.155,210.600,0.915,-0.244,0.122
1668254758195,2022-11-12T14:05:58.195,210.640,0.884,-0.091,0.335
1668254758235,2022-11-12T14:05:58.235,210.680,1.159,-0.549,-0.122
1668254758275,2022-11-12T14:05:58.275,210.720,1.372,-0.701,-0.061
1668254758315,2022-11-12T14:05:58.315,210.760,2.104,-0.732,0.549
1668254758355,2022-11-12T14:05:58.355,210.800,1.738,-0.579,0.366
1668254758395,2022-11-12T14:05:58.395,210.840,2.043,-0.732,-0.122
1668254758435,2022-11-12T14:05:58.435,210.880,1.799,-0.213,0.213
1668254758475,2022-11-12T14:05:58.475,210.920,0.183,-0.518,0.823
1668254758515,2022-11-12T14:05:58.515,210.960,0.061,-0.610,0.701
1668254758555,2022-11-12T14:05:58.555,211.000,0.091,-0.274,-0.213
1668254758595,2022-11-12T14:05:58.595,211.040,0.945,0.183,-0.823
1668254758635,2022-11-12T14:05:58.635,211.080,1.890,0.122,-0.244
1668254758675,2022-11-12T14:05:58.675,211.120,0.091,-0.244,0.396
1668254758715,2022-11-12T14:05:58.715,211.160,3.323,-0.732,-1.646
1668254758755,2022-11-12T14:05:58.755,211.200,3.720,-0.762,-1.128
1668254758795,2022-11-12T14:05:58.795,211.240,0.701,0.061,0.793
1668254758835,2022-11-12T14:05:58.835,211.280,0.610,0.000,0.579
1668254758875,2022-11-12T14:05:58.875,211.320,1.006,-0.488,0.000
1668254758915,2022-11-12T14:05:58.915,211.360,0.244,0.000,0.579
1668254758955,2022-11-12T14:05:58.955,211.400,0.549,0.274,0.701
1668254758995,2022-11-12T14:05:58.995,211.440,0.457,-0.793,0.152
1668254759035,2022-11-12T14:05:59.035,211.480,0.183,-1.585,0.274
1668254759075,2022-11-12T14:05:59.075,211.520,0.427,-0.945,0.701
1668254759115,2022-11-12T14:05:59.115,211.560,1.433,-0.091,0.579
1668254759155,2022-11-12T14:05:59.155,211.600,0.427,0.122,0.732
1668254759195,2022-11-12T14:05:59.195,211.640,0.030,-0.030,0.457
1668254759235,2022-11-12T14:05:59.235,211.680,1.585,0.518,-0.579
1668254759275,2022-11-12T14:05:59.275,211.720,1.311,0.610,-0.488
1668254759315,2022-11-12T14:05:59.315,211.760,1.006,0.000,-0.030
1668254759355,2022-11-12T14:05:59.355,211.800,0.793,-0.244,0.427
1668254759395,2022-11-12T14:05:59.395,211.840,0.305,-0.701,0.793
1668254759435,2022-11-12T14:05:59.435,211.880,0.244,0.213,0.915
1668254759475,2022-11-12T14:05:59.475,211.920,1.067,0.671,1.463
1668254759515,2022-11-12T14:05:59.515,211.960,0.854,0.396,1.677
1668254759555,2022-11-12T14:05:59.555,212.000,0.976,0.488,0.457
1668254759595,2022-11-12T14:05:59.595,212.040,1.433,0.000,-0.122
1668254759635,2022-11-12T14:05:59.635,212.080,1.098,-0.244,-0.030
1668254759675,2022-11-12T14:05:59.675,212.120,0.305,-0.183,0.000
1668254759715,2022-11-12T14:05:59.715,212.160,-0.915,-0.244,0.000
1668254759755,2022-11-12T14:05:59.755,212.200,-0.244,0.122,-0.396
1668254759795,2022-11-12T14:05:59.795,212.240,0.610,1.677,-0.457
1668254759835,2022-11-12T14:05:59.835,212.280,1.159,2.256,-0.488
1668254759875,2022-11-12T14:05:59.875,212.320,1.006,0.732,-0.549
1668254759915,2022-11-12T14:05:59.915,212.360,0.823,0.030,-0.213
1668254759955,2022-11-12T14:05:59.955,212.400,0.640,-0.305,0.030
1668254759995,2022-11-12T14:05:59.995,212.440,0.305,-1.098,0.396
1668254760035,2022-11-12T14:06:00.035,212.480,-0.366,-1.280,0.823
1668254760075,2022-11-12T14:06:00.075,212.520,0.061,-0.488,0.549
1668254760115,2022-11-12T14:06:00.115,212.560,1.159,0.213,-0.305
1668254760155,2022-11-12T14:06:00.155,212.600,1.006,0.427,-0.610
1668254760195,2022-11-12T14:06:00.195,212.640,0.976,0.183,-0.152
1668254760235,2022-11-12T14:06:00.235,212.680,1.128,0.091,-0.122
1668254760275,2022-11-12T14:06:00.275,212.720,1.128,-0.061,-0.183
1668254760315,2022-11-12T14:06:00.315,212.760,0.793,-0.244,0.244
1668254760355,2022-11-12T14:06:00.355,212.800,0.549,-0.183,0.335
1668254760395,2022-11-12T14:06:00.395,212.840,0.945,0.183,0.396
1668254760435,2022-11-12T14:06:00.435,212.880,1.220,0.518,0.122
1668254760475,2022-11-12T14:06:00.475,212.920,-0.030,0.671,0.000
1668254760515,2022-11-12T14:06:00.515,212.960,-0.823,0.396,0.152
1668254760555,2022-11-12T14:06:00.555,213.000,-0.915,0.610,0.427
1668254760595,2022-11-12T14:06:00.595,213.040,0.122,0.183,0.671
1668254760635,2022-11-12T14:06:00.635,213.080,0.549,-0.152,-0.061
1668254760675,2022-11-12T14:06:00.675,213.120,1.311,0.091,-0.335
1668254760715,2022-11-12T14:06:00.715,213.160,1.982,0.488,-0.152
1668254760755,2022-11-12T14:06:00.755,213.200,0.976,0.183,-0.274
1668254760795,2022-11-12T14:06:00.795,213.240,0.396,0.030,-0.030
1668254760835,2022-11-12T14:06:00.835,213.280,1.890,-0.122,0.244
1668254760875,2022-11-12T14:06:00.875,213.320,1.646,-0.396,-0.091
1668254760915,2022-11-12T14:06:00.915,213.360,1.463,-0.030,-0.427
1668254760955,2022-11-12T14:06:00.955,213.400,2.134,0.305,-0.244
1668254760995,2022-11-12T14:06:00.995,213.440,1.189,0.030,0.061
1668254761035,2022-11-12T14:06:01.035,213.480,0.335,-0.183,0.061
1668254761075,2022-11-12T14:06:01.075,213.520,0.945,-0.671,0.183
1668254761115,2022-11-12T14:06:01.115,213.560,0.732,-0.640,0.366
1668254761155,2022-11-12T14:06:01.155,213.600,0.945,-0.274,0.061
1668254761195,2022-11-12T14:06:01.195,213.640,1.555,0.061,-0.152
1668254761235,2022-11-12T14:06:01.235,213.680,1.951,0.549,-0.213
1668254761275,2022-11-12T14:06:01.275,213.720,1.433,0.427,-0.427
1668254761315,2022-11-12T14:06:01.315,213.760,1.006,-0.244,-0.213
1668254761355,2022-11-12T14:06:01.355,213.800,-0.427,-0.427,0.366
1668254761395,2022-11-12T14:06:01.395,213.840,0.152,-0.762,-0.122
1668254761435,2022-11-12T14:06:01.435,213.880,0.366,-0.823,-0.183
1668254761475,2022-11-12T14:06:01.475,213.920,0.030,-0.610,0.061
1668254761515,2022-11-12T14:06:01.515,213.960,1.159,-0.427,-0.183
1668254761555,2022-11-12T14:06:01.555,214.000,1.280,-0.457,-0.335
1668254761595,2022-11-12T14:06:01.595,214.040,1.128,-0.305,-0.305
1668254761635,2022-11-12T14:06:01.635,214.080,1.067,-0.213,0.183
1668254761675,2022-11-12T14:06:01.675,214.120,0.884,-0.061,0.366
1668254761715,2022-11-12T14:06:01.715,214.160,1.159,-0.122,-0.061
1668254761755,2022-11-12T14:06:01.755,214.200,1.494,-0.183,-0.244
1668254761795,2022-11-12T14:06:01.795,214.240,1.067,-0.183,-0.152
1668254761835,2022-11-12T14:06:01.835,214.280,0.549,-0.152,0.213
1668254761875,2022-11-12T14:06:01.875,214.320,0.884,-0.061,0.030
1668254761915,2022-11-12T14:06:01.915,214.360,0.701,-0.152,0.061
1668254761955,2022-11-12T14:06:01.955,214.400,0.793,-0.183,-0.030
1668254761995,2022-11-12T14:06:01.995,214.440,1.067,-0.366,-0.366
1668254762035,2022-11-12T14:06:02.035,214.480,1.494,-0.793,-0.762
1668254762075,2022-11-12T14:06:02.075,214.520,1.402,-0.335,-0.549
1668254762115,2022-11-12T14:06:02.115,214.560,0.671,-0.305,0.061
1668254762155,2022-11-12T14:06:02.155,214.600,0.305,-0.244,0.183
1668254762195,2022-11-12T14:06:02.195,214.640,0.732,-0.122,-0.061
1668254762235,2022-11-12T14:06:02.235,214.680,0.976,0.091,0.030
1668254762275,2022-11-12T14:06:02.275,214.720,0.915,0.152,0.152
1668254762315,2022-11-12T14:06:02.315,214.760,0.915,0.244,-0.030
1668254762355,2022-11-12T14:06:02.355,214.800,1.098,-0.183,-0.183
1668254762395,2022-11-12T14:06:02.395,214.840,0.976,-0.183,-0.152
1668254762435,2022-11-12T14:06:02.435,214.880,1.220,0.000,-0.305
1668254762475,2022-11-12T14:06:02.475,214.920,0.732,-0.183,0.183
1668254762515,2022-11-12T14:06:02.515,214.960,0.640,-0.030,0.244
1668254762555,2022-11-12T14:06:02.555,215.000,1.280,-0.213,-0.396
1668254762595,2022-11-12T14:06:02.595,215.040,0.854,-0.183,-0.061
1668254762635,2022-11-12T14:06:02.635,215.080,0.610,-0.244,0.305
1668254762675,2022-11-12T14:06:02.675,215.120,0.884,-0.030,0.030
1668254762715,2022-11-12T14:06:02.715,215.160,0.854,-0.030,-0.152
1668254762755,2022-11-12T14:06:02.755,215.200,0.945,0.061,-0.152
1668254762795,2022-11-12T14:06:02.795,215.240,0.915,0.030,0.030
1668254762835,2022-11-12T14:06:02.835,215.280,0.610,-0.366,0.061
1668254762875,2022-11-12T14:06:02.875,215.320,0.793,-0.244,0.030
1668254762915,2022-11-12T14:06:02.915,215.360,0.854,-0.244,0.061
1668254762955,2022-11-12T14:06:02.955,215.400,0.671,-0.152,0.091
1668254762995,2022-11-12T14:06:02.995,215.440,0.884,-0.122,0.000
1668254763035,2022-11-12T14:06:03.035,215.480,0.793,-0.122,0.152
1668254763075,2022-11-12T14:06:03.075,215.520,0.823,-0.305,0.000
1668254763115,2022-11-12T14:06:03.115,215.560,0.640,-0.122,0.061
1668254763155,2022-11-12T14:06:03.155,215.600,0.762,0.091,0.091
1668254763195,2022-11-12T14:06:03.195,215.640,1.037,-0.152,-0.030
1668254763235,2022-11-12T14:06:03.235,215.680,0.671,-0.244,0.122
1668254763275,2022-11-12T14:06:03.275,215.720,0.854,-0.091,-0.061
1668254763315,2022-11-12T14:06:03.315,215.760,0.915,-0.122,-0.061
1668254763355,2022-11-12T14:06:03.355,215.800,0.884,-0.183,0.030
1668254763395,2022-11-12T14:06:03.395,215.840,0.762,-0.122,-0.061
1668254763435,2022-11-12T14:06:03.435,215.880,0.793,-0.183,-0.091
1668254763475,2022-11-12T14:06:03.475,215.920,0.793,-0.183,0.000
1668254763515,2022-11-12T14:06:03.515,215.960,0.793,-0.152,0.030
1668254763555,2022-11-12T14:06:03.555,216.000,0.701,-0.030,-0.091
1668254763595,2022-11-12T14:06:03.595,216.040,0.884,-0.152,0.091
1668254763635,2022-11-12T14:06:03.635,216.080,0.579,-0.579,0.183
1668254763675,2022-11-12T14:06:03.675,216.120,0.213,-1.220,0.152
1668254763715,2022-11-12T14:06:03.715,216.160,0.732,-0.884,0.244
1668254763755,2022-11-12T14:06:03.755,216.200,0.610,0.061,0.396
1668254763795,2022-11-12T14:06:03.795,216.240,0.671,0.000,0.366
1668254763835,2022-11-12T14:06:03.835,216.280,1.128,0.061,-0.244
1668254763875,2022-11-12T14:06:03.875,216.320,1.128,0.274,-0.213
1668254763915,2022-11-12T14:06:03.915,216.360,0.854,0.183,0.122
1668254763955,2022-11-12T14:06:03.955,216.400,1.280,0.183,-0.183
1668254763995,2022-11-12T14:06:03.995,216.440,1.250,-0.061,-0.335
1668254764035,2022-11-12T14:06:04.035,216.480,0.732,-0.152,0.091
1668254764075,2022-11-12T14:06:04.075,216.520,0.640,-0.061,0.183
1668254764115,2022-11-12T14:06:04.115,216.560,0.854,-0.274,-0.030
1668254764155,2022-11-12T14:06:04.155,216.600,0.823,-0.366,0.091
1668254764195,2022-11-12T14:06:04.195,216.640,0.945,-0.244,0.091
1668254764235,2022-11-12T14:06:04.235,216.680,1.067,-0.183,0.000
1668254764275,2022-11-12T14:06:04.275,216.720,0.762,-0.366,0.030
1668254764315,2022-11-12T14:06:04.315,216.760,0.915,-0.244,-0.030
1668254764355,2022-11-12T14:06:04.355,216.800,0.823,-0.030,0.152
1668254764395,2022-11-12T14:06:04.395,216.840,0.976,-0.183,-0.030
1668254764435,2022-11-12T14:06:04.435,216.880,0.823,-0.274,0.030
1668254764475,2022-11-12T14:06:04.475,216.920,0.945,-0.427,0.152
1668254764515,2022-11-12T14:06:04.515,216.960,0.854,-0.152,0.183
1668254764555,2022-11-12T14:06:04.555,217.000,0.762,-0.061,0.213
1668254764595,2022-11-12T14:06:04.595,217.040,0.884,-0.183,-0.091
1668254764635,2022-11-12T14:06:04.635,217.080,0.976,-0.396,-0.061
1668254764675,2022-11-12T14:06:04.675,217.120,0.701,-0.030,0.274
1668254764715,2022-11-12T14:06:04.715,217.160,0.823,-0.244,0.061
1668254764755,2022-11-12T14:06:04.755,217.200,0.976,-0.396,-0.183
1668254764795,2022-11-12T14:06:04.795,217.240,1.067,-0.183,-0.061
1668254764835,2022-11-12T14:06:04.835,217.280,0.976,-0.122,0.183
1668254764875,2022-11-12T14:06:04.875,217.320,0.793,-0.305,0.061
1668254764915,2022-11-12T14:06:04.915,217.360,0.793,-0.152,-0.030
1668254764955,2022-11-12T14:06:04.955,217.400,0.854,-0.061,0.091
1668254764995,2022-11-12T14:06:04.995,217.440,0.884,-0.213,0.000
1668254765035,2022-11-12T14:06:05.035,217.480,0.915,-0.244,-0.152
1668254765075,2022-11-12T14:06:05.075,217.520,0.610,-0.091,0.061
1668254765115,2022-11-12T14:06:05.115,217.560,0.579,-0.152,0.213
1668254765155,2022-11-12T14:06:05.155,217.600,0.518,0.030,0.122
1668254765195,2022-11-12T14:06:05.195,217.640,0.915,0.152,-0.152
1668254765235,2022-11-12T14:06:05.235,217.680,1.098,-0.091,-0.091
1668254765275,2022-11-12T14:06:05.275,217.720,0.915,-0.305,0.091
1668254765315,2022-11-12T14:06:05.315,217.760,0.976,-0.457,-0.152
1668254765355,2022-11-12T14:06:05.355,217.800,0.793,-0.366,-0.091
1668254765395,2022-11-12T14:06:05.395,217.840,0.671,-0.152,0.183
1668254765435,2022-11-12T14:06:05.435,217.880,0.518,-0.305,0.122
1668254765475,2022-11-12T14:06:05.475,217.920,0.335,-0.335,0.000
1668254765515,2022-11-12T14:06:05.515,217.960,0.823,-0.091,0.030
1668254765555,2022-11-12T14:06:05.555,218.000,0.823,-0.213,-0.030
1668254765595,2022-11-12T14:06:05.595,218.040,0.610,-0.061,-0.061
1668254765635,2022-11-12T14:06:05.635,218.080,0.640,-0.091,-0.061
1668254765675,2022-11-12T14:06:05.675,218.120,0.640,-0.091,0.244
1668254765715,2022-11-12T14:06:05.715,218.160,0.823,-0.244,0.122
1668254765755,2022-11-12T14:06:05.755,218.200,1.463,-0.366,-0.213
1668254765795,2022-11-12T14:06:05.795,218.240,1.341,-0.091,-0.152
1668254765835,2022-11-12T14:06:05.835,218.280,1.250,-0.213,-0.183
1668254765875,2022-11-12T14:06:05.875,218.320,0.701,-0.183,0.122
1668254765915,2022-11-12T14:06:05.915,218.360,0.335,0.000,0.305
1668254765955,2022-11-12T14:06:05.955,218.400,0.915,-0.274,-0.030
1668254765995,2022-11-12T14:06:05.995,218.440,1.006,-0.366,-0.244
1668254766035,2022-11-12T14:06:06.035,218.480,1.280,-0.183,-0.152
1668254766075,2022-11-12T14:06:06.075,218.520,1.311,-0.305,-0.091
1668254766115,2022-11-12T14:06:06.115,218.560,1.037,-0.518,-0.274
1668254766155,2022-11-12T14:06:06.155,218.600,0.915,-0.396,-0.152
1668254766195,2022-11-12T14:06:06.195,218.640,0.732,-0.152,0.183
1668254766235,2022-11-12T14:06:06.235,218.680,0.854,-0.244,0.061
1668254766275,2022-11-12T14:06:06.275,218.720,1.037,-0.335,-0.091
1668254766315,2022-11-12T14:06:06.315,218.760,1.006,-0.213,0.061
1668254766355,2022-11-12T14:06:06.355,218.800,0.854,-0.061,0.122
1668254766395,2022-11-12T14:06:06.395,218.840,0.915,-0.213,-0.091
1668254766435,2022-11-12T14:06:06.435,218.880,0.732,-0.335,0.000
1668254766475,2022-11-12T14:06:06.475,218.920,0.579,-0.091,0.213
1668254766515,2022-11-12T14:06:06.515,218.960,0.762,-0.122,0.183
1668254766555,2022-11-12T14:06:06.555,219.000,1.098,-0.274,-0.152
1668254766595,2022-11-12T14:06:06.595,219.040,0.915,-0.213,0.091
1668254766635,2022-11-12T14:06:06.635,219.080,0.884,-0.274,0.091
1668254766675,2022-11-12T14:06:06.675,219.120,0.854,-0.335,0.061
1668254766715,2022-11-12T14:06:06.715,219.160,0.854,-0.152,-0.030
1668254766755,2022-11-12T14:06:06.755,219.200,0.945,0.000,0.061
1668254766795,2022-11-12T14:06:06.795,219.240,0.854,-0.183,0.091
1668254766835,2022-11-12T14:06:06.835,219.280,0.854,-0.366,-0.152
1668254766875,2022-11-12T14:06:06.875,219.320,0.854,-0.122,0.000
1668254766915,2022-11-12T14:06:06.915,219.360,0.610,0.122,0.122
1668254766955,2022-11-12T14:06:06.955,219.400,0.793,-0.152,-0.152
1668254766995,2022-11-12T14:06:06.995,219.440,0.976,-0.366,-0.030
1668254767035,2022-11-12T14:06:07.035,219.480,0.823,-0.091,0.091
1668254767075,2022-11-12T14:06:07.075,219.520,0.945,-0.122,-0.061
1668254767115,2022-11-12T14:06:07.115,219.560,1.128,-0.091,-0.213
1668254767155,2022-11-12T14:06:07.155,219.600,1.006,-0.091,-0.030
1668254767195,2022-11-12T14:06:07.195,219.640,0.945,-0.213,0.183
1668254767235,2022-11-12T14:06:07.235,219.680,1.159,-0.091,-0.030
1668254767275,2022-11-12T14:06:07.275,219.720,0.884,-0.152,-0.030
1668254767315,2022-11-12T14:06:07.315,219.760,0.976,-0.427,0.061
1668254767355,2022-11-12T14:06:07.355,219.800,0.915,-0.244,0.061
1668254767395,2022-11-12T14:06:07.395,219.840,0.640,0.061,0.122
1668254767435,2022-11-12T14:06:07.435,219.880,0.762,-0.091,-0.061
1668254767475,2022-11-12T14:06:07.475,219.920,0.884,-0.183,-0.061
1668254767515,2022-11-12T14:06:07.515,219.960,0.793,-0.091,-0.122
1668254767555,2022-11-12T14:06:07.555,220.000,1.220,-0.183,-0.030
1668254767595,2022-11-12T14:06:07.595,220.040,1.524,0.000,0.152
1668254767635,2022-11-12T14:06:07.635,220.080,0.915,-0.396,0.030
1668254767675,2022-11-12T14:06:07.675,220.120,0.976,-0.610,-0.122
1668254767715,2022-11-12T14:06:07.715,220.160,1.006,-0.183,-0.061
1668254767755,2022-11-12T14:06:07.755,220.200,0.945,-0.274,0.061
1668254767795,2022-11-12T14:06:07.795,220.240,1.402,-0.183,-0.213
1668254767835,2022-11-12T14:06:07.835,220.280,1.677,0.000,-0.549
1668254767875,2022-11-12T14:06:07.875,220.320,1.189,-0.091,-0.122
1668254767915,2022-11-12T14:06:07.915,220.360,0.488,0.000,0.396
1668254767955,2022-11-12T14:06:07.955,220.400,1.006,-0.213,-0.152
1668254767995,2022-11-12T14:06:07.995,220.440,0.762,-0.396,-0.213
1668254768035,2022-11-12T14:06:08.035,220.480,0.457,-0.183,0.244
1668254768075,2022-11-12T14:06:08.075,220.520,0.732,0.030,0.000
1668254768115,2022-11-12T14:06:08.115,220.560,0.579,0.030,-0.152
1668254768155,2022-11-12T14:06:08.155,220.600,0.671,-0.183,0.091
1668254768195,2022-11-12T14:06:08.195,220.640,0.640,-0.183,0.091
1668254768235,2022-11-12T14:06:08.235,220.680,0.640,-0.274,0.061
1668254768275,2022-11-12T14:06:08.275,220.720,0.762,-0.274,-0.061
1668254768315,2022-11-12T14:06:08.315,220.760,0.884,-0.061,-0.061
1668254768355,2022-11-12T14:06:08.355,220.800,0.884,-0.457,0.091
1668254768395,2022-11-12T14:06:08.395,220.840,0.762,-0.488,-0.122
1668254768435,2022-11-12T14:06:08.435,220.880,0.976,-0.122,-0.183
1668254768475,2022-11-12T14:06:08.475,220.920,0.945,0.000,-0.030
1668254768515,2022-11-12T14:06:08.515,220.960,0.732,-0.030,-0.030
1668254768555,2022-11-12T14:06:08.555,221.000,0.884,-0.183,-0.122
1668254768595,2022-11-12T14:06:08.595,221.040,0.823,-0.274,0.152
1668254768635,2022-11-12T14:06:08.635,221.080,0.762,-0.122,0.091
1668254768675,2022-11-12T14:06:08.675,221.120,1.189,-0.244,-0.091
1668254768715,2022-11-12T14:06:08.715,221.160,1.159,-0.488,-0.061
1668254768755,2022-11-12T14:06:08.755,221.200,1.037,-0.640,-0.122
1668254768795,2022-11-12T14:06:08.795,221.240,0.976,-0.244,-0.091
1668254768835,2022-11-12T14:06:08.835,221.280,0.762,0.000,-0.030
1668254768875,2022-11-12T14:06:08.875,221.320,0.793,-0.122,-0.061
1668254768915,2022-11-12T14:06:08.915,221.360,0.823,-0.396,0.000
1668254768955,2022-11-12T14:06:08.955,221.400,0.671,-0.335,0.030
1668254768995,2022-11-12T14:06:08.995,221.440,0.823,-0.183,-0.030
1668254769035,2022-11-12T14:06:09.035,221.480,0.762,-0.030,0.091
1668254769075,2022-11-12T14:06:09.075,221.520,0.823,-0.183,0.000
1668254769115,2022-11-12T14:06:09.115,221.560,0.854,-0.274,0.061
1668254769155,2022-11-12T14:06:09.155,221.600,1.067,-0.183,0.091
1668254769195,2022-11-12T14:06:09.195,221.640,1.128,-0.427,-0.213
1668254769235,2022-11-12T14:06:09.235,221.680,0.457,-0.305,-0.183
1668254769275,2022-11-12T14:06:09.275,221.720,0.884,-0.061,-0.274
1668254769315,2022-11-12T14:06:09.315,221.760,0.701,0.030,0.030
1668254769355,2022-11-12T14:06:09.355,221.800,0.579,-0.091,0.183
1668254769395,2022-11-12T14:06:09.395,221.840,1.189,-0.244,-0.091
1668254769435,2022-11-12T14:06:09.435,221.880,0.976,-0.274,0.000
1668254769475,2022-11-12T14:06:09.475,221.920,0.640,-0.213,0.213
1668254769515,2022-11-12T14:06:09.515,221.960,0.823,-0.183,0.091
1668254769555,2022-11-12T14:06:09.555,222.000,0.732,-0.244,0.122
1668254769595,2022-11-12T14:06:09.595,222.040,0.915,-0.274,0.000
1668254769635,2022-11-12T14:06:09.635,222.080,1.098,-0.091,-0.061
1668254769675,2022-11-12T14:06:09.675,222.120,0.976,-0.122,-0.030
1668254769715,2022-11-12T14:06:09.715,222.160,1.128,-0.549,0.091
1668254769755,2022-11-12T14:06:09.755,222.200,0.976,-0.793,0.000
1668254769795,2022-11-12T14:06:09.795,222.240,0.793,-0.396,-0.061
1668254769835,2022-11-12T14:06:09.835,222.280,0.823,0.152,0.000
1668254769875,2022-11-12T14:06:09.875,222.320,0.854,-0.030,-0.061
1668254769915,2022-11-12T14:06:09.915,222.360,0.823,-0.183,-0.030
1668254769955,2022-11-12T14:06:09.955,222.400,0.732,0.030,0.213
1668254769995,2022-11-12T14:06:09.995,222.440,0.793,-0.122,0.183
1668254770035,2022-11-12T14:06:10.035,222.480,0.945,-0.335,-0.030
1668254770075,2022-11-12T14:06:10.075,222.520,1.006,-0.213,-0.122
1668254770115,2022-11-12T14:06:10.115,222.560,0.884,-0.274,0.091
1668254770155,2022-11-12T14:06:10.155,222.600,0.915,-0.366,0.061
1668254770195,2022-11-12T14:06:10.195,222.640,1.098,-0.305,-0.091
1668254770235,2022-11-12T14:06:10.235,222.680,1.189,-0.396,0.061
1668254770275,2022-11-12T14:06:10.275,222.720,1.189,-0.335,0.091
1668254770315,2022-11-12T14:06:10.315,222.760,1.006,-0.274,0.030
1668254770355,2022-11-12T14:06:10.355,222.800,0.701,-0.244,0.030
1668254770395,2022-11-12T14:06:10.395,222.840,0.823,-0.274,-0.030
1668254770435,2022-11-12T14:06:10.435,222.880,0.854,-0.183,-0.061
1668254770475,2022-11-12T14:06:10.475,222.920,0.854,0.061,0.030
1668254770515,2022-11-12T14:06:10.515,222.960,1.006,-0.396,-0.061
1668254770555,2022-11-12T14:06:10.555,223.000,0.884,-0.640,-0.030
1668254770595,2022-11-12T14:06:10.595,223.040,0.762,-0.335,0.091
1668254770635,2022-11-12T14:06:10.635,223.080,0.884,-0.305,0.061
1668254770675,2022-11-12T14:06:10.675,223.120,0.945,-0.213,-0.030
1668254770715,2022-11-12T14:06:10.715,223.160,0.915,-0.305,0.091
1668254770755,2022-11-12T14:06:10.755,223.200,1.159,-0.183,0.091
1668254770795,2022-11-12T14:06:10.795,223.240,1.098,-0.122,0.122
1668254770835,2022-11-12T14:06:10.835,223.280,1.006,-0.152,0.000
1668254770875,2022-11-12T14:06:10.875,223.320,0.823,0.122,0.000
1668254770915,2022-11-12T14:06:10.915,223.360,0.610,-0.030,0.000
1668254770955,2022-11-12T14:06:10.955,223.400,0.518,-0.183,0.061
1668254770995,2022-11-12T14:06:10.995,223.440,0.488,0.030,0.152
1668254771035,2022-11-12T14:06:11.035,223.480,0.610,-0.030,0.152
1668254771075,2022-11-12T14:06:11.075,223.520,0.640,-0.122,0.274
1668254771115,2022-11-12T14:06:11.115,223.560,0.884,-0.305,0.000
1668254771155,2022-11-12T14:06:11.155,223.600,0.854,-0.213,-0.213
1668254771195,2022-11-12T14:06:11.195,223.640,0.793,0.030,-0.030
1668254771235,2022-11-12T14:06:11.235,223.680,1.067,-0.122,-0.061
1668254771275,2022-11-12T14:06:11.275,223.720,0.823,-0.488,-0.091
1668254771315,2022-11-12T14:06:11.315,223.760,0.793,-0.305,-0.061
1668254771355,2022-11-12T14:06:11.355,223.800,0.854,0.030,0.030
1668254771395,2022-11-12T14:06:11.395,223.840,0.823,-0.091,-0.061
1668254771435,2022-11-12T14:06:11.435,223.880,0.976,-0.335,-0.213
1668254771475,2022-11-12T14:06:11.475,223.920,0.884,-0.183,-0.061
1668254771515,2022-11-12T14:06:11.515,223.960,0.701,0.152,0.061
1668254771555,2022-11-12T14:06:11.555,224.000,1.037,-0.091,-0.030
1668254771595,2022-11-12T14:06:11.595,224.040,0.976,-0.274,-0.091
1668254771635,2022-11-12T14:06:11.635,224.080,0.915,-0.366,-0.061
1668254771675,2022-11-12T14:06:11.675,224.120,0.823,-0.244,0.030
1668254771715,2022-11-12T14:06:11.715,224.160,0.823,-0.091,0.000
1668254771755,2022-11-12T14:06:11.755,224.200,0.915,-0.030,-0.122
1668254771795,2022-11-12T14:06:11.795,224.240,0.793,-0.213,-0.030
1668254771835,2022-11-12T14:06:11.835,224.280,0.823,-0.305,0.061
1668254771875,2022-11-12T14:06:11.875,224.320,0.884,-0.213,0.000
1668254771915,2022-11-12T14:06:11.915,224.360,0.762,0.030,-0.091
1668254771955,2022-11-12T14:06:11.955,224.400,0.732,0.000,0.091
1668254771995,2022-11-12T14:06:11.995,224.440,0.732,-0.366,0.000
1668254772035,2022-11-12T14:06:12.035,224.480,0.793,-0.274,-0.122
1668254772075,2022-11-12T14:06:12.075,224.520,0.823,-0.244,0.122
1668254772115,2022-11-12T14:06:12.115,224.560,0.701,-0.091,0.030
1668254772155,2022-11-12T14:06:12.155,224.600,0.823,-0.244,-0.030
1668254772195,2022-11-12T14:06:12.195,224.640,0.671,-0.244,0.061
1668254772235,2022-11-12T14:06:12.235,224.680,0.854,-0.061,0.030
1668254772275,2022-11-12T14:06:12.275,224.720,1.006,-0.396,-0.152
1668254772315,2022-11-12T14:06:12.315,224.760,0.762,-0.091,-0.030
1668254772355,2022-11-12T14:06:12.355,224.800,0.915,0.030,-0.030
1668254772395,2022-11-12T14:06:12.395,224.840,0.640,-0.244,0.091
1668254772435,2022-11-12T14:06:12.435,224.880,0.701,-0.244,0.061
1668254772475,2022-11-12T14:06:12.475,224.920,0.945,-0.305,-0.091
1668254772515,2022-11-12T14:06:12.515,224.960,0.732,-0.244,0.091
1668254772555,2022-11-12T14:06:12.555,225.000,0.976,-0.122,0.000
1668254772595,2022-11-12T14:06:12.595,225.040,0.976,-0.244,-0.030
1668254772635,2022-11-12T14:06:12.635,225.080,0.793,-0.305,0.061
1668254772675,2022-11-12T14:06:12.675,225.120,0.732,-0.213,0.091
1668254772715,2022-11-12T14:06:12.715,225.160,0.854,-0.152,-0.061
1668254772755,2022-11-12T14:06:12.755,225.200,0.823,-0.061,-0.061
1668254772795,2022-11-12T14:06:12.795,225.240,0.915,-0.152,0.000
1668254772835,2022-11-12T14:06:12.835,225.280,0.854,-0.396,0.091
1668254772875,2022-11-12T14:06:12.875,225.320,0.823,-0.396,-0.091
1668254772915,2022-11-12T14:06:12.915,225.360,0.793,-0.122,0.061
1668254772955,2022-11-12T14:06:12.955,225.400,0.793,-0.030,0.030
1668254772995,2022-11-12T14:06:12.995,225.440,0.884,-0.183,-0.122
1668254773035,2022-11-12T14:06:13.035,225.480,0.732,-0.213,0.061
1668254773075,2022-11-12T14:06:13.075,225.520,0.701,-0.061,0.152
1668254773115,2022-11-12T14:06:13.115,225.560,0.732,-0.183,-0.030
1668254773155,2022-11-12T14:06:13.155,225.600,0.854,-0.244,-0.122
1668254773195,2022-11-12T14:06:13.195,225.640,0.884,0.000,0.000
1668254773235,2022-11-12T14:06:13.235,225.680,0.823,-0.152,0.091
1668254773275,2022-11-12T14:06:13.275,225.720,0.762,-0.366,0.061
1668254773315,2022-11-12T14:06:13.315,225.760,0.701,-0.244,0.000
1668254773355,2022-11-12T14:06:13.355,225.800,0.823,-0.152,0.030
1668254773395,2022-11-12T14:06:13.395,225.840,0.793,-0.213,-0.030
1668254773435,2022-11-12T14:06:13.435,225.880,0.793,-0.152,-0.030
1668254773475,2022-11-12T14:06:13.475,225.920,0.884,-0.122,-0.030
1668254773515,2022-11-12T14:06:13.515,225.960,0.793,-0.274,0.000
1668254773555,2022-11-12T14:06:13.555,226.000,0.823,-0.152,0.091
1668254773595,2022-11-12T14:06:13.595,226.040,0.793,-0.183,-0.061
1668254773635,2022-11-12T14:06:13.635,226.080,0.823,-0.213,-0.030
1668254773675,2022-11-12T14:06:13.675,226.120,0.945,-0.122,-0.061
1668254773715,2022-11-12T14:06:13.715,226.160,0.823,-0.061,-0.030
1668254773755,2022-11-12T14:06:13.755,226.200,0.823,0.152,-0.030
1668254773795,2022-11-12T14:06:13.795,226.240,0.823,-0.366,0.061
1668254773835,2022-11-12T14:06:13.835,226.280,0.793,-0.427,-0.061
1668254773875,2022-11-12T14:06:13.875,226.320,0.823,-0.091,-0.030
1668254773915,2022-11-12T14:06:13.915,226.360,0.732,-0.061,0.122
1668254773955,2022-11-12T14:06:13.955,226.400,0.793,-0.213,0.030
1668254773995,2022-11-12T14:06:13.995,226.440,0.884,-0.366,0.000
1668254774035,2022-11-12T14:06:14.035,226.480,0.823,-0.061,0.000
1668254774075,2022-11-12T14:06:14.075,226.520,0.823,-0.061,0.030
1668254774115,2022-11-12T14:06:14.115,226.560,0.762,-0.244,0.030
1668254774155,2022-11-12T14:06:14.155,226.600,1.006,-0.213,-0.061
1668254774195,2022-11-12T14:06:14.195,226.640,0.701,-0.030,0.091
1668254774235,2022-11-12T14:06:14.235,226.680,0.671,-0.183,0.061
1668254774275,2022-11-12T14:06:14.275,226.720,1.006,-0.396,0.000
1668254774315,2022-11-12T14:06:14.315,226.760,0.854,-0.244,0.030
1668254774355,2022-11-12T14:06:14.355,226.800,0.823,-0.305,0.061
1668254774395,2022-11-12T14:06:14.395,226.840,0.945,-0.213,-0.030
1668254774435,2022-11-12T14:06:14.435,226.880,0.854,-0.122,-0.061
1668254774475,2022-11-12T14:06:14.475,226.920,0.823,-0.183,0.152
1668254774515,2022-11-12T14:06:14.515,226.960,0.823,-0.305,0.030
1668254774555,2022-11-12T14:06:14.555,227.000,0.976,-0.305,-0.030
1668254774595,2022-11-12T14:06:14.595,227.040,0.884,-0.244,0.091
1668254774635,2022-11-12T14:06:14.635,227.080,1.006,-0.274,0.091
1668254774675,2022-11-12T14:06:14.675,227.120,0.976,-0.061,0.030
1668254774715,2022-11-12T14:06:14.715,227.160,0.976,-0.122,0.000
1668254774755,2022-11-12T14:06:14.755,227.200,0.762,-0.427,0.122
1668254774795,2022-11-12T14:06:14.795,227.240,0.671,-0.305,0.061
1668254774835,2022-11-12T14:06:14.835,227.280,1.006,-0.183,-0.122
1668254774875,2022-11-12T14:06:14.875,227.320,0.793,-0.152,0.061
1668254774915,2022-11-12T14:06:14.915,227.360,0.854,-0.244,0.030
1668254774955,2022-11-12T14:06:14.955,227.400,0.884,-0.274,-0.030
1668254774995,2022-11-12T14:06:14.995,227.440,1.006,-0.061,-0.061
1668254775035,2022-11-12T14:06:15.035,227.480,0.884,-0.091,0.000
1668254775075,2022-11-12T14:06:15.075,227.520,0.854,-0.183,-0.030
1668254775115,2022-11-12T14:06:15.115,227.560,1.067,-0.183,-0.061
1668254775155,2022-11-12T14:06:15.155,227.600,0.732,-0.152,0.152
1668254775195,2022-11-12T14:06:15.195,227.640,0.884,-0.274,0.000
1668254775235,2022-11-12T14:06:15.235,227.680,1.037,-0.122,-0.091
1668254775275,2022-11-12T14:06:15.275,227.720,1.006,0.030,0.061
1668254775315,2022-11-12T14:06:15.315,227.760,1.006,0.000,0.061
1668254775355,2022-11-12T14:06:15.355,227.800,0.793,-0.152,0.000
1668254775395,2022-11-12T14:06:15.395,227.840,0.884,-0.152,-0.030
1668254775435,2022-11-12T14:06:15.435,227.880,0.884,-0.183,0.030
1668254775475,2022-11-12T14:06:15.475,227.920,0.671,-0.213,0.061
1668254775515,2022-11-12T14:06:15.515,227.960,0.884,-0.152,-0.091
1668254775555,2022-11-12T14:06:15.555,228.000,0.854,0.000,-0.122
1668254775595,2022-11-12T14:06:15.595,228.040,1.037,-0.122,0.000
1668254775635,2022-11-12T14:06:15.635,228.080,0.793,-0.396,0.061
1668254775675,2022-11-12T14:06:15.675,228.120,0.945,-0.335,-0.183
1668254775715,2022-11-12T14:06:15.715,228.160,0.915,-0.091,0.030
1668254775755,2022-11-12T14:06:15.755,228.200,0.884,-0.122,-0.030
1668254775795,2022-11-12T14:06:15.795,228.240,1.098,-0.366,-0.122
1668254775835,2022-11-12T14:06:15.835,228.280,0.762,-0.274,0.030
1668254775875,2022-11-12T14:06:15.875,228.320,0.732,-0.061,0.000
1668254775915,2022-11-12T14:06:15.915,228.360,0.793,-0.183,-0.061
1668254775955,2022-11-12T14:06:15.955,228.400,0.854,-0.274,-0.091
1668254775995,2022-11-12T14:06:15.995,228.440,0.884,-0.152,0.000
1668254776035,2022-11-12T14:06:16.035,228.480,0.701,-0.152,0.061
1668254776075,2022-11-12T14:06:16.075,228.520,0.732,-0.152,0.061
1668254776115,2022-11-12T14:06:16.115,228.560,0.884,-0.335,0.030
1668254776155,2022-11-12T14:06:16.155,228.600,0.762,-0.213,0.061
1668254776195,2022-11-12T14:06:16.195,228.640,0.884,-0.213,-0.030
1668254776235,2022-11-12T14:06:16.235,228.680,0.854,-0.213,0.030
1668254776275,2022-11-12T14:06:16.275,228.720,0.854,-0.061,0.030
1668254776315,2022-11-12T14:06:16.315,228.760,0.732,-0.061,0.152
1668254776355,2022-11-12T14:06:16.355,228.800,0.915,-0.213,0.000
1668254776395,2022-11-12T14:06:16.395,228.840,0.854,-0.152,-0.061
1668254776435,2022-11-12T14:06:16.435,228.880,0.884,-0.030,-0.030
1668254776475,2022-11-12T14:06:16.475,228.920,0.854,-0.183,0.061
1668254776515,2022-11-12T14:06:16.515,228.960,0.823,-0.457,0.061
1668254776555,2022-11-12T14:06:16.555,229.000,0.945,-0.274,-0.091
1668254776595,2022-11-12T14:06:16.595,229.040,0.640,-0.061,0.152
1668254776635,2022-11-12T14:06:16.635,229.080,0.823,-0.152,-0.030
1668254776675,2022-11-12T14:06:16.675,229.120,1.006,-0.244,-0.152
1668254776715,2022-11-12T14:06:16.715,229.160,0.671,-0.091,0.122
1668254776755,2022-11-12T14:06:16.755,229.200,0.884,0.000,0.000
1668254776795,2022-11-12T14:06:16.795,229.240,0.823,-0.213,0.061
1668254776835,2022-11-12T14:06:16.835,229.280,0.945,-0.244,-0.061
1668254776875,2022-11-12T14:06:16.875,229.320,0.793,-0.152,0.061
1668254776915,2022-11-12T14:06:16.915,229.360,0.732,-0.274,0.122
1668254776955,2022-11-12T14:06:16.955,229.400,0.854,-0.213,-0.061
1668254776995,2022-11-12T14:06:16.995,229.440,0.976,-0.213,-0.091
1668254777035,2022-11-12T14:06:17.035,229.480,0.793,-0.183,0.000
1668254777075,2022-11-12T14:06:17.075,229.520,0.793,-0.244,0.000
1668254777115,2022-11-12T14:06:17.115,229.560,0.854,-0.366,0.000
1668254777155,2022-11-12T14:06:17.155,229.600,0.854,-0.152,-0.122
1668254777195,2022-11-12T14:06:17.195,229.640,0.884,-0.061,0.000
1668254777235,2022-11-12T14:06:17.235,229.680,0.823,-0.244,0.030
1668254777275,2022-11-12T14:06:17.275,229.720,0.854,-0.183,-0.030
1668254777315,2022-11-12T14:06:17.315,229.760,0.762,-0.061,0.000
1668254777355,2022-11-12T14:06:17.355,229.800,0.884,-0.030,-0.061
1668254777395,2022-11-12T14:06:17.395,229.840,0.823,-0.213,0.061
1668254777435,2022-11-12T14:06:17.435,229.880,0.793,-0.396,0.000
1668254777475,2022-11-12T14:06:17.475,229.920,0.823,-0.305,-0.091
1668254777515,2022-11-12T14:06:17.515,229.960,0.701,-0.061,0.152
1668254777555,2022-11-12T14:06:17.555,230.000,0.884,-0.152,-0.061
1668254777595,2022-11-12T14:06:17.595,230.040,0.854,-0.335,0.030
1668254777635,2022-11-12T14:06:17.635,230.080,0.732,-0.061,0.091
1668254777675,2022-11-12T14:06:17.675,230.120,1.006,-0.183,-0.122
1668254777715,2022-11-12T14:06:17.715,230.160,0.854,-0.244,0.061
1668254777755,2022-11-12T14:06:17.755,230.200,1.006,-0.122,-0.091
1668254777795,2022-11-12T14:06:17.795,230.240,0.671,-0.122,0.122
1668254777835,2022-11-12T14:06:17.835,230.280,0.732,-0.305,0.152
1668254777875,2022-11-12T14:06:17.875,230.320,0.915,-0.244,-0.091
1668254777915,2022-11-12T14:06:17.915,230.360,0.823,-0.183,0.000
1668254777955,2022-11-12T14:06:17.955,230.400,0.793,-0.244,0.000
1668254777995,2022-11-12T14:06:17.995,230.440,0.854,-0.274,0.030
1668254778035,2022-11-12T14:06:18.035,230.480,0.854,-0.152,-0.030
1668254778075,2022-11-12T14:06:18.075,230.520,0.762,-0.183,0.061
1668254778115,2022-11-12T14:06:18.115,230.560,1.006,-0.244,-0.061
1668254778155,2022-11-12T14:06:18.155,230.600,0.823,-0.274,0.030
1668254778195,2022-11-12T14:06:18.195,230.640,0.671,-0.274,0.091
1668254778235,2022-11-12T14:06:18.235,230.680,0.915,-0.152,-0.091
1668254778275,2022-11-12T14:06:18.275,230.720,0.884,-0.061,-0.061
1668254778315,2022-11-12T14:06:18.315,230.760,0.793,-0.457,0.122
1668254778355,2022-11-12T14:06:18.355,230.800,0.793,-0.488,-0.030
1668254778395,2022-11-12T14:06:18.395,230.840,1.006,-0.183,-0.152
1668254778435,2022-11-12T14:06:18.435,230.880,0.762,-0.183,0.030
1668254778475,2022-11-12T14:06:18.475,230.920,0.793,-0.122,-0.030
1668254778515,2022-11-12T14:06:18.515,230.960,0.884,-0.213,0.030
1668254778555,2022-11-12T14:06:18.555,231.000,0.762,-0.183,0.091
1668254778595,2022-11-12T14:06:18.595,231.040,1.037,-0.213,-0.091
1668254778635,2022-11-12T14:06:18.635,231.080,1.006,-0.305,-0.122
1668254778675,2022-11-12T14:06:18.675,231.120,1.006,-0.091,0.030
1668254778715,2022-11-12T14:06:18.715,231.160,0.915,-0.305,0.061
1668254778755,2022-11-12T14:06:18.755,231.200,0.701,-0.274,0.183
1668254778795,2022-11-12T14:06:18.795,231.240,0.884,-0.213,-0.091
1668254778835,2022-11-12T14:06:18.835,231.280,0.854,-0.244,0.030
1668254778875,2022-11-12T14:06:18.875,231.320,0.854,-0.213,0.030
1668254778915,2022-11-12T14:06:18.915,231.360,1.067,-0.244,-0.061
1668254778955,2022-11-12T14:06:18.955,231.400,1.006,-0.152,0.061
1668254778995,2022-11-12T14:06:18.995,231.440,0.762,-0.091,0.000
1668254779035,2022-11-12T14:06:19.035,231.480,0.793,-0.152,0.000
1668254779075,2022-11-12T14:06:19.075,231.520,0.823,-0.152,0.000
1668254779115,2022-11-12T14:06:19.115,231.560,0.793,-0.244,0.030
1668254779155,2022-11-12T14:06:19.155,231.600,0.976,-0.183,-0.030
1668254779195,2022-11-12T14:06:19.195,231.640,0.976,-0.152,-0.061
1668254779235,2022-11-12T14:06:19.235,231.680,0.640,-0.366,0.122
1668254779275,2022-11-12T14:06:19.275,231.720,0.854,-0.427,-0.030
1668254779315,2022-11-12T14:06:19.315,231.760,0.945,-0.183,-0.061
1668254779355,2022-11-12T14:06:19.355,231.800,0.579,-0.122,0.152
1668254779395,2022-11-12T14:06:19.395,231.840,0.762,-0.213,0.030
1668254779435,2022-11-12T14:06:19.435,231.880,0.793,-0.305,0.030
1668254779475,2022-11-12T14:06:19.475,231.920,0.823,-0.122,0.030
1668254779515,2022-11-12T14:06:19.515,231.960,0.976,-0.122,0.000
1668254779555,2022-11-12T14:06:19.555,232.000,0.854,-0.183,-0.030
1668254779595,2022-11-12T14:06:19.595,232.040,1.067,-0.152,-0.061
1668254779635,2022-11-12T14:06:19.635,232.080,0.793,-0.091,0.091
1668254779675,2022-11-12T14:06:19.675,232.120,0.671,-0.152,0.122
1668254779715,2022-11-12T14:06:19.715,232.160,1.006,-0.244,-0.122
1668254779755,2022-11-12T14:06:19.755,232.200,0.854,-0.244,0.000
1668254779795,2022-11-12T14:06:19.795,232.240,0.823,-0.061,0.000
1668254779835,2022-11-12T14:06:19.835,232.280,0.915,-0.213,-0.061
1668254779875,2022-11-12T14:06:19.875,232.320,0.762,-0.274,0.000
1668254779915,2022-11-12T14:06:19.915,232.360,0.915,-0.122,0.000
1668254779955,2022-11-12T14:06:19.955,232.400,0.762,-0.183,0.061
1668254779995,2022-11-12T14:06:19.995,232.440,0.884,-0.091,-0.061
1668254780035,2022-11-12T14:06:20.035,232.480,1.006,-0.091,-0.061
1668254780075,2022-11-12T14:06:20.075,232.520,0.671,-0.366,0.122
1668254780115,2022-11-12T14:06:20.115,232.560,1.006,-0.152,-0.122
1668254780155,2022-11-12T14:06:20.155,232.600,1.006,-0.122,0.000
1668254780195,2022-11-12T14:06:20.195,232.640,0.945,-0.183,-0.030
1668254780235,2022-11-12T14:06:20.235,232.680,1.006,-0.122,-0.183
1668254780275,2022-11-12T14:06:20.275,232.720,0.579,-0.457,0.152
1668254780315,2022-11-12T14:06:20.315,232.760,0.671,-0.274,0.061
1668254780355,2022-11-12T14:06:20.355,232.800,0.732,-0.213,0.030
1668254780395,2022-11-12T14:06:20.395,232.840,0.732,-0.122,-0.091
1668254780435,2022-11-12T14:06:20.435,232.880,1.006,-0.061,-0.091
1668254780475,2022-11-12T14:06:20.475,232.920,0.640,-0.061,0.152
1668254780515,2022-11-12T14:06:20.515,232.960,0.854,-0.274,0.000
1668254780555,2022-11-12T14:06:20.555,233.000,1.037,-0.213,-0.061
1668254780595,2022-11-12T14:06:20.595,233.040,0.762,-0.061,0.000
1668254780635,2022-11-12T14:06:20.635,233.080,0.884,-0.122,-0.030
1668254780675,2022-11-12T14:06:20.675,233.120,0.793,-0.244,0.030
1668254780715,2022-11-12T14:06:20.715,233.160,0.823,-0.152,0.030
1668254780755,2022-11-12T14:06:20.755,233.200,0.793,-0.122,0.061
1668254780795,2022-11-12T14:06:20.795,233.240,0.915,-0.274,0.030
1668254780835,2022-11-12T14:06:20.835,233.280,0.945,-0.183,-0.061
1668254780875,2022-11-12T14:06:20.875,233.320,0.701,0.091,0.061
1668254780915,2022-11-12T14:06:20.915,233.360,0.762,-0.366,0.091
1668254780955,2022-11-12T14:06:20.955,233.400,0.701,-0.335,0.000
1668254780995,2022-11-12T14:06:20.995,233.440,0.854,-0.122,0.030
1668254781035,2022-11-12T14:06:21.035,233.480,0.701,-0.061,0.122
1668254781075,2022-11-12T14:06:21.075,233.520,0.854,-0.183,-0.061
1668254781115,2022-11-12T14:06:21.115,233.560,0.854,-0.244,0.030
1668254781155,2022-11-12T14:06:21.155,233.600,0.793,0.030,0.122
1668254781195,2022-11-12T14:06:21.195,233.640,0.884,-0.152,-0.061
1668254781235,2022-11-12T14:06:21.235,233.680,0.793,-0.213,-0.091
1668254781275,2022-11-12T14:06:21.275,233.720,0.915,-0.061,0.030
1668254781315,2022-11-12T14:06:21.315,233.760,0.671,-0.213,0.183
1668254781355,2022-11-12T14:06:21.355,233.800,0.671,-0.183,0.061
1668254781395,2022-11-12T14:06:21.395,233.840,1.006,-0.152,-0.122
1668254781435,2022-11-12T14:06:21.435,233.880,0.732,-0.213,0.091
1668254781475,2022-11-12T14:06:21.475,233.920,0.762,-0.244,0.091
1668254781515,2022-11-12T14:06:21.515,233.960,0.945,-0.244,-0.030
1668254781555,2022-11-12T14:06:21.555,234.000,0.793,-0.122,0.061
1668254781595,2022-11-12T14:06:21.595,234.040,0.854,-0.122,0.030
1668254781635,2022-11-12T14:06:21.635,234.080,0.793,-0.152,0.000
1668254781675,2022-11-12T14:06:21.675,234.120,0.823,-0.152,-0.061
1668254781715,2022-11-12T14:06:21.715,234.160,0.976,-0.152,-0.152
1668254781755,2022-11-12T14:06:21.755,234.200,0.671,-0.244,0.122
1668254781795,2022-11-12T14:06:21.795,234.240,0.762,-0.396,-0.030
1668254781835,2022-11-12T14:06:21.835,234.280,0.884,-0.274,0.000
1668254781875,2022-11-12T14:06:21.875,234.320,0.732,-0.091,0.091
1668254781915,2022-11-12T14:06:21.915,234.360,0.915,-0.152,-0.030
1668254781955,2022-11-12T14:06:21.955,234.400,0.915,-0.244,0.061
1668254781995,2022-11-12T14:06:21.995,234.440,0.640,0.122,0.122
1668254782035,2022-11-12T14:06:22.035,234.480,0.823,0.061,0.030
1668254782075,2022-11-12T14:06:22.075,234.520,0.793,-0.366,0.000
1668254782115,2022-11-12T14:06:22.115,234.560,0.915,-0.183,-0.030
1668254782155,2022-11-12T14:06:22.155,234.600,0.732,-0.213,0.091
1668254782195,2022-11-12T14:06:22.195,234.640,0.793,-0.305,0.061
1668254782235,2022-11-12T14:06:22.235,234.680,0.945,-0.183,-0.061
1668254782275,2022-11-12T14:06:22.275,234.720,0.793,-0.213,0.000
1668254782315,2022-11-12T14:06:22.315,234.760,0.854,-0.213,0.061
1668254782355,2022-11-12T14:06:22.355,234.800,0.945,-0.183,-0.030
1668254782395,2022-11-12T14:06:22.395,234.840,0.823,-0.213,0.000
1668254782435,2022-11-12T14:06:22.435,234.880,0.884,-0.244,-0.061
1668254782475,2022-11-12T14:06:22.475,234.920,0.823,-0.183,0.000
1668254782515,2022-11-12T14:06:22.515,234.960,0.915,-0.061,0.030
1668254782555,2022-11-12T14:06:22.555,235.000,0.945,-0.183,0.000
1668254782595,2022-11-12T14:06:22.595,235.040,0.610,-0.274,0.213
1668254782635,2022-11-12T14:06:22.635,235.080,0.793,-0.061,0.152
1668254782675,2022-11-12T14:06:22.675,235.120,0.884,-0.213,0.061
1668254782715,2022-11-12T14:06:22.715,235.160,0.854,-0.244,-0.061
1668254782755,2022-11-12T14:06:22.755,235.200,1.098,-0.305,-0.030
1668254782795,2022-11-12T14:06:22.795,235.240,0.732,-0.366,0.122
1668254782835,2022-11-12T14:06:22.835,235.280,1.006,-0.274,-0.091
1668254782875,2022-11-12T14:06:22.875,235.320,0.915,-0.305,-0.091
1668254782915,2022-11-12T14:06:22.915,235.360,0.854,-0.152,0.061
1668254782955,2022-11-12T14:06:22.955,235.400,0.884,-0.061,0.091
1668254782995,2022-11-12T14:06:22.995,235.440,0.640,-0.274,0.152
1668254783035,2022-11-12T14:06:23.035,235.480,0.732,-0.366,0.000
1668254783075,2022-11-12T14:06:23.075,235.520,1.128,-0.335,0.030
1668254783115,2022-11-12T14:06:23.115,235.560,1.037,-0.152,0.000
1668254783155,2022-11-12T14:06:23.155,235.600,0.884,-0.244,0.000
1668254783195,2022-11-12T14:06:23.195,235.640,1.006,-0.457,-0.091
1668254783235,2022-11-12T14:06:23.235,235.680,0.884,-0.366,-0.122
1668254783275,2022-11-12T14:06:23.275,235.720,0.884,-0.213,-0.030
1668254783315,2022-11-12T14:06:23.315,235.760,0.945,-0.122,0.061
1668254783355,2022-11-12T14:06:23.355,235.800,0.884,-0.396,0.061
1668254783395,2022-11-12T14:06:23.395,235.840,0.945,-0.457,-0.061
1668254783435,2022-11-12T14:06:23.435,235.880,1.006,-0.335,0.061
1668254783475,2022-11-12T14:06:23.475,235.920,0.976,-0.244,0.000
1668254783515,2022-11-12T14:06:23.515,235.960,0.915,-0.183,0.000
1668254783555,2022-11-12T14:06:23.555,236.000,0.884,-0.366,0.061
1668254783595,2022-11-12T14:06:23.595,236.040,0.915,-0.213,0.061
1668254783635,2022-11-12T14:06:23.635,236.080,0.884,-0.244,0.030
1668254783675,2022-11-12T14:06:23.675,236.120,0.884,-0.335,-0.122
1668254783715,2022-11-12T14:06:23.715,236.160,0.976,-0.305,0.030
1668254783755,2022-11-12T14:06:23.755,236.200,0.854,-0.396,0.152
1668254783795,2022-11-12T14:06:23.795,236.240,0.610,-0.305,0.091
1668254783835,2022-11-12T14:06:23.835,236.280,0.823,-0.183,-0.061
1668254783875,2022-11-12T14:06:23.875,236.320,0.945,-0.183,-0.030
1668254783915,2022-11-12T14:06:23.915,236.360,1.098,-0.152,-0.091
1668254783955,2022-11-12T14:06:23.955,236.400,0.915,-0.152,-0.152
1668254783995,2022-11-12T14:06:23.995,236.440,0.854,-0.061,0.000
1668254784035,2022-11-12T14:06:24.035,236.480,0.823,-0.030,0.030
1668254784075,2022-11-12T14:06:24.075,236.520,0.640,-0.427,0.061
1668254784115,2022-11-12T14:06:24.115,236.560,0.823,-0.274,-0.091
1668254784155,2022-11-12T14:06:24.155,236.600,0.854,-0.030,0.061
1668254784195,2022-11-12T14:06:24.195,236.640,0.793,-0.152,0.000
1668254784235,2022-11-12T14:06:24.235,236.680,0.854,-0.183,-0.061
1668254784275,2022-11-12T14:06:24.275,236.720,0.823,-0.152,0.091
1668254784315,2022-11-12T14:06:24.315,236.760,0.976,-0.061,-0.030
1668254784355,2022-11-12T14:06:24.355,236.800,0.884,-0.152,-0.061
1668254784395,2022-11-12T14:06:24.395,236.840,0.915,-0.183,-0.122
1668254784435,2022-11-12T14:06:24.435,236.880,0.945,-0.122,-0.061
1668254784475,2022-11-12T14:06:24.475,236.920,0.671,-0.091,0.152
1668254784515,2022-11-12T14:06:24.515,236.960,0.793,-0.244,0.030
1668254784555,2022-11-12T14:06:24.555,237.000,0.884,-0.305,-0.091
1668254784595,2022-11-12T14:06:24.595,237.040,0.793,-0.061,0.061
1668254784635,2022-11-12T14:06:24.635,237.080,0.915,-0.244,0.061
1668254784675,2022-11-12T14:06:24.675,237.120,0.762,-0.152,0.000
1668254784715,2022-11-12T14:06:24.715,237.160,0.976,-0.122,-0.152
1668254784755,2022-11-12T14:06:24.755,237.200,0.976,-0.335,-0.030
1668254784795,2022-11-12T14:06:24.795,237.240,0.701,-0.274,0.030
1668254784835,2022-11-12T14:06:24.835,237.280,0.854,-0.305,-0.061
1668254784875,2022-11-12T14:06:24.875,237.320,0.732,-0.274,0.061
1668254784915,2022-11-12T14:06:24.915,237.360,0.915,-0.091,-0.030
1668254784955,2022-11-12T14:06:24.955,237.400,0.884,-0.152,-0.030
1668254784995,2022-11-12T14:06:24.995,237.440,0.701,-0.274,0.122
1668254785035,2022-11-12T14:06:25.035,237.480,0.884,-0.122,-0.061
1668254785075,2022-11-12T14:06:25.075,237.520,0.915,-0.183,-0.122
1668254785115,2022-11-12T14:06:25.115,237.560,0.732,-0.244,0.061
1668254785155,2022-11-12T14:06:25.155,237.600,1.006,-0.213,-0.122
1668254785195,2022-11-12T14:06:25.195,237.640,0.701,-0.213,0.061
1668254785235,2022-11-12T14:06:25.235,237.680,0.793,-0.183,0.061
1668254785275,2022-11-12T14:06:25.275,237.720,0.884,-0.305,-0.061
1668254785315,2022-11-12T14:06:25.315,237.760,1.006,-0.396,-0.061
1668254785355,2022-11-12T14:06:25.355,237.800,0.884,-0.213,0.122
1668254785395,2022-11-12T14:06:25.395,237.840,0.884,-0.152,0.061
1668254785435,2022-11-12T14:06:25.435,237.880,0.854,-0.305,-0.091
1668254785475,2022-11-12T14:06:25.475,237.920,0.762,-0.122,0.091
1668254785515,2022-11-12T14:06:25.515,237.960,0.945,-0.213,0.091
1668254785555,2022-11-12T14:06:25.555,238.000,1.037,-0.457,-0.091
1668254785595,2022-11-12T14:06:25.595,238.040,0.945,-0.183,-0.183
1668254785635,2022-11-12T14:06:25.635,238.080,0.579,-0.091,0.213
1668254785675,2022-11-12T14:06:25.675,238.120,0.671,-0.427,0.000
1668254785715,2022-11-12T14:06:25.715,238.160,1.037,-0.274,-0.183
1668254785755,2022-11-12T14:06:25.755,238.200,0.640,0.061,0.152
1668254785795,2022-11-12T14:06:25.795,238.240,0.854,-0.091,0.091
1668254785835,2022-11-12T14:06:25.835,238.280,1.098,-0.335,-0.122
1668254785875,2022-11-12T14:06:25.875,238.320,0.610,-0.091,0.122
1668254785915,2022-11-12T14:06:25.915,238.360,0.854,-0.122,0.030
1668254785955,2022-11-12T14:06:25.955,238.400,0.701,-0.244,0.000
1668254785995,2022-11-12T14:06:25.995,238.440,0.884,-0.274,-0.030
1668254786035,2022-11-12T14:06:26.035,238.480,0.884,-0.152,0.152
1668254786075,2022-11-12T14:06:26.075,238.520,0.793,-0.122,0.122
1668254786115,2022-11-12T14:06:26.115,238.560,1.372,-0.244,-0.305
1668254786155,2022-11-12T14:06:26.155,238.600,1.280,-0.244,-0.091
1668254786195,2022-11-12T14:06:26.195,238.640,0.732,-0.091,0.122
1668254786235,2022-11-12T14:06:26.235,238.680,0.701,-0.274,0.030
1668254786275,2022-11-12T14:06:26.275,238.720,0.762,-0.213,0.030
1668254786315,2022-11-12T14:06:26.315,238.760,0.823,-0.213,0.030
1668254786355,2022-11-12T14:06:26.355,238.800,0.793,-0.152,0.000
1668254786395,2022-11-12T14:06:26.395,238.840,0.823,-0.244,-0.030
1668254786435,2022-11-12T14:06:26.435,238.880,0.823,-0.335,-0.061
1668254786475,2022-11-12T14:06:26.475,238.920,0.976,-0.213,-0.183
1668254786515,2022-11-12T14:06:26.515,238.960,0.945,-0.213,-0.061
1668254786555,2022-11-12T14:06:26.555,239.000,0.579,-0.366,0.091
1668254786595,2022-11-12T14:06:26.595,239.040,0.793,-0.396,-0.030
1668254786635,2022-11-12T14:06:26.635,239.080,0.945,-0.244,-0.030
1668254786675,2022-11-12T14:06:26.675,239.120,0.732,-0.183,-0.030
1668254786715,2022-11-12T14:06:26.715,239.160,0.915,-0.152,0.030
1668254786755,2022-11-12T14:06:26.755,239.200,0.762,-0.274,0.030
1668254786795,2022-11-12T14:06:26.795,239.240,0.854,-0.244,-0.030
1668254786835,2022-11-12T14:06:26.835,239.280,1.037,-0.152,-0.061
1668254786875,2022-11-12T14:06:26.875,239.320,0.823,-0.213,0.061
1668254786915,2022-11-12T14:06:26.915,239.360,0.976,-0.152,-0.122
1668254786955,2022-11-12T14:06:26.955,239.400,0.945,-0.183,0.000
1668254786995,2022-11-12T14:06:26.995,239.440,0.701,-0.122,0.183
1668254787035,2022-11-12T14:06:27.035,239.480,0.854,-0.122,-0.061
1668254787075,2022-11-12T14:06:27.075,239.520,0.884,-0.183,0.000
1668254787115,2022-11-12T14:06:27.115,239.560,0.762,-0.244,0.000
1668254787155,2022-11-12T14:06:27.155,239.600,0.823,-0.183,-0.030
1668254787195,2022-11-12T14:06:27.195,239.640,0.854,-0.274,0.091
1668254787235,2022-11-12T14:06:27.235,239.680,0.793,-0.244,-0.030
1668254787275,2022-11-12T14:06:27.275,239.720,0.945,-0.274,-0.091
1668254787315,2022-11-12T14:06:27.315,239.760,0.793,-0.244,0.000
1668254787355,2022-11-12T14:06:27.355,239.800,0.854,-0.122,0.091
1668254787395,2022-11-12T14:06:27.395,239.840,1.006,-0.030,-0.152
1668254787435,2022-11-12T14:06:27.435,239.880,0.762,-0.183,0.091
1668254787475,2022-11-12T14:06:27.475,239.920,0.823,-0.488,0.061
1668254787515,2022-11-12T14:06:27.515,239.960,1.189,-0.427,-0.183
1668254787555,2022-11-12T14:06:27.555,240.000,0.884,-0.091,0.000
1668254787595,2022-11-12T14:06:27.595,240.040,0.823,0.000,0.091
1668254787635,2022-11-12T14:06:27.635,240.080,1.006,-0.274,-0.152
1668254787675,2022-11-12T14:06:27.675,240.120,0.732,-0.183,0.000
1668254787715,2022-11-12T14:06:27.715,240.160,0.823,0.061,0.030
1668254787755,2022-11-12T14:06:27.755,240.200,0.854,-0.183,0.000
1668254787795,2022-11-12T14:06:27.795,240.240,0.823,-0.183,-0.091
1668254787835,2022-11-12T14:06:27.835,240.280,0.823,-0.122,0.061
1668254787875,2022-11-12T14:06:27.875,240.320,0.701,-0.244,0.183
1668254787915,2022-11-12T14:06:27.915,240.360,1.006,-0.335,-0.091
1668254787955,2022-11-12T14:06:27.955,240.400,1.067,-0.244,-0.122
1668254787995,2022-11-12T14:06:27.995,240.440,0.854,-0.061,0.000
1668254788035,2022-11-12T14:06:28.035,240.480,0.945,-0.091,-0.091
1668254788075,2022-11-12T14:06:28.075,240.520,0.976,-0.213,-0.030
1668254788115,2022-11-12T14:06:28.115,240.560,0.915,-0.091,0.030
1668254788155,2022-11-12T14:06:28.155,240.600,0.762,-0.122,0.000
1668254788195,2022-11-12T14:06:28.195,240.640,0.854,-0.122,-0.091
1668254788235,2022-11-12T14:06:28.235,240.680,1.037,0.091,-0.061
1668254788275,2022-11-12T14:06:28.275,240.720,0.701,-0.244,0.152
1668254788315,2022-11-12T14:06:28.315,240.760,0.701,-0.427,-0.030
1668254788355,2022-11-12T14:06:28.355,240.800,0.823,-0.183,-0.122
1668254788395,2022-11-12T14:06:28.395,240.840,0.579,-0.122,0.091
1668254788435,2022-11-12T14:06:28.435,240.880,0.915,-0.213,0.000
1668254788475,2022-11-12T14:06:28.475,240.920,0.793,-0.152,0.061
1668254788515,2022-11-12T14:06:28.515,240.960,0.854,-0.152,0.061
1668254788555,2022-11-12T14:06:28.555,241.000,0.854,-0.152,0.000
1668254788595,2022-11-12T14:06:28.595,241.040,0.793,-0.244,-0.030
1668254788635,2022-11-12T14:06:28.635,241.080,0.945,-0.152,-0.091
1668254788675,2022-11-12T14:06:28.675,241.120,0.579,-0.091,0.213
1668254788715,2022-11-12T14:06:28.715,241.160,0.762,-0.183,0.000
1668254788755,2022-11-12T14:06:28.755,241.200,1.067,-0.244,-0.152
1668254788795,2022-11-12T14:06:28.795,241.240,0.732,-0.183,0.030
1668254788835,2022-11-12T14:06:28.835,241.280,0.793,-0.244,0.061
1668254788875,2022-11-12T14:06:28.875,241.320,0.671,-0.244,-0.061
1668254788915,2022-11-12T14:06:28.915,241.360,0.732,-0.152,-0.030
1668254788955,2022-11-12T14:06:28.955,241.400,0.884,-0.091,-0.030
1668254788995,2022-11-12T14:06:28.995,241.440,0.732,-0.244,0.061
1668254789035,2022-11-12T14:06:29.035,241.480,0.854,-0.305,0.244
1668254789075,2022-11-12T14:06:29.075,241.520,0.976,-0.183,0.061
1668254789115,2022-11-12T14:06:29.115,241.560,1.006,-0.305,-0.061
1668254789155,2022-11-12T14:06:29.155,241.600,0.823,-0.244,-0.122
1668254789195,2022-11-12T14:06:29.195,241.640,0.884,-0.152,-0.061
1668254789235,2022-11-12T14:06:29.235,241.680,0.762,-0.091,0.091
1668254789275,2022-11-12T14:06:29.275,241.720,0.945,-0.183,-0.091
1668254789315,2022-11-12T14:06:29.315,241.760,0.793,-0.305,0.000
1668254789355,2022-11-12T14:06:29.355,241.800,0.671,-0.061,0.122
1668254789395,2022-11-12T14:06:29.395,241.840,0.976,-0.213,-0.091
1668254789435,2022-11-12T14:06:29.435,241.880,0.884,-0.396,-0.061
1668254789475,2022-11-12T14:06:29.475,241.920,0.793,-0.213,0.000
1668254789515,2022-11-12T14:06:29.515,241.960,0.884,-0.213,0.000
1668254789555,2022-11-12T14:06:29.555,242.000,0.732,-0.213,0.091
1668254789595,2022-11-12T14:06:29.595,242.040,0.793,-0.183,-0.061
1668254789635,2022-11-12T14:06:29.635,242.080,0.915,-0.183,-0.030
1668254789675,2022-11-12T14:06:29.675,242.120,0.854,-0.091,0.061
1668254789715,2022-11-12T14:06:29.715,242.160,0.945,-0.183,0.030
1668254789755,2022-11-12T14:06:29.755,242.200,0.793,-0.244,0.000
1668254789795,2022-11-12T14:06:29.795,242.240,0.884,-0.244,0.000
1668254789835,2022-11-12T14:06:29.835,242.280,0.884,-0.305,0.061
1668254789875,2022-11-12T14:06:29.875,242.320,0.823,-0.335,0.030
1668254789915,2022-11-12T14:06:29.915,242.360,0.915,-0.091,0.000
1668254789955,2022-11-12T14:06:29.955,242.400,0.854,-0.335,0.091
1668254789995,2022-11-12T14:06:29.995,242.440,0.884,-0.427,-0.030
1668254790035,2022-11-12T14:06:30.035,242.480,0.854,-0.244,0.000
1668254790075,2022-11-12T14:06:30.075,242.520,0.701,-0.213,0.061
1668254790115,2022-11-12T14:06:30.115,242.560,0.823,-0.366,0.091
1668254790155,2022-11-12T14:06:30.155,242.600,0.671,-0.305,0.122
1668254790195,2022-11-12T14:06:30.195,242.640,1.006,-0.122,-0.122
1668254790235,2022-11-12T14:06:30.235,242.680,1.128,-0.152,-0.061
1668254790275,2022-11-12T14:06:30.275,242.720,1.189,-0.091,-0.152
1668254790315,2022-11-12T14:06:30.315,242.760,1.067,-0.183,-0.061
1668254790355,2022-11-12T14:06:30.355,242.800,0.854,-0.213,0.091
1668254790395,2022-11-12T14:06:30.395,242.840,0.823,-0.183,0.091
1668254790435,2022-11-12T14:06:30.435,242.880,0.793,-0.244,0.061
1668254790475,2022-11-12T14:06:30.475,242.920,0.762,-0.274,0.030
1668254790515,2022-11-12T14:06:30.515,242.960,0.915,-0.274,0.030
1668254790555,2022-11-12T14:06:30.555,243.000,0.854,-0.274,0.000
1668254790595,2022-11-12T14:06:30.595,243.040,0.762,-0.305,0.030
1668254790635,2022-11-12T14:06:30.635,243.080,0.976,-0.091,-0.061
1668254790675,2022-11-12T14:06:30.675,243.120,0.915,0.000,0.000
1668254790715,2022-11-12T14:06:30.715,243.160,0.854,-0.457,0.061
1668254790755,2022-11-12T14:06:30.755,243.200,0.732,-0.457,-0.030
1668254790795,2022-11-12T14:06:30.795,243.240,0.762,-0.061,0.030
1668254790835,2022-11-12T14:06:30.835,243.280,0.915,-0.122,-0.030
1668254790875,2022-11-12T14:06:30.875,243.320,0.945,-0.335,-0.122
1668254790915,2022-11-12T14:06:30.915,243.360,0.793,-0.213,0.091
1668254790955,2022-11-12T14:06:30.955,243.400,0.976,-0.061,0.030
1668254790995,2022-11-12T14:06:30.995,243.440,0.915,-0.274,-0.030
1668254791035,2022-11-12T14:06:31.035,243.480,0.854,-0.152,-0.091
1668254791075,2022-11-12T14:06:31.075,243.520,0.854,-0.061,0.061
1668254791115,2022-11-12T14:06:31.115,243.560,0.701,-0.152,0.091
1668254791155,2022-11-12T14:06:31.155,243.600,0.854,-0.122,-0.091
1668254791195,2022-11-12T14:06:31.195,243.640,0.976,-0.061,-0.030
1668254791235,2022-11-12T14:06:31.235,243.680,0.823,-0.152,0.000
1668254791275,2022-11-12T14:06:31.275,243.720,0.823,-0.152,-0.061
1668254791315,2022-11-12T14:06:31.315,243.760,0.823,-0.183,0.030
1668254791355,2022-11-12T14:06:31.355,243.800,0.793,-0.122,-0.030
1668254791395,2022-11-12T14:06:31.395,243.840,0.976,0.000,-0.122
1668254791435,2022-11-12T14:06:31.435,243.880,0.915,-0.122,0.030
1668254791475,2022-11-12T14:06:31.475,243.920,0.793,-0.427,0.030
1668254791515,2022-11-12T14:06:31.515,243.960,0.854,-0.335,-0.091
1668254791555,2022-11-12T14:06:31.555,244.000,0.823,-0.091,0.091
1668254791595,2022-11-12T14:06:31.595,244.040,0.884,-0.030,0.030
1668254791635,2022-11-12T14:06:31.635,244.080,0.762,-0.274,0.000
1668254791675,2022-11-12T14:06:31.675,244.120,0.793,-0.183,0.030
1668254791715,2022-11-12T14:06:31.715,244.160,0.884,-0.061,0.000
1668254791755,2022-11-12T14:06:31.755,244.200,0.884,-0.274,-0.061
1668254791795,2022-11-12T14:06:31.795,244.240,0.915,-0.213,-0.091
1668254791835,2022-11-12T14:06:31.835,244.280,0.945,0.030,0.091
1668254791875,2022-11-12T14:06:31.875,244.320,0.915,0.030,0.244
1668254791915,2022-11-12T14:06:31.915,244.360,0.854,-0.122,0.000
1668254791955,2022-11-12T14:06:31.955,244.400,0.945,-0.244,0.000
1668254791995,2022-11-12T14:06:31.995,244.440,0.793,-0.244,0.030
1668254792035,2022-11-12T14:06:32.035,244.480,0.701,-0.274,0.000
1668254792075,2022-11-12T14:06:32.075,244.520,0.884,-0.396,-0.091
1668254792115,2022-11-12T14:06:32.115,244.560,0.854,-0.213,-0.030
1668254792155,2022-11-12T14:06:32.155,244.600,0.945,-0.091,-0.061
1668254792195,2022-11-12T14:06:32.195,244.640,0.854,-0.030,-0.122
1668254792235,2022-11-12T14:06:32.235,244.680,0.884,-0.244,0.061
1668254792275,2022-11-12T14:06:32.275,244.720,0.823,-0.335,0.061
1668254792315,2022-11-12T14:06:32.315,244.760,0.915,-0.183,-0.061
1668254792355,2022-11-12T14:06:32.355,244.800,0.823,-0.305,-0.030
1668254792395,2022-11-12T14:06:32.395,244.840,0.823,-0.213,0.000
1668254792435,2022-11-12T14:06:32.435,244.880,0.915,-0.274,0.000
1668254792475,2022-11-12T14:06:32.475,244.920,0.671,-0.305,0.091
1668254792515,2022-11-12T14:06:32.515,244.960,0.793,0.000,0.000
1668254792555,2022-11-12T14:06:32.555,245.000,0.762,-0.305,0.000
1668254792595,2022-11-12T14:06:32.595,245.040,0.732,-0.213,-0.030
1668254792635,2022-11-12T14:06:32.635,245.080,1.006,-0.122,-0.061
1668254792675,2022-11-12T14:06:32.675,245.120,0.579,-0.274,0.183
1668254792715,2022-11-12T14:06:32.715,245.160,0.915,-0.183,-0.061
1668254792755,2022-11-12T14:06:32.755,245.200,0.884,-0.213,-0.061
1668254792795,2022-11-12T14:06:32.795,245.240,0.854,-0.335,0.030
1668254792835,2022-11-12T14:06:32.835,245.280,0.915,-0.091,0.000
1668254792875,2022-11-12T14:06:32.875,245.320,0.823,-0.213,0.000
1668254792915,2022-11-12T14:06:32.915,245.360,0.793,-0.244,-0.061
1668254792955,2022-11-12T14:06:32.955,245.400,0.915,-0.122,-0.030
1668254792995,2022-11-12T14:06:32.995,245.440,0.884,-0.305,0.030
1668254793035,2022-11-12T14:06:33.035,245.480,0.915,-0.183,-0.091
1668254793075,2022-11-12T14:06:33.075,245.520,0.884,-0.122,0.000
1668254793115,2022-11-12T14:06:33.115,245.560,0.701,-0.396,0.091
1668254793155,2022-11-12T14:06:33.155,245.600,0.915,-0.427,-0.122
1668254793195,2022-11-12T14:06:33.195,245.640,0.945,-0.305,-0.091
1668254793235,2022-11-12T14:06:33.235,245.680,0.640,-0.091,0.122
1668254793275,2022-11-12T14:06:33.275,245.720,0.915,-0.274,-0.061
1668254793315,2022-11-12T14:06:33.315,245.760,0.884,-0.335,0.030
1668254793355,2022-11-12T14:06:33.355,245.800,0.854,-0.122,0.061
1668254793395,2022-11-12T14:06:33.395,245.840,0.884,-0.244,0.030
1668254793435,2022-11-12T14:06:33.435,245.880,0.884,-0.335,-0.061
1668254793475,2022-11-12T14:06:33.475,245.920,0.884,-0.244,-0.030
1668254793515,2022-11-12T14:06:33.515,245.960,0.823,-0.122,0.122
1668254793555,2022-11-12T14:06:33.555,246.000,0.823,-0.152,-0.030
1668254793595,2022-11-12T14:06:33.595,246.040,0.945,-0.274,-0.061
1668254793635,2022-11-12T14:06:33.635,246.080,0.732,-0.152,0.122
1668254793675,2022-11-12T14:06:33.675,246.120,0.793,-0.244,0.000
1668254793715,2022-11-12T14:06:33.715,246.160,0.366,-0.061,0.091
1668254793755,2022-11-12T14:06:33.755,246.200,0.610,-0.030,0.030
1668254793795,2022-11-12T14:06:33.795,246.240,0.793,-0.244,-0.061
1668254793835,2022-11-12T14:06:33.835,246.280,0.884,-0.274,0.091
1668254793875,2022-11-12T14:06:33.875,246.320,1.006,-0.305,-0.091
1668254793915,2022-11-12T14:06:33.915,246.360,0.945,-0.183,-0.030
1668254793955,2022-11-12T14:06:33.955,246.400,1.098,-0.061,-0.030
1668254793995,2022-11-12T14:06:33.995,246.440,0.945,-0.488,0.091
1668254794035,2022-11-12T14:06:34.035,246.480,0.854,-0.427,0.030
1668254794075,2022-11-12T14:06:34.075,246.520,0.976,-0.244,-0.030
1668254794115,2022-11-12T14:06:34.115,246.560,0.854,-0.244,0.183
1668254794155,2022-11-12T14:06:34.155,246.600,1.006,-0.244,-0.061
1668254794195,2022-11-12T14:06:34.195,246.640,0.854,-0.366,0.030
1668254794235,2022-11-12T14:06:34.235,246.680,0.823,-0.183,0.061
1668254794275,2022-11-12T14:06:34.275,246.720,1.006,-0.183,-0.061
1668254794315,2022-11-12T14:06:34.315,246.760,0.854,-0.244,0.000
1668254794355,2022-11-12T14:06:34.355,246.800,0.976,-0.152,-0.061
1668254794395,2022-11-12T14:06:34.395,246.840,0.732,-0.122,0.152
1668254794435,2022-11-12T14:06:34.435,246.880,0.793,-0.213,0.122
1668254794475,2022-11-12T14:06:34.475,246.920,0.976,-0.152,-0.091
1668254794515,2022-11-12T14:06:34.515,246.960,0.884,-0.030,-0.061
1668254794555,2022-11-12T14:06:34.555,247.000,0.976,-0.030,0.000
1668254794595,2022-11-12T14:06:34.595,247.040,0.884,-0.122,-0.030
1668254794635,2022-11-12T14:06:34.635,247.080,0.823,-0.152,0.000
1668254794675,2022-11-12T14:06:34.675,247.120,0.915,-0.122,-0.030
1668254794715,2022-11-12T14:06:34.715,247.160,0.884,-0.061,-0.091
1668254794755,2022-11-12T14:06:34.755,247.200,1.006,-0.061,0.000
1668254794795,2022-11-12T14:06:34.795,247.240,0.701,-0.335,0.091
1668254794835,2022-11-12T14:06:34.835,247.280,0.701,-0.335,-0.061
1668254794875,2022-11-12T14:06:34.875,247.320,0.823,-0.030,-0.061
1668254794915,2022-11-12T14:06:34.915,247.360,0.793,-0.061,0.061
1668254794955,2022-11-12T14:06:34.955,247.400,0.854,-0.183,0.000
1668254794995,2022-11-12T14:06:34.995,247.440,0.762,-0.152,0.061
1668254795035,2022-11-12T14:06:35.035,247.480,0.701,-0.183,-0.030
1668254795075,2022-11-12T14:06:35.075,247.520,0.915,-0.183,-0.061
1668254795115,2022-11-12T14:06:35.115,247.560,0.884,-0.061,0.030
1668254795155,2022-11-12T14:06:35.155,247.600,0.915,-0.305,-0.030
1668254795195,2022-11-12T14:06:35.195,247.640,0.610,-0.213,0.122
1668254795235,2022-11-12T14:06:35.235,247.680,0.915,-0.152,0.061
1668254795275,2022-11-12T14:06:35.275,247.720,0.945,-0.244,-0.091
1668254795315,2022-11-12T14:06:35.315,247.760,0.823,-0.152,-0.061
1668254795355,2022-11-12T14:06:35.355,247.800,0.823,-0.061,0.061
1668254795395,2022-11-12T14:06:35.395,247.840,0.854,-0.274,0.000
1668254795435,2022-11-12T14:06:35.435,247.880,0.884,-0.305,-0.122
1668254795475,2022-11-12T14:06:35.475,247.920,0.823,-0.030,0.030
1668254795515,2022-11-12T14:06:35.515,247.960,0.762,-0.030,0.000
1668254795555,2022-11-12T14:06:35.555,248.000,0.945,-0.183,-0.122
1668254795595,2022-11-12T14:06:35.595,248.040,0.701,-0.366,0.091
1668254795635,2022-11-12T14:06:35.635,248.080,0.762,-0.366,0.030
1668254795675,2022-11-12T14:06:35.675,248.120,0.823,-0.061,-0.061
1668254795715,2022-11-12T14:06:35.715,248.160,0.793,-0.061,0.000
1668254795755,2022-11-12T14:06:35.755,248.200,0.793,-0.152,0.030
1668254795795,2022-11-12T14:06:35.795,248.240,0.762,-0.244,0.061
1668254795835,2022-11-12T14:06:35.835,248.280,0.884,-0.091,-0.061
1668254795875,2022-11-12T14:06:35.875,248.320,0.884,-0.122,-0.061
1668254795915,2022-11-12T14:06:35.915,248.360,0.762,-0.152,-0.061
1668254795955,2022-11-12T14:06:35.955,248.400,0.884,-0.244,-0.030
1668254795995,2022-11-12T14:06:35.995,248.440,0.762,-0.244,0.091
1668254796035,2022-11-12T14:06:36.035,248.480,0.793,-0.213,0.061
1668254796075,2022-11-12T14:06:36.075,248.520,0.854,-0.274,-0.061
1668254796115,2022-11-12T14:06:36.115,248.560,0.823,-0.183,0.030
1668254796155,2022-11-12T14:06:36.155,248.600,0.915,-0.183,0.030
1668254796195,2022-11-12T14:06:36.195,248.640,0.884,-0.274,0.030
1668254796235,2022-11-12T14:06:36.235,248.680,0.854,-0.274,0.000
1668254796275,2022-11-12T14:06:36.275,248.720,0.884,-0.244,0.000
1668254796315,2022-11-12T14:06:36.315,248.760,0.823,-0.244,0.030
1668254796355,2022-11-12T14:06:36.355,248.800,0.823,-0.122,-0.091
1668254796395,2022-11-12T14:06:36.395,248.840,0.884,-0.122,-0.030
1668254796435,2022-11-12T14:06:36.435,248.880,0.762,-0.366,0.122
1668254796475,2022-11-12T14:06:36.475,248.920,0.854,-0.396,-0.061
1668254796515,2022-11-12T14:06:36.515,248.960,0.884,-0.183,-0.030
1668254796555,2022-11-12T14:06:36.555,249.000,0.793,-0.122,0.061
1668254796595,2022-11-12T14:06:36.595,249.040,0.884,-0.244,-0.030
1668254796635,2022-11-12T14:06:36.635,249.080,0.793,-0.274,0.061
1668254796675,2022-11-12T14:06:36.675,249.120,0.915,-0.061,0.000
1668254796715,2022-11-12T14:06:36.715,249.160,0.884,-0.183,0.000
1668254796755,2022-11-12T14:06:36.755,249.200,0.793,-0.152,0.000
1668254796795,2022-11-12T14:06:36.795,249.240,0.884,-0.244,-0.091
1668254796835,2022-11-12T14:06:36.835,249.280,0.610,-0.213,0.152
1668254796875,2022-11-12T14:06:36.875,249.320,0.854,-0.183,0.030
1668254796915,2022-11-12T14:06:36.915,249.360,0.854,-0.213,-0.091
1668254796955,2022-11-12T14:06:36.955,249.400,0.854,-0.213,0.000
1668254796995,2022-11-12T14:06:36.995,249.440,0.884,-0.213,0.061
1668254797035,2022-11-12T14:06:37.035,249.480,0.854,-0.213,-0.030
1668254797075,2022-11-12T14:06:37.075,249.520,0.884,-0.244,0.000
1668254797115,2022-11-12T14:06:37.115,249.560,0.762,-0.244,0.091
1668254797155,2022-11-12T14:06:37.155,249.600,0.854,-0.183,0.030
1668254797195,2022-11-12T14:06:37.195,249.640,1.006,-0.152,-0.152
1668254797235,2022-11-12T14:06:37.235,249.680,0.915,-0.061,-0.091
1668254797275,2022-11-12T14:06:37.275,249.720,0.793,-0.244,0.091
1668254797315,2022-11-12T14:06:37.315,249.760,0.854,-0.518,0.000
1668254797355,2022-11-12T14:06:37.355,249.800,0.976,-0.335,-0.152
1668254797395,2022-11-12T14:06:37.395,249.840,0.762,-0.213,0.030
1668254797435,2022-11-12T14:06:37.435,249.880,0.915,-0.152,0.000
1668254797475,2022-11-12T14:06:37.475,249.920,0.945,-0.335,-0.030
1668254797515,2022-11-12T14:06:37.515,249.960,0.884,-0.183,0.000
1668254797555,2022-11-12T14:06:37.555,250.000,0.945,-0.061,-0.061
1668254797595,2022-11-12T14:06:37.595,250.040,0.854,-0.274,0.030
1668254797635,2022-11-12T14:06:37.635,250.080,0.884,-0.244,0.000
1668254797675,2022-11-12T14:06:37.675,250.120,0.884,-0.274,0.030
1668254797715,2022-11-12T14:06:37.715,250.160,0.732,-0.213,0.122
1668254797755,2022-11-12T14:06:37.755,250.200,0.884,-0.274,0.000
1668254797795,2022-11-12T14:06:37.795,250.240,0.915,-0.335,-0.061
1668254797835,2022-11-12T14:06:37.835,250.280,0.854,-0.244,0.061
1668254797875,2022-11-12T14:06:37.875,250.320,0.915,-0.183,0.061
1668254797915,2022-11-12T14:06:37.915,250.360,0.915,-0.305,-0.061
1668254797955,2022-11-12T14:06:37.955,250.400,0.823,-0.244,0.091
1668254797995,2022-11-12T14:06:37.995,250.440,0.762,-0.183,0.061
1668254798035,2022-11-12T14:06:38.035,250.480,1.037,-0.091,-0.091
1668254798075,2022-11-12T14:06:38.075,250.520,0.884,-0.366,0.030
1668254798115,2022-11-12T14:06:38.115,250.560,0.701,-0.427,0.061
1668254798155,2022-11-12T14:06:38.155,250.600,0.823,-0.091,0.030
1668254798195,2022-11-12T14:06:38.195,250.640,0.793,-0.152,0.061
1668254798235,2022-11-12T14:06:38.235,250.680,0.976,-0.122,-0.061
1668254798275,2022-11-12T14:06:38.275,250.720,0.732,-0.061,0.091
1668254798315,2022-11-12T14:06:38.315,250.760,0.854,-0.122,-0.061
1668254798355,2022-11-12T14:06:38.355,250.800,0.884,-0.122,-0.091
1668254798395,2022-11-12T14:06:38.395,250.840,0.884,-0.213,-0.030
1668254798435,2022-11-12T14:06:38.435,250.880,0.793,-0.183,0.061
1668254798475,2022-11-12T14:06:38.475,250.920,0.823,-0.183,0.152
1668254798515,2022-11-12T14:06:38.515,250.960,0.732,-0.244,0.061
1668254798555,2022-11-12T14:06:38.555,251.000,0.854,-0.305,-0.122
1668254798595,2022-11-12T14:06:38.595,251.040,0.854,-0.183,0.061
1668254798635,2022-11-12T14:06:38.635,251.080,0.945,-0.213,0.030
1668254798675,2022-11-12T14:06:38.675,251.120,0.823,-0.213,0.000
1668254798715,2022-11-12T14:06:38.715,251.160,0.793,-0.274,0.183
1668254798755,2022-11-12T14:06:38.755,251.200,0.640,-0.213,0.061
1668254798795,2022-11-12T14:06:38.795,251.240,0.640,-0.457,0.030
1668254798835,2022-11-12T14:06:38.835,251.280,0.945,-0.305,-0.122
1668254798875,2022-11-12T14:06:38.875,251.320,0.854,-0.061,-0.061
1668254798915,2022-11-12T14:06:38.915,251.360,0.732,-0.061,0.122
1668254798955,2022-11-12T14:06:38.955,251.400,0.915,-0.122,-0.091
1668254798995,2022-11-12T14:06:38.995,251.440,0.671,-0.274,-0.091
1668254799035,2022-11-12T14:06:39.035,251.480,0.457,-0.152,0.000
1668254799075,2022-11-12T14:06:39.075,251.520,0.854,-0.091,-0.213
1668254799115,2022-11-12T14:06:39.115,251.560,0.823,-0.061,-0.061
1668254799155,2022-11-12T14:06:39.155,251.600,0.762,-0.274,-0.122
1668254799195,2022-11-12T14:06:39.195,251.640,0.549,-0.305,0.122
1668254799235,2022-11-12T14:06:39.235,251.680,0.518,-0.152,0.305
1668254799275,2022-11-12T14:06:39.275,251.720,1.037,-0.244,-0.213
1668254799315,2022-11-12T14:06:39.315,251.760,1.037,-0.213,-0.152
1668254799355,2022-11-12T14:06:39.355,251.800,0.854,-0.061,0.061
1668254799395,2022-11-12T14:06:39.395,251.840,0.945,-0.244,-0.061
1668254799435,2022-11-12T14:06:39.435,251.880,0.762,-0.274,-0.030
1668254799475,2022-11-12T14:06:39.475,251.920,0.732,-0.030,0.061
1668254799515,2022-11-12T14:06:39.515,251.960,0.732,-0.152,0.061
1668254799555,2022-11-12T14:06:39.555,252.000,0.793,-0.427,0.061
1668254799595,2022-11-12T14:06:39.595,252.040,0.854,-0.335,-0.061
1668254799635,2022-11-12T14:06:39.635,252.080,0.793,-0.213,0.030
1668254799675,2022-11-12T14:06:39.675,252.120,1.311,0.061,-0.152
1668254799715,2022-11-12T14:06:39.715,252.160,1.159,0.061,-0.183
1668254799755,2022-11-12T14:06:39.755,252.200,0.701,-0.274,0.061
1668254799795,2022-11-12T14:06:39.795,252.240,0.701,-0.244,0.030
1668254799835,2022-11-12T14:06:39.835,252.280,0.762,-0.091,0.091
1668254799875,2022-11-12T14:06:39.875,252.320,0.793,-0.152,0.122
1668254799915,2022-11-12T14:06:39.915,252.360,0.915,-0.335,0.030
1668254799955,2022-11-12T14:06:39.955,252.400,0.854,-0.152,0.061
1668254799995,2022-11-12T14:06:39.995,252.440,0.854,-0.152,0.000
1668254800035,2022-11-12T14:06:40.035,252.480,0.823,-0.244,-0.061
1668254800075,2022-11-12T14:06:40.075,252.520,0.762,-0.091,0.030
1668254800115,2022-11-12T14:06:40.115,252.560,0.701,-0.152,0.091
1668254800155,2022-11-12T14:06:40.155,252.600,0.915,-0.244,-0.061
1668254800195,2022-11-12T14:06:40.195,252.640,1.006,-0.152,-0.061
1668254800235,2022-11-12T14:06:40.235,252.680,0.823,-0.091,0.030
1668254800275,2022-11-12T14:06:40.275,252.720,0.854,-0.396,0.091
1668254800315,2022-11-12T14:06:40.315,252.760,0.854,-0.579,-0.091
1668254800355,2022-11-12T14:06:40.355,252.800,0.732,-0.396,-0.030
1668254800395,2022-11-12T14:06:40.395,252.840,0.732,-0.213,0.030
1668254800435,2022-11-12T14:06:40.435,252.880,0.854,-0.213,0.030
1668254800475,2022-11-12T14:06:40.475,252.920,1.098,-0.518,0.061
1668254800515,2022-11-12T14:06:40.515,252.960,1.311,-0.549,-0.061
1668254800555,2022-11-12T14:06:40.555,253.000,0.823,0.030,-0.061
1668254800595,2022-11-12T14:06:40.595,253.040,0.793,0.030,0.091
1668254800635,2022-11-12T14:06:40.635,253.080,0.701,-0.122,0.030
1668254800675,2022-11-12T14:06:40.675,253.120,0.762,-0.244,0.061
1668254800715,2022-11-12T14:06:40.715,253.160,0.701,-0.244,0.152
1668254800755,2022-11-12T14:06:40.755,253.200,0.854,-0.213,-0.122
1668254800795,2022-11-12T14:06:40.795,253.240,0.976,-0.152,-0.091
1668254800835,2022-11-12T14:06:40.835,253.280,0.854,-0.305,0.091
1668254800875,2022-11-12T14:06:40.875,253.320,0.854,-0.061,0.061
1668254800915,2022-11-12T14:06:40.915,253.360,0.884,0.061,-0.061
1668254800955,2022-11-12T14:06:40.955,253.400,0.640,-0.335,0.122
1668254800995,2022-11-12T14:06:40.995,253.440,0.671,-0.183,0.213
1668254801035,2022-11-12T14:06:41.035,253.480,0.579,-0.152,0.091
1668254801075,2022-11-12T14:06:41.075,253.520,0.793,-0.488,-0.061
1668254801115,2022-11-12T14:06:41.115,253.560,0.884,-0.061,0.061
1668254801155,2022-11-12T14:06:41.155,253.600,0.945,-0.030,0.122
1668254801195,2022-11-12T14:06:41.195,253.640,1.098,-0.610,0.061
1668254801235,2022-11-12T14:06:41.235,253.680,0.915,-0.305,0.030
1668254801275,2022-11-12T14:06:41.275,253.720,1.037,-0.091,0.030
1668254801315,2022-11-12T14:06:41.315,253.760,1.006,-0.396,0.183
1668254801355,2022-11-12T14:06:41.355,253.800,1.585,-0.396,0.091
1668254801395,2022-11-12T14:06:41.395,253.840,1.494,-0.122,0.335
1668254801435,2022-11-12T14:06:41.435,253.880,0.976,0.000,0.335
1668254801475,2022-11-12T14:06:41.475,253.920,0.915,-0.305,-0.091
1668254801515,2022-11-12T14:06:41.515,253.960,0.518,-0.366,-0.061
1668254801555,2022-11-12T14:06:41.555,254.000,0.732,-0.030,-0.061
1668254801595,2022-11-12T14:06:41.595,254.040,0.579,-0.061,-0.030
1668254801635,2022-11-12T14:06:41.635,254.080,0.762,-0.335,0.000
1668254801675,2022-11-12T14:06:41.675,254.120,0.915,-0.183,0.061
1668254801715,2022-11-12T14:06:41.715,254.160,1.341,-0.488,0.091
1668254801755,2022-11-12T14:06:41.755,254.200,1.189,-0.274,0.091
1668254801795,2022-11-12T14:06:41.795,254.240,1.037,0.000,-0.091
1668254801835,2022-11-12T14:06:41.835,254.280,0.701,-0.091,-0.152
1668254801875,2022-11-12T14:06:41.875,254.320,0.488,-0.122,-0.152
1668254801915,2022-11-12T14:06:41.915,254.360,0.640,-0.122,-0.091
1668254801955,2022-11-12T14:06:41.955,254.400,0.671,-0.030,-0.061
1668254801995,2022-11-12T14:06:41.995,254.440,0.793,-0.183,-0.152
1668254802035,2022-11-12T14:06:42.035,254.480,1.159,-0.152,-0.366
1668254802075,2022-11-12T14:06:42.075,254.520,0.884,-0.152,0.030
1668254802115,2022-11-12T14:06:42.115,254.560,0.701,-0.152,-0.061
1668254802155,2022-11-12T14:06:42.155,254.600,0.823,-0.244,-0.305
1668254802195,2022-11-12T14:06:42.195,254.640,0.640,-0.122,0.030
1668254802235,2022-11-12T14:06:42.235,254.680,0.762,-0.122,0.061
1668254802275,2022-11-12T14:06:42.275,254.720,0.976,-0.213,-0.061
1668254802315,2022-11-12T14:06:42.315,254.760,0.793,-0.061,-0.091
1668254802355,2022-11-12T14:06:42.355,254.800,0.732,-0.030,0.183
1668254802395,2022-11-12T14:06:42.395,254.840,0.762,-0.427,0.061
1668254802435,2022-11-12T14:06:42.435,254.880,0.701,-0.366,-0.061
1668254802475,2022-11-12T14:06:42.475,254.920,0.732,-0.061,0.061
1668254802515,2022-11-12T14:06:42.515,254.960,0.793,-0.061,-0.030
1668254802555,2022-11-12T14:06:42.555,255.000,0.732,-0.396,-0.030
1668254802595,2022-11-12T14:06:42.595,255.040,0.915,-0.183,0.061
1668254802635,2022-11-12T14:06:42.635,255.080,0.854,0.091,0.030
1668254802675,2022-11-12T14:06:42.675,255.120,0.732,-0.183,0.030
1668254802715,2022-11-12T14:06:42.715,255.160,0.945,-0.274,-0.122
1668254802755,2022-11-12T14:06:42.755,255.200,0.884,-0.091,0.030
1668254802795,2022-11-12T14:06:42.795,255.240,0.732,-0.152,0.122
1668254802835,2022-11-12T14:06:42.835,255.280,0.854,-0.213,-0.122
1668254802875,2022-11-12T14:06:42.875,255.320,0.854,-0.213,-0.061
1668254802915,2022-11-12T14:06:42.915,255.360,0.701,-0.183,0.061
1668254802955,2022-11-12T14:06:42.955,255.400,0.823,-0.274,0.000
1668254802995,2022-11-12T14:06:42.995,255.440,1.006,-0.305,-0.152
1668254803035,2022-11-12T14:06:43.035,255.480,0.793,-0.030,-0.061
1668254803075,2022-11-12T14:06:43.075,255.520,1.006,0.061,-0.091
1668254803115,2022-11-12T14:06:43.115,255.560,0.884,-0.366,-0.091
1668254803155,2022-11-12T14:06:43.155,255.600,0.701,-0.366,-0.061
1668254803195,2022-11-12T14:06:43.195,255.640,0.915,-0.122,-0.061
1668254803235,2022-11-12T14:06:43.235,255.680,0.823,-0.183,0.030
1668254803275,2022-11-12T14:06:43.275,255.720,0.854,-0.274,-0.061
1668254803315,2022-11-12T14:06:43.315,255.760,0.793,-0.213,0.030
1668254803355,2022-11-12T14:06:43.355,255.800,0.854,-0.122,0.000
1668254803395,2022-11-12T14:06:43.395,255.840,0.884,-0.274,-0.061
1668254803435,2022-11-12T14:06:43.435,255.880,0.854,-0.152,-0.030
1668254803475,2022-11-12T14:06:43.475,255.920,0.976,-0.030,-0.030
1668254803515,2022-11-12T14:06:43.515,255.960,0.762,-0.183,0.091
1668254803555,2022-11-12T14:06:43.555,256.000,0.640,-0.274,0.000
1668254803595,2022-11-12T14:06:43.595,256.040,0.976,-0.122,-0.061
1668254803635,2022-11-12T14:06:43.635,256.080,0.854,-0.274,0.091
1668254803675,2022-11-12T14:06:43.675,256.120,0.793,-0.183,0.030
1668254803715,2022-11-12T14:06:43.715,256.160,0.793,-0.091,0.000
1668254803755,2022-11-12T14:06:43.755,256.200,0.762,-0.366,0.091
1668254803795,2022-11-12T14:06:43.795,256.240,0.884,-0.152,-0.061
1668254803835,2022-11-12T14:06:43.835,256.280,0.884,-0.061,-0.061
1668254803875,2022-11-12T14:06:43.875,256.320,0.854,-0.335,0.000
1668254803915,2022-11-12T14:06:43.915,256.360,0.793,-0.091,-0.091
1668254803955,2022-11-12T14:06:43.955,256.400,1.037,-0.091,-0.122
1668254803995,2022-11-12T14:06:43.995,256.440,0.793,-0.488,0.122
1668254804035,2022-11-12T14:06:44.035,256.480,0.793,-0.396,0.061
1668254804075,2022-11-12T14:06:44.075,256.520,0.823,-0.213,0.061
1668254804115,2022-11-12T14:06:44.115,256.560,0.884,-0.274,-0.061
1668254804155,2022-11-12T14:06:44.155,256.600,0.823,-0.152,0.000
1668254804195,2022-11-12T14:06:44.195,256.640,0.823,-0.244,0.091
1668254804235,2022-11-12T14:06:44.235,256.680,0.945,-0.213,-0.030
1668254804275,2022-11-12T14:06:44.275,256.720,0.884,-0.030,-0.091
1668254804315,2022-11-12T14:06:44.315,256.760,0.945,-0.183,-0.061
1668254804355,2022-11-12T14:06:44.355,256.800,0.915,-0.213,0.000
1668254804395,2022-11-12T14:06:44.395,256.840,0.701,-0.244,0.152
1668254804435,2022-11-12T14:06:44.435,256.880,0.762,-0.213,0.000
1668254804475,2022-11-12T14:06:44.475,256.920,0.854,-0.213,-0.030
1668254804515,2022-11-12T14:06:44.515,256.960,1.006,-0.274,-0.030
1668254804555,2022-11-12T14:06:44.555,257.000,0.884,-0.122,0.061
1668254804595,2022-11-12T14:06:44.595,257.040,0.945,-0.122,-0.061
1668254804635,2022-11-12T14:06:44.635,257.080,0.945,-0.305,0.000
1668254804675,2022-11-12T14:06:44.675,257.120,0.793,-0.183,0.091
1668254804715,2022-11-12T14:06:44.715,257.160,0.793,-0.213,-0.030
1668254804755,2022-11-12T14:06:44.755,257.200,0.640,-0.152,0.122
1668254804795,2022-11-12T14:06:44.795,257.240,0.884,0.030,0.030
1668254804835,2022-11-12T14:06:44.835,257.280,0.823,-0.274,0.152
1668254804875,2022-11-12T14:06:44.875,257.320,0.793,-0.518,0.061
1668254804915,2022-11-12T14:06:44.915,257.360,1.037,-0.091,-0.091
1668254804955,2022-11-12T14:06:44.955,257.400,0.884,-0.030,0.122
1668254804995,2022-11-12T14:06:44.995,257.440,0.884,-0.335,0.000
1668254805035,2022-11-12T14:06:45.035,257.480,1.037,-0.396,-0.061
1668254805075,2022-11-12T14:06:45.075,257.520,0.854,-0.122,0.152
1668254805115,2022-11-12T14:06:45.115,257.560,0.915,-0.061,0.000
1668254805155,2022-11-12T14:06:45.155,257.600,1.006,-0.274,-0.122
1668254805195,2022-11-12T14:06:45.195,257.640,0.854,-0.335,-0.061
1668254805235,2022-11-12T14:06:45.235,257.680,0.762,-0.152,0.091
1668254805275,2022-11-12T14:06:45.275,257.720,0.884,-0.244,0.061
1668254805315,2022-11-12T14:06:45.315,257.760,0.854,-0.274,-0.091
1668254805355,2022-11-12T14:06:45.355,257.800,0.945,-0.091,-0.030
1668254805395,2022-11-12T14:06:45.395,257.840,0.945,-0.152,0.061
1668254805435,2022-11-12T14:06:45.435,257.880,0.793,-0.213,0.030
1668254805475,2022-11-12T14:06:45.475,257.920,0.762,-0.152,-0.061
1668254805515,2022-11-12T14:06:45.515,257.960,0.732,-0.061,-0.030
1668254805555,2022-11-12T14:06:45.555,258.000,0.854,-0.030,-0.030
1668254805595,2022-11-12T14:06:45.595,258.040,0.610,-0.213,0.030
1668254805635,2022-11-12T14:06:45.635,258.080,0.701,-0.274,-0.061
1668254805675,2022-11-12T14:06:45.675,258.120,0.884,0.000,-0.061
1668254805715,2022-11-12T14:06:45.715,258.160,0.671,0.091,0.061
1668254805755,2022-11-12T14:06:45.755,258.200,0.976,-0.152,-0.213
1668254805795,2022-11-12T14:06:45.795,258.240,0.823,-0.244,0.000
1668254805835,2022-11-12T14:06:45.835,258.280,0.793,-0.061,0.122
1668254805875,2022-11-12T14:06:45.875,258.320,0.915,-0.213,0.000
1668254805915,2022-11-12T14:06:45.915,258.360,0.732,-0.183,0.061
1668254805955,2022-11-12T14:06:45.955,258.400,0.976,0.000,0.000
1668254805995,2022-11-12T14:06:45.995,258.440,0.762,-0.213,0.061
1668254806035,2022-11-12T14:06:46.035,258.480,0.732,-0.183,0.030
1668254806075,2022-11-12T14:06:46.075,258.520,1.006,-0.122,-0.030
1668254806115,2022-11-12T14:06:46.115,258.560,0.671,-0.152,0.030
1668254806155,2022-11-12T14:06:46.155,258.600,0.884,-0.213,-0.030
1668254806195,2022-11-12T14:06:46.195,258.640,0.915,-0.244,0.030
1668254806235,2022-11-12T14:06:46.235,258.680,0.884,-0.244,0.030
1668254806275,2022-11-12T14:06:46.275,258.720,0.884,-0.152,-0.030
1668254806315,2022-11-12T14:06:46.315,258.760,0.854,-0.091,0.000
1668254806355,2022-11-12T14:06:46.355,258.800,0.793,-0.335,0.000
1668254806395,2022-11-12T14:06:46.395,258.840,0.793,-0.244,-0.030
1668254806435,2022-11-12T14:06:46.435,258.880,0.823,-0.091,0.000
1668254806475,2022-11-12T14:06:46.475,258.920,0.854,-0.091,-0.122
1668254806515,2022-11-12T14:06:46.515,258.960,0.823,-0.152,0.030
1668254806555,2022-11-12T14:06:46.555,259.000,0.762,-0.244,0.091
1668254806595,2022-11-12T14:06:46.595,259.040,0.884,-0.030,-0.061
1668254806635,2022-11-12T14:06:46.635,259.080,0.945,-0.152,-0.030
1668254806675,2022-11-12T14:06:46.675,259.120,0.671,-0.183,0.000
1668254806715,2022-11-12T14:06:46.715,259.160,1.006,-0.091,-0.030
1668254806755,2022-11-12T14:06:46.755,259.200,0.762,-0.213,0.213
1668254806795,2022-11-12T14:06:46.795,259.240,0.610,-0.305,0.000
1668254806835,2022-11-12T14:06:46.835,259.280,1.098,-0.305,-0.183
1668254806875,2022-11-12T14:06:46.875,259.320,0.823,-0.183,0.091
1668254806915,2022-11-12T14:06:46.915,259.360,0.854,-0.244,0.061
1668254806955,2022-11-12T14:06:46.955,259.400,0.884,-0.274,-0.030
1668254806995,2022-11-12T14:06:46.995,259.440,0.854,-0.244,-0.061
1668254807035,2022-11-12T14:06:47.035,259.480,0.884,-0.122,0.000
1668254807075,2022-11-12T14:06:47.075,259.520,1.037,-0.030,-0.061
1668254807115,2022-11-12T14:06:47.115,259.560,0.823,-0.305,0.061
1668254807155,2022-11-12T14:06:47.155,259.600,0.793,-0.427,-0.030
1668254807195,2022-11-12T14:06:47.195,259.640,0.884,-0.274,-0.091
1668254807235,2022-11-12T14:06:47.235,259.680,0.854,-0.183,0.061
1668254807275,2022-11-12T14:06:47.275,259.720,0.915,-0.213,0.061
1668254807315,2022-11-12T14:06:47.315,259.760,0.701,-0.366,-0.030
1668254807355,2022-11-12T14:06:47.355,259.800,0.854,-0.244,-0.030
1668254807395,2022-11-12T14:06:47.395,259.840,0.915,-0.152,0.000
1668254807435,2022-11-12T14:06:47.435,259.880,0.762,-0.305,0.122
1668254807475,2022-11-12T14:06:47.475,259.920,0.915,-0.122,-0.061
1668254807515,2022-11-12T14:06:47.515,259.960,0.793,-0.183,0.061
1668254807555,2022-11-12T14:06:47.555,260.000,0.640,-0.335,0.274
1668254807595,2022-11-12T14:06:47.595,260.040,0.976,-0.244,0.000
1668254807635,2022-11-12T14:06:47.635,260.080,0.915,-0.274,-0.091
1668254807675,2022-11-12T14:06:47.675,260.120,0.854,-0.274,0.061
1668254807715,2022-11-12T14:06:47.715,260.160,0.823,-0.152,0.091
1668254807755,2022-11-12T14:06:47.755,260.200,0.823,-0.244,-0.030
1668254807795,2022-11-12T14:06:47.795,260.240,0.945,-0.213,-0.091
1668254807835,2022-11-12T14:06:47.835,260.280,0.915,-0.030,-0.030
1668254807875,2022-11-12T14:06:47.875,260.320,0.793,-0.305,0.183
1668254807915,2022-11-12T14:06:47.915,260.360,0.884,-0.518,0.030
1668254807955,2022-11-12T14:06:47.955,260.400,0.854,-0.274,-0.091
1668254807995,2022-11-12T14:06:47.995,260.440,1.006,-0.183,0.061
1668254808035,2022-11-12T14:06:48.035,260.480,0.823,-0.213,0.030
1668254808075,2022-11-12T14:06:48.075,260.520,0.854,-0.305,0.000
1668254808115,2022-11-12T14:06:48.115,260.560,0.854,-0.213,0.030
1668254808155,2022-11-12T14:06:48.155,260.600,0.884,-0.244,-0.030
1668254808195,2022-11-12T14:06:48.195,260.640,0.823,-0.305,0.091
1668254808235,2022-11-12T14:06:48.235,260.680,0.915,-0.244,-0.061
1668254808275,2022-11-12T14:06:48.275,260.720,0.976,-0.305,0.061
1668254808315,2022-11-12T14:06:48.315,260.760,0.854,-0.274,0.122
1668254808355,2022-11-12T14:06:48.355,260.800,0.915,-0.274,-0.030
1668254808395,2022-11-12T14:06:48.395,260.840,0.915,-0.274,-0.030
1668254808435,2022-11-12T14:06:48.435,260.880,0.915,-0.213,0.030
1668254808475,2022-11-12T14:06:48.475,260.920,0.884,-0.152,0.061
1668254808515,2022-11-12T14:06:48.515,260.960,0.915,-0.152,-0.091
1668254808555,2022-11-12T14:06:48.555,261.000,0.884,-0.091,-0.030
1668254808595,2022-11-12T14:06:48.595,261.040,0.854,-0.183,0.183
1668254808635,2022-11-12T14:06:48.635,261.080,0.762,-0.427,0.030
1668254808675,2022-11-12T14:06:48.675,261.120,0.793,-0.274,-0.122
1668254808715,2022-11-12T14:06:48.715,261.160,0.732,0.000,0.061
1668254808755,2022-11-12T14:06:48.755,261.200,0.854,-0.061,0.030
1668254808795,2022-11-12T14:06:48.795,261.240,0.793,-0.335,-0.061
1668254808835,2022-11-12T14:06:48.835,261.280,0.854,-0.091,0.000
1668254808875,2022-11-12T14:06:48.875,261.320,0.884,-0.061,0.091
1668254808915,2022-11-12T14:06:48.915,261.360,0.884,-0.183,-0.030
1668254808955,2022-11-12T14:06:48.955,261.400,1.037,-0.122,-0.183
1668254808995,2022-11-12T14:06:48.995,261.440,0.671,-0.091,0.183
1668254809035,2022-11-12T14:06:49.035,261.480,0.518,-0.122,0.213
1668254809075,2022-11-12T14:06:49.075,261.520,0.854,-0.274,0.000
1668254809115,2022-11-12T14:06:49.115,261.560,0.915,-0.274,-0.122
1668254809155,2022-11-12T14:06:49.155,261.600,0.854,-0.213,0.000
1668254809195,2022-11-12T14:06:49.195,261.640,0.732,-0.213,0.091
1668254809235,2022-11-12T14:06:49.235,261.680,0.884,-0.061,-0.091
1668254809275,2022-11-12T14:06:49.275,261.720,0.976,-0.244,0.030
1668254809315,2022-11-12T14:06:49.315,261.760,0.732,-0.396,0.061
1668254809355,2022-11-12T14:06:49.355,261.800,0.762,-0.152,-0.061
1668254809395,2022-11-12T14:06:49.395,261.840,0.884,-0.183,-0.030
1668254809435,2022-11-12T14:06:49.435,261.880,0.732,-0.061,0.000
1668254809475,2022-11-12T14:06:49.475,261.920,0.945,-0.244,-0.030
1668254809515,2022-11-12T14:06:49.515,261.960,0.701,-0.152,0.091
1668254809555,2022-11-12T14:06:49.555,262.000,0.793,-0.122,0.000
1668254809595,2022-11-12T14:06:49.595,262.040,0.823,-0.335,-0.061
1668254809635,2022-11-12T14:06:49.635,262.080,0.884,-0.061,-0.091
1668254809675,2022-11-12T14:06:49.675,262.120,0.976,-0.061,-0.030
1668254809715,2022-11-12T14:06:49.715,262.160,0.701,-0.213,0.152
1668254809755,2022-11-12T14:06:49.755,262.200,0.854,-0.183,-0.122
1668254809795,2022-11-12T14:06:49.795,262.240,0.915,-0.152,-0.030
1668254809835,2022-11-12T14:06:49.835,262.280,0.732,-0.122,0.061
1668254809875,2022-11-12T14:06:49.875,262.320,0.884,-0.213,-0.091
1668254809915,2022-11-12T14:06:49.915,262.360,0.945,-0.122,-0.030
1668254809955,2022-11-12T14:06:49.955,262.400,0.915,-0.061,0.000
1668254809995,2022-11-12T14:06:49.995,262.440,0.823,-0.213,0.000
1668254810035,2022-11-12T14:06:50.035,262.480,0.884,-0.427,0.000
1668254810075,2022-11-12T14:06:50.075,262.520,0.976,-0.213,-0.030
1668254810115,2022-11-12T14:06:50.115,262.560,0.793,-0.152,0.152
1668254810155,2022-11-12T14:06:50.155,262.600,0.945,-0.061,0.061
1668254810195,2022-11-12T14:06:50.195,262.640,0.915,-0.152,0.030
1668254810235,2022-11-12T14:06:50.235,262.680,0.610,-0.183,0.061
1668254810275,2022-11-12T14:06:50.275,262.720,0.884,-0.061,-0.030
1668254810315,2022-11-12T14:06:50.315,262.760,0.793,-0.183,0.061
1668254810355,2022-11-12T14:06:50.355,262.800,0.915,-0.244,-0.061
1668254810395,2022-11-12T14:06:50.395,262.840,0.915,-0.091,-0.030
1668254810435,2022-11-12T14:06:50.435,262.880,0.640,-0.061,0.091
1668254810475,2022-11-12T14:06:50.475,262.920,0.823,-0.274,0.091
1668254810515,2022-11-12T14:06:50.515,262.960,0.823,-0.122,0.000
1668254810555,2022-11-12T14:06:50.555,263.000,0.823,-0.152,-0.030
1668254810595,2022-11-12T14:06:50.595,263.040,0.884,-0.274,0.000
1668254810635,2022-11-12T14:06:50.635,263.080,0.945,-0.091,-0.030
1668254810675,2022-11-12T14:06:50.675,263.120,0.854,-0.122,-0.091
1668254810715,2022-11-12T14:06:50.715,263.160,0.884,-0.122,-0.122
1668254810755,2022-11-12T14:06:50.755,263.200,0.732,-0.305,0.152
1668254810795,2022-11-12T14:06:50.795,263.240,0.671,-0.366,0.030
1668254810835,2022-11-12T14:06:50.835,263.280,0.884,-0.274,-0.152
1668254810875,2022-11-12T14:06:50.875,263.320,0.732,-0.061,0.061
1668254810915,2022-11-12T14:06:50.915,263.360,0.823,-0.213,0.030
1668254810955,2022-11-12T14:06:50.955,263.400,0.854,-0.335,-0.030
1668254810995,2022-11-12T14:06:50.995,263.440,0.915,-0.091,0.030
1668254811035,2022-11-12T14:06:51.035,263.480,0.915,-0.213,0.030
1668254811075,2022-11-12T14:06:51.075,263.520,0.854,-0.305,-0.061
1668254811115,2022-11-12T14:06:51.115,263.560,1.098,-0.244,-0.091
1668254811155,2022-11-12T14:06:51.155,263.600,0.610,-0.122,0.213
1668254811195,2022-11-12T14:06:51.195,263.640,0.701,-0.244,0.061
1668254811235,2022-11-12T14:06:51.235,263.680,0.915,-0.244,-0.152
1668254811275,2022-11-12T14:06:51.275,263.720,0.762,-0.061,0.122
1668254811315,2022-11-12T14:06:51.315,263.760,0.854,-0.122,0.122
1668254811355,2022-11-12T14:06:51.355,263.800,0.915,-0.366,0.000
1668254811395,2022-11-12T14:06:51.395,263.840,0.976,-0.274,-0.061
1668254811435,2022-11-12T14:06:51.435,263.880,0.823,-0.030,-0.030
1668254811475,2022-11-12T14:06:51.475,263.920,0.823,-0.244,0.061
1668254811515,2022-11-12T14:06:51.515,263.960,0.945,-0.640,-0.061
1668254811555,2022-11-12T14:06:51.555,264.000,0.976,-0.427,-0.030
1668254811595,2022-11-12T14:06:51.595,264.040,0.884,-0.122,0.061
1668254811635,2022-11-12T14:06:51.635,264.080,0.823,-0.244,0.000
1668254811675,2022-11-12T14:06:51.675,264.120,1.067,-0.396,-0.091
1668254811715,2022-11-12T14:06:51.715,264.160,0.640,-0.244,0.122
1668254811755,2022-11-12T14:06:51.755,264.200,0.884,-0.122,0.152
1668254811795,2022-11-12T14:06:51.795,264.240,1.037,-0.335,0.091
1668254811835,2022-11-12T14:06:51.835,264.280,0.976,-0.213,-0.030
1668254811875,2022-11-12T14:06:51.875,264.320,1.037,-0.183,0.030
1668254811915,2022-11-12T14:06:51.915,264.360,0.884,-0.213,0.152
1668254811955,2022-11-12T14:06:51.955,264.400,1.006,-0.396,-0.030
1668254811995,2022-11-12T14:06:51.995,264.440,0.976,-0.396,0.030
1668254812035,2022-11-12T14:06:52.035,264.480,0.915,-0.274,0.030
1668254812075,2022-11-12T14:06:52.075,264.520,1.128,-0.244,-0.091
1668254812115,2022-11-12T14:06:52.115,264.560,0.945,-0.122,-0.030
1668254812155,2022-11-12T14:06:52.155,264.600,1.037,-0.152,-0.061
1668254812195,2022-11-12T14:06:52.195,264.640,0.732,-0.305,0.122
1668254812235,2022-11-12T14:06:52.235,264.680,0.732,-0.427,-0.030
1668254812275,2022-11-12T14:06:52.275,264.720,0.884,-0.152,-0.091
1668254812315,2022-11-12T14:06:52.315,264.760,0.762,0.091,0.183
1668254812355,2022-11-12T14:06:52.355,264.800,0.823,-0.091,-0.122
1668254812395,2022-11-12T14:06:52.395,264.840,0.854,-0.335,-0.061
1668254812435,2022-11-12T14:06:52.435,264.880,0.732,-0.030,0.152
1668254812475,2022-11-12T14:06:52.475,264.920,0.884,-0.091,-0.030
1668254812515,2022-11-12T14:06:52.515,264.960,0.945,-0.183,-0.091
1668254812555,2022-11-12T14:06:52.555,265.000,0.915,-0.152,-0.091
1668254812595,2022-11-12T14:06:52.595,265.040,0.671,-0.183,0.183
1668254812635,2022-11-12T14:06:52.635,265.080,0.732,-0.061,0.091
1668254812675,2022-11-12T14:06:52.675,265.120,0.976,-0.274,-0.061
1668254812715,2022-11-12T14:06:52.715,265.160,0.884,-0.152,0.061
1668254812755,2022-11-12T14:06:52.755,265.200,0.945,-0.213,-0.122
1668254812795,2022-11-12T14:06:52.795,265.240,0.854,-0.183,-0.122
1668254812835,2022-11-12T14:06:52.835,265.280,0.823,0.030,0.030
1668254812875,2022-11-12T14:06:52.875,265.320,0.915,-0.244,0.122
1668254812915,2022-11-12T14:06:52.915,265.360,0.945,-0.457,-0.091
1668254812955,2022-11-12T14:06:52.955,265.400,0.945,-0.183,-0.122
1668254812995,2022-11-12T14:06:52.995,265.440,0.701,0.000,0.122
1668254813035,2022-11-12T14:06:53.035,265.480,0.915,-0.335,-0.030
1668254813075,2022-11-12T14:06:53.075,265.520,0.945,-0.305,-0.030
1668254813115,2022-11-12T14:06:53.115,265.560,0.732,-0.030,0.183
1668254813155,2022-11-12T14:06:53.155,265.600,1.037,-0.213,-0.061
1668254813195,2022-11-12T14:06:53.195,265.640,1.037,-0.244,-0.183
1668254813235,2022-11-12T14:06:53.235,265.680,0.854,-0.213,0.000
1668254813275,2022-11-12T14:06:53.275,265.720,0.854,-0.122,0.091
1668254813315,2022-11-12T14:06:53.315,265.760,0.793,-0.152,0.000
1668254813355,2022-11-12T14:06:53.355,265.800,1.006,-0.244,-0.091
1668254813395,2022-11-12T14:06:53.395,265.840,0.884,-0.122,-0.061
1668254813435,2022-11-12T14:06:53.435,265.880,0.884,-0.335,0.000
1668254813475,2022-11-12T14:06:53.475,265.920,0.793,-0.213,-0.091
1668254813515,2022-11-12T14:06:53.515,265.960,0.671,-0.152,0.000
1668254813555,2022-11-12T14:06:53.555,266.000,0.671,-0.396,0.183
1668254813595,2022-11-12T14:06:53.595,266.040,0.732,-0.396,-0.030
1668254813635,2022-11-12T14:06:53.635,266.080,0.884,-0.183,-0.091
1668254813675,2022-11-12T14:06:53.675,266.120,0.854,0.122,-0.030
1668254813715,2022-11-12T14:06:53.715,266.160,1.006,0.030,-0.091
1668254813755,2022-11-12T14:06:53.755,266.200,1.128,-0.305,-0.061
1668254813795,2022-11-12T14:06:53.795,266.240,0.854,-0.244,0.061
1668254813835,2022-11-12T14:06:53.835,266.280,0.762,-0.152,0.061
1668254813875,2022-11-12T14:06:53.875,266.320,0.762,-0.183,0.000
1668254813915,2022-11-12T14:06:53.915,266.360,0.762,-0.213,0.061
1668254813955,2022-11-12T14:06:53.955,266.400,0.701,-0.213,0.030
1668254813995,2022-11-12T14:06:53.995,266.440,0.762,-0.061,0.091
1668254814035,2022-11-12T14:06:54.035,266.480,1.098,-0.152,-0.091
1668254814075,2022-11-12T14:06:54.075,266.520,0.945,-0.305,-0.152
1668254814115,2022-11-12T14:06:54.115,266.560,0.945,-0.183,-0.030
1668254814155,2022-11-12T14:06:54.155,266.600,0.945,0.000,-0.091
1668254814195,2022-11-12T14:06:54.195,266.640,0.793,-0.061,0.000
1668254814235,2022-11-12T14:06:54.235,266.680,0.884,-0.244,0.030
1668254814275,2022-11-12T14:06:54.275,266.720,0.945,-0.396,-0.061
1668254814315,2022-11-12T14:06:54.315,266.760,0.793,-0.183,0.000
1668254814355,2022-11-12T14:06:54.355,266.800,0.732,0.000,0.000
1668254814395,2022-11-12T14:06:54.395,266.840,0.701,-0.091,-0.061
1668254814435,2022-11-12T14:06:54.435,266.880,0.732,-0.244,0.091
1668254814475,2022-11-12T14:06:54.475,266.920,0.732,-0.122,0.030
1668254814515,2022-11-12T14:06:54.515,266.960,0.762,-0.061,0.000
1668254814555,2022-11-12T14:06:54.555,267.000,0.854,-0.183,-0.030
1668254814595,2022-11-12T14:06:54.595,267.040,0.823,-0.122,0.000
1668254814635,2022-11-12T14:06:54.635,267.080,0.854,-0.122,0.000
1668254814675,2022-11-12T14:06:54.675,267.120,0.732,-0.152,0.061
1668254814715,2022-11-12T14:06:54.715,267.160,0.854,-0.122,-0.030
1668254814755,2022-11-12T14:06:54.755,267.200,0.762,-0.244,-0.030
1668254814795,2022-11-12T14:06:54.795,267.240,0.793,-0.213,0.122
1668254814835,2022-11-12T14:06:54.835,267.280,0.884,-0.091,-0.061
1668254814875,2022-11-12T14:06:54.875,267.320,0.854,-0.213,0.061
1668254814915,2022-11-12T14:06:54.915,267.360,0.793,-0.396,0.122
1668254814955,2022-11-12T14:06:54.955,267.400,0.762,-0.305,0.000
1668254814995,2022-11-12T14:06:54.995,267.440,0.823,-0.213,0.030
1668254815035,2022-11-12T14:06:55.035,267.480,0.945,-0.122,-0.061
1668254815075,2022-11-12T14:06:55.075,267.520,0.854,-0.183,0.061
1668254815115,2022-11-12T14:06:55.115,267.560,0.793,-0.183,0.091
1668254815155,2022-11-12T14:06:55.155,267.600,0.793,-0.122,0.000
1668254815195,2022-11-12T14:06:55.195,267.640,0.793,-0.152,0.061
1668254815235,2022-11-12T14:06:55.235,267.680,1.006,-0.213,-0.122
1668254815275,2022-11-12T14:06:55.275,267.720,0.793,-0.183,0.030
1668254815315,2022-11-12T14:06:55.315,267.760,0.671,-0.183,0.122
1668254815355,2022-11-12T14:06:55.355,267.800,0.915,-0.183,-0.152
1668254815395,2022-11-12T14:06:55.395,267.840,0.915,-0.244,-0.030
1668254815435,2022-11-12T14:06:55.435,267.880,0.793,-0.122,0.030
1668254815475,2022-11-12T14:06:55.475,267.920,0.793,-0.152,0.030
1668254815515,2022-11-12T14:06:55.515,267.960,0.915,-0.183,-0.091
1668254815555,2022-11-12T14:06:55.555,268.000,0.884,-0.091,0.000
1668254815595,2022-11-12T14:06:55.595,268.040,0.793,-0.305,0.091
1668254815635,2022-11-12T14:06:55.635,268.080,0.762,-0.366,-0.091
1668254815675,2022-11-12T14:06:55.675,268.120,0.762,-0.152,0.000
1668254815715,2022-11-12T14:06:55.715,268.160,0.762,-0.122,0.030
1668254815755,2022-11-12T14:06:55.755,268.200,0.854,-0.213,-0.030
1668254815795,2022-11-12T14:06:55.795,268.240,0.884,-0.183,0.000
1668254815835,2022-11-12T14:06:55.835,268.280,0.823,0.000,-0.030
1668254815875,2022-11-12T14:06:55.875,268.320,0.793,-0.244,0.061
1668254815915,2022-11-12T14:06:55.915,268.360,0.823,-0.152,0.030
1668254815955,2022-11-12T14:06:55.955,268.400,0.884,-0.213,-0.061
1668254815995,2022-11-12T14:06:55.995,268.440,0.732,-0.335,0.091
1668254816035,2022-11-12T14:06:56.035,268.480,0.762,-0.335,0.061
1668254816075,2022-11-12T14:06:56.075,268.520,0.854,-0.335,-0.061
1668254816115,2022-11-12T14:06:56.115,268.560,0.823,-0.335,-0.061
1668254816155,2022-11-12T14:06:56.155,268.600,0.762,-0.213,0.000
1668254816195,2022-11-12T14:06:56.195,268.640,0.640,-0.183,0.122
1668254816235,2022-11-12T14:06:56.235,268.680,0.793,-0.335,-0.030
1668254816275,2022-11-12T14:06:56.275,268.720,0.823,-0.183,0.061
1668254816315,2022-11-12T14:06:56.315,268.760,0.854,-0.122,0.030
1668254816355,2022-11-12T14:06:56.355,268.800,1.006,-0.122,-0.091
1668254816395,2022-11-12T14:06:56.395,268.840,0.884,-0.396,0.091
1668254816435,2022-11-12T14:06:56.435,268.880,0.793,-0.427,0.000
1668254816475,2022-11-12T14:06:56.475,268.920,0.945,-0.213,-0.061
1668254816515,2022-11-12T14:06:56.515,268.960,0.823,-0.122,0.000
1668254816555,2022-11-12T14:06:56.555,269.000,0.884,-0.244,-0.061
1668254816595,2022-11-12T14:06:56.595,269.040,0.854,-0.274,0.030
1668254816635,2022-11-12T14:06:56.635,269.080,0.884,-0.213,0.030
1668254816675,2022-11-12T14:06:56.675,269.120,0.915,-0.244,-0.061
1668254816715,2022-11-12T14:06:56.715,269.160,0.945,-0.183,0.000
1668254816755,2022-11-12T14:06:56.755,269.200,0.976,-0.122,-0.091
1668254816795,2022-11-12T14:06:56.795,269.240,0.701,-0.152,0.061
1668254816835,2022-11-12T14:06:56.835,269.280,0.823,-0.122,0.030
1668254816875,2022-11-12T14:06:56.875,269.320,0.915,-0.183,-0.091
1668254816915,2022-11-12T14:06:56.915,269.360,0.945,-0.213,0.030
1668254816955,2022-11-12T14:06:56.955,269.400,1.006,-0.183,0.061
1668254816995,2022-11-12T14:06:56.995,269.440,0.945,-0.305,0.000
1668254817035,2022-11-12T14:06:57.035,269.480,0.854,-0.427,0.030
1668254817075,2022-11-12T14:06:57.075,269.520,0.976,-0.274,0.000
1668254817115,2022-11-12T14:06:57.115,269.560,0.915,-0.152,-0.061
1668254817155,2022-11-12T14:06:57.155,269.600,1.006,-0.274,-0.030
1668254817195,2022-11-12T14:06:57.195,269.640,0.945,-0.518,0.061
1668254817235,2022-11-12T14:06:57.235,269.680,0.915,-0.427,-0.091
1668254817275,2022-11-12T14:06:57.275,269.720,0.854,-0.122,0.030
1668254817315,2022-11-12T14:06:57.315,269.760,0.823,-0.030,-0.061
1668254817355,2022-11-12T14:06:57.355,269.800,0.854,-0.213,0.030
1668254817395,2022-11-12T14:06:57.395,269.840,0.701,-0.183,0.091
1668254817435,2022-11-12T14:06:57.435,269.880,0.701,-0.122,0.091
1668254817475,2022-11-12T14:06:57.475,269.920,0.945,-0.274,-0.061
1668254817515,2022-11-12T14:06:57.515,269.960,0.884,-0.213,0.000
1668254817555,2022-11-12T14:06:57.555,270.000,0.823,-0.091,0.030
1668254817595,2022-11-12T14:06:57.595,270.040,0.793,-0.152,0.091
1668254817635,2022-11-12T14:06:57.635,270.080,0.793,-0.183,0.000
1668254817675,2022-11-12T14:06:57.675,270.120,0.945,-0.183,0.000
1668254817715,2022-11-12T14:06:57.715,270.160,0.884,-0.091,0.000
1668254817755,2022-11-12T14:06:57.755,270.200,0.884,-0.183,-0.030
1668254817795,2022-11-12T14:06:57.795,270.240,0.976,-0.274,0.000
1668254817835,2022-11-12T14:06:57.835,270.280,0.793,0.030,0.030
1668254817875,2022-11-12T14:06:57.875,270.320,0.915,-0.152,0.000
1668254817915,2022-11-12T14:06:57.915,270.360,0.854,-0.457,0.030
1668254817955,2022-11-12T14:06:57.955,270.400,0.884,-0.183,-0.061
1668254817995,2022-11-12T14:06:57.995,270.440,0.793,0.000,0.061
1668254818035,2022-11-12T14:06:58.035,270.480,0.732,-0.061,0.030
1668254818075,2022-11-12T14:06:58.075,270.520,0.945,-0.213,-0.091
1668254818115,2022-11-12T14:06:58.115,270.560,0.762,-0.030,0.061
1668254818155,2022-11-12T14:06:58.155,270.600,0.823,-0.030,0.000
1668254818195,2022-11-12T14:06:58.195,270.640,0.884,-0.061,-0.244
1668254818235,2022-11-12T14:06:58.235,270.680,0.976,0.061,-0.122
1668254818275,2022-11-12T14:06:58.275,270.720,0.701,-0.091,0.061
1668254818315,2022-11-12T14:06:58.315,270.760,0.610,-0.152,0.091
1668254818355,2022-11-12T14:06:58.355,270.800,0.823,-0.152,-0.030
1668254818395,2022-11-12T14:06:58.395,270.840,0.823,-0.244,0.061
1668254818435,2022-11-12T14:06:58.435,270.880,0.823,-0.183,0.000
1668254818475,2022-11-12T14:06:58.475,270.920,0.884,-0.152,-0.061
1668254818515,2022-11-12T14:06:58.515,270.960,0.793,-0.030,-0.061
1668254818555,2022-11-12T14:06:58.555,271.000,0.884,-0.030,-0.030
1668254818595,2022-11-12T14:06:58.595,271.040,0.793,-0.305,0.061
1668254818635,2022-11-12T14:06:58.635,271.080,0.732,-0.366,-0.030
1668254818675,2022-11-12T14:06:58.675,271.120,1.006,-0.061,-0.152
1668254818715,2022-11-12T14:06:58.715,271.160,0.823,-0.091,0.030
1668254818755,2022-11-12T14:06:58.755,271.200,0.884,-0.244,-0.061
1668254818795,2022-11-12T14:06:58.795,271.240,0.884,-0.244,0.061
1668254818835,2022-11-12T14:06:58.835,271.280,0.732,-0.091,0.091
1668254818875,2022-11-12T14:06:58.875,271.320,0.976,-0.213,0.000
1668254818915,2022-11-12T14:06:58.915,271.360,0.854,-0.122,-0.122
1668254818955,2022-11-12T14:06:58.955,271.400,0.762,-0.091,0.061
1668254818995,2022-11-12T14:06:58.995,271.440,0.823,-0.274,0.091
1668254819035,2022-11-12T14:06:59.035,271.480,0.762,-0.183,0.030
1668254819075,2022-11-12T14:06:59.075,271.520,0.976,-0.213,0.000
1668254819115,2022-11-12T14:06:59.115,271.560,1.067,-0.305,-0.122
1668254819155,2022-11-12T14:06:59.155,271.600,0.823,-0.335,-0.030
1668254819195,2022-11-12T14:06:59.195,271.640,0.762,-0.183,0.030
1668254819235,2022-11-12T14:06:59.235,271.680,0.762,0.000,-0.030
1668254819275,2022-11-12T14:06:59.275,271.720,0.884,-0.061,-0.030
1668254819315,2022-11-12T14:06:59.315,271.760,0.701,-0.244,0.122
1668254819355,2022-11-12T14:06:59.355,271.800,0.732,-0.396,0.000
1668254819395,2022-11-12T14:06:59.395,271.840,0.793,-0.274,-0.030
1668254819435,2022-11-12T14:06:59.435,271.880,0.671,-0.061,0.091
1668254819475,2022-11-12T14:06:59.475,271.920,0.915,-0.183,-0.030
1668254819515,2022-11-12T14:06:59.515,271.960,0.671,-0.244,0.061
1668254819555,2022-11-12T14:06:59.555,272.000,0.823,-0.091,0.030
1668254819595,2022-11-12T14:06:59.595,272.040,0.915,-0.152,-0.030
1668254819635,2022-11-12T14:06:59.635,272.080,0.762,-0.244,0.030
1668254819675,2022-11-12T14:06:59.675,272.120,0.854,-0.122,-0.030
1668254819715,2022-11-12T14:06:59.715,272.160,0.762,-0.213,0.091
1668254819755,2022-11-12T14:06:59.755,272.200,0.793,-0.213,0.091
1668254819795,2022-11-12T14:06:59.795,272.240,0.915,-0.305,-0.061
1668254819835,2022-11-12T14:06:59.835,272.280,0.823,-0.183,-0.061
1668254819875,2022-11-12T14:06:59.875,272.320,0.854,-0.122,0.030
1668254819915,2022-11-12T14:06:59.915,272.360,0.823,-0.244,0.030
1668254819955,2022-11-12T14:06:59.955,272.400,0.884,-0.244,-0.030
1668254819995,2022-11-12T14:06:59.995,272.440,0.793,-0.122,0.122
1668254820035,2022-11-12T14:07:00.035,272.480,0.884,-0.091,-0.061
1668254820075,2022-11-12T14:07:00.075,272.520,0.854,-0.274,-0.061
1668254820115,2022-11-12T14:07:00.115,272.560,0.762,-0.366,0.091
1668254820155,2022-11-12T14:07:00.155,272.600,0.915,-0.213,-0.091
1668254820195,2022-11-12T14:07:00.195,272.640,0.854,-0.183,-0.061
1668254820235,2022-11-12T14:07:00.235,272.680,0.823,-0.122,0.030
1668254820275,2022-11-12T14:07:00.275,272.720,0.945,-0.274,0.000
1668254820315,2022-11-12T14:07:00.315,272.760,0.671,-0.152,0.091
1668254820355,2022-11-12T14:07:00.355,272.800,0.884,-0.122,0.000
1668254820395,2022-11-12T14:07:00.395,272.840,0.854,-0.213,-0.030
1668254820435,2022-11-12T14:07:00.435,272.880,0.976,-0.183,-0.152
1668254820475,2022-11-12T14:07:00.475,272.920,0.915,-0.305,0.030
1668254820515,2022-11-12T14:07:00.515,272.960,0.640,-0.244,0.122
1668254820555,2022-11-12T14:07:00.555,273.000,0.976,-0.274,-0.030
1668254820595,2022-11-12T14:07:00.595,273.040,0.884,-0.274,0.030
1668254820635,2022-11-12T14:07:00.635,273.080,0.762,-0.244,0.091
1668254820675,2022-11-12T14:07:00.675,273.120,0.884,-0.335,0.000
1668254820715,2022-11-12T14:07:00.715,273.160,0.793,-0.366,0.061
1668254820755,2022-11-12T14:07:00.755,273.200,0.884,-0.244,-0.030
1668254820795,2022-11-12T14:07:00.795,273.240,0.945,-0.183,0.000
1668254820835,2022-11-12T14:07:00.835,273.280,0.915,-0.091,-0.030
1668254820875,2022-11-12T14:07:00.875,273.320,0.823,-0.244,0.000
1668254820915,2022-11-12T14:07:00.915,273.360,0.823,-0.427,-0.061
1668254820955,2022-11-12T14:07:00.955,273.400,0.915,-0.274,-0.152
1668254820995,2022-11-12T14:07:00.995,273.440,0.823,-0.183,0.061
1668254821035,2022-11-12T14:07:01.035,273.480,0.762,-0.213,0.000
1668254821075,2022-11-12T14:07:01.075,273.520,0.854,-0.335,0.061
1668254821115,2022-11-12T14:07:01.115,273.560,0.915,-0.152,0.122
1668254821155,2022-11-12T14:07:01.155,273.600,1.006,-0.183,-0.061
1668254821195,2022-11-12T14:07:01.195,273.640,0.945,-0.335,-0.061
1668254821235,2022-11-12T14:07:01.235,273.680,0.945,-0.152,0.030
1668254821275,2022-11-12T14:07:01.275,273.720,0.884,-0.244,0.091
1668254821315,2022-11-12T14:07:01.315,273.760,0.762,-0.244,0.091
1668254821355,2022-11-12T14:07:01.355,273.800,0.915,-0.244,-0.030
1668254821395,2022-11-12T14:07:01.395,273.840,0.945,-0.213,-0.061
1668254821435,2022-11-12T14:07:01.435,273.880,1.067,-0.274,0.030
1668254821475,2022-11-12T14:07:01.475,273.920,1.006,-0.274,0.061
1668254821515,2022-11-12T14:07:01.515,273.960,0.945,-0.335,0.030
1668254821555,2022-11-12T14:07:01.555,274.000,0.884,-0.244,0.000
1668254821595,2022-11-12T14:07:01.595,274.040,0.854,-0.061,0.091
1668254821635,2022-11-12T14:07:01.635,274.080,0.945,-0.183,0.030
1668254821675,2022-11-12T14:07:01.675,274.120,0.884,-0.427,-0.030
1668254821715,2022-11-12T14:07:01.715,274.160,0.793,-0.122,-0.030
1668254821755,2022-11-12T14:07:01.755,274.200,0.732,0.091,0.061
1668254821795,2022-11-12T14:07:01.795,274.240,0.793,-0.122,0.000
1668254821835,2022-11-12T14:07:01.835,274.280,0.884,-0.274,-0.030
1668254821875,2022-11-12T14:07:01.875,274.320,0.793,-0.061,0.000
1668254821915,2022-11-12T14:07:01.915,274.360,0.945,-0.091,-0.091
1668254821955,2022-11-12T14:07:01.955,274.400,0.854,-0.152,-0.030
1668254821995,2022-11-12T14:07:01.995,274.440,0.854,-0.122,0.000
1668254822035,2022-11-12T14:07:02.035,274.480,0.732,-0.122,0.122
1668254822075,2022-11-12T14:07:02.075,274.520,0.640,-0.152,0.122
1668254822115,2022-11-12T14:07:02.115,274.560,0.823,-0.183,0.000
1668254822155,2022-11-12T14:07:02.155,274.600,0.854,-0.091,0.152
1668254822195,2022-11-12T14:07:02.195,274.640,1.006,-0.274,0.000
1668254822235,2022-11-12T14:07:02.235,274.680,0.854,-0.152,-0.091
1668254822275,2022-11-12T14:07:02.275,274.720,0.854,-0.122,0.000
1668254822315,2022-11-12T14:07:02.315,274.760,0.976,-0.030,-0.152
1668254822355,2022-11-12T14:07:02.355,274.800,0.854,-0.152,0.091
1668254822395,2022-11-12T14:07:02.395,274.840,0.945,-0.396,-0.091
1668254822435,2022-11-12T14:07:02.435,274.880,0.854,-0.213,0.000
1668254822475,2022-11-12T14:07:02.475,274.920,0.701,-0.030,0.091
1668254822515,2022-11-12T14:07:02.515,274.960,0.793,-0.152,-0.061
1668254822555,2022-11-12T14:07:02.555,275.000,0.793,-0.274,0.061
1668254822595,2022-11-12T14:07:02.595,275.040,0.610,-0.152,0.122
1668254822635,2022-11-12T14:07:02.635,275.080,0.823,-0.061,0.000
1668254822675,2022-11-12T14:07:02.675,275.120,0.854,-0.183,-0.091
1668254822715,2022-11-12T14:07:02.715,275.160,0.915,-0.183,0.030
1668254822755,2022-11-12T14:07:02.755,275.200,0.884,-0.091,0.061
1668254822795,2022-11-12T14:07:02.795,275.240,0.701,-0.152,0.091
1668254822835,2022-11-12T14:07:02.835,275.280,0.884,-0.244,-0.061
1668254822875,2022-11-12T14:07:02.875,275.320,0.823,-0.091,-0.030
1668254822915,2022-11-12T14:07:02.915,275.360,0.793,-0.091,0.061
1668254822955,2022-11-12T14:07:02.955,275.400,0.915,-0.305,-0.091
1668254822995,2022-11-12T14:07:02.995,275.440,0.732,-0.152,0.000
1668254823035,2022-11-12T14:07:03.035,275.480,0.823,0.030,0.030
1668254823075,2022-11-12T14:07:03.075,275.520,0.823,-0.091,0.000
1668254823115,2022-11-12T14:07:03.115,275.560,0.854,-0.457,0.000
1668254823155,2022-11-12T14:07:03.155,275.600,0.854,-0.274,-0.061
1668254823195,2022-11-12T14:07:03.195,275.640,0.823,-0.152,0.061
1668254823235,2022-11-12T14:07:03.235,275.680,0.793,-0.183,-0.030
1668254823275,2022-11-12T14:07:03.275,275.720,0.915,-0.152,-0.122
1668254823315,2022-11-12T14:07:03.315,275.760,0.640,-0.183,0.183
1668254823355,2022-11-12T14:07:03.355,275.800,0.793,-0.061,0.000
1668254823395,2022-11-12T14:07:03.395,275.840,0.915,-0.244,-0.122
1668254823435,2022-11-12T14:07:03.435,275.880,0.884,-0.152,0.000
1668254823475,2022-11-12T14:07:03.475,275.920,0.915,-0.152,0.030
1668254823515,2022-11-12T14:07:03.515,275.960,0.671,-0.152,0.091
1668254823555,2022-11-12T14:07:03.555,276.000,0.915,-0.152,-0.091
1668254823595,2022-11-12T14:07:03.595,276.040,0.793,-0.061,-0.030
1668254823635,2022-11-12T14:07:03.635,276.080,0.823,-0.122,0.091
1668254823675,2022-11-12T14:07:03.675,276.120,0.884,-0.213,0.000
1668254823715,2022-11-12T14:07:03.715,276.160,0.701,-0.183,0.030
1668254823755,2022-11-12T14:07:03.755,276.200,0.823,-0.061,0.091
1668254823795,2022-11-12T14:07:03.795,276.240,0.854,-0.122,-0.061
1668254823835,2022-11-12T14:07:03.835,276.280,0.915,-0.152,-0.091
1668254823875,2022-11-12T14:07:03.875,276.320,0.762,-0.244,0.030
1668254823915,2022-11-12T14:07:03.915,276.360,0.762,-0.274,0.000
1668254823955,2022-11-12T14:07:03.955,276.400,0.884,-0.274,0.000
1668254823995,2022-11-12T14:07:03.995,276.440,0.793,-0.183,-0.030
1668254824035,2022-11-12T14:07:04.035,276.480,0.945,-0.152,0.061
1668254824075,2022-11-12T14:07:04.075,276.520,0.854,-0.305,0.122
1668254824115,2022-11-12T14:07:04.115,276.560,0.884,-0.091,-0.091
1668254824155,2022-11-12T14:07:04.155,276.600,0.945,-0.183,0.030
1668254824195,2022-11-12T14:07:04.195,276.640,0.823,-0.183,0.061
1668254824235,2022-11-12T14:07:04.235,276.680,0.945,-0.183,-0.122
1668254824275,2022-11-12T14:07:04.275,276.720,0.640,-0.213,0.183
1668254824315,2022-11-12T14:07:04.315,276.760,0.793,-0.213,0.122
1668254824355,2022-11-12T14:07:04.355,276.800,0.945,-0.274,-0.152
1668254824395,2022-11-12T14:07:04.395,276.840,0.793,-0.183,0.061
1668254824435,2022-11-12T14:07:04.435,276.880,0.793,-0.152,0.091
1668254824475,2022-11-12T14:07:04.475,276.920,0.884,-0.244,-0.061
1668254824515,2022-11-12T14:07:04.515,276.960,0.945,-0.213,0.000
1668254824555,2022-11-12T14:07:04.555,277.000,0.793,-0.183,0.122
1668254824595,2022-11-12T14:07:04.595,277.040,0.976,-0.274,0.000
1668254824635,2022-11-12T14:07:04.635,277.080,1.006,-0.274,-0.091
1668254824675,2022-11-12T14:07:04.675,277.120,0.884,-0.061,0.000
1668254824715,2022-11-12T14:07:04.715,277.160,0.823,-0.183,0.152
1668254824755,2022-11-12T14:07:04.755,277.200,0.884,-0.488,-0.091
1668254824795,2022-11-12T14:07:04.795,277.240,0.915,-0.305,-0.152
1668254824835,2022-11-12T14:07:04.835,277.280,0.823,-0.244,0.030
1668254824875,2022-11-12T14:07:04.875,277.320,0.884,-0.244,0.000
1668254824915,2022-11-12T14:07:04.915,277.360,0.915,-0.335,0.000
1668254824955,2022-11-12T14:07:04.955,277.400,0.671,-0.213,0.122
1668254824995,2022-11-12T14:07:04.995,277.440,0.915,-0.183,0.000
1668254825035,2022-11-12T14:07:05.035,277.480,0.884,-0.305,0.000
1668254825075,2022-11-12T14:07:05.075,277.520,0.945,-0.183,-0.061
1668254825115,2022-11-12T14:07:05.115,277.560,0.945,-0.274,-0.030
1668254825155,2022-11-12T14:07:05.155,277.600,0.610,-0.335,0.152
1668254825195,2022-11-12T14:07:05.195,277.640,1.006,-0.244,-0.030
1668254825235,2022-11-12T14:07:05.235,277.680,0.915,-0.244,0.030
1668254825275,2022-11-12T14:07:05.275,277.720,0.854,-0.244,0.091
1668254825315,2022-11-12T14:07:05.315,277.760,0.915,-0.274,0.000
1668254825355,2022-11-12T14:07:05.355,277.800,0.976,-0.244,-0.061
1668254825395,2022-11-12T14:07:05.395,277.840,0.854,-0.335,0.091
1668254825435,2022-11-12T14:07:05.435,277.880,0.823,-0.396,0.061
1668254825475,2022-11-12T14:07:05.475,277.920,1.037,-0.274,-0.061
1668254825515,2022-11-12T14:07:05.515,277.960,0.945,-0.030,0.091
1668254825555,2022-11-12T14:07:05.555,278.000,0.823,-0.305,0.122
1668254825595,2022-11-12T14:07:05.595,278.040,0.915,-0.427,-0.152
1668254825635,2022-11-12T14:07:05.635,278.080,1.006,-0.213,-0.030
1668254825675,2022-11-12T14:07:05.675,278.120,0.915,-0.122,0.061
1668254825715,2022-11-12T14:07:05.715,278.160,0.854,-0.183,-0.091
1668254825755,2022-11-12T14:07:05.755,278.200,0.915,-0.305,0.000
1668254825795,2022-11-12T14:07:05.795,278.240,0.762,0.000,0.091
1668254825835,2022-11-12T14:07:05.835,278.280,0.732,-0.122,0.061
1668254825875,2022-11-12T14:07:05.875,278.320,0.915,-0.244,-0.183
1668254825915,2022-11-12T14:07:05.915,278.360,0.823,-0.061,0.000
1668254825955,2022-11-12T14:07:05.955,278.400,0.640,-0.091,0.244
1668254825995,2022-11-12T14:07:05.995,278.440,0.976,-0.274,-0.122
1668254826035,2022-11-12T14:07:06.035,278.480,0.884,-0.213,-0.091
1668254826075,2022-11-12T14:07:06.075,278.520,0.884,-0.091,0.091
1668254826115,2022-11-12T14:07:06.115,278.560,0.915,-0.305,-0.061
1668254826155,2022-11-12T14:07:06.155,278.600,0.976,-0.274,-0.061
1668254826195,2022-11-12T14:07:06.195,278.640,0.915,0.030,0.061
1668254826235,2022-11-12T14:07:06.235,278.680,1.037,-0.061,0.061
1668254826275,2022-11-12T14:07:06.275,278.720,1.037,-0.366,-0.091
1668254826315,2022-11-12T14:07:06.315,278.760,0.823,-0.457,0.000
1668254826355,2022-11-12T14:07:06.355,278.800,0.701,-0.122,0.061
1668254826395,2022-11-12T14:07:06.395,278.840,0.732,-0.122,-0.030
1668254826435,2022-11-12T14:07:06.435,278.880,0.549,-0.244,0.061
1668254826475,2022-11-12T14:07:06.475,278.920,0.610,-0.213,0.274
1668254826515,2022-11-12T14:07:06.515,278.960,0.244,-0.091,0.183
1668254826555,2022-11-12T14:07:06.555,279.000,0.457,0.152,0.213
1668254826595,2022-11-12T14:07:06.595,279.040,0.640,-0.091,0.183
1668254826635,2022-11-12T14:07:06.635,279.080,1.037,-0.427,-0.091
1668254826675,2022-11-12T14:07:06.675,279.120,1.067,-0.274,-0.091
1668254826715,2022-11-12T14:07:06.715,279.160,0.976,-0.244,0.122
1668254826755,2022-11-12T14:07:06.755,279.200,1.006,-0.244,0.030
1668254826795,2022-11-12T14:07:06.795,279.240,0.762,-0.396,-0.091
1668254826835,2022-11-12T14:07:06.835,279.280,0.427,-0.518,-0.061
1668254826875,2022-11-12T14:07:06.875,279.320,0.762,-0.091,-0.030
1668254826915,2022-11-12T14:07:06.915,279.360,1.006,-0.030,0.000
1668254826955,2022-11-12T14:07:06.955,279.400,0.976,-0.122,-0.183
1668254826995,2022-11-12T14:07:06.995,279.440,1.128,-0.061,-0.030
1668254827035,2022-11-12T14:07:07.035,279.480,0.884,-0.274,0.122
1668254827075,2022-11-12T14:07:07.075,279.520,0.762,-0.274,-0.091
1668254827115,2022-11-12T14:07:07.115,279.560,0.732,-0.122,-0.061
1668254827155,2022-11-12T14:07:07.155,279.600,0.610,-0.091,0.030
1668254827195,2022-11-12T14:07:07.195,279.640,0.762,-0.183,-0.061
1668254827235,2022-11-12T14:07:07.235,279.680,0.610,-0.122,0.030
1668254827275,2022-11-12T14:07:07.275,279.720,0.793,0.000,-0.030
1668254827315,2022-11-12T14:07:07.315,279.760,1.037,-0.091,-0.091
1668254827355,2022-11-12T14:07:07.355,279.800,1.098,-0.030,-0.061
1668254827395,2022-11-12T14:07:07.395,279.840,0.945,0.030,0.030
1668254827435,2022-11-12T14:07:07.435,279.880,0.671,-0.091,0.091
1668254827475,2022-11-12T14:07:07.475,279.920,0.732,-0.366,0.000
1668254827515,2022-11-12T14:07:07.515,279.960,0.640,-0.335,0.091
1668254827555,2022-11-12T14:07:07.555,280.000,0.915,-0.183,-0.061
1668254827595,2022-11-12T14:07:07.595,280.040,0.762,-0.244,0.000
1668254827635,2022-11-12T14:07:07.635,280.080,0.854,-0.183,-0.030
1668254827675,2022-11-12T14:07:07.675,280.120,1.067,-0.030,-0.122
1668254827715,2022-11-12T14:07:07.715,280.160,0.915,0.030,-0.030
1668254827755,2022-11-12T14:07:07.755,280.200,0.945,-0.183,0.061
1668254827795,2022-11-12T14:07:07.795,280.240,0.884,-0.305,-0.030
1668254827835,2022-11-12T14:07:07.835,280.280,0.884,-0.274,-0.061
1668254827875,2022-11-12T14:07:07.875,280.320,0.762,-0.030,0.000
1668254827915,2022-11-12T14:07:07.915,280.360,0.884,-0.183,-0.061
1668254827955,2022-11-12T14:07:07.955,280.400,0.793,-0.305,0.030
1668254827995,2022-11-12T14:07:07.995,280.440,0.854,0.000,0.000
1668254828035,2022-11-12T14:07:08.035,280.480,0.915,-0.183,0.030
1668254828075,2022-11-12T14:07:08.075,280.520,1.006,-0.335,-0.091
1668254828115,2022-11-12T14:07:08.115,280.560,1.006,-0.305,-0.091
1668254828155,2022-11-12T14:07:08.155,280.600,0.701,-0.366,0.213
1668254828195,2022-11-12T14:07:08.195,280.640,0.701,-0.427,0.000
1668254828235,2022-11-12T14:07:08.235,280.680,0.518,-0.305,-0.030
1668254828275,2022-11-12T14:07:08.275,280.720,0.793,-0.061,0.152
1668254828315,2022-11-12T14:07:08.315,280.760,1.067,-0.122,-0.061
1668254828355,2022-11-12T14:07:08.355,280.800,1.067,-0.335,-0.183
1668254828395,2022-11-12T14:07:08.395,280.840,1.067,-0.213,-0.030
1668254828435,2022-11-12T14:07:08.435,280.880,0.762,-0.213,0.091
1668254828475,2022-11-12T14:07:08.475,280.920,0.854,-0.244,-0.061
1668254828515,2022-11-12T14:07:08.515,280.960,0.793,-0.396,0.030
1668254828555,2022-11-12T14:07:08.555,281.000,0.793,-0.396,0.000
1668254828595,2022-11-12T14:07:08.595,281.040,1.006,-0.244,-0.030
1668254828635,2022-11-12T14:07:08.635,281.080,0.793,-0.213,-0.030
1668254828675,2022-11-12T14:07:08.675,281.120,0.915,-0.213,0.000
1668254828715,2022-11-12T14:07:08.715,281.160,0.915,-0.152,0.091
1668254828755,2022-11-12T14:07:08.755,281.200,0.976,0.152,-0.030
1668254828795,2022-11-12T14:07:08.795,281.240,1.311,0.152,-0.213
1668254828835,2022-11-12T14:07:08.835,281.280,1.220,-0.213,-0.061
1668254828875,2022-11-12T14:07:08.875,281.320,0.823,-0.549,0.030
1668254828915,2022-11-12T14:07:08.915,281.360,0.610,-0.488,0.152
1668254828955,2022-11-12T14:07:08.955,281.400,0.427,-0.213,0.122
1668254828995,2022-11-12T14:07:08.995,281.440,0.701,-0.213,-0.183
1668254829035,2022-11-12T14:07:09.035,281.480,0.762,-0.061,0.030
1668254829075,2022-11-12T14:07:09.075,281.520,0.854,-0.122,0.030
1668254829115,2022-11-12T14:07:09.115,281.560,1.128,-0.335,-0.213
1668254829155,2022-11-12T14:07:09.155,281.600,1.006,-0.335,0.030
1668254829195,2022-11-12T14:07:09.195,281.640,0.915,-0.274,0.122
1668254829235,2022-11-12T14:07:09.235,281.680,0.732,-0.579,0.091
1668254829275,2022-11-12T14:07:09.275,281.720,0.671,-0.579,0.122
1668254829315,2022-11-12T14:07:09.315,281.760,0.640,-0.183,0.061
1668254829355,2022-11-12T14:07:09.355,281.800,0.579,-0.183,0.091
1668254829395,2022-11-12T14:07:09.395,281.840,0.762,-0.152,0.000
1668254829435,2022-11-12T14:07:09.435,281.880,0.945,-0.183,-0.030
1668254829475,2022-11-12T14:07:09.475,281.920,0.823,-0.152,0.000
1668254829515,2022-11-12T14:07:09.515,281.960,0.701,-0.244,0.030
1668254829555,2022-11-12T14:07:09.555,282.000,0.732,-0.122,0.030
1668254829595,2022-11-12T14:07:09.595,282.040,0.945,-0.183,-0.030
1668254829635,2022-11-12T14:07:09.635,282.080,0.701,-0.305,0.091
1668254829675,2022-11-12T14:07:09.675,282.120,0.732,-0.122,0.061
1668254829715,2022-11-12T14:07:09.715,282.160,0.854,-0.152,-0.030
1668254829755,2022-11-12T14:07:09.755,282.200,0.915,-0.091,0.030
1668254829795,2022-11-12T14:07:09.795,282.240,1.006,-0.061,-0.030
1668254829835,2022-11-12T14:07:09.835,282.280,0.945,-0.122,-0.091
1668254829875,2022-11-12T14:07:09.875,282.320,0.762,-0.305,-0.030
1668254829915,2022-11-12T14:07:09.915,282.360,0.701,-0.457,0.061
1668254829955,2022-11-12T14:07:09.955,282.400,0.549,-0.701,0.122
1668254829995,2022-11-12T14:07:09.995,282.440,0.274,-0.579,-0.030
1668254830035,2022-11-12T14:07:10.035,282.480,0.305,-0.488,-0.122
1668254830075,2022-11-12T14:07:10.075,282.520,0.854,-0.244,-0.213
1668254830115,2022-11-12T14:07:10.115,282.560,0.915,-0.091,0.091
1668254830155,2022-11-12T14:07:10.155,282.600,0.762,-0.061,0.091
1668254830195,2022-11-12T14:07:10.195,282.640,1.037,0.030,-0.061
1668254830235,2022-11-12T14:07:10.235,282.680,1.006,-0.091,0.091
1668254830275,2022-11-12T14:07:10.275,282.720,0.701,0.000,0.000
1668254830315,2022-11-12T14:07:10.315,282.760,0.793,0.061,-0.091
1668254830355,2022-11-12T14:07:10.355,282.800,0.427,-0.091,0.122
1668254830395,2022-11-12T14:07:10.395,282.840,0.793,-0.183,-0.274
1668254830435,2022-11-12T14:07:10.435,282.880,0.915,-0.061,-0.122
1668254830475,2022-11-12T14:07:10.475,282.920,0.701,-0.152,0.183
1668254830515,2022-11-12T14:07:10.515,282.960,0.884,-0.091,-0.122
1668254830555,2022-11-12T14:07:10.555,283.000,1.067,-0.061,-0.091
1668254830595,2022-11-12T14:07:10.595,283.040,1.037,-0.030,0.091
1668254830635,2022-11-12T14:07:10.635,283.080,0.915,-0.030,0.030
1668254830675,2022-11-12T14:07:10.675,283.120,0.884,-0.427,-0.061
1668254830715,2022-11-12T14:07:10.715,283.160,0.884,-0.305,0.030
1668254830755,2022-11-12T14:07:10.755,283.200,0.854,-0.152,0.030
1668254830795,2022-11-12T14:07:10.795,283.240,0.884,-0.122,-0.061
1668254830835,2022-11-12T14:07:10.835,283.280,0.793,-0.152,-0.091
1668254830875,2022-11-12T14:07:10.875,283.320,0.732,-0.183,0.030
1668254830915,2022-11-12T14:07:10.915,283.360,0.854,-0.061,0.030
1668254830955,2022-11-12T14:07:10.955,283.400,0.884,-0.183,-0.061
1668254830995,2022-11-12T14:07:10.995,283.440,0.884,-0.183,-0.061
1668254831035,2022-11-12T14:07:11.035,283.480,0.976,-0.152,0.030
1668254831075,2022-11-12T14:07:11.075,283.520,0.671,-0.091,0.091
1668254831115,2022-11-12T14:07:11.115,283.560,0.793,-0.213,0.030
1668254831155,2022-11-12T14:07:11.155,283.600,0.793,-0.274,0.000
1668254831195,2022-11-12T14:07:11.195,283.640,0.762,-0.244,0.030
1668254831235,2022-11-12T14:07:11.235,283.680,0.884,-0.183,0.030
1668254831275,2022-11-12T14:07:11.275,283.720,0.732,-0.183,0.000
1668254831315,2022-11-12T14:07:11.315,283.760,0.976,-0.213,-0.091
1668254831355,2022-11-12T14:07:11.355,283.800,0.884,-0.152,-0.091
1668254831395,2022-11-12T14:07:11.395,283.840,0.945,-0.122,-0.122
1668254831435,2022-11-12T14:07:11.435,283.880,0.732,-0.274,0.091
1668254831475,2022-11-12T14:07:11.475,283.920,0.823,-0.396,-0.061
1668254831515,2022-11-12T14:07:11.515,283.960,0.915,-0.244,-0.152
1668254831555,2022-11-12T14:07:11.555,284.000,0.610,-0.152,0.122
1668254831595,2022-11-12T14:07:11.595,284.040,0.793,-0.244,0.061
1668254831635,2022-11-12T14:07:11.635,284.080,1.037,-0.274,-0.091
1668254831675,2022-11-12T14:07:11.675,284.120,0.793,-0.122,0.030
1668254831715,2022-11-12T14:07:11.715,284.160,0.732,-0.122,0.091
1668254831755,2022-11-12T14:07:11.755,284.200,0.762,-0.305,0.061
1668254831795,2022-11-12T14:07:11.795,284.240,0.976,-0.274,-0.213
1668254831835,2022-11-12T14:07:11.835,284.280,0.732,-0.122,0.122
1668254831875,2022-11-12T14:07:11.875,284.320,0.701,-0.213,0.183
1668254831915,2022-11-12T14:07:11.915,284.360,0.945,-0.305,-0.091
1668254831955,2022-11-12T14:07:11.955,284.400,0.915,-0.335,0.000
1668254831995,2022-11-12T14:07:11.995,284.440,0.823,-0.152,0.030
1668254832035,2022-11-12T14:07:12.035,284.480,0.945,-0.213,0.030
1668254832075,2022-11-12T14:07:12.075,284.520,0.884,-0.305,0.000
1668254832115,2022-11-12T14:07:12.115,284.560,0.762,-0.183,0.030
1668254832155,2022-11-12T14:07:12.155,284.600,0.884,-0.183,0.061
1668254832195,2022-11-12T14:07:12.195,284.640,0.945,-0.183,-0.030
1668254832235,2022-11-12T14:07:12.235,284.680,1.006,-0.183,-0.091
1668254832275,2022-11-12T14:07:12.275,284.720,0.701,-0.427,0.152
1668254832315,2022-11-12T14:07:12.315,284.760,0.701,-0.305,0.061
1668254832355,2022-11-12T14:07:12.355,284.800,0.945,-0.183,0.000
1668254832395,2022-11-12T14:07:12.395,284.840,0.884,-0.244,-0.061
1668254832435,2022-11-12T14:07:12.435,284.880,0.823,-0.213,0.030
1668254832475,2022-11-12T14:07:12.475,284.920,0.884,-0.305,0.091
1668254832515,2022-11-12T14:07:12.515,284.960,0.884,-0.244,0.000
1668254832555,2022-11-12T14:07:12.555,285.000,0.945,-0.183,-0.030
1668254832595,2022-11-12T14:07:12.595,285.040,0.854,-0.152,0.091
1668254832635,2022-11-12T14:07:12.635,285.080,0.823,-0.213,0.000
1668254832675,2022-11-12T14:07:12.675,285.120,0.823,-0.152,0.000
1668254832715,2022-11-12T14:07:12.715,285.160,0.945,-0.152,0.122
1668254832755,2022-11-12T14:07:12.755,285.200,0.884,-0.091,-0.030
1668254832795,2022-11-12T14:07:12.795,285.240,0.915,-0.183,-0.091
1668254832835,2022-11-12T14:07:12.835,285.280,0.823,-0.183,0.030
1668254832875,2022-11-12T14:07:12.875,285.320,0.701,-0.244,0.091
1668254832915,2022-11-12T14:07:12.915,285.360,0.854,-0.274,-0.030
1668254832955,2022-11-12T14:07:12.955,285.400,0.701,-0.183,-0.030
1668254832995,2022-11-12T14:07:12.995,285.440,0.732,-0.030,0.061
1668254833035,2022-11-12T14:07:13.035,285.480,1.006,0.122,-0.091
1668254833075,2022-11-12T14:07:13.075,285.520,0.884,-0.183,-0.061
1668254833115,2022-11-12T14:07:13.115,285.560,0.701,-0.366,0.030
1668254833155,2022-11-12T14:07:13.155,285.600,0.732,-0.122,-0.030
1668254833195,2022-11-12T14:07:13.195,285.640,0.732,0.000,-0.030
1668254833235,2022-11-12T14:07:13.235,285.680,0.793,-0.213,-0.030
1668254833275,2022-11-12T14:07:13.275,285.720,0.762,-0.183,0.122
1668254833315,2022-11-12T14:07:13.315,285.760,0.823,-0.091,0.061
1668254833355,2022-11-12T14:07:13.355,285.800,0.854,-0.213,-0.061
1668254833395,2022-11-12T14:07:13.395,285.840,0.762,-0.152,0.000
1668254833435,2022-11-12T14:07:13.435,285.880,0.945,0.030,-0.091
1668254833475,2022-11-12T14:07:13.475,285.920,0.823,-0.152,0.061
1668254833515,2022-11-12T14:07:13.515,285.960,0.732,-0.152,-0.061
1668254833555,2022-11-12T14:07:13.555,286.000,1.006,-0.122,-0.061
1668254833595,2022-11-12T14:07:13.595,286.040,0.915,-0.152,0.030
1668254833635,2022-11-12T14:07:13.635,286.080,0.793,-0.213,-0.030
1668254833675,2022-11-12T14:07:13.675,286.120,0.884,-0.213,0.000
1668254833715,2022-11-12T14:07:13.715,286.160,0.762,-0.183,0.000
1668254833755,2022-11-12T14:07:13.755,286.200,0.793,-0.152,-0.030
1668254833795,2022-11-12T14:07:13.795,286.240,0.884,-0.274,-0.152
1668254833835,2022-11-12T14:07:13.835,286.280,0.823,-0.274,0.000
1668254833875,2022-11-12T14:07:13.875,286.320,0.732,-0.122,0.061
1668254833915,2022-11-12T14:07:13.915,286.360,0.976,-0.122,-0.122
1668254833955,2022-11-12T14:07:13.955,286.400,0.884,-0.244,-0.061
1668254833995,2022-11-12T14:07:13.995,286.440,0.732,-0.305,0.091
1668254834035,2022-11-12T14:07:14.035,286.480,0.823,-0.213,0.000
1668254834075,2022-11-12T14:07:14.075,286.520,0.793,-0.152,0.000
1668254834115,2022-11-12T14:07:14.115,286.560,0.854,0.030,0.061
1668254834155,2022-11-12T14:07:14.155,286.600,0.854,0.030,0.244
1668254834195,2022-11-12T14:07:14.195,286.640,0.793,-0.061,0.183
1668254834235,2022-11-12T14:07:14.235,286.680,0.884,-0.244,-0.061
1668254834275,2022-11-12T14:07:14.275,286.720,0.793,-0.305,0.030
1668254834315,2022-11-12T14:07:14.315,286.760,0.884,-0.244,-0.091
1668254834355,2022-11-12T14:07:14.355,286.800,0.732,-0.213,0.030
1668254834395,2022-11-12T14:07:14.395,286.840,0.671,-0.213,0.091
1668254834435,2022-11-12T14:07:14.435,286.880,0.823,-0.274,-0.122
1668254834475,2022-11-12T14:07:14.475,286.920,0.671,-0.274,-0.030
1668254834515,2022-11-12T14:07:14.515,286.960,0.701,-0.274,-0.061
1668254834555,2022-11-12T14:07:14.555,287.000,0.793,-0.274,-0.091
1668254834595,2022-11-12T14:07:14.595,287.040,0.762,-0.213,-0.030
1668254834635,2022-11-12T14:07:14.635,287.080,0.854,-0.183,-0.030
1668254834675,2022-11-12T14:07:14.675,287.120,0.884,-0.244,0.030
1668254834715,2022-11-12T14:07:14.715,287.160,0.793,-0.152,0.030
1668254834755,2022-11-12T14:07:14.755,287.200,0.976,0.061,0.000
1668254834795,2022-11-12T14:07:14.795,287.240,0.884,0.183,0.091
1668254834835,2022-11-12T14:07:14.835,287.280,0.732,0.152,-0.030
1668254834875,2022-11-12T14:07:14.875,287.320,0.793,-0.091,0.091
1668254834915,2022-11-12T14:07:14.915,287.360,0.793,-0.427,0.061
1668254834955,2022-11-12T14:07:14.955,287.400,0.823,-0.244,-0.030
1668254834995,2022-11-12T14:07:14.995,287.440,0.732,-0.152,0.061
1668254835035,2022-11-12T14:07:15.035,287.480,0.671,-0.030,0.030
1668254835075,2022-11-12T14:07:15.075,287.520,0.762,-0.061,0.061
1668254835115,2022-11-12T14:07:15.115,287.560,0.579,0.030,0.183
1668254835155,2022-11-12T14:07:15.155,287.600,0.762,0.061,0.061
1668254835195,2022-11-12T14:07:15.195,287.640,0.762,-0.091,0.061
1668254835235,2022-11-12T14:07:15.235,287.680,0.732,-0.061,0.000
1668254835275,2022-11-12T14:07:15.275,287.720,0.854,-0.213,0.091
1668254835315,2022-11-12T14:07:15.315,287.760,0.610,-0.213,0.122
1668254835355,2022-11-12T14:07:15.355,287.800,0.823,-0.122,-0.152
1668254835395,2022-11-12T14:07:15.395,287.840,0.579,0.183,0.213
1668254835435,2022-11-12T14:07:15.435,287.880,0.122,0.427,0.335
1668254835475,2022-11-12T14:07:15.475,287.920,0.457,-0.030,0.091
1668254835515,2022-11-12T14:07:15.515,287.960,0.793,-0.305,-0.061
1668254835555,2022-11-12T14:07:15.555,288.000,0.915,-0.274,0.030
1668254835595,2022-11-12T14:07:15.595,288.040,0.945,-0.274,0.152
1668254835635,2022-11-12T14:07:15.635,288.080,0.945,-0.366,0.000
1668254835675,2022-11-12T14:07:15.675,288.120,1.037,-0.366,-0.152
1668254835715,2022-11-12T14:07:15.715,288.160,1.006,-0.305,0.030
1668254835755,2022-11-12T14:07:15.755,288.200,0.793,-0.122,0.091
1668254835795,2022-11-12T14:07:15.795,288.240,0.976,-0.183,-0.061
1668254835835,2022-11-12T14:07:15.835,288.280,0.732,-0.549,0.030
1668254835875,2022-11-12T14:07:15.875,288.320,0.854,-0.305,-0.061
1668254835915,2022-11-12T14:07:15.915,288.360,0.945,-0.091,0.030
1668254835955,2022-11-12T14:07:15.955,288.400,0.854,-0.244,0.061
1668254835995,2022-11-12T14:07:15.995,288.440,1.067,-0.457,-0.122
1668254836035,2022-11-12T14:07:16.035,288.480,0.945,-0.366,0.091
1668254836075,2022-11-12T14:07:16.075,288.520,0.884,-0.183,-0.030
1668254836115,2022-11-12T14:07:16.115,288.560,0.884,-0.213,-0.030
1668254836155,2022-11-12T14:07:16.155,288.600,0.976,-0.244,-0.061
1668254836195,2022-11-12T14:07:16.195,288.640,0.945,-0.274,-0.030
1668254836235,2022-11-12T14:07:16.235,288.680,0.793,-0.152,0.061
1668254836275,2022-11-12T14:07:16.275,288.720,0.854,-0.213,-0.030
1668254836315,2022-11-12T14:07:16.315,288.760,0.884,-0.244,-0.061
1668254836355,2022-11-12T14:07:16.355,288.800,0.915,-0.183,0.091
1668254836395,2022-11-12T14:07:16.395,288.840,1.067,-0.122,0.061
1668254836435,2022-11-12T14:07:16.435,288.880,0.854,-0.213,-0.030
1668254836475,2022-11-12T14:07:16.475,288.920,0.579,-0.213,-0.091
1668254836515,2022-11-12T14:07:16.515,288.960,0.884,-0.335,0.000
1668254836555,2022-11-12T14:07:16.555,289.000,1.006,-0.305,0.061
1668254836595,2022-11-12T14:07:16.595,289.040,1.067,-0.122,-0.122
1668254836635,2022-11-12T14:07:16.635,289.080,1.159,-0.091,-0.122
1668254836675,2022-11-12T14:07:16.675,289.120,0.701,-0.305,0.244
1668254836715,2022-11-12T14:07:16.715,289.160,0.762,-0.396,0.030
1668254836755,2022-11-12T14:07:16.755,289.200,0.945,-0.122,-0.122
1668254836795,2022-11-12T14:07:16.795,289.240,0.610,-0.061,-0.030
1668254836835,2022-11-12T14:07:16.835,289.280,0.732,-0.213,-0.061
1668254836875,2022-11-12T14:07:16.875,289.320,0.732,-0.213,0.030
1668254836915,2022-11-12T14:07:16.915,289.360,0.762,-0.061,0.030
1668254836955,2022-11-12T14:07:16.955,289.400,0.884,-0.152,-0.152
1668254836995,2022-11-12T14:07:16.995,289.440,0.549,-0.183,-0.213
1668254837035,2022-11-12T14:07:17.035,289.480,0.701,-0.183,-0.030
1668254837075,2022-11-12T14:07:17.075,289.520,0.610,-0.244,0.091
1668254837115,2022-11-12T14:07:17.115,289.560,0.732,-0.213,-0.061
1668254837155,2022-11-12T14:07:17.155,289.600,0.915,-0.213,-0.030
1668254837195,2022-11-12T14:07:17.195,289.640,0.823,-0.091,0.000
1668254837235,2022-11-12T14:07:17.235,289.680,0.915,-0.244,0.030
1668254837275,2022-11-12T14:07:17.275,289.720,0.793,-0.274,0.122
1668254837315,2022-11-12T14:07:17.315,289.760,0.976,-0.244,-0.061
1668254837355,2022-11-12T14:07:17.355,289.800,0.884,-0.152,-0.030
1668254837395,2022-11-12T14:07:17.395,289.840,0.762,0.000,0.030
1668254837435,2022-11-12T14:07:17.435,289.880,0.854,-0.122,-0.122
1668254837475,2022-11-12T14:07:17.475,289.920,0.762,-0.427,-0.030
1668254837515,2022-11-12T14:07:17.515,289.960,0.793,-0.213,-0.030
1668254837555,2022-11-12T14:07:17.555,290.000,0.793,-0.122,0.061
1668254837595,2022-11-12T14:07:17.595,290.040,0.762,-0.183,0.122
1668254837635,2022-11-12T14:07:17.635,290.080,0.945,-0.183,0.000
1668254837675,2022-11-12T14:07:17.675,290.120,0.762,-0.183,0.091
1668254837715,2022-11-12T14:07:17.715,290.160,0.762,-0.091,0.000
1668254837755,2022-11-12T14:07:17.755,290.200,0.976,-0.396,-0.091
1668254837795,2022-11-12T14:07:17.795,290.240,0.823,-0.152,0.000
1668254837835,2022-11-12T14:07:17.835,290.280,0.945,-0.122,0.000
1668254837875,2022-11-12T14:07:17.875,290.320,0.762,-0.305,0.122
1668254837915,2022-11-12T14:07:17.915,290.360,0.976,-0.274,-0.091
1668254837955,2022-11-12T14:07:17.955,290.400,1.037,-0.244,-0.122
1668254837995,2022-11-12T14:07:17.995,290.440,0.793,-0.244,0.030
1668254838035,2022-11-12T14:07:18.035,290.480,0.945,-0.305,-0.091
1668254838075,2022-11-12T14:07:18.075,290.520,0.854,-0.152,0.000
1668254838115,2022-11-12T14:07:18.115,290.560,0.762,-0.122,0.061
1668254838155,2022-11-12T14:07:18.155,290.600,1.006,-0.213,-0.122
1668254838195,2022-11-12T14:07:18.195,290.640,0.915,-0.274,0.030
1668254838235,2022-11-12T14:07:18.235,290.680,0.823,-0.366,0.091
1668254838275,2022-11-12T14:07:18.275,290.720,0.884,-0.244,-0.122
1668254838315,2022-11-12T14:07:18.315,290.760,0.854,-0.213,0.000
1668254838355,2022-11-12T14:07:18.355,290.800,0.945,-0.152,0.122
1668254838395,2022-11-12T14:07:18.395,290.840,0.915,-0.244,0.000
1668254838435,2022-11-12T14:07:18.435,290.880,0.945,-0.274,-0.091
1668254838475,2022-11-12T14:07:18.475,290.920,0.945,-0.122,0.030
1668254838515,2022-11-12T14:07:18.515,290.960,0.793,-0.244,0.030
1668254838555,2022-11-12T14:07:18.555,291.000,0.945,-0.152,-0.152
1668254838595,2022-11-12T14:07:18.595,291.040,0.762,-0.213,0.000
1668254838635,2022-11-12T14:07:18.635,291.080,0.610,-0.244,0.183
1668254838675,2022-11-12T14:07:18.675,291.120,0.884,-0.152,-0.061
1668254838715,2022-11-12T14:07:18.715,291.160,0.884,-0.244,-0.030
1668254838755,2022-11-12T14:07:18.755,291.200,0.854,-0.183,0.061
1668254838795,2022-11-12T14:07:18.795,291.240,0.915,-0.274,0.000
1668254838835,2022-11-12T14:07:18.835,291.280,0.793,-0.213,0.030
1668254838875,2022-11-12T14:07:18.875,291.320,1.006,-0.122,-0.122
1668254838915,2022-11-12T14:07:18.915,291.360,0.732,-0.305,0.152
1668254838955,2022-11-12T14:07:18.955,291.400,0.732,-0.549,0.091
1668254838995,2022-11-12T14:07:18.995,291.440,1.220,-0.213,-0.183
1668254839035,2022-11-12T14:07:19.035,291.480,0.976,-0.183,-0.122
1668254839075,2022-11-12T14:07:19.075,291.520,0.701,-0.183,0.091
1668254839115,2022-11-12T14:07:19.115,291.560,1.006,-0.305,0.030
1668254839155,2022-11-12T14:07:19.155,291.600,0.915,-0.396,0.122
1668254839195,2022-11-12T14:07:19.195,291.640,1.006,-0.122,-0.061
1668254839235,2022-11-12T14:07:19.235,291.680,0.915,-0.122,0.030
1668254839275,2022-11-12T14:07:19.275,291.720,0.945,-0.091,0.091
1668254839315,2022-11-12T14:07:19.315,291.760,0.915,-0.152,0.122
1668254839355,2022-11-12T14:07:19.355,291.800,0.762,-0.183,0.152
1668254839395,2022-11-12T14:07:19.395,291.840,0.976,-0.183,-0.030
1668254839435,2022-11-12T14:07:19.435,291.880,1.067,-0.244,0.091
1668254839475,2022-11-12T14:07:19.475,291.920,0.823,-0.305,0.152
1668254839515,2022-11-12T14:07:19.515,291.960,1.006,-0.305,-0.152
1668254839555,2022-11-12T14:07:19.555,292.000,1.067,-0.366,-0.183
1668254839595,2022-11-12T14:07:19.595,292.040,0.579,0.000,0.122
1668254839635,2022-11-12T14:07:19.635,292.080,0.793,0.030,0.000
1668254839675,2022-11-12T14:07:19.675,292.120,0.823,-0.427,0.061
1668254839715,2022-11-12T14:07:19.715,292.160,0.915,-0.427,0.030
1668254839755,2022-11-12T14:07:19.755,292.200,0.976,-0.244,-0.030
1668254839795,2022-11-12T14:07:19.795,292.240,0.884,-0.213,0.122
1668254839835,2022-11-12T14:07:19.835,292.280,0.976,-0.366,-0.061
1668254839875,2022-11-12T14:07:19.875,292.320,0.915,-0.305,0.000
1668254839915,2022-11-12T14:07:19.915,292.360,0.884,-0.061,0.061
1668254839955,2022-11-12T14:07:19.955,292.400,0.976,-0.244,0.091
1668254839995,2022-11-12T14:07:19.995,292.440,0.915,-0.396,-0.091
1668254840035,2022-11-12T14:07:20.035,292.480,0.976,-0.244,0.000
1668254840075,2022-11-12T14:07:20.075,292.520,0.671,-0.091,0.244
1668254840115,2022-11-12T14:07:20.115,292.560,0.732,-0.274,-0.030
1668254840155,2022-11-12T14:07:20.155,292.600,1.006,-0.244,-0.091
1668254840195,2022-11-12T14:07:20.195,292.640,0.854,-0.061,0.061
1668254840235,2022-11-12T14:07:20.235,292.680,0.823,-0.213,0.000
1668254840275,2022-11-12T14:07:20.275,292.720,0.884,-0.274,-0.061
1668254840315,2022-11-12T14:07:20.315,292.760,0.793,0.030,-0.091
1668254840355,2022-11-12T14:07:20.355,292.800,0.823,-0.061,0.030
1668254840395,2022-11-12T14:07:20.395,292.840,0.640,-0.366,0.091
1668254840435,2022-11-12T14:07:20.435,292.880,0.793,-0.274,-0.091
1668254840475,2022-11-12T14:07:20.475,292.920,0.732,0.030,0.061
1668254840515,2022-11-12T14:07:20.515,292.960,0.732,-0.030,0.091
1668254840555,2022-11-12T14:07:20.555,293.000,0.854,-0.305,-0.030
1668254840595,2022-11-12T14:07:20.595,293.040,0.762,-0.091,0.091
1668254840635,2022-11-12T14:07:20.635,293.080,0.793,-0.030,0.061
1668254840675,2022-11-12T14:07:20.675,293.120,0.854,-0.244,-0.030
1668254840715,2022-11-12T14:07:20.715,293.160,0.915,-0.091,-0.091
1668254840755,2022-11-12T14:07:20.755,293.200,0.793,-0.122,0.000
1668254840795,2022-11-12T14:07:20.795,293.240,0.762,-0.183,0.091
1668254840835,2022-11-12T14:07:20.835,293.280,0.823,-0.183,-0.091
1668254840875,2022-11-12T14:07:20.875,293.320,0.823,-0.152,0.000
1668254840915,2022-11-12T14:07:20.915,293.360,0.854,-0.061,0.000
1668254840955,2022-11-12T14:07:20.955,293.400,0.854,-0.183,0.030
1668254840995,2022-11-12T14:07:20.995,293.440,0.854,-0.183,0.000
1668254841035,2022-11-12T14:07:21.035,293.480,0.793,-0.091,-0.030
1668254841075,2022-11-12T14:07:21.075,293.520,0.762,-0.152,0.061
1668254841115,2022-11-12T14:07:21.115,293.560,0.762,-0.366,0.030
1668254841155,2022-11-12T14:07:21.155,293.600,0.854,-0.183,-0.091
1668254841195,2022-11-12T14:07:21.195,293.640,0.884,-0.152,-0.030
1668254841235,2022-11-12T14:07:21.235,293.680,0.762,-0.122,0.030
1668254841275,2022-11-12T14:07:21.275,293.720,0.945,-0.213,-0.030
1668254841315,2022-11-12T14:07:21.315,293.760,0.701,-0.183,0.030
1668254841355,2022-11-12T14:07:21.355,293.800,0.884,-0.061,0.000
1668254841395,2022-11-12T14:07:21.395,293.840,0.945,-0.213,-0.030
1668254841435,2022-11-12T14:07:21.435,293.880,0.732,-0.213,-0.061
1668254841475,2022-11-12T14:07:21.475,293.920,1.006,-0.122,-0.061
1668254841515,2022-11-12T14:07:21.515,293.960,0.610,-0.091,0.244
1668254841555,2022-11-12T14:07:21.555,294.000,0.823,-0.213,-0.030
1668254841595,2022-11-12T14:07:21.595,294.040,0.884,-0.183,-0.152
1668254841635,2022-11-12T14:07:21.635,294.080,0.671,-0.122,0.122
1668254841675,2022-11-12T14:07:21.675,294.120,0.854,-0.183,0.091
1668254841715,2022-11-12T14:07:21.715,294.160,0.854,-0.183,-0.152
1668254841755,2022-11-12T14:07:21.755,294.200,0.793,-0.183,0.030
1668254841795,2022-11-12T14:07:21.795,294.240,0.701,-0.152,0.061
1668254841835,2022-11-12T14:07:21.835,294.280,0.915,-0.213,-0.030
1668254841875,2022-11-12T14:07:21.875,294.320,0.976,-0.091,-0.061
1668254841915,2022-11-12T14:07:21.915,294.360,0.823,-0.061,0.030
1668254841955,2022-11-12T14:07:21.955,294.400,0.915,-0.427,-0.030
1668254841995,2022-11-12T14:07:21.995,294.440,0.884,-0.335,-0.122
1668254842035,2022-11-12T14:07:22.035,294.480,0.823,-0.122,0.061
1668254842075,2022-11-12T14:07:22.075,294.520,0.793,-0.091,0.000
1668254842115,2022-11-12T14:07:22.115,294.560,0.976,-0.244,-0.030
1668254842155,2022-11-12T14:07:22.155,294.600,0.793,-0.274,0.091
1668254842195,2022-11-12T14:07:22.195,294.640,0.823,-0.061,-0.030
1668254842235,2022-11-12T14:07:22.235,294.680,0.793,-0.244,-0.030
1668254842275,2022-11-12T14:07:22.275,294.720,0.732,-0.213,0.061
1668254842315,2022-11-12T14:07:22.315,294.760,1.006,-0.122,-0.030
1668254842355,2022-11-12T14:07:22.355,294.800,0.732,-0.274,0.030
1668254842395,2022-11-12T14:07:22.395,294.840,0.793,-0.183,0.000
1668254842435,2022-11-12T14:07:22.435,294.880,0.945,-0.213,0.000
1668254842475,2022-11-12T14:07:22.475,294.920,0.854,-0.183,0.000
1668254842515,2022-11-12T14:07:22.515,294.960,0.854,-0.122,-0.030
1668254842555,2022-11-12T14:07:22.555,295.000,0.823,-0.122,0.061
1668254842595,2022-11-12T14:07:22.595,295.040,0.823,-0.244,-0.030
1668254842635,2022-11-12T14:07:22.635,295.080,0.854,-0.244,-0.030
1668254842675,2022-11-12T14:07:22.675,295.120,0.823,-0.061,0.030
1668254842715,2022-11-12T14:07:22.715,295.160,0.823,-0.183,0.030
1668254842755,2022-11-12T14:07:22.755,295.200,0.823,-0.274,-0.030
1668254842795,2022-11-12T14:07:22.795,295.240,0.884,-0.274,0.000
1668254842835,2022-11-12T14:07:22.835,295.280,0.823,-0.183,0.030
1668254842875,2022-11-12T14:07:22.875,295.320,0.823,-0.122,-0.091
1668254842915,2022-11-12T14:07:22.915,295.360,0.976,-0.244,0.091
1668254842955,2022-11-12T14:07:22.955,295.400,0.762,-0.488,0.152
1668254842995,2022-11-12T14:07:22.995,295.440,0.884,-0.396,-0.061
1668254843035,2022-11-12T14:07:23.035,295.480,0.884,-0.244,0.061
1668254843075,2022-11-12T14:07:23.075,295.520,0.793,-0.091,0.122
1668254843115,2022-11-12T14:07:23.115,295.560,1.037,-0.335,-0.122
1668254843155,2022-11-12T14:07:23.155,295.600,0.732,-0.335,0.030
1668254843195,2022-11-12T14:07:23.195,295.640,1.006,-0.030,0.091
1668254843235,2022-11-12T14:07:23.235,295.680,0.884,-0.183,0.030
1668254843275,2022-11-12T14:07:23.275,295.720,0.884,-0.274,0.030
1668254843315,2022-11-12T14:07:23.315,295.760,0.945,-0.183,0.000
1668254843355,2022-11-12T14:07:23.355,295.800,0.610,-0.152,0.122
1668254843395,2022-11-12T14:07:23.395,295.840,0.793,-0.122,-0.030
1668254843435,2022-11-12T14:07:23.435,295.880,0.976,-0.213,-0.091
1668254843475,2022-11-12T14:07:23.475,295.920,0.854,-0.213,0.030
1668254843515,2022-11-12T14:07:23.515,295.960,0.884,-0.122,0.061
1668254843555,2022-11-12T14:07:23.555,296.000,0.823,-0.244,0.000
1668254843595,2022-11-12T14:07:23.595,296.040,0.823,-0.335,0.000
1668254843635,2022-11-12T14:07:23.635,296.080,0.854,-0.152,0.091
1668254843675,2022-11-12T14:07:23.675,296.120,0.854,-0.152,0.000
1668254843715,2022-11-12T14:07:23.715,296.160,0.854,-0.305,-0.030
1668254843755,2022-11-12T14:07:23.755,296.200,0.915,-0.213,0.000
1668254843795,2022-11-12T14:07:23.795,296.240,0.915,-0.122,0.091
1668254843835,2022-11-12T14:07:23.835,296.280,0.915,-0.122,-0.061
1668254843875,2022-11-12T14:07:23.875,296.320,0.945,-0.183,-0.091
1668254843915,2022-11-12T14:07:23.915,296.360,0.793,-0.396,0.091
1668254843955,2022-11-12T14:07:23.955,296.400,0.823,-0.274,-0.030
1668254843995,2022-11-12T14:07:23.995,296.440,0.823,-0.183,0.000
1668254844035,2022-11-12T14:07:24.035,296.480,0.915,-0.244,0.061
1668254844075,2022-11-12T14:07:24.075,296.520,0.915,-0.213,0.030
1668254844115,2022-11-12T14:07:24.115,296.560,0.701,-0.244,0.091
1668254844155,2022-11-12T14:07:24.155,296.600,0.945,0.000,-0.122
1668254844195,2022-11-12T14:07:24.195,296.640,0.976,-0.122,-0.061
1668254844235,2022-11-12T14:07:24.235,296.680,0.762,-0.152,-0.061
1668254844275,2022-11-12T14:07:24.275,296.720,0.793,-0.061,-0.030
1668254844315,2022-11-12T14:07:24.315,296.760,0.701,-0.091,0.183
1668254844355,2022-11-12T14:07:24.355,296.800,0.701,-0.091,-0.030
1668254844395,2022-11-12T14:07:24.395,296.840,0.854,-0.244,-0.122
1668254844435,2022-11-12T14:07:24.435,296.880,0.762,-0.061,0.152
1668254844475,2022-11-12T14:07:24.475,296.920,0.884,-0.061,-0.030
1668254844515,2022-11-12T14:07:24.515,296.960,0.854,-0.213,-0.091
1668254844555,2022-11-12T14:07:24.555,297.000,0.854,-0.122,0.000
1668254844595,2022-11-12T14:07:24.595,297.040,0.793,-0.122,0.030
1668254844635,2022-11-12T14:07:24.635,297.080,0.854,-0.213,-0.061
1668254844675,2022-11-12T14:07:24.675,297.120,0.762,-0.061,0.000
1668254844715,2022-11-12T14:07:24.715,297.160,0.793,0.030,-0.030
1668254844755,2022-11-12T14:07:24.755,297.200,0.823,-0.244,0.030
1668254844795,2022-11-12T14:07:24.795,297.240,0.762,-0.366,0.030
1668254844835,2022-11-12T14:07:24.835,297.280,0.823,-0.122,0.000
1668254844875,2022-11-12T14:07:24.875,297.320,0.701,-0.030,0.030
1668254844915,2022-11-12T14:07:24.915,297.360,0.823,-0.183,-0.122
1668254844955,2022-11-12T14:07:24.955,297.400,0.884,-0.244,0.091
1668254844995,2022-11-12T14:07:24.995,297.440,0.762,-0.122,0.122
1668254845035,2022-11-12T14:07:25.035,297.480,0.945,-0.183,-0.152
1668254845075,2022-11-12T14:07:25.075,297.520,0.793,-0.122,0.061
1668254845115,2022-11-12T14:07:25.115,297.560,0.915,-0.122,0.000
1668254845155,2022-11-12T14:07:25.155,297.600,0.823,-0.152,0.000
1668254845195,2022-11-12T14:07:25.195,297.640,0.732,-0.183,0.122
1668254845235,2022-11-12T14:07:25.235,297.680,0.854,-0.152,0.061
1668254845275,2022-11-12T14:07:25.275,297.720,0.823,-0.213,-0.030
1668254845315,2022-11-12T14:07:25.315,297.760,0.884,-0.183,0.000
1668254845355,2022-11-12T14:07:25.355,297.800,0.793,-0.122,0.000
1668254845395,2022-11-12T14:07:25.395,297.840,0.793,-0.213,0.061
1668254845435,2022-11-12T14:07:25.435,297.880,0.854,-0.152,0.061
1668254845475,2022-11-12T14:07:25.475,297.920,0.762,-0.183,0.061
1668254845515,2022-11-12T14:07:25.515,297.960,0.884,-0.183,-0.030
1668254845555,2022-11-12T14:07:25.555,298.000,0.884,-0.122,-0.030
1668254845595,2022-11-12T14:07:25.595,298.040,0.915,-0.061,0.000
1668254845635,2022-11-12T14:07:25.635,298.080,0.823,-0.335,0.061
1668254845675,2022-11-12T14:07:25.675,298.120,0.793,-0.366,-0.030
1668254845715,2022-11-12T14:07:25.715,298.160,0.854,-0.152,0.000
1668254845755,2022-11-12T14:07:25.755,298.200,0.823,-0.122,0.030
1668254845795,2022-11-12T14:07:25.795,298.240,0.945,-0.213,-0.061
1668254845835,2022-11-12T14:07:25.835,298.280,0.854,-0.213,0.122
1668254845875,2022-11-12T14:07:25.875,298.320,0.762,-0.152,0.030
1668254845915,2022-11-12T14:07:25.915,298.360,0.884,-0.244,-0.091
1668254845955,2022-11-12T14:07:25.955,298.400,0.793,-0.213,0.030
1668254845995,2022-11-12T14:07:25.995,298.440,0.915,-0.213,-0.061
1668254846035,2022-11-12T14:07:26.035,298.480,0.762,-0.274,0.061
1668254846075,2022-11-12T14:07:26.075,298.520,0.732,-0.244,0.152
1668254846115,2022-11-12T14:07:26.115,298.560,0.915,-0.244,-0.061
1668254846155,2022-11-12T14:07:26.155,298.600,0.793,-0.213,-0.061
1668254846195,2022-11-12T14:07:26.195,298.640,0.762,-0.213,0.122
1668254846235,2022-11-12T14:07:26.235,298.680,0.762,-0.244,0.030
1668254846275,2022-11-12T14:07:26.275,298.720,0.884,-0.244,-0.061
1668254846315,2022-11-12T14:07:26.315,298.760,0.793,-0.152,0.091
1668254846355,2022-11-12T14:07:26.355,298.800,0.793,-0.274,0.030
1668254846395,2022-11-12T14:07:26.395,298.840,1.006,-0.274,-0.152
1668254846435,2022-11-12T14:07:26.435,298.880,0.915,-0.152,0.000
1668254846475,2022-11-12T14:07:26.475,298.920,0.915,0.000,-0.061
1668254846515,2022-11-12T14:07:26.515,298.960,0.793,-0.244,0.061
1668254846555,2022-11-12T14:07:26.555,299.000,0.823,-0.488,0.000
1668254846595,2022-11-12T14:07:26.595,299.040,1.037,-0.244,-0.091
1668254846635,2022-11-12T14:07:26.635,299.080,0.762,-0.122,0.152
1668254846675,2022-11-12T14:07:26.675,299.120,0.915,-0.183,-0.061
1668254846715,2022-11-12T14:07:26.715,299.160,0.854,-0.305,-0.030
1668254846755,2022-11-12T14:07:26.755,299.200,0.671,-0.213,0.152
1668254846795,2022-11-12T14:07:26.795,299.240,0.884,-0.122,-0.091
1668254846835,2022-11-12T14:07:26.835,299.280,0.854,-0.305,-0.030
1668254846875,2022-11-12T14:07:26.875,299.320,0.945,-0.213,-0.030
1668254846915,2022-11-12T14:07:26.915,299.360,0.823,-0.213,0.061
1668254846955,2022-11-12T14:07:26.955,299.400,0.793,-0.244,0.091
1668254846995,2022-11-12T14:07:26.995,299.440,0.945,-0.244,-0.061
1668254847035,2022-11-12T14:07:27.035,299.480,0.854,-0.305,-0.030
1668254847075,2022-11-12T14:07:27.075,299.520,0.854,-0.183,-0.091
1668254847115,2022-11-12T14:07:27.115,299.560,0.884,-0.213,0.030
1668254847155,2022-11-12T14:07:27.155,299.600,0.915,-0.213,0.030
1668254847195,2022-11-12T14:07:27.195,299.640,0.976,-0.244,-0.030
1668254847235,2022-11-12T14:07:27.235,299.680,0.854,-0.305,0.091
1668254847275,2022-11-12T14:07:27.275,299.720,0.915,-0.305,0.061
1668254847315,2022-11-12T14:07:27.315,299.760,0.884,-0.122,-0.061
1668254847355,2022-11-12T14:07:27.355,299.800,0.915,-0.061,-0.061
1668254847395,2022-11-12T14:07:27.395,299.840,0.823,-0.335,0.061
1668254847435,2022-11-12T14:07:27.435,299.880,0.854,-0.457,0.030
1668254847475,2022-11-12T14:07:27.475,299.920,0.854,-0.183,-0.030
1668254847515,2022-11-12T14:07:27.515,299.960,0.823,-0.061,0.091
1668254847555,2022-11-12T14:07:27.555,300.000,0.884,-0.244,0.000
1668254847595,2022-11-12T14:07:27.595,300.040,0.823,-0.274,0.000
1668254847635,2022-11-12T14:07:27.635,300.080,0.884,-0.122,0.061
1668254847675,2022-11-12T14:07:27.675,300.120,0.976,-0.183,0.000
1668254847715,2022-11-12T14:07:27.715,300.160,0.884,-0.274,-0.030
1668254847755,2022-11-12T14:07:27.755,300.200,0.915,-0.122,0.000
1668254847795,2022-11-12T14:07:27.795,300.240,0.793,-0.183,0.091
1668254847835,2022-11-12T14:07:27.835,300.280,0.671,-0.061,0.030
1668254847875,2022-11-12T14:07:27.875,300.320,0.884,-0.091,-0.030
1668254847915,2022-11-12T14:07:27.915,300.360,0.884,-0.152,-0.030
1668254847955,2022-11-12T14:07:27.955,300.400,0.915,-0.213,-0.061
1668254847995,2022-11-12T14:07:27.995,300.440,0.854,-0.122,-0.030
1668254848035,2022-11-12T14:07:28.035,300.480,0.793,-0.091,0.030
1668254848075,2022-11-12T14:07:28.075,300.520,0.793,-0.122,0.000
1668254848115,2022-11-12T14:07:28.115,300.560,0.915,-0.030,-0.122
1668254848155,2022-11-12T14:07:28.155,300.600,0.915,-0.030,-0.030
1668254848195,2022-11-12T14:07:28.195,300.640,0.701,-0.366,0.091
1668254848235,2022-11-12T14:07:28.235,300.680,0.793,-0.366,-0.091
1668254848275,2022-11-12T14:07:28.275,300.720,0.915,-0.091,0.030
1668254848315,2022-11-12T14:07:28.315,300.760,0.854,-0.030,0.122
1668254848355,2022-11-12T14:07:28.355,300.800,0.823,-0.274,-0.091
1668254848395,2022-11-12T14:07:28.395,300.840,0.762,-0.213,0.030
1668254848435,2022-11-12T14:07:28.435,300.880,0.884,-0.030,0.061
1668254848475,2022-11-12T14:07:28.475,300.920,0.793,-0.122,0.000
1668254848515,2022-11-12T14:07:28.515,300.960,0.884,-0.122,-0.061
1668254848555,2022-11-12T14:07:28.555,301.000,0.915,-0.091,0.000
1668254848595,2022-11-12T14:07:28.595,301.040,0.701,-0.183,0.152
1668254848635,2022-11-12T14:07:28.635,301.080,0.945,-0.183,-0.122
1668254848675,2022-11-12T14:07:28.675,301.120,0.823,-0.213,-0.061
1668254848715,2022-11-12T14:07:28.715,301.160,0.976,-0.122,0.122
1668254848755,2022-11-12T14:07:28.755,301.200,0.976,-0.122,-0.091
1668254848795,2022-11-12T14:07:28.795,301.240,0.732,-0.274,0.000
1668254848835,2022-11-12T14:07:28.835,301.280,0.884,-0.183,0.030
1668254848875,2022-11-12T14:07:28.875,301.320,0.884,0.000,-0.091
1668254848915,2022-11-12T14:07:28.915,301.360,0.884,-0.091,-0.061
1668254848955,2022-11-12T14:07:28.955,301.400,0.884,-0.457,0.030
1668254848995,2022-11-12T14:07:28.995,301.440,0.823,-0.274,-0.061
1668254849035,2022-11-12T14:07:29.035,301.480,0.945,-0.061,-0.061
1668254849075,2022-11-12T14:07:29.075,301.520,0.854,-0.183,0.091
1668254849115,2022-11-12T14:07:29.115,301.560,0.793,-0.183,0.030
1668254849155,2022-11-12T14:07:29.155,301.600,0.762,-0.213,0.030
1668254849195,2022-11-12T14:07:29.195,301.640,0.884,-0.091,-0.122
1668254849235,2022-11-12T14:07:29.235,301.680,0.884,-0.183,0.000
1668254849275,2022-11-12T14:07:29.275,301.720,0.762,-0.183,0.061
1668254849315,2022-11-12T14:07:29.315,301.760,0.915,-0.213,-0.091
1668254849355,2022-11-12T14:07:29.355,301.800,0.732,-0.152,0.091
1668254849395,2022-11-12T14:07:29.395,301.840,0.793,-0.091,0.061
1668254849435,2022-11-12T14:07:29.435,301.880,0.915,-0.183,-0.061
1668254849475,2022-11-12T14:07:29.475,301.920,0.793,-0.122,0.000
1668254849515,2022-11-12T14:07:29.515,301.960,0.793,-0.183,0.030
1668254849555,2022-11-12T14:07:29.555,302.000,0.823,-0.213,0.000
1668254849595,2022-11-12T14:07:29.595,302.040,0.884,-0.152,-0.030
1668254849635,2022-11-12T14:07:29.635,302.080,0.854,-0.183,-0.030
1668254849675,2022-11-12T14:07:29.675,302.120,0.884,-0.030,-0.030
1668254849715,2022-11-12T14:07:29.715,302.160,0.884,-0.213,0.122
1668254849755,2022-11-12T14:07:29.755,302.200,0.854,-0.305,0.061
1668254849795,2022-11-12T14:07:29.795,302.240,0.915,-0.244,-0.183
1668254849835,2022-11-12T14:07:29.835,302.280,0.915,-0.122,0.061
1668254849875,2022-11-12T14:07:29.875,302.320,0.884,-0.213,0.030
1668254849915,2022-11-12T14:07:29.915,302.360,0.854,-0.305,0.061
1668254849955,2022-11-12T14:07:29.955,302.400,0.884,-0.183,0.030
1668254849995,2022-11-12T14:07:29.995,302.440,0.884,-0.122,-0.030
1668254850035,2022-11-12T14:07:30.035,302.480,0.823,-0.091,0.030
1668254850075,2022-11-12T14:07:30.075,302.520,0.945,-0.122,-0.061
1668254850115,2022-11-12T14:07:30.115,302.560,0.762,-0.213,0.061
1668254850155,2022-11-12T14:07:30.155,302.600,0.793,-0.213,0.122
1668254850195,2022-11-12T14:07:30.195,302.640,0.915,-0.244,-0.061
1668254850235,2022-11-12T14:07:30.235,302.680,0.854,-0.213,-0.030
1668254850275,2022-11-12T14:07:30.275,302.720,0.945,-0.152,0.030
1668254850315,2022-11-12T14:07:30.315,302.760,0.701,-0.152,0.030
1668254850355,2022-11-12T14:07:30.355,302.800,0.915,-0.274,-0.030
1668254850395,2022-11-12T14:07:30.395,302.840,0.823,-0.122,-0.061
1668254850435,2022-11-12T14:07:30.435,302.880,0.762,-0.091,0.000
1668254850475,2022-11-12T14:07:30.475,302.920,0.945,-0.152,-0.061
1668254850515,2022-11-12T14:07:30.515,302.960,0.762,-0.396,0.030
1668254850555,2022-11-12T14:07:30.555,303.000,0.884,-0.366,-0.030
1668254850595,2022-11-12T14:07:30.595,303.040,0.884,-0.213,-0.030
1668254850635,2022-11-12T14:07:30.635,303.080,0.701,-0.183,0.091
1668254850675,2022-11-12T14:07:30.675,303.120,0.945,-0.213,-0.030
1668254850715,2022-11-12T14:07:30.715,303.160,0.823,-0.244,0.122
1668254850755,2022-11-12T14:07:30.755,303.200,0.884,-0.152,-0.030
1668254850795,2022-11-12T14:07:30.795,303.240,0.823,-0.213,0.000
1668254850835,2022-11-12T14:07:30.835,303.280,1.037,-0.183,-0.061
1668254850875,2022-11-12T14:07:30.875,303.320,1.006,-0.244,-0.091
1668254850915,2022-11-12T14:07:30.915,303.360,0.579,-0.213,0.091
1668254850955,2022-11-12T14:07:30.955,303.400,0.915,-0.183,-0.030
1668254850995,2022-11-12T14:07:30.995,303.440,1.006,-0.305,-0.030
1668254851035,2022-11-12T14:07:31.035,303.480,0.915,-0.213,0.030
1668254851075,2022-11-12T14:07:31.075,303.520,0.884,-0.213,0.000
1668254851115,2022-11-12T14:07:31.115,303.560,0.884,-0.335,0.061
1668254851155,2022-11-12T14:07:31.155,303.600,0.976,-0.305,0.030
1668254851195,2022-11-12T14:07:31.195,303.640,0.854,-0.213,-0.091
1668254851235,2022-11-12T14:07:31.235,303.680,0.854,-0.274,0.000
1668254851275,2022-11-12T14:07:31.275,303.720,0.976,-0.122,-0.061
1668254851315,2022-11-12T14:07:31.315,303.760,0.915,-0.152,-0.061
1668254851355,2022-11-12T14:07:31.355,303.800,0.793,-0.396,0.122
1668254851395,2022-11-12T14:07:31.395,303.840,0.915,-0.396,-0.152
1668254851435,2022-11-12T14:07:31.435,303.880,0.915,-0.213,0.030
1668254851475,2022-11-12T14:07:31.475,303.920,0.945,-0.274,0.000
1668254851515,2022-11-12T14:07:31.515,303.960,0.854,-0.396,-0.061
1668254851555,2022-11-12T14:07:31.555,304.000,0.823,-0.183,0.091
1668254851595,2022-11-12T14:07:31.595,304.040,0.854,0.000,0.030
1668254851635,2022-11-12T14:07:31.635,304.080,0.793,-0.183,-0.030
1668254851675,2022-11-12T14:07:31.675,304.120,1.006,-0.335,-0.061
1668254851715,2022-11-12T14:07:31.715,304.160,0.823,-0.244,0.091
1668254851755,2022-11-12T14:07:31.755,304.200,0.732,-0.183,0.122
1668254851795,2022-11-12T14:07:31.795,304.240,0.915,-0.274,-0.061
1668254851835,2022-11-12T14:07:31.835,304.280,0.823,-0.183,0.000
1668254851875,2022-11-12T14:07:31.875,304.320,0.884,-0.091,-0.061
1668254851915,2022-11-12T14:07:31.915,304.360,0.732,-0.152,0.000
1668254851955,2022-11-12T14:07:31.955,304.400,0.915,-0.183,0.000
1668254851995,2022-11-12T14:07:31.995,304.440,0.823,-0.213,-0.061
1668254852035,2022-11-12T14:07:32.035,304.480,0.640,-0.152,0.030
1668254852075,2022-11-12T14:07:32.075,304.520,0.823,0.000,-0.152
1668254852115,2022-11-12T14:07:32.115,304.560,0.823,-0.030,-0.030
1668254852155,2022-11-12T14:07:32.155,304.600,0.732,-0.305,0.061
1668254852195,2022-11-12T14:07:32.195,304.640,0.854,-0.183,-0.091
1668254852235,2022-11-12T14:07:32.235,304.680,0.793,-0.030,0.000
1668254852275,2022-11-12T14:07:32.275,304.720,0.732,-0.091,0.000
1668254852315,2022-11-12T14:07:32.315,304.760,0.884,-0.213,0.000
1668254852355,2022-11-12T14:07:32.355,304.800,0.762,-0.183,0.061
1668254852395,2022-11-12T14:07:32.395,304.840,0.762,-0.061,0.000
1668254852435,2022-11-12T14:07:32.435,304.880,0.854,-0.274,0.030
1668254852475,2022-11-12T14:07:32.475,304.920,0.823,-0.091,-0.061
1668254852515,2022-11-12T14:07:32.515,304.960,0.915,-0.091,-0.030
1668254852555,2022-11-12T14:07:32.555,305.000,0.732,-0.183,0.091
1668254852595,2022-11-12T14:07:32.595,305.040,0.793,-0.244,0.000
1668254852635,2022-11-12T14:07:32.635,305.080,0.915,-0.183,0.000
1668254852675,2022-11-12T14:07:32.675,305.120,0.915,-0.183,0.030
1668254852715,2022-11-12T14:07:32.715,305.160,0.884,-0.305,0.000
1668254852755,2022-11-12T14:07:32.755,305.200,0.854,-0.244,0.061
1668254852795,2022-11-12T14:07:32.795,305.240,0.823,-0.183,0.000
1668254852835,2022-11-12T14:07:32.835,305.280,0.884,-0.183,-0.030
1668254852875,2022-11-12T14:07:32.875,305.320,0.884,-0.061,-0.030
1668254852915,2022-11-12T14:07:32.915,305.360,0.854,-0.183,0.091
1668254852955,2022-11-12T14:07:32.955,305.400,0.884,-0.366,-0.030
1668254852995,2022-11-12T14:07:32.995,305.440,0.793,-0.274,-0.030
1668254853035,2022-11-12T14:07:33.035,305.480,0.762,-0.122,0.030
1668254853075,2022-11-12T14:07:33.075,305.520,0.945,-0.122,0.000
1668254853115,2022-11-12T14:07:33.115,305.560,0.762,-0.213,0.030
1668254853155,2022-11-12T14:07:33.155,305.600,0.762,-0.274,0.091
1668254853195,2022-11-12T14:07:33.195,305.640,0.915,-0.030,-0.061
1668254853235,2022-11-12T14:07:33.235,305.680,0.732,-0.213,0.030
1668254853275,2022-11-12T14:07:33.275,305.720,0.884,-0.244,-0.030
1668254853315,2022-11-12T14:07:33.315,305.760,0.945,-0.152,-0.091
1668254853355,2022-11-12T14:07:33.355,305.800,0.762,-0.213,0.122
1668254853395,2022-11-12T14:07:33.395,305.840,0.945,-0.152,-0.030
1668254853435,2022-11-12T14:07:33.435,305.880,0.762,-0.091,-0.091
1668254853475,2022-11-12T14:07:33.475,305.920,0.915,-0.183,0.122
1668254853515,2022-11-12T14:07:33.515,305.960,0.915,-0.183,0.030
1668254853555,2022-11-12T14:07:33.555,306.000,0.732,-0.183,-0.030
1668254853595,2022-11-12T14:07:33.595,306.040,0.915,-0.122,0.030
1668254853635,2022-11-12T14:07:33.635,306.080,0.945,-0.183,0.000
1668254853675,2022-11-12T14:07:33.675,306.120,0.823,-0.213,-0.061
1668254853715,2022-11-12T14:07:33.715,306.160,0.854,-0.152,-0.183
1668254853755,2022-11-12T14:07:33.755,306.200,0.793,-0.274,-0.030
1668254853795,2022-11-12T14:07:33.795,306.240,0.762,-0.366,-0.061
1668254853835,2022-11-12T14:07:33.835,306.280,1.006,-0.213,-0.091
1668254853875,2022-11-12T14:07:33.875,306.320,0.610,-0.091,0.122
1668254853915,2022-11-12T14:07:33.915,306.360,0.915,-0.244,-0.030
1668254853955,2022-11-12T14:07:33.955,306.400,0.945,-0.366,0.030
1668254853995,2022-11-12T14:07:33.995,306.440,0.793,-0.152,-0.030
1668254854035,2022-11-12T14:07:34.035,306.480,0.854,-0.091,-0.122
1668254854075,2022-11-12T14:07:34.075,306.520,0.732,-0.274,0.061
1668254854115,2022-11-12T14:07:34.115,306.560,0.793,-0.061,-0.091
1668254854155,2022-11-12T14:07:34.155,306.600,0.915,-0.213,0.000
1668254854195,2022-11-12T14:07:34.195,306.640,0.579,-0.213,0.152
1668254854235,2022-11-12T14:07:34.235,306.680,1.067,-0.244,-0.091
1668254854275,2022-11-12T14:07:34.275,306.720,0.884,-0.122,-0.030
1668254854315,2022-11-12T14:07:34.315,306.760,0.732,-0.183,0.061
1668254854355,2022-11-12T14:07:34.355,306.800,0.976,-0.213,-0.030
1668254854395,2022-11-12T14:07:34.395,306.840,1.189,-0.305,-0.030
1668254854435,2022-11-12T14:07:34.435,306.880,1.067,-0.335,0.030
1668254854475,2022-11-12T14:07:34.475,306.920,0.793,-0.274,0.152
1668254854515,2022-11-12T14:07:34.515,306.960,0.854,-0.091,-0.091
1668254854555,2022-11-12T14:07:34.555,307.000,0.884,-0.274,-0.030
1668254854595,2022-11-12T14:07:34.595,307.040,0.640,-0.457,0.152
1668254854635,2022-11-12T14:07:34.635,307.080,0.884,-0.518,-0.061
1668254854675,2022-11-12T14:07:34.675,307.120,0.762,-0.122,-0.030
1668254854715,2022-11-12T14:07:34.715,307.160,0.732,0.091,-0.030
1668254854755,2022-11-12T14:07:34.755,307.200,1.037,-0.091,-0.122
1668254854795,2022-11-12T14:07:34.795,307.240,0.793,-0.183,0.061
1668254854835,2022-11-12T14:07:34.835,307.280,0.854,-0.122,-0.061
1668254854875,2022-11-12T14:07:34.875,307.320,0.823,-0.183,-0.030
1668254854915,2022-11-12T14:07:34.915,307.360,0.976,-0.213,-0.091
1668254854955,2022-11-12T14:07:34.955,307.400,0.823,-0.152,0.030
1668254854995,2022-11-12T14:07:34.995,307.440,0.793,-0.213,0.091
1668254855035,2022-11-12T14:07:35.035,307.480,1.098,-0.335,-0.061
1668254855075,2022-11-12T14:07:35.075,307.520,1.189,-0.396,0.030
1668254855115,2022-11-12T14:07:35.115,307.560,1.402,-0.335,0.030
1668254855155,2022-11-12T14:07:35.155,307.600,1.280,-0.457,0.030
1668254855195,2022-11-12T14:07:35.195,307.640,1.098,-0.427,0.000
1668254855235,2022-11-12T14:07:35.235,307.680,0.854,-0.244,0.000
1668254855275,2022-11-12T14:07:35.275,307.720,0.793,-0.183,0.000
1668254855315,2022-11-12T14:07:35.315,307.760,0.732,-0.244,0.000
1668254855355,2022-11-12T14:07:35.355,307.800,0.732,-0.488,0.061
1668254855395,2022-11-12T14:07:35.395,307.840,0.915,-0.305,0.000
1668254855435,2022-11-12T14:07:35.435,307.880,0.915,-0.122,0.030
1668254855475,2022-11-12T14:07:35.475,307.920,0.701,-0.183,0.030
1668254855515,2022-11-12T14:07:35.515,307.960,0.762,-0.366,0.091
1668254855555,2022-11-12T14:07:35.555,308.000,0.945,-0.122,-0.030
1668254855595,2022-11-12T14:07:35.595,308.040,0.793,-0.152,0.061
1668254855635,2022-11-12T14:07:35.635,308.080,0.793,-0.183,0.030
1668254855675,2022-11-12T14:07:35.675,308.120,0.915,-0.152,0.030
1668254855715,2022-11-12T14:07:35.715,308.160,0.793,-0.274,0.091
1668254855755,2022-11-12T14:07:35.755,308.200,0.701,-0.122,0.091
1668254855795,2022-11-12T14:07:35.795,308.240,0.854,-0.122,-0.030
1668254855835,2022-11-12T14:07:35.835,308.280,0.823,-0.183,-0.061
1668254855875,2022-11-12T14:07:35.875,308.320,0.976,-0.122,-0.122
1668254855915,2022-11-12T14:07:35.915,308.360,0.976,0.000,-0.122
1668254855955,2022-11-12T14:07:35.955,308.400,0.976,0.061,-0.030
1668254855995,2022-11-12T14:07:35.995,308.440,0.884,-0.030,-0.030
1668254856035,2022-11-12T14:07:36.035,308.480,0.854,-0.244,-0.030
1668254856075,2022-11-12T14:07:36.075,308.520,0.793,-0.427,0.091
1668254856115,2022-11-12T14:07:36.115,308.560,0.732,-0.213,0.213
1668254856155,2022-11-12T14:07:36.155,308.600,0.579,-0.213,0.305
1668254856195,2022-11-12T14:07:36.195,308.640,0.305,-0.427,0.366
1668254856235,2022-11-12T14:07:36.235,308.680,0.640,-0.152,0.244
1668254856275,2022-11-12T14:07:36.275,308.720,0.671,0.030,0.152
1668254856315,2022-11-12T14:07:36.315,308.760,0.884,-0.183,-0.030
1668254856355,2022-11-12T14:07:36.355,308.800,1.098,-0.244,-0.152
1668254856395,2022-11-12T14:07:36.395,308.840,0.793,-0.183,0.061
1668254856435,2022-11-12T14:07:36.435,308.880,0.793,-0.122,0.061
1668254856475,2022-11-12T14:07:36.475,308.920,0.915,-0.152,0.030
1668254856515,2022-11-12T14:07:36.515,308.960,0.915,-0.152,0.122
1668254856555,2022-11-12T14:07:36.555,309.000,0.854,-0.274,0.061
1668254856595,2022-11-12T14:07:36.595,309.040,0.518,-0.335,0.244
1668254856635,2022-11-12T14:07:36.635,309.080,0.762,-0.122,0.030
1668254856675,2022-11-12T14:07:36.675,309.120,0.976,-0.030,-0.244
1668254856715,2022-11-12T14:07:36.715,309.160,0.884,-0.457,0.061
1668254856755,2022-11-12T14:07:36.755,309.200,0.884,-0.457,0.000
1668254856795,2022-11-12T14:07:36.795,309.240,0.732,-0.335,0.030
1668254856835,2022-11-12T14:07:36.835,309.280,0.854,-0.335,0.122
1668254856875,2022-11-12T14:07:36.875,309.320,0.945,-0.335,0.091
1668254856915,2022-11-12T14:07:36.915,309.360,0.884,-0.305,0.152
1668254856955,2022-11-12T14:07:36.955,309.400,0.793,-0.152,0.030
1668254856995,2022-11-12T14:07:36.995,309.440,0.884,-0.366,-0.152
1668254857035,2022-11-12T14:07:37.035,309.480,0.701,-0.427,-0.091
1668254857075,2022-11-12T14:07:37.075,309.520,0.640,-0.152,0.030
1668254857115,2022-11-12T14:07:37.115,309.560,0.701,-0.152,0.061
1668254857155,2022-11-12T14:07:37.155,309.600,0.854,-0.244,-0.061
1668254857195,2022-11-12T14:07:37.195,309.640,1.067,-0.152,-0.061
1668254857235,2022-11-12T14:07:37.235,309.680,0.823,0.061,0.030
1668254857275,2022-11-12T14:07:37.275,309.720,0.762,-0.091,0.061
1668254857315,2022-11-12T14:07:37.315,309.760,0.701,-0.152,0.030
1668254857355,2022-11-12T14:07:37.355,309.800,0.518,-0.152,-0.091
1668254857395,2022-11-12T14:07:37.395,309.840,0.152,-0.213,-0.061
1668254857435,2022-11-12T14:07:37.435,309.880,0.579,-0.457,-0.030
1668254857475,2022-11-12T14:07:37.475,309.920,0.671,-0.274,-0.061
1668254857515,2022-11-12T14:07:37.515,309.960,0.701,-0.213,0.030
1668254857555,2022-11-12T14:07:37.555,310.000,0.732,-0.213,0.000
1668254857595,2022-11-12T14:07:37.595,310.040,0.945,-0.091,-0.152
1668254857635,2022-11-12T14:07:37.635,310.080,0.762,-0.183,-0.030
1668254857675,2022-11-12T14:07:37.675,310.120,0.671,0.061,0.030
1668254857715,2022-11-12T14:07:37.715,310.160,0.884,0.000,0.030
1668254857755,2022-11-12T14:07:37.755,310.200,0.701,-0.213,-0.061
1668254857795,2022-11-12T14:07:37.795,310.240,0.854,-0.305,-0.061
1668254857835,2022-11-12T14:07:37.835,310.280,0.762,-0.244,0.030
1668254857875,2022-11-12T14:07:37.875,310.320,0.640,-0.213,0.030
1668254857915,2022-11-12T14:07:37.915,310.360,1.006,-0.244,-0.030
1668254857955,2022-11-12T14:07:37.955,310.400,1.098,-0.305,0.061
1668254857995,2022-11-12T14:07:37.995,310.440,0.945,-0.244,-0.061
1668254858035,2022-11-12T14:07:38.035,310.480,0.915,-0.213,-0.061
1668254858075,2022-11-12T14:07:38.075,310.520,0.854,-0.213,0.030
1668254858115,2022-11-12T14:07:38.115,310.560,0.854,-0.183,-0.030
1668254858155,2022-11-12T14:07:38.155,310.600,0.945,-0.244,-0.091
1668254858195,2022-11-12T14:07:38.195,310.640,0.671,-0.579,0.274
1668254858235,2022-11-12T14:07:38.235,310.680,0.884,-0.549,0.213
1668254858275,2022-11-12T14:07:38.275,310.720,1.159,-0.579,0.030
1668254858315,2022-11-12T14:07:38.315,310.760,1.128,-0.640,-0.305
1668254858355,2022-11-12T14:07:38.355,310.800,0.884,-0.396,-0.213
1668254858395,2022-11-12T14:07:38.395,310.840,0.762,-0.244,0.213
1668254858435,2022-11-12T14:07:38.435,310.880,1.037,-0.122,-0.091
1668254858475,2022-11-12T14:07:38.475,310.920,1.006,-0.335,-0.091
1668254858515,2022-11-12T14:07:38.515,310.960,1.159,-0.427,0.000
1668254858555,2022-11-12T14:07:38.555,311.000,1.037,-0.366,-0.091
1668254858595,2022-11-12T14:07:38.595,311.040,1.006,-0.549,0.030
1668254858635,2022-11-12T14:07:38.635,311.080,1.189,-0.579,0.091
1668254858675,2022-11-12T14:07:38.675,311.120,1.128,-0.610,0.000
1668254858715,2022-11-12T14:07:38.715,311.160,1.067,-0.366,-0.152
1668254858755,2022-11-12T14:07:38.755,311.200,1.159,-0.213,-0.152
1668254858795,2022-11-12T14:07:38.795,311.240,0.823,-0.152,0.061
1668254858835,2022-11-12T14:07:38.835,311.280,0.976,-0.122,0.030
1668254858875,2022-11-12T14:07:38.875,311.320,1.006,-0.091,0.061
1668254858915,2022-11-12T14:07:38.915,311.360,0.823,-0.274,0.274
1668254858955,2022-11-12T14:07:38.955,311.400,1.128,-0.549,0.152
1668254858995,2022-11-12T14:07:38.995,311.440,1.006,-0.549,-0.091
1668254859035,2022-11-12T14:07:39.035,311.480,0.549,-0.061,0.030
1668254859075,2022-11-12T14:07:39.075,311.520,0.732,0.183,0.061
1668254859115,2022-11-12T14:07:39.115,311.560,0.915,-0.244,-0.122
1668254859155,2022-11-12T14:07:39.155,311.600,0.823,-0.366,-0.061
1668254859195,2022-11-12T14:07:39.195,311.640,1.006,-0.030,0.000
1668254859235,2022-11-12T14:07:39.235,311.680,0.915,-0.244,0.061
1668254859275,2022-11-12T14:07:39.275,311.720,1.006,-0.396,-0.091
1668254859315,2022-11-12T14:07:39.315,311.760,0.945,-0.305,-0.061
1668254859355,2022-11-12T14:07:39.355,311.800,0.732,-0.335,0.000
1668254859395,2022-11-12T14:07:39.395,311.840,0.671,-0.274,-0.152
1668254859435,2022-11-12T14:07:39.435,311.880,0.671,0.122,-0.030
1668254859475,2022-11-12T14:07:39.475,311.920,0.793,0.030,0.061
1668254859515,2022-11-12T14:07:39.515,311.960,0.976,-0.183,-0.091
1668254859555,2022-11-12T14:07:39.555,312.000,0.732,0.091,0.030
1668254859595,2022-11-12T14:07:39.595,312.040,0.671,0.213,-0.122
1668254859635,2022-11-12T14:07:39.635,312.080,0.549,0.030,0.000
1668254859675,2022-11-12T14:07:39.675,312.120,0.732,-0.366,0.122
1668254859715,2022-11-12T14:07:39.715,312.160,0.884,-0.213,-0.061
1668254859755,2022-11-12T14:07:39.755,312.200,0.762,0.061,0.000
1668254859795,2022-11-12T14:07:39.795,312.240,0.793,-0.183,0.000
1668254859835,2022-11-12T14:07:39.835,312.280,0.793,-0.183,0.000
1668254859875,2022-11-12T14:07:39.875,312.320,0.915,0.000,0.030
1668254859915,2022-11-12T14:07:39.915,312.360,0.884,-0.030,-0.061
1668254859955,2022-11-12T14:07:39.955,312.400,0.915,-0.213,0.030
1668254859995,2022-11-12T14:07:39.995,312.440,0.854,-0.061,0.000
1668254860035,2022-11-12T14:07:40.035,312.480,0.793,-0.183,0.061
1668254860075,2022-11-12T14:07:40.075,312.520,0.793,-0.274,0.152
1668254860115,2022-11-12T14:07:40.115,312.560,0.945,-0.213,-0.091
1668254860155,2022-11-12T14:07:40.155,312.600,0.976,-0.274,-0.091
1668254860195,2022-11-12T14:07:40.195,312.640,0.884,-0.122,0.030
1668254860235,2022-11-12T14:07:40.235,312.680,0.823,-0.213,0.000
1668254860275,2022-11-12T14:07:40.275,312.720,0.823,-0.366,-0.030
1668254860315,2022-11-12T14:07:40.315,312.760,0.701,-0.061,0.000
1668254860355,2022-11-12T14:07:40.355,312.800,0.945,-0.061,-0.030
1668254860395,2022-11-12T14:07:40.395,312.840,0.854,-0.152,-0.152
1668254860435,2022-11-12T14:07:40.435,312.880,0.762,-0.335,0.030
1668254860475,2022-11-12T14:07:40.475,312.920,0.793,-0.244,0.030
1668254860515,2022-11-12T14:07:40.515,312.960,0.884,-0.213,-0.030
1668254860555,2022-11-12T14:07:40.555,313.000,0.854,-0.213,-0.091
1668254860595,2022-11-12T14:07:40.595,313.040,0.823,-0.213,0.061
1668254860635,2022-11-12T14:07:40.635,313.080,0.701,-0.274,0.122
1668254860675,2022-11-12T14:07:40.675,313.120,0.976,-0.152,-0.061
1668254860715,2022-11-12T14:07:40.715,313.160,0.976,-0.183,-0.091
1668254860755,2022-11-12T14:07:40.755,313.200,0.762,-0.152,0.061
1668254860795,2022-11-12T14:07:40.795,313.240,0.793,0.030,-0.030
1668254860835,2022-11-12T14:07:40.835,313.280,0.610,-0.061,0.183
1668254860875,2022-11-12T14:07:40.875,313.320,0.610,-0.122,0.091
1668254860915,2022-11-12T14:07:40.915,313.360,0.854,-0.183,-0.061
1668254860955,2022-11-12T14:07:40.955,313.400,0.854,-0.091,0.183
1668254860995,2022-11-12T14:07:40.995,313.440,0.793,-0.030,0.061
1668254861035,2022-11-12T14:07:41.035,313.480,0.976,-0.183,-0.122
1668254861075,2022-11-12T14:07:41.075,313.520,0.793,-0.122,-0.030
1668254861115,2022-11-12T14:07:41.115,313.560,0.793,-0.183,0.061
1668254861155,2022-11-12T14:07:41.155,313.600,0.793,-0.091,0.000
1668254861195,2022-11-12T14:07:41.195,313.640,0.854,0.000,-0.091
1668254861235,2022-11-12T14:07:41.235,313.680,0.884,-0.305,0.061
1668254861275,2022-11-12T14:07:41.275,313.720,0.762,-0.335,0.061
1668254861315,2022-11-12T14:07:41.315,313.760,0.884,-0.122,-0.091
1668254861355,2022-11-12T14:07:41.355,313.800,0.732,-0.183,0.061
1668254861395,2022-11-12T14:07:41.395,313.840,0.823,-0.091,0.030
1668254861435,2022-11-12T14:07:41.435,313.880,0.823,-0.213,-0.030
1668254861475,2022-11-12T14:07:41.475,313.920,0.732,-0.152,0.061
1668254861515,2022-11-12T14:07:41.515,313.960,1.006,-0.152,-0.122
1668254861555,2022-11-12T14:07:41.555,314.000,0.976,-0.305,0.061
1668254861595,2022-11-12T14:07:41.595,314.040,0.854,-0.244,0.030
1668254861635,2022-11-12T14:07:41.635,314.080,0.854,-0.274,0.030
1668254861675,2022-11-12T14:07:41.675,314.120,0.823,-0.183,0.122
1668254861715,2022-11-12T14:07:41.715,314.160,0.884,-0.091,-0.061
1668254861755,2022-11-12T14:07:41.755,314.200,0.884,-0.305,-0.030
1668254861795,2022-11-12T14:07:41.795,314.240,0.854,-0.183,0.000
1668254861835,2022-11-12T14:07:41.835,314.280,0.823,0.030,0.030
1668254861875,2022-11-12T14:07:41.875,314.320,0.976,0.000,-0.030
1668254861915,2022-11-12T14:07:41.915,314.360,0.884,-0.183,-0.061
1668254861955,2022-11-12T14:07:41.955,314.400,0.793,-0.274,0.000
1668254861995,2022-11-12T14:07:41.995,314.440,0.915,-0.274,0.061
1668254862035,2022-11-12T14:07:42.035,314.480,0.793,-0.152,0.030
1668254862075,2022-11-12T14:07:42.075,314.520,0.976,-0.152,-0.122
1668254862115,2022-11-12T14:07:42.115,314.560,0.823,-0.183,0.122
1668254862155,2022-11-12T14:07:42.155,314.600,0.793,-0.427,0.030
1668254862195,2022-11-12T14:07:42.195,314.640,0.884,-0.335,-0.061
1668254862235,2022-11-12T14:07:42.235,314.680,0.823,-0.061,0.061
1668254862275,2022-11-12T14:07:42.275,314.720,0.884,-0.183,0.030
1668254862315,2022-11-12T14:07:42.315,314.760,0.915,-0.305,-0.030
1668254862355,2022-11-12T14:07:42.355,314.800,0.732,-0.183,0.030
1668254862395,2022-11-12T14:07:42.395,314.840,0.854,-0.152,0.000
1668254862435,2022-11-12T14:07:42.435,314.880,0.884,-0.335,0.000
1668254862475,2022-11-12T14:07:42.475,314.920,0.945,-0.305,-0.030
1668254862515,2022-11-12T14:07:42.515,314.960,0.823,-0.213,-0.030
1668254862555,2022-11-12T14:07:42.555,315.000,0.671,-0.183,0.091
1668254862595,2022-11-12T14:07:42.595,315.040,0.945,-0.305,-0.061
1668254862635,2022-11-12T14:07:42.635,315.080,1.006,-0.274,0.000
1668254862675,2022-11-12T14:07:42.675,315.120,0.915,-0.183,0.091
1668254862715,2022-11-12T14:07:42.715,315.160,0.915,-0.274,0.000
1668254862755,2022-11-12T14:07:42.755,315.200,0.854,-0.305,0.000
1668254862795,2022-11-12T14:07:42.795,315.240,0.762,-0.274,0.061
1668254862835,2022-11-12T14:07:42.835,315.280,0.732,-0.213,0.091
1668254862875,2022-11-12T14:07:42.875,315.320,0.732,-0.030,0.030
1668254862915,2022-11-12T14:07:42.915,315.360,0.915,-0.183,0.061
1668254862955,2022-11-12T14:07:42.955,315.400,0.549,-0.274,0.213
1668254862995,2022-11-12T14:07:42.995,315.440,0.701,-0.183,-0.030
1668254863035,2022-11-12T14:07:43.035,315.480,1.006,-0.061,-0.030
1668254863075,2022-11-12T14:07:43.075,315.520,0.701,0.091,0.030
1668254863115,2022-11-12T14:07:43.115,315.560,0.884,-0.183,-0.122
1668254863155,2022-11-12T14:07:43.155,315.600,0.854,-0.213,0.030
1668254863195,2022-11-12T14:07:43.195,315.640,0.976,-0.091,0.000
1668254863235,2022-11-12T14:07:43.235,315.680,0.884,-0.091,-0.091
1668254863275,2022-11-12T14:07:43.275,315.720,0.823,-0.122,-0.091
1668254863315,2022-11-12T14:07:43.315,315.760,0.793,-0.091,0.000
1668254863355,2022-11-12T14:07:43.355,315.800,0.671,-0.091,0.122
1668254863395,2022-11-12T14:07:43.395,315.840,0.915,-0.213,-0.061
1668254863435,2022-11-12T14:07:43.435,315.880,0.884,-0.152,-0.122
1668254863475,2022-11-12T14:07:43.475,315.920,0.823,-0.061,0.030
1668254863515,2022-11-12T14:07:43.515,315.960,0.945,-0.183,-0.030
1668254863555,2022-11-12T14:07:43.555,316.000,0.732,-0.213,-0.030
1668254863595,2022-11-12T14:07:43.595,316.040,0.762,-0.183,0.061
1668254863635,2022-11-12T14:07:43.635,316.080,0.884,0.000,0.000
1668254863675,2022-11-12T14:07:43.675,316.120,0.793,-0.183,0.030
1668254863715,2022-11-12T14:07:43.715,316.160,0.945,-0.335,-0.091
1668254863755,2022-11-12T14:07:43.755,316.200,0.762,-0.122,0.030
1668254863795,2022-11-12T14:07:43.795,316.240,0.732,-0.091,0.091
1668254863835,2022-11-12T14:07:43.835,316.280,0.823,-0.152,-0.091
1668254863875,2022-11-12T14:07:43.875,316.320,0.823,-0.244,0.030
1668254863915,2022-11-12T14:07:43.915,316.360,0.762,-0.091,0.061
1668254863955,2022-11-12T14:07:43.955,316.400,0.915,-0.183,-0.030
1668254863995,2022-11-12T14:07:43.995,316.440,0.823,-0.213,0.030
1668254864035,2022-11-12T14:07:44.035,316.480,0.823,-0.091,-0.061
1668254864075,2022-11-12T14:07:44.075,316.520,0.823,-0.152,-0.030
1668254864115,2022-11-12T14:07:44.115,316.560,0.762,-0.274,0.030
1668254864155,2022-11-12T14:07:44.155,316.600,0.823,-0.244,-0.061
1668254864195,2022-11-12T14:07:44.195,316.640,0.854,-0.183,0.030
1668254864235,2022-11-12T14:07:44.235,316.680,0.915,-0.152,0.061
1668254864275,2022-11-12T14:07:44.275,316.720,0.854,-0.091,-0.030
1668254864315,2022-11-12T14:07:44.315,316.760,0.762,-0.274,0.000
1668254864355,2022-11-12T14:07:44.355,316.800,0.884,0.000,-0.091
1668254864395,2022-11-12T14:07:44.395,316.840,0.884,-0.091,0.091
1668254864435,2022-11-12T14:07:44.435,316.880,0.732,-0.488,0.061
1668254864475,2022-11-12T14:07:44.475,316.920,0.884,-0.305,-0.091
1668254864515,2022-11-12T14:07:44.515,316.960,0.732,-0.091,0.061
1668254864555,2022-11-12T14:07:44.555,317.000,0.732,-0.213,-0.030
1668254864595,2022-11-12T14:07:44.595,317.040,0.884,-0.244,-0.030
1668254864635,2022-11-12T14:07:44.635,317.080,0.854,-0.274,0.061
1668254864675,2022-11-12T14:07:44.675,317.120,0.823,-0.091,0.000
1668254864715,2022-11-12T14:07:44.715,317.160,0.915,-0.152,-0.061
1668254864755,2022-11-12T14:07:44.755,317.200,0.854,-0.183,0.000
1668254864795,2022-11-12T14:07:44.795,317.240,0.854,-0.183,0.030
1668254864835,2022-11-12T14:07:44.835,317.280,0.732,-0.183,0.091
1668254864875,2022-11-12T14:07:44.875,317.320,0.823,-0.244,0.000
1668254864915,2022-11-12T14:07:44.915,317.360,0.854,-0.183,-0.030
1668254864955,2022-11-12T14:07:44.955,317.400,0.854,-0.274,0.061
1668254864995,2022-11-12T14:07:44.995,317.440,0.854,-0.274,0.000
1668254865035,2022-11-12T14:07:45.035,317.480,0.884,-0.183,0.000
1668254865075,2022-11-12T14:07:45.075,317.520,0.884,-0.122,0.000
1668254865115,2022-11-12T14:07:45.115,317.560,0.793,-0.213,0.091
1668254865155,2022-11-12T14:07:45.155,317.600,0.823,-0.396,-0.030
1668254865195,2022-11-12T14:07:45.195,317.640,0.915,-0.305,-0.091
1668254865235,2022-11-12T14:07:45.235,317.680,0.823,-0.213,0.061
1668254865275,2022-11-12T14:07:45.275,317.720,0.823,-0.213,0.061
1668254865315,2022-11-12T14:07:45.315,317.760,1.006,-0.396,0.030
1668254865355,2022-11-12T14:07:45.355,317.800,0.884,-0.213,0.061
1668254865395,2022-11-12T14:07:45.395,317.840,0.945,-0.122,0.000
1668254865435,2022-11-12T14:07:45.435,317.880,1.006,-0.183,-0.030
1668254865475,2022-11-12T14:07:45.475,317.920,0.945,-0.122,-0.030
1668254865515,2022-11-12T14:07:45.515,317.960,0.854,-0.274,0.030
1668254865555,2022-11-12T14:07:45.555,318.000,0.854,-0.213,0.030
1668254865595,2022-11-12T14:07:45.595,318.040,0.884,-0.152,-0.030
1668254865635,2022-11-12T14:07:45.635,318.080,0.823,-0.305,0.061
1668254865675,2022-11-12T14:07:45.675,318.120,0.976,-0.183,-0.030
1668254865715,2022-11-12T14:07:45.715,318.160,0.945,-0.244,-0.030
1668254865755,2022-11-12T14:07:45.755,318.200,0.762,-0.244,-0.030
1668254865795,2022-11-12T14:07:45.795,318.240,0.945,-0.152,-0.061
1668254865835,2022-11-12T14:07:45.835,318.280,0.854,-0.305,0.183
1668254865875,2022-11-12T14:07:45.875,318.320,0.854,-0.396,0.030
1668254865915,2022-11-12T14:07:45.915,318.360,0.823,-0.244,-0.061
1668254865955,2022-11-12T14:07:45.955,318.400,0.823,-0.091,0.122
1668254865995,2022-11-12T14:07:45.995,318.440,0.915,-0.213,0.000
1668254866035,2022-11-12T14:07:46.035,318.480,0.854,-0.244,0.030
1668254866075,2022-11-12T14:07:46.075,318.520,0.884,-0.061,-0.030
1668254866115,2022-11-12T14:07:46.115,318.560,0.793,-0.244,0.091
1668254866155,2022-11-12T14:07:46.155,318.600,0.854,-0.274,-0.030
1668254866195,2022-11-12T14:07:46.195,318.640,0.976,-0.183,-0.091
1668254866235,2022-11-12T14:07:46.235,318.680,0.762,-0.152,0.183
1668254866275,2022-11-12T14:07:46.275,318.720,0.915,-0.213,0.000
1668254866315,2022-11-12T14:07:46.315,318.760,0.823,-0.183,-0.061
1668254866355,2022-11-12T14:07:46.355,318.800,0.823,-0.152,0.030
1668254866395,2022-11-12T14:07:46.395,318.840,0.884,-0.152,0.000
1668254866435,2022-11-12T14:07:46.435,318.880,0.915,-0.244,-0.091
1668254866475,2022-11-12T14:07:46.475,318.920,0.823,0.000,0.000
1668254866515,2022-11-12T14:07:46.515,318.960,0.884,0.061,0.091
1668254866555,2022-11-12T14:07:46.555,319.000,0.732,-0.366,0.030
1668254866595,2022-11-12T14:07:46.595,319.040,0.823,-0.366,-0.061
1668254866635,2022-11-12T14:07:46.635,319.080,0.884,-0.061,0.030
1668254866675,2022-11-12T14:07:46.675,319.120,0.701,-0.122,0.030
1668254866715,2022-11-12T14:07:46.715,319.160,0.884,-0.183,-0.122
1668254866755,2022-11-12T14:07:46.755,319.200,0.732,-0.122,0.061
1668254866795,2022-11-12T14:07:46.795,319.240,0.884,-0.061,0.000
1668254866835,2022-11-12T14:07:46.835,319.280,0.915,-0.244,-0.030
1668254866875,2022-11-12T14:07:46.875,319.320,0.823,-0.183,-0.030
1668254866915,2022-11-12T14:07:46.915,319.360,0.976,-0.152,0.000
1668254866955,2022-11-12T14:07:46.955,319.400,0.732,-0.183,0.152
1668254866995,2022-11-12T14:07:46.995,319.440,0.823,-0.183,0.000
1668254867035,2022-11-12T14:07:47.035,319.480,0.854,-0.183,-0.061
1668254867075,2022-11-12T14:07:47.075,319.520,0.610,-0.244,0.183
1668254867115,2022-11-12T14:07:47.115,319.560,0.732,-0.213,0.061
1668254867155,2022-11-12T14:07:47.155,319.600,1.037,0.030,-0.091
1668254867195,2022-11-12T14:07:47.195,319.640,1.006,0.000,-0.061
1668254867235,2022-11-12T14:07:47.235,319.680,0.854,-0.091,0.061
1668254867275,2022-11-12T14:07:47.275,319.720,0.823,-0.457,0.061
1668254867315,2022-11-12T14:07:47.315,319.760,0.610,-0.396,-0.030
1668254867355,2022-11-12T14:07:47.355,319.800,0.488,-0.091,0.152
1668254867395,2022-11-12T14:07:47.395,319.840,0.610,0.000,0.152
1668254867435,2022-11-12T14:07:47.435,319.880,0.762,-0.152,-0.122
1668254867475,2022-11-12T14:07:47.475,319.920,0.915,-0.244,0.000
1668254867515,2022-11-12T14:07:47.515,319.960,0.945,-0.122,0.061
1668254867555,2022-11-12T14:07:47.555,320.000,0.945,-0.152,-0.061
1668254867595,2022-11-12T14:07:47.595,320.040,0.884,-0.152,-0.122
1668254867635,2022-11-12T14:07:47.635,320.080,0.854,-0.122,-0.030
1668254867675,2022-11-12T14:07:47.675,320.120,0.762,-0.122,0.152
1668254867715,2022-11-12T14:07:47.715,320.160,0.732,-0.183,0.000
1668254867755,2022-11-12T14:07:47.755,320.200,0.793,-0.183,-0.091
1668254867795,2022-11-12T14:07:47.795,320.240,0.945,-0.030,-0.061
1668254867835,2022-11-12T14:07:47.835,320.280,0.884,-0.122,-0.030
1668254867875,2022-11-12T14:07:47.875,320.320,0.640,-0.396,0.061
1668254867915,2022-11-12T14:07:47.915,320.360,0.854,-0.305,0.061
1668254867955,2022-11-12T14:07:47.955,320.400,0.823,-0.091,0.030
1668254867995,2022-11-12T14:07:47.995,320.440,0.945,0.061,-0.030
1668254868035,2022-11-12T14:07:48.035,320.480,0.884,-0.213,0.061
1668254868075,2022-11-12T14:07:48.075,320.520,0.732,-0.366,0.000
1668254868115,2022-11-12T14:07:48.115,320.560,0.915,-0.244,-0.061
1668254868155,2022-11-12T14:07:48.155,320.600,0.884,-0.061,0.061
1668254868195,2022-11-12T14:07:48.195,320.640,0.793,-0.091,-0.061
1668254868235,2022-11-12T14:07:48.235,320.680,0.823,-0.244,-0.030
1668254868275,2022-11-12T14:07:48.275,320.720,0.732,0.000,0.091
1668254868315,2022-11-12T14:07:48.315,320.760,0.915,-0.030,0.000
1668254868355,2022-11-12T14:07:48.355,320.800,0.793,-0.335,-0.030
1668254868395,2022-11-12T14:07:48.395,320.840,0.854,-0.152,-0.091
1668254868435,2022-11-12T14:07:48.435,320.880,0.762,-0.091,0.091
1668254868475,2022-11-12T14:07:48.475,320.920,0.518,-0.396,0.152
1668254868515,2022-11-12T14:07:48.515,320.960,0.854,-0.396,-0.030
1668254868555,2022-11-12T14:07:48.555,321.000,0.762,-0.030,0.030
1668254868595,2022-11-12T14:07:48.595,321.040,0.823,-0.061,-0.091
1668254868635,2022-11-12T14:07:48.635,321.080,0.854,-0.335,-0.030
1668254868675,2022-11-12T14:07:48.675,321.120,0.579,-0.396,0.030
1668254868715,2022-11-12T14:07:48.715,321.160,0.732,-0.213,0.000
1668254868755,2022-11-12T14:07:48.755,321.200,0.793,-0.274,0.091
1668254868795,2022-11-12T14:07:48.795,321.240,0.518,-0.244,0.030
1668254868835,2022-11-12T14:07:48.835,321.280,0.610,-0.427,0.122
1668254868875,2022-11-12T14:07:48.875,321.320,0.549,-0.579,0.122
1668254868915,2022-11-12T14:07:48.915,321.360,0.610,-0.274,0.030
1668254868955,2022-11-12T14:07:48.955,321.400,0.701,-0.152,0.000
1668254868995,2022-11-12T14:07:48.995,321.440,0.671,-0.183,0.030
1668254869035,2022-11-12T14:07:49.035,321.480,0.701,-0.244,0.122
1668254869075,2022-11-12T14:07:49.075,321.520,0.793,-0.305,0.061
1668254869115,2022-11-12T14:07:49.115,321.560,0.884,-0.396,0.000
1668254869155,2022-11-12T14:07:49.155,321.600,0.793,-0.305,0.030
1668254869195,2022-11-12T14:07:49.195,321.640,0.976,-0.305,-0.152
1668254869235,2022-11-12T14:07:49.235,321.680,0.976,-0.305,-0.061
1668254869275,2022-11-12T14:07:49.275,321.720,0.793,-0.305,0.122
1668254869315,2022-11-12T14:07:49.315,321.760,0.823,-0.335,0.000
1668254869355,2022-11-12T14:07:49.355,321.800,0.884,-0.366,-0.061
1668254869395,2022-11-12T14:07:49.395,321.840,0.793,-0.366,0.122
1668254869435,2022-11-12T14:07:49.435,321.880,1.006,-0.335,-0.061
1668254869475,2022-11-12T14:07:49.475,321.920,0.976,-0.396,-0.061
1668254869515,2022-11-12T14:07:49.515,321.960,0.854,-0.244,-0.030
1668254869555,2022-11-12T14:07:49.555,322.000,0.945,-0.152,0.061
1668254869595,2022-11-12T14:07:49.595,322.040,0.854,-0.427,0.000
1668254869635,2022-11-12T14:07:49.635,322.080,0.854,-0.213,-0.061
1668254869675,2022-11-12T14:07:49.675,322.120,1.220,0.030,-0.091
1668254869715,2022-11-12T14:07:49.715,322.160,0.976,-0.091,0.000
1668254869755,2022-11-12T14:07:49.755,322.200,0.854,-0.366,0.000
1668254869795,2022-11-12T14:07:49.795,322.240,0.854,-0.427,0.030
1668254869835,2022-11-12T14:07:49.835,322.280,0.915,-0.152,0.061
1668254869875,2022-11-12T14:07:49.875,322.320,0.854,-0.244,0.000
1668254869915,2022-11-12T14:07:49.915,322.360,0.854,-0.244,-0.030
1668254869955,2022-11-12T14:07:49.955,322.400,0.823,-0.244,0.000
1668254869995,2022-11-12T14:07:49.995,322.440,0.854,-0.183,0.091
1668254870035,2022-11-12T14:07:50.035,322.480,0.793,-0.152,0.030
1668254870075,2022-11-12T14:07:50.075,322.520,0.854,-0.122,-0.030
1668254870115,2022-11-12T14:07:50.115,322.560,0.762,-0.213,-0.122
1668254870155,2022-11-12T14:07:50.155,322.600,0.701,-0.518,-0.122
1668254870195,2022-11-12T14:07:50.195,322.640,0.762,-0.305,-0.244
1668254870235,2022-11-12T14:07:50.235,322.680,0.793,-0.091,-0.244
1668254870275,2022-11-12T14:07:50.275,322.720,0.671,-0.183,0.091
1668254870315,2022-11-12T14:07:50.315,322.760,0.732,-0.366,-0.061
1668254870355,2022-11-12T14:07:50.355,322.800,0.945,-0.274,-0.213
1668254870395,2022-11-12T14:07:50.395,322.840,0.671,-0.030,0.030
1668254870435,2022-11-12T14:07:50.435,322.880,0.640,-0.061,0.000
1668254870475,2022-11-12T14:07:50.475,322.920,0.854,-0.213,-0.122
1668254870515,2022-11-12T14:07:50.515,322.960,0.640,-0.091,0.061
1668254870555,2022-11-12T14:07:50.555,323.000,0.823,-0.183,0.000
1668254870595,2022-11-12T14:07:50.595,323.040,0.854,-0.213,-0.061
1668254870635,2022-11-12T14:07:50.635,323.080,0.762,-0.183,-0.122
1668254870675,2022-11-12T14:07:50.675,323.120,0.762,-0.335,0.030
1668254870715,2022-11-12T14:07:50.715,323.160,0.671,-0.274,0.091
1668254870755,2022-11-12T14:07:50.755,323.200,0.732,-0.396,-0.091
1668254870795,2022-11-12T14:07:50.795,323.240,0.823,-0.396,-0.152
1668254870835,2022-11-12T14:07:50.835,323.280,0.823,-0.183,-0.152
1668254870875,2022-11-12T14:07:50.875,323.320,0.762,-0.244,-0.183
1668254870915,2022-11-12T14:07:50.915,323.360,0.762,-0.213,-0.091
1668254870955,2022-11-12T14:07:50.955,323.400,0.671,-0.061,0.030
1668254870995,2022-11-12T14:07:50.995,323.440,0.213,-0.488,0.122
1668254871035,2022-11-12T14:07:51.035,323.480,0.518,-0.549,-0.152
1668254871075,2022-11-12T14:07:51.075,323.520,0.854,-0.122,-0.122
1668254871115,2022-11-12T14:07:51.115,323.560,0.640,-0.091,0.030
1668254871155,2022-11-12T14:07:51.155,323.600,0.823,-0.427,-0.030
1668254871195,2022-11-12T14:07:51.195,323.640,0.274,-0.854,0.305
1668254871235,2022-11-12T14:07:51.235,323.680,0.091,-0.366,0.305
1668254871275,2022-11-12T14:07:51.275,323.720,0.610,-0.152,-0.183
1668254871315,2022-11-12T14:07:51.315,323.760,0.488,-0.427,-0.274
1668254871355,2022-11-12T14:07:51.355,323.800,0.579,-0.366,-0.183
1668254871395,2022-11-12T14:07:51.395,323.840,0.366,-0.183,0.030
1668254871435,2022-11-12T14:07:51.435,323.880,0.671,-0.061,-0.122
1668254871475,2022-11-12T14:07:51.475,323.920,0.945,-0.183,-0.244
1668254871515,2022-11-12T14:07:51.515,323.960,0.701,-0.183,0.030
1668254871555,2022-11-12T14:07:51.555,324.000,0.274,-0.366,0.122
1668254871595,2022-11-12T14:07:51.595,324.040,0.671,-0.488,-0.366
1668254871635,2022-11-12T14:07:51.635,324.080,0.396,-0.244,-0.488
1668254871675,2022-11-12T14:07:51.675,324.120,0.274,-0.152,-0.030
1668254871715,2022-11-12T14:07:51.715,324.160,0.671,-0.213,0.061
1668254871755,2022-11-12T14:07:51.755,324.200,0.305,-0.457,-0.122
1668254871795,2022-11-12T14:07:51.795,324.240,0.671,-0.427,-0.274
1668254871835,2022-11-12T14:07:51.835,324.280,0.640,-0.183,0.000
1668254871875,2022-11-12T14:07:51.875,324.320,1.280,-0.213,0.000
1668254871915,2022-11-12T14:07:51.915,324.360,0.701,-0.122,-0.183
1668254871955,2022-11-12T14:07:51.955,324.400,0.244,-0.091,-0.152
1668254871995,2022-11-12T14:07:51.995,324.440,0.732,-0.183,-0.061
1668254872035,2022-11-12T14:07:52.035,324.480,0.549,-0.152,-0.061
1668254872075,2022-11-12T14:07:52.075,324.520,0.335,-0.213,-0.183
1668254872115,2022-11-12T14:07:52.115,324.560,0.335,-0.213,0.000
1668254872155,2022-11-12T14:07:52.155,324.600,0.884,-0.244,-0.030
1668254872195,2022-11-12T14:07:52.195,324.640,1.463,-0.549,-0.030
1668254872235,2022-11-12T14:07:52.235,324.680,1.463,-0.518,-0.030
1668254872275,2022-11-12T14:07:52.275,324.720,0.976,-0.335,0.061
1668254872315,2022-11-12T14:07:52.315,324.760,0.762,-0.213,0.061
1668254872355,2022-11-12T14:07:52.355,324.800,0.854,-0.122,0.091
1668254872395,2022-11-12T14:07:52.395,324.840,0.732,0.030,0.000
1668254872435,2022-11-12T14:07:52.435,324.880,1.067,0.061,-0.091
1668254872475,2022-11-12T14:07:52.475,324.920,0.976,-0.244,0.061
1668254872515,2022-11-12T14:07:52.515,324.960,0.579,-0.274,0.000
1668254872555,2022-11-12T14:07:52.555,325.000,1.037,-0.091,-0.061
1668254872595,2022-11-12T14:07:52.595,325.040,1.067,0.122,0.061
1668254872635,2022-11-12T14:07:52.635,325.080,1.494,-0.061,0.030
1668254872675,2022-11-12T14:07:52.675,325.120,1.159,-0.335,0.183
1668254872715,2022-11-12T14:07:52.715,325.160,1.372,0.061,0.122
1668254872755,2022-11-12T14:07:52.755,325.200,1.890,0.091,-0.030
1668254872795,2022-11-12T14:07:52.795,325.240,0.457,-0.305,0.244
1668254872835,2022-11-12T14:07:52.835,325.280,0.854,-0.244,-0.152
1668254872875,2022-11-12T14:07:52.875,325.320,0.671,-0.305,0.030
1668254872915,2022-11-12T14:07:52.915,325.360,0.518,-0.366,0.244
1668254872955,2022-11-12T14:07:52.955,325.400,0.976,-0.305,-0.122
1668254872995,2022-11-12T14:07:52.995,325.440,0.945,-0.183,-0.061
1668254873035,2022-11-12T14:07:53.035,325.480,0.915,-0.305,0.030
1668254873075,2022-11-12T14:07:53.075,325.520,0.793,-0.305,0.030
1668254873115,2022-11-12T14:07:53.115,325.560,1.037,-0.335,-0.122
1668254873155,2022-11-12T14:07:53.155,325.600,0.823,-0.091,0.000
1668254873195,2022-11-12T14:07:53.195,325.640,0.854,0.061,-0.061
1668254873235,2022-11-12T14:07:53.235,325.680,1.006,-0.030,0.000
1668254873275,2022-11-12T14:07:53.275,325.720,0.427,-0.030,0.213
1668254873315,2022-11-12T14:07:53.315,325.760,0.762,-0.549,-0.061
1668254873355,2022-11-12T14:07:53.355,325.800,0.884,-0.427,-0.183
1668254873395,2022-11-12T14:07:53.395,325.840,1.220,-0.213,0.091
1668254873435,2022-11-12T14:07:53.435,325.880,0.762,-0.183,0.091
1668254873475,2022-11-12T14:07:53.475,325.920,0.793,-0.305,-0.183
1668254873515,2022-11-12T14:07:53.515,325.960,0.945,-0.213,-0.122
1668254873555,2022-11-12T14:07:53.555,326.000,0.701,-0.091,0.152
1668254873595,2022-11-12T14:07:53.595,326.040,0.762,-0.122,-0.030
1668254873635,2022-11-12T14:07:53.635,326.080,0.976,-0.152,-0.061
1668254873675,2022-11-12T14:07:53.675,326.120,0.976,-0.244,0.122
1668254873715,2022-11-12T14:07:53.715,326.160,0.579,-0.152,0.183
1668254873755,2022-11-12T14:07:53.755,326.200,0.945,-0.274,-0.091
1668254873795,2022-11-12T14:07:53.795,326.240,0.976,-0.152,-0.030
1668254873835,2022-11-12T14:07:53.835,326.280,0.823,-0.122,-0.030
1668254873875,2022-11-12T14:07:53.875,326.320,0.579,-0.213,0.000
1668254873915,2022-11-12T14:07:53.915,326.360,1.098,-0.122,0.000
1668254873955,2022-11-12T14:07:53.955,326.400,0.793,-0.091,0.000
1668254873995,2022-11-12T14:07:53.995,326.440,0.793,0.122,-0.122
1668254874035,2022-11-12T14:07:54.035,326.480,0.640,-0.183,0.030
1668254874075,2022-11-12T14:07:54.075,326.520,0.549,-0.549,-0.061
1668254874115,2022-11-12T14:07:54.115,326.560,0.793,-0.183,-0.183
1668254874155,2022-11-12T14:07:54.155,326.600,0.762,-0.030,-0.061
1668254874195,2022-11-12T14:07:54.195,326.640,0.579,-0.061,-0.061
1668254874235,2022-11-12T14:07:54.235,326.680,0.579,-0.244,-0.030
1668254874275,2022-11-12T14:07:54.275,326.720,0.671,-0.091,-0.061
1668254874315,2022-11-12T14:07:54.315,326.760,0.701,-0.061,0.030
1668254874355,2022-11-12T14:07:54.355,326.800,0.762,-0.122,-0.061
1668254874395,2022-11-12T14:07:54.395,326.840,1.098,-0.183,-0.152
1668254874435,2022-11-12T14:07:54.435,326.880,0.793,-0.244,0.030
1668254874475,2022-11-12T14:07:54.475,326.920,0.671,-0.244,-0.030
1668254874515,2022-11-12T14:07:54.515,326.960,0.945,-0.091,-0.183
1668254874555,2022-11-12T14:07:54.555,327.000,1.098,-0.213,-0.152
1668254874595,2022-11-12T14:07:54.595,327.040,0.549,-0.183,0.183
1668254874635,2022-11-12T14:07:54.635,327.080,0.732,-0.213,-0.030
1668254874675,2022-11-12T14:07:54.675,327.120,0.884,-0.305,-0.152
1668254874715,2022-11-12T14:07:54.715,327.160,0.762,-0.091,0.030
1668254874755,2022-11-12T14:07:54.755,327.200,0.823,0.061,0.030
1668254874795,2022-11-12T14:07:54.795,327.240,0.671,-0.335,0.061
1668254874835,2022-11-12T14:07:54.835,327.280,0.884,-0.335,-0.122
1668254874875,2022-11-12T14:07:54.875,327.320,0.915,-0.122,0.000
1668254874915,2022-11-12T14:07:54.915,327.360,0.945,-0.183,0.030
1668254874955,2022-11-12T14:07:54.955,327.400,0.884,-0.213,-0.061
1668254874995,2022-11-12T14:07:54.995,327.440,0.671,-0.213,0.091
1668254875035,2022-11-12T14:07:55.035,327.480,0.793,-0.122,-0.061
1668254875075,2022-11-12T14:07:55.075,327.520,1.159,-0.244,-0.244
1668254875115,2022-11-12T14:07:55.115,327.560,0.762,-0.244,0.000
1668254875155,2022-11-12T14:07:55.155,327.600,0.884,-0.244,0.000
1668254875195,2022-11-12T14:07:55.195,327.640,0.854,-0.213,0.091
1668254875235,2022-11-12T14:07:55.235,327.680,0.701,-0.274,0.061
1668254875275,2022-11-12T14:07:55.275,327.720,0.823,-0.183,-0.091
1668254875315,2022-11-12T14:07:55.315,327.760,0.915,-0.183,-0.061
1668254875355,2022-11-12T14:07:55.355,327.800,1.006,-0.213,-0.061
1668254875395,2022-11-12T14:07:55.395,327.840,0.701,-0.061,0.030
1668254875435,2022-11-12T14:07:55.435,327.880,-0.061,0.305,0.335
1668254875475,2022-11-12T14:07:55.475,327.920,0.274,0.213,0.122
1668254875515,2022-11-12T14:07:55.515,327.960,0.793,-0.122,-0.030
1668254875555,2022-11-12T14:07:55.555,328.000,0.884,-0.488,0.061
1668254875595,2022-11-12T14:07:55.595,328.040,0.884,-0.518,-0.030
1668254875635,2022-11-12T14:07:55.635,328.080,1.037,-0.305,-0.122
1668254875675,2022-11-12T14:07:55.675,328.120,0.976,-0.213,0.030
1668254875715,2022-11-12T14:07:55.715,328.160,1.098,-0.274,-0.030
1668254875755,2022-11-12T14:07:55.755,328.200,0.854,-0.366,0.061
1668254875795,2022-11-12T14:07:55.795,328.240,0.610,-0.274,-0.030
1668254875835,2022-11-12T14:07:55.835,328.280,0.854,-0.183,0.000
1668254875875,2022-11-12T14:07:55.875,328.320,0.854,-0.152,0.061
1668254875915,2022-11-12T14:07:55.915,328.360,0.976,-0.122,-0.122
1668254875955,2022-11-12T14:07:55.955,328.400,0.854,-0.183,0.030
1668254875995,2022-11-12T14:07:55.995,328.440,0.762,-0.152,0.091
1668254876035,2022-11-12T14:07:56.035,328.480,1.006,-0.274,-0.122
1668254876075,2022-11-12T14:07:56.075,328.520,0.823,-0.244,-0.091
1668254876115,2022-11-12T14:07:56.115,328.560,0.884,-0.091,0.000
1668254876155,2022-11-12T14:07:56.155,328.600,0.823,-0.122,0.061
1668254876195,2022-11-12T14:07:56.195,328.640,1.006,-0.274,0.000
1668254876235,2022-11-12T14:07:56.235,328.680,0.732,-0.396,0.000
1668254876275,2022-11-12T14:07:56.275,328.720,0.701,-0.152,0.091
1668254876315,2022-11-12T14:07:56.315,328.760,1.098,0.122,-0.091
1668254876355,2022-11-12T14:07:56.355,328.800,0.793,-0.122,0.061
1668254876395,2022-11-12T14:07:56.395,328.840,0.884,-0.183,-0.091
1668254876435,2022-11-12T14:07:56.435,328.880,0.793,-0.030,-0.061
1668254876475,2022-11-12T14:07:56.475,328.920,0.305,0.061,0.061
1668254876515,2022-11-12T14:07:56.515,328.960,0.762,-0.335,-0.091
1668254876555,2022-11-12T14:07:56.555,329.000,0.823,-0.427,0.000
1668254876595,2022-11-12T14:07:56.595,329.040,0.793,-0.274,0.091
1668254876635,2022-11-12T14:07:56.635,329.080,0.915,-0.335,0.030
1668254876675,2022-11-12T14:07:56.675,329.120,1.250,-0.305,-0.152
1668254876715,2022-11-12T14:07:56.715,329.160,1.311,-0.091,-0.030
1668254876755,2022-11-12T14:07:56.755,329.200,0.854,-0.335,-0.091
1668254876795,2022-11-12T14:07:56.795,329.240,0.823,-0.366,-0.244
1668254876835,2022-11-12T14:07:56.835,329.280,0.823,-0.244,-0.183
1668254876875,2022-11-12T14:07:56.875,329.320,0.640,-0.305,0.030
1668254876915,2022-11-12T14:07:56.915,329.360,0.884,-0.244,-0.183
1668254876955,2022-11-12T14:07:56.955,329.400,0.732,-0.366,-0.061
1668254876995,2022-11-12T14:07:56.995,329.440,0.823,-0.488,-0.061
1668254877035,2022-11-12T14:07:57.035,329.480,1.280,-0.396,-0.457
1668254877075,2022-11-12T14:07:57.075,329.520,1.585,-0.122,-0.671
1668254877115,2022-11-12T14:07:57.115,329.560,1.616,0.183,-0.701
1668254877155,2022-11-12T14:07:57.155,329.600,0.976,0.183,-0.640
1668254877195,2022-11-12T14:07:57.195,329.640,-0.213,0.061,-0.762
1668254877235,2022-11-12T14:07:57.235,329.680,0.152,0.152,-1.220
1668254877275,2022-11-12T14:07:57.275,329.720,1.006,0.701,-1.707
1668254877315,2022-11-12T14:07:57.315,329.760,2.835,1.951,-2.104
1668254877355,2022-11-12T14:07:57.355,329.800,0.884,1.189,-1.829
1668254877395,2022-11-12T14:07:57.395,329.840,3.293,0.793,-1.646
1668254877435,2022-11-12T14:07:57.435,329.880,2.591,1.372,-0.762
1668254877475,2022-11-12T14:07:57.475,329.920,0.549,2.591,-1.128
1668254877515,2022-11-12T14:07:57.515,329.960,-0.518,1.555,-1.189
1668254877555,2022-11-12T14:07:57.555,330.000,2.439,2.165,-0.701
1668254877595,2022-11-12T14:07:57.595,330.040,2.622,3.567,-1.341
1668254877635,2022-11-12T14:07:57.635,330.080,0.762,3.476,-2.866
1668254877675,2022-11-12T14:07:57.675,330.120,2.805,5.213,-2.896
1668254877715,2022-11-12T14:07:57.715,330.160,1.921,6.707,-1.555
1668254877755,2022-11-12T14:07:57.755,330.200,3.628,6.372,-0.915
1668254877795,2022-11-12T14:07:57.795,330.240,1.220,9.878,-2.287
1668254877835,2022-11-12T14:07:57.835,330.280,2.439,10.945,-4.573
1668254877875,2022-11-12T14:07:57.875,330.320,2.988,10.030,-5.915
1668254877915,2022-11-12T14:07:57.915,330.360,2.774,11.037,-6.524
1668254877955,2022-11-12T14:07:57.955,330.400,5.579,11.372,-6.524
1668254877995,2022-11-12T14:07:57.995,330.440,7.744,11.890,-7.500
1668254878035,2022-11-12T14:07:58.035,330.480,5.640,14.634,-10.610
1668254878075,2022-11-12T14:07:58.075,330.520,6.433,16.738,-11.372
1668254878115,2022-11-12T14:07:58.115,330.560,4.482,18.841,-10.915
1668254878155,2022-11-12T14:07:58.155,330.600,1.677,23.902,-12.622
1668254878195,2022-11-12T14:07:58.195,330.640,0.945,31.006,-13.841
1668254878235,2022-11-12T14:07:58.235,330.680,-2.348,30.762,-10.701
1668254878275,2022-11-12T14:07:58.275,330.720,2.073,22.805,-7.287
1668254878315,2022-11-12T14:07:58.315,330.760,2.622,16.311,-4.268
1668254878355,2022-11-12T14:07:58.355,330.800,1.738,12.896,-4.695
1668254878395,2022-11-12T14:07:58.395,330.840,3.171,12.409,-4.909
1668254878435,2022-11-12T14:07:58.435,330.880,0.274,15.335,-4.848
1668254878475,2022-11-12T14:07:58.475,330.920,-1.433,17.774,-4.024
1668254878515,2022-11-12T14:07:58.515,330.960,2.348,17.134,-2.043
1668254878555,2022-11-12T14:07:58.555,331.000,-0.122,21.128,-1.707
1668254878595,2022-11-12T14:07:58.595,331.040,-2.256,19.116,-1.220
1668254878635,2022-11-12T14:07:58.635,331.080,-0.732,13.049,0.091
1668254878675,2022-11-12T14:07:58.675,331.120,-4.634,14.665,-0.366
1668254878715,2022-11-12T14:07:58.715,331.160,-1.799,13.659,1.829
1668254878755,2022-11-12T14:07:58.755,331.200,-1.006,10.701,-1.067
1668254878795,2022-11-12T14:07:58.795,331.240,-3.506,9.970,-4.055
1668254878835,2022-11-12T14:07:58.835,331.280,6.341,11.494,-4.268
1668254878875,2022-11-12T14:07:58.875,331.320,12.530,18.963,-9.299
1668254878915,2022-11-12T14:07:58.915,331.360,4.512,20.945,-11.341
1668254878955,2022-11-12T14:07:58.955,331.400,7.866,19.634,-10.396
1668254878995,2022-11-12T14:07:58.995,331.440,9.360,17.744,-8.872
1668254879035,2022-11-12T14:07:59.035,331.480,4.055,17.622,-11.768
1668254879075,2022-11-12T14:07:59.075,331.520,5.701,18.628,-13.720
1668254879115,2022-11-12T14:07:59.115,331.560,2.317,4.543,-7.195
1668254879155,2022-11-12T14:07:59.155,331.600,-8.232,-3.811,3.750
1668254879195,2022-11-12T14:07:59.195,331.640,-5.762,-0.884,-3.902
1668254879235,2022-11-12T14:07:59.235,331.680,-1.280,-21.738,-6.860
1668254879275,2022-11-12T14:07:59.275,331.720,-8.415,-22.317,0.823
1668254879315,2022-11-12T14:07:59.315,331.760,-14.817,1.829,1.768
1668254879355,2022-11-12T14:07:59.355,331.800,-4.055,-17.195,3.262
1668254879395,2022-11-12T14:07:59.395,331.840,-10.732,-44.848,4.909
1668254879435,2022-11-12T14:07:59.435,331.880,-13.780,-67.713,1.159
1668254879475,2022-11-12T14:07:59.475,331.920,-26.220,-89.451,-0.305
1668254879515,2022-11-12T14:07:59.515,331.960,-24.024,-81.555,-0.518
1668254879555,2022-11-12T14:07:59.555,332.000,-17.622,-80.549,1.890
1668254879595,2022-11-12T14:07:59.595,332.040,-11.128,-66.616,-2.866
1668254879635,2022-11-12T14:07:59.635,332.080,-0.640,-42.652,-9.726
1668254879675,2022-11-12T14:07:59.675,332.120,-14.970,-66.067,-6.799
1668254879715,2022-11-12T14:07:59.715,332.160,-25.518,-55.396,-5.061
1668254879755,2022-11-12T14:07:59.755,332.200,-7.043,-32.134,-4.482
1668254879795,2022-11-12T14:07:59.795,332.240,-15.854,-50.152,3.750
1668254879835,2022-11-12T14:07:59.835,332.280,-9.695,-21.951,-3.720
1668254879875,2022-11-12T14:07:59.875,332.320,-8.049,-29.207,-4.909
1668254879915,2022-11-12T14:07:59.915,332.360,-16.311,-35.793,0.274
1668254879955,2022-11-12T14:07:59.955,332.400,-11.921,-20.396,-1.829
1668254879995,2022-11-12T14:07:59.995,332.440,-13.902,-25.518,0.366
1668254880035,2022-11-12T14:08:00.035,332.480,-8.232,-26.524,2.378
1668254880075,2022-11-12T14:08:00.075,332.520,-9.299,-32.500,4.543
1668254880115,2022-11-12T14:08:00.115,332.560,-6.098,-28.750,0.884
1668254880155,2022-11-12T14:08:00.155,332.600,-2.622,-12.500,-0.823
1668254880195,2022-11-12T14:08:00.195,332.640,0.457,-12.012,0.183
1668254880235,2022-11-12T14:08:00.235,332.680,-0.457,-6.707,1.037
1668254880275,2022-11-12T14:08:00.275,332.720,-4.329,-15.640,3.567
1668254880315,2022-11-12T14:08:00.315,332.760,-9.878,-25.945,4.665
1668254880355,2022-11-12T14:08:00.355,332.800,-7.500,-16.372,1.646
1668254880395,2022-11-12T14:08:00.395,332.840,-3.262,-33.689,1.646
1668254880435,2022-11-12T14:08:00.435,332.880,-3.598,-49.909,-1.555
1668254880475,2022-11-12T14:08:00.475,332.920,-2.439,-93.841,-4.085
1668254880515,2022-11-12T14:08:00.515,332.960,16.768,-183.384,-0.335
1668254880555,2022-11-12T14:08:00.555,333.000,75.366,-193.232,-13.445
1668254880595,2022-11-12T14:08:00.595,333.040,79.207,54.055,-47.774
1668254880635,2022-11-12T14:08:00.635,333.080,-104.848,872.591,-92.104
1668254880675,2022-11-12T14:08:00.675,333.120,344.970,998.994,-168.598
1668254880715,2022-11-12T14:08:00.715,333.160,73.659,485.213,-168.963
1668254880755,2022-11-12T14:08:00.755,333.200,-77.134,2.652,4.817
1668254880795,2022-11-12T14:08:00.795,333.240,-25.396,-25.701,-8.537
1668254880835,2022-11-12T14:08:00.835,333.280,-15.274,-27.256,12.134
1668254880875,2022-11-12T14:08:00.875,333.320,-25.305,-36.280,7.317
1668254880915,2022-11-12T14:08:00.915,333.360,-15.549,-25.152,11.524
1668254880955,2022-11-12T14:08:00.955,333.400,-5.061,-11.585,1.433
1668254880995,2022-11-12T14:08:00.995,333.440,-2.500,-9.634,5.030
1668254881035,2022-11-12T14:08:01.035,333.480,0.152,-5.793,12.500
1668254881075,2022-11-12T14:08:01.075,333.520,1.921,-1.829,2.866
1668254881115,2022-11-12T14:08:01.115,333.560,4.390,-4.207,2.317
1668254881155,2022-11-12T14:08:01.155,333.600,2.470,-14.451,5.640
1668254881195,2022-11-12T14:08:01.195,333.640,-1.890,-16.463,2.896
1668254881235,2022-11-12T14:08:01.235,333.680,-5.213,-14.543,7.104
1668254881275,2022-11-12T14:08:01.275,333.720,-6.463,-18.293,9.878
1668254881315,2022-11-12T14:08:01.315,333.760,-1.951,-12.683,5.000
1668254881355,2022-11-12T14:08:01.355,333.800,-3.171,-11.585,0.244
1668254881395,2022-11-12T14:08:01.395,333.840,-5.488,-10.793,1.372
1668254881435,2022-11-12T14:08:01.435,333.880,-0.976,-7.378,3.110
1668254881475,2022-11-12T14:08:01.475,333.920,0.793,-8.567,2.957
1668254881515,2022-11-12T14:08:01.515,333.960,4.299,-17.896,9.451
1668254881555,2022-11-12T14:08:01.555,334.000,0.457,-17.226,10.183
1668254881595,2022-11-12T14:08:01.595,334.040,-5.610,-12.866,6.555
1668254881635,2022-11-12T14:08:01.635,334.080,-4.756,-14.451,6.037
1668254881675,2022-11-12T14:08:01.675,334.120,-2.012,-7.896,0.762
1668254881715,2022-11-12T14:08:01.715,334.160,-1.220,-10.884,1.280
1668254881755,2022-11-12T14:08:01.755,334.200,-0.366,-10.244,0.488
1668254881795,2022-11-12T14:08:01.795,334.240,0.305,-8.201,3.720
1668254881835,2022-11-12T14:08:01.835,334.280,-6.311,-13.323,5.640
1668254881875,2022-11-12T14:08:01.875,334.320,-11.006,-21.067,5.762
1668254881915,2022-11-12T14:08:01.915,334.360,-11.402,-24.207,4.177
1668254881955,2022-11-12T14:08:01.955,334.400,-14.360,-28.323,5.854
1668254881995,2022-11-12T14:08:01.995,334.440,-9.360,-28.872,6.768
1668254882035,2022-11-12T14:08:02.035,334.480,-10.061,-27.226,7.744
1668254882075,2022-11-12T14:08:02.075,334.520,-11.738,-25.549,4.634
1668254882115,2022-11-12T14:08:02.115,334.560,-14.268,-36.799,7.439
1668254882155,2022-11-12T14:08:02.155,334.600,-26.890,-43.323,17.622
1668254882195,2022-11-12T14:08:02.195,334.640,-13.689,-29.817,14.848
1668254882235,2022-11-12T14:08:02.235,334.680,-4.695,-18.659,3.262
1668254882275,2022-11-12T14:08:02.275,334.720,-5.122,-18.720,1.860
1668254882315,2022-11-12T14:08:02.315,334.760,-3.750,-20.183,0.244
1668254882355,2022-11-12T14:08:02.355,334.800,-3.445,-15.884,0.030
1668254882395,2022-11-12T14:08:02.395,334.840,-2.439,-11.311,1.707
1668254882435,2022-11-12T14:08:02.435,334.880,0.000,-10.518,-0.274
1668254882475,2022-11-12T14:08:02.475,334.920,-0.610,-11.860,-1.006
1668254882515,2022-11-12T14:08:02.515,334.960,-0.976,-13.415,0.152
1668254882555,2022-11-12T14:08:02.555,335.000,-1.616,-10.762,-0.244
1668254882595,2022-11-12T14:08:02.595,335.040,0.274,-10.976,0.030
1668254882635,2022-11-12T14:08:02.635,335.080,2.287,-11.799,0.518
1668254882675,2022-11-12T14:08:02.675,335.120,3.293,-15.335,0.000
1668254882715,2022-11-12T14:08:02.715,335.160,1.098,-21.067,3.232
1668254882755,2022-11-12T14:08:02.755,335.200,0.884,-23.476,4.817
1668254882795,2022-11-12T14:08:02.795,335.240,4.970,-15.579,2.866
1668254882835,2022-11-12T14:08:02.835,335.280,4.360,-7.957,6.098
1668254882875,2022-11-12T14:08:02.875,335.320,1.128,-4.177,4.939
1668254882915,2022-11-12T14:08:02.915,335.360,-2.500,-6.159,1.463
1668254882955,2022-11-12T14:08:02.955,335.400,-3.780,-7.378,1.220
1668254882995,2022-11-12T14:08:02.995,335.440,-3.201,-11.463,2.378
1668254883035,2022-11-12T14:08:03.035,335.480,-2.165,-16.341,3.171
1668254883075,2022-11-12T14:08:03.075,335.520,-0.061,-21.128,3.628
1668254883115,2022-11-12T14:08:03.115,335.560,-2.226,-24.116,5.335
1668254883155,2022-11-12T14:08:03.155,335.600,1.555,-22.805,6.098
1668254883195,2022-11-12T14:08:03.195,335.640,-3.476,-17.744,5.915
1668254883235,2022-11-12T14:08:03.235,335.680,-6.768,-19.238,3.445
1668254883275,2022-11-12T14:08:03.275,335.720,-1.372,-17.317,2.805
1668254883315,2022-11-12T14:08:03.315,335.760,-3.506,-12.134,2.683
1668254883355,2022-11-12T14:08:03.355,335.800,-1.220,-16.189,2.896
1668254883395,2022-11-12T14:08:03.395,335.840,-0.396,-19.939,4.116
1668254883435,2022-11-12T14:08:03.435,335.880,0.579,-19.573,4.207
1668254883475,2022-11-12T14:08:03.475,335.920,-4.360,-18.171,4.421
1668254883515,2022-11-12T14:08:03.515,335.960,-3.689,-16.738,4.360
1668254883555,2022-11-12T14:08:03.555,336.000,-1.280,-12.195,2.226
1668254883595,2022-11-12T14:08:03.595,336.040,2.988,-8.293,-1.098
1668254883635,2022-11-12T14:08:03.635,336.080,-0.549,-13.567,-1.402
1668254883675,2022-11-12T14:08:03.675,336.120,-5.854,-15.274,1.006
1668254883715,2022-11-12T14:08:03.715,336.160,-1.372,-14.238,1.768
1668254883755,2022-11-12T14:08:03.755,336.200,-2.500,-14.329,1.738
1668254883795,2022-11-12T14:08:03.795,336.240,-7.652,-11.616,-0.366
1668254883835,2022-11-12T14:08:03.835,336.280,-9.146,-13.994,-2.530
1668254883875,2022-11-12T14:08:03.875,336.320,-13.110,-18.659,-3.171
1668254883915,2022-11-12T14:08:03.915,336.360,-9.238,-21.524,-1.098
1668254883955,2022-11-12T14:08:03.955,336.400,-9.634,-18.506,1.829
1668254883995,2022-11-12T14:08:03.995,336.440,-9.116,-16.280,2.713
1668254884035,2022-11-12T14:08:04.035,336.480,-8.841,-21.159,4.238
1668254884075,2022-11-12T14:08:04.075,336.520,-4.421,-13.232,-0.061
1668254884115,2022-11-12T14:08:04.115,336.560,-5.152,-3.354,-0.701
1668254884155,2022-11-12T14:08:04.155,336.600,-2.165,-4.939,2.043
1668254884195,2022-11-12T14:08:04.195,336.640,-0.335,-11.646,2.957
1668254884235,2022-11-12T14:08:04.235,336.680,-5.518,-10.213,3.445
1668254884275,2022-11-12T14:08:04.275,336.720,-1.768,-10.732,2.134
1668254884315,2022-11-12T14:08:04.315,336.760,-3.049,-15.335,3.476
1668254884355,2022-11-12T14:08:04.355,336.800,-3.384,-14.360,3.872
1668254884395,2022-11-12T14:08:04.395,336.840,3.201,-14.299,0.244
1668254884435,2022-11-12T14:08:04.435,336.880,5.884,-17.287,-0.762
1668254884475,2022-11-12T14:08:04.475,336.920,-0.549,-15.488,1.463
1668254884515,2022-11-12T14:08:04.515,336.960,-1.067,-11.616,0.091
1668254884555,2022-11-12T14:08:04.555,337.000,1.250,-11.890,1.402
1668254884595,2022-11-12T14:08:04.595,337.040,-6.768,-17.530,2.165
1668254884635,2022-11-12T14:08:04.635,337.080,-12.561,-24.482,3.720
1668254884675,2022-11-12T14:08:04.675,337.120,-12.134,-26.616,6.677
1668254884715,2022-11-12T14:08:04.715,337.160,-16.250,-28.079,7.043
1668254884755,2022-11-12T14:08:04.755,337.200,-17.409,-37.104,7.835
1668254884795,2022-11-12T14:08:04.795,337.240,-6.220,-44.909,5.915
1668254884835,2022-11-12T14:08:04.835,337.280,-6.982,-33.963,5.030
1668254884875,2022-11-12T14:08:04.875,337.320,1.189,-30.671,3.506
1668254884915,2022-11-12T14:08:04.915,337.360,-7.012,-20.671,3.659
1668254884955,2022-11-12T14:08:04.955,337.400,1.341,-18.415,1.921
1668254884995,2022-11-12T14:08:04.995,337.440,1.006,-16.982,0.305
1668254885035,2022-11-12T14:08:05.035,337.480,-0.549,-10.152,-0.457
1668254885075,2022-11-12T14:08:05.075,337.520,-0.915,-4.268,0.732
1668254885115,2022-11-12T14:08:05.115,337.560,3.628,-7.348,-0.549
1668254885155,2022-11-12T14:08:05.155,337.600,5.305,-12.287,-1.555
1668254885195,2022-11-12T14:08:05.195,337.640,1.402,-13.902,-0.854
1668254885235,2022-11-12T14:08:05.235,337.680,9.634,-20.183,-2.896
1668254885275,2022-11-12T14:08:05.275,337.720,19.726,-25.518,-6.037
1668254885315,2022-11-12T14:08:05.315,337.760,3.689,-17.805,-1.494
1668254885355,2022-11-12T14:08:05.355,337.800,1.555,-9.695,0.122
1668254885395,2022-11-12T14:08:05.395,337.840,12.348,-18.994,-1.311
1668254885435,2022-11-12T14:08:05.435,337.880,7.500,-28.018,0.305
1668254885475,2022-11-12T14:08:05.475,337.920,14.695,-36.128,-1.829
1668254885515,2022-11-12T14:08:05.515,337.960,28.384,-40.396,-6.311
1668254885555,2022-11-12T14:08:05.555,338.000,23.902,-40.427,-4.085
1668254885595,2022-11-12T14:08:05.595,338.040,-11.128,-14.848,4.634
1668254885635,2022-11-12T14:08:05.635,338.080,-9.024,-7.378,3.506
1668254885675,2022-11-12T14:08:05.675,338.120,4.451,-17.165,0.000
1668254885715,2022-11-12T14:08:05.715,338.160,-6.921,-13.598,3.689
1668254885755,2022-11-12T14:08:05.755,338.200,-0.579,-13.110,0.854
1668254885795,2022-11-12T14:08:05.795,338.240,1.738,-20.183,1.738
1668254885835,2022-11-12T14:08:05.835,338.280,-7.104,-23.750,3.994
1668254885875,2022-11-12T14:08:05.875,338.320,0.762,-26.768,-1.738
1668254885915,2022-11-12T14:08:05.915,338.360,3.750,-18.963,-2.439
1668254885955,2022-11-12T14:08:05.955,338.400,-7.012,-9.909,3.232
1668254885995,2022-11-12T14:08:05.995,338.440,-8.018,-17.012,4.299
1668254886035,2022-11-12T14:08:06.035,338.480,-8.902,-27.957,3.872
1668254886075,2022-11-12T14:08:06.075,338.520,-5.488,-33.201,4.024
1668254886115,2022-11-12T14:08:06.115,338.560,-3.659,-34.634,4.024
1668254886155,2022-11-12T14:08:06.155,338.600,-3.476,-29.787,2.073
1668254886195,2022-11-12T14:08:06.195,338.640,-2.256,-29.665,2.622
1668254886235,2022-11-12T14:08:06.235,338.680,-4.726,-34.756,3.506
1668254886275,2022-11-12T14:08:06.275,338.720,-5.030,-30.701,2.165
1668254886315,2022-11-12T14:08:06.315,338.760,-0.823,-22.713,-0.152
1668254886355,2022-11-12T14:08:06.355,338.800,-0.762,-19.116,-0.122
1668254886395,2022-11-12T14:08:06.395,338.840,-3.018,-20.610,1.463
1668254886435,2022-11-12T14:08:06.435,338.880,-4.848,-27.317,1.220
1668254886475,2022-11-12T14:08:06.475,338.920,-4.634,-29.878,1.616
1668254886515,2022-11-12T14:08:06.515,338.960,-5.854,-24.848,2.957
1668254886555,2022-11-12T14:08:06.555,339.000,-5.396,-15.823,3.506
1668254886595,2022-11-12T14:08:06.595,339.040,-2.866,-9.238,2.530
1668254886635,2022-11-12T14:08:06.635,339.080,-1.707,-8.659,0.915
1668254886675,2022-11-12T14:08:06.675,339.120,-2.409,-13.079,1.433
1668254886715,2022-11-12T14:08:06.715,339.160,-1.677,-13.415,1.677
1668254886755,2022-11-12T14:08:06.755,339.200,-2.927,-11.707,2.226
1668254886795,2022-11-12T14:08:06.795,339.240,-5.396,-14.970,3.140
1668254886835,2022-11-12T14:08:06.835,339.280,-3.872,-17.652,2.073
1668254886875,2022-11-12T14:08:06.875,339.320,-4.329,-17.256,4.695
1668254886915,2022-11-12T14:08:06.915,339.360,-10.549,-19.024,8.506
1668254886955,2022-11-12T14:08:06.955,339.400,-11.372,-24.299,8.018
1668254886995,2022-11-12T14:08:06.995,339.440,-10.701,-23.750,7.439
1668254887035,2022-11-12T14:08:07.035,339.480,-9.604,-21.585,6.067
1668254887075,2022-11-12T14:08:07.075,339.520,-3.323,-13.018,2.591
1668254887115,2022-11-12T14:08:07.115,339.560,2.134,-7.530,0.091
1668254887155,2022-11-12T14:08:07.155,339.600,2.409,-15.335,0.488
1668254887195,2022-11-12T14:08:07.195,339.640,-5.854,-21.585,5.366
1668254887235,2022-11-12T14:08:07.235,339.680,-7.927,-20.732,3.841
1668254887275,2022-11-12T14:08:07.275,339.720,-3.262,-22.500,-1.494
1668254887315,2022-11-12T14:08:07.315,339.760,-1.585,-24.848,-1.890
1668254887355,2022-11-12T14:08:07.355,339.800,-9.848,-29.848,3.598
1668254887395,2022-11-12T14:08:07.395,339.840,-12.165,-34.329,0.945
1668254887435,2022-11-12T14:08:07.435,339.880,-7.622,-38.201,-8.293
1668254887475,2022-11-12T14:08:07.475,339.920,-10.396,-50.793,-8.963
1668254887515,2022-11-12T14:08:07.515,339.960,-9.482,-50.000,-7.409
1668254887555,2022-11-12T14:08:07.555,340.000,-10.061,-34.939,-5.305
1668254887595,2022-11-12T14:08:07.595,340.040,0.274,-34.421,-9.604
1668254887635,2022-11-12T14:08:07.635,340.080,0.213,-17.683,-3.262
1668254887675,2022-11-12T14:08:07.675,340.120,10.854,-6.098,-14.085
1668254887715,2022-11-12T14:08:07.715,340.160,67.683,140.000,-13.110
1668254887755,2022-11-12T14:08:07.755,340.200,20.274,748.171,82.683
1668254887795,2022-11-12T14:08:07.795,340.240,310.793,998.994,-60.671
1668254887835,2022-11-12T14:08:07.835,340.280,219.390,734.055,-202.896
1668254887875,2022-11-12T14:08:07.875,340.320,-28.506,107.530,-20.305
1668254887915,2022-11-12T14:08:07.915,340.360,-52.195,-10.823,-9.055
1668254887955,2022-11-12T14:08:07.955,340.400,-7.317,7.500,-5.732
1668254887995,2022-11-12T14:08:07.995,340.440,-5.457,4.970,-2.348
1668254888035,2022-11-12T14:08:08.035,340.480,-3.171,-11.799,12.256
1668254888075,2022-11-12T14:08:08.075,340.520,1.921,-6.677,0.945
1668254888115,2022-11-12T14:08:08.115,340.560,-1.220,2.530,-6.585
1668254888155,2022-11-12T14:08:08.155,340.600,-7.652,4.787,-1.860
1668254888195,2022-11-12T14:08:08.195,340.640,-6.494,4.848,-4.878
1668254888235,2022-11-12T14:08:08.235,340.680,-4.970,4.451,-2.348
1668254888275,2022-11-12T14:08:08.275,340.720,-4.512,3.079,3.598
1668254888315,2022-11-12T14:08:08.315,340.760,-5.915,-1.555,7.317
1668254888355,2022-11-12T14:08:08.355,340.800,-2.378,-4.024,5.244
1668254888395,2022-11-12T14:08:08.395,340.840,0.061,-3.140,3.659
1668254888435,2022-11-12T14:08:08.435,340.880,-4.848,-3.201,3.720
1668254888475,2022-11-12T14:08:08.475,340.920,-4.939,-5.457,5.305
1668254888515,2022-11-12T14:08:08.515,340.960,-4.421,-4.817,4.817
1668254888555,2022-11-12T14:08:08.555,341.000,-5.671,-9.421,5.945
1668254888595,2022-11-12T14:08:08.595,341.040,-5.488,-11.555,3.872
1668254888635,2022-11-12T14:08:08.635,341.080,-1.555,-5.915,-1.006
1668254888675,2022-11-12T14:08:08.675,341.120,-1.921,-7.744,-1.311
1668254888715,2022-11-12T14:08:08.715,341.160,-1.677,-8.354,1.524
1668254888755,2022-11-12T14:08:08.755,341.200,-0.091,-6.006,2.622
1668254888795,2022-11-12T14:08:08.795,341.240,0.061,-7.957,0.945
1668254888835,2022-11-12T14:08:08.835,341.280,-0.274,-9.329,0.823
1668254888875,2022-11-12T14:08:08.875,341.320,0.732,-9.238,1.402
1668254888915,2022-11-12T14:08:08.915,341.360,1.128,-10.518,1.341
1668254888955,2022-11-12T14:08:08.955,341.400,0.671,-10.213,0.823
1668254888995,2022-11-12T14:08:08.995,341.440,0.671,-4.817,-0.854
1668254889035,2022-11-12T14:08:09.035,341.480,2.317,-2.348,-0.823
1668254889075,2022-11-12T14:08:09.075,341.520,2.927,-1.738,-0.244
1668254889115,2022-11-12T14:08:09.115,341.560,2.165,-0.152,-1.494
1668254889155,2022-11-12T14:08:09.155,341.600,2.622,-1.159,0.061
1668254889195,2022-11-12T14:08:09.195,341.640,0.701,-5.427,1.220
1668254889235,2022-11-12T14:08:09.235,341.680,-1.067,-8.232,-0.945
1668254889275,2022-11-12T14:08:09.275,341.720,-0.945,-7.744,-1.098
1668254889315,2022-11-12T14:08:09.315,341.760,-0.274,-13.262,-0.335
1668254889355,2022-11-12T14:08:09.355,341.800,1.006,-12.378,-1.280
1668254889395,2022-11-12T14:08:09.395,341.840,2.683,-5.823,0.091
1668254889435,2022-11-12T14:08:09.435,341.880,0.793,-5.122,2.470
1668254889475,2022-11-12T14:08:09.475,341.920,1.159,-3.780,1.372
1668254889515,2022-11-12T14:08:09.515,341.960,2.713,-4.207,3.049
1668254889555,2022-11-12T14:08:09.555,342.000,3.598,-4.909,5.122
1668254889595,2022-11-12T14:08:09.595,342.040,2.805,-7.256,3.476
1668254889635,2022-11-12T14:08:09.635,342.080,1.280,-6.128,-1.037
1668254889675,2022-11-12T14:08:09.675,342.120,0.183,-4.177,-1.433
1668254889715,2022-11-12T14:08:09.715,342.160,-0.030,-4.939,1.006
1668254889755,2022-11-12T14:08:09.755,342.200,1.860,-6.951,3.750
1668254889795,2022-11-12T14:08:09.795,342.240,7.439,-15.274,9.848
1668254889835,2022-11-12T14:08:09.835,342.280,2.378,-19.756,12.500
1668254889875,2022-11-12T14:08:09.875,342.320,-2.866,-17.256,8.476
1668254889915,2022-11-12T14:08:09.915,342.360,-1.311,-19.116,7.683
1668254889955,2022-11-12T14:08:09.955,342.400,5.671,-16.616,6.341
1668254889995,2022-11-12T14:08:09.995,342.440,3.110,-2.378,1.098
1668254890035,2022-11-12T14:08:10.035,342.480,2.104,-3.994,2.226
1668254890075,2022-11-12T14:08:10.075,342.520,3.171,-6.951,2.683
1668254890115,2022-11-12T14:08:10.115,342.560,-0.610,-8.262,2.226
1668254890155,2022-11-12T14:08:10.155,342.600,-4.207,-11.250,3.872
1668254890195,2022-11-12T14:08:10.195,342.640,-7.835,-18.872,7.317
1668254890235,2022-11-12T14:08:10.235,342.680,-6.585,-19.329,6.860
1668254890275,2022-11-12T14:08:10.275,342.720,-1.616,-12.683,3.171
1668254890315,2022-11-12T14:08:10.315,342.760,1.341,-9.055,3.628
1668254890355,2022-11-12T14:08:10.355,342.800,-0.457,-5.854,3.811
1668254890395,2022-11-12T14:08:10.395,342.840,2.226,-4.268,2.378
1668254890435,2022-11-12T14:08:10.435,342.880,0.091,-4.970,2.256
1668254890475,2022-11-12T14:08:10.475,342.920,0.122,-6.372,2.165
1668254890515,2022-11-12T14:08:10.515,342.960,4.817,-9.756,0.854
1668254890555,2022-11-12T14:08:10.555,343.000,7.012,-11.982,1.037
1668254890595,2022-11-12T14:08:10.595,343.040,4.329,-12.165,-1.890
1668254890635,2022-11-12T14:08:10.635,343.080,-6.067,-12.957,0.030
1668254890675,2022-11-12T14:08:10.675,343.120,-13.384,-20.854,5.030
1668254890715,2022-11-12T14:08:10.715,343.160,-8.262,-20.945,4.665
1668254890755,2022-11-12T14:08:10.755,343.200,-1.250,-24.146,5.915
1668254890795,2022-11-12T14:08:10.795,343.240,-2.835,-17.927,3.902
1668254890835,2022-11-12T14:08:10.835,343.280,-0.884,-10.579,1.829
1668254890875,2022-11-12T14:08:10.875,343.320,2.226,-6.738,0.701
1668254890915,2022-11-12T14:08:10.915,343.360,7.287,-4.024,-0.549
1668254890955,2022-11-12T14:08:10.955,343.400,8.262,-5.976,-2.927
1668254890995,2022-11-12T14:08:10.995,343.440,7.226,-11.159,-2.378
1668254891035,2022-11-12T14:08:11.035,343.480,0.945,-9.817,-0.610
1668254891075,2022-11-12T14:08:11.075,343.520,-0.396,-8.902,0.549
1668254891115,2022-11-12T14:08:11.115,343.560,-0.488,-8.476,2.896
1668254891155,2022-11-12T14:08:11.155,343.600,2.530,-7.591,4.360
1668254891195,2022-11-12T14:08:11.195,343.640,1.982,-7.652,1.311
1668254891235,2022-11-12T14:08:11.235,343.680,1.037,-16.067,4.177
1668254891275,2022-11-12T14:08:11.275,343.720,3.110,-24.329,8.262
1668254891315,2022-11-12T14:08:11.315,343.760,1.280,-25.945,5.366
1668254891355,2022-11-12T14:08:11.355,343.800,-2.073,-35.000,9.024
1668254891395,2022-11-12T14:08:11.395,343.840,-4.909,-32.043,7.561
1668254891435,2022-11-12T14:08:11.435,343.880,-1.555,-14.634,2.896
1668254891475,2022-11-12T14:08:11.475,343.920,-2.896,-16.616,4.268
1668254891515,2022-11-12T14:08:11.515,343.960,-4.878,-14.329,0.854
1668254891555,2022-11-12T14:08:11.555,344.000,-1.646,-15.061,-2.134
1668254891595,2022-11-12T14:08:11.595,344.040,2.348,-26.280,2.866
1668254891635,2022-11-12T14:08:11.635,344.080,-2.988,-16.402,3.902
1668254891675,2022-11-12T14:08:11.675,344.120,-3.293,-4.268,-0.396
1668254891715,2022-11-12T14:08:11.715,344.160,-0.579,-13.232,2.439
1668254891755,2022-11-12T14:08:11.755,344.200,-0.335,-15.671,4.421
1668254891795,2022-11-12T14:08:11.795,344.240,0.122,-10.884,2.012
1668254891835,2022-11-12T14:08:11.835,344.280,0.274,-13.598,4.268
1668254891875,2022-11-12T14:08:11.875,344.320,1.921,-21.951,10.183
1668254891915,2022-11-12T14:08:11.915,344.360,1.585,-23.262,13.445
1668254891955,2022-11-12T14:08:11.955,344.400,-7.622,-13.963,7.896
1668254891995,2022-11-12T14:08:11.995,344.440,-2.012,-10.183,5.122
1668254892035,2022-11-12T14:08:12.035,344.480,-2.988,-10.152,4.085
1668254892075,2022-11-12T14:08:12.075,344.520,-0.915,-13.415,3.811
1668254892115,2022-11-12T14:08:12.115,344.560,2.988,-16.860,3.110
1668254892155,2022-11-12T14:08:12.155,344.600,0.762,-16.280,2.317
1668254892195,2022-11-12T14:08:12.195,344.640,-4.268,-19.055,2.165
1668254892235,2022-11-12T14:08:12.235,344.680,-6.768,-27.317,6.250
1668254892275,2022-11-12T14:08:12.275,344.720,-12.287,-23.628,8.384
1668254892315,2022-11-12T14:08:12.315,344.760,-10.854,-20.244,8.780
1668254892355,2022-11-12T14:08:12.355,344.800,-7.043,-23.415,8.872
1668254892395,2022-11-12T14:08:12.395,344.840,0.610,-20.854,5.122
1668254892435,2022-11-12T14:08:12.435,344.880,-3.079,-10.854,1.829
1668254892475,2022-11-12T14:08:12.475,344.920,-1.128,-12.226,1.555
1668254892515,2022-11-12T14:08:12.515,344.960,1.280,-19.329,3.171
1668254892555,2022-11-12T14:08:12.555,345.000,-1.555,-17.652,3.049
1668254892595,2022-11-12T14:08:12.595,345.040,-0.396,-13.079,2.835
1668254892635,2022-11-12T14:08:12.635,345.080,-1.829,-18.780,5.122
1668254892675,2022-11-12T14:08:12.675,345.120,-2.073,-28.110,6.555
1668254892715,2022-11-12T14:08:12.715,345.160,9.421,-37.927,6.585
1668254892755,2022-11-12T14:08:12.755,345.200,14.268,-47.896,8.201
1668254892795,2022-11-12T14:08:12.795,345.240,-0.793,-54.970,10.457
1668254892835,2022-11-12T14:08:12.835,345.280,-28.841,-43.902,9.451
1668254892875,2022-11-12T14:08:12.875,345.320,-13.506,-33.628,5.976
1668254892915,2022-11-12T14:08:12.915,345.360,-7.896,-25.640,6.372
1668254892955,2022-11-12T14:08:12.955,345.400,-7.561,-20.427,5.305
1668254892995,2022-11-12T14:08:12.995,345.440,-4.939,-16.463,2.835
1668254893035,2022-11-12T14:08:13.035,345.480,-11.280,-21.311,3.811
1668254893075,2022-11-12T14:08:13.075,345.520,-8.171,-36.433,6.616
1668254893115,2022-11-12T14:08:13.115,345.560,-2.988,-42.927,7.256
1668254893155,2022-11-12T14:08:13.155,345.600,-13.232,-39.024,7.470
1668254893195,2022-11-12T14:08:13.195,345.640,-11.799,-31.860,6.738
1668254893235,2022-11-12T14:08:13.235,345.680,-5.915,-29.207,7.988
1668254893275,2022-11-12T14:08:13.275,345.720,-6.707,-28.933,10.610
1668254893315,2022-11-12T14:08:13.315,345.760,-10.122,-20.213,8.537
1668254893355,2022-11-12T14:08:13.355,345.800,-8.659,-2.591,3.750
1668254893395,2022-11-12T14:08:13.395,345.840,2.957,6.037,1.280
1668254893435,2022-11-12T14:08:13.435,345.880,2.561,11.311,2.287
1668254893475,2022-11-12T14:08:13.475,345.920,-10.335,22.409,3.933
1668254893515,2022-11-12T14:08:13.515,345.960,2.226,26.860,5.122
1668254893555,2022-11-12T14:08:13.555,346.000,-7.409,29.146,5.274
1668254893595,2022-11-12T14:08:13.595,346.040,-3.171,18.994,3.598
1668254893635,2022-11-12T14:08:13.635,346.080,8.537,27.713,1.677
1668254893675,2022-11-12T14:08:13.675,346.120,-7.927,44.543,1.037
1668254893715,2022-11-12T14:08:13.715,346.160,2.652,39.665,-3.140
1668254893755,2022-11-12T14:08:13.755,346.200,12.317,36.555,-8.537
1668254893795,2022-11-12T14:08:13.795,346.240,3.262,27.805,-7.348
1668254893835,2022-11-12T14:08:13.835,346.280,-0.884,24.665,-6.799
1668254893875,2022-11-12T14:08:13.875,346.320,0.335,17.622,-5.823
1668254893915,2022-11-12T14:08:13.915,346.360,-2.439,16.829,-4.146
1668254893955,2022-11-12T14:08:13.955,346.400,-5.274,15.061,-6.280
1668254893995,2022-11-12T14:08:13.995,346.440,1.677,7.500,-3.293
1668254894035,2022-11-12T14:08:14.035,346.480,1.098,11.341,-2.134
1668254894075,2022-11-12T14:08:14.075,346.520,3.476,14.634,-5.213
1668254894115,2022-11-12T14:08:14.115,346.560,2.896,12.012,-5.701
1668254894155,2022-11-12T14:08:14.155,346.600,9.695,3.659,-4.207
1668254894195,2022-11-12T14:08:14.195,346.640,12.409,-1.616,-7.226
1668254894235,2022-11-12T14:08:14.235,346.680,9.543,-1.524,-10.488
1668254894275,2022-11-12T14:08:14.275,346.720,-3.963,1.585,-10.183
1668254894315,2022-11-12T14:08:14.315,346.760,-8.506,3.689,-8.232
1668254894355,2022-11-12T14:08:14.355,346.800,-0.518,-3.841,-1.707
1668254894395,2022-11-12T14:08:14.395,346.840,2.165,-4.909,1.677
1668254894435,2022-11-12T14:08:14.435,346.880,9.665,-5.396,1.402
1668254894475,2022-11-12T14:08:14.475,346.920,10.579,-7.439,5.183
1668254894515,2022-11-12T14:08:14.515,346.960,5.549,-7.043,5.457
1668254894555,2022-11-12T14:08:14.555,347.000,11.829,-7.073,4.482
1668254894595,2022-11-12T14:08:14.595,347.040,8.201,-3.872,2.012
1668254894635,2022-11-12T14:08:14.635,347.080,3.415,0.671,-1.159
1668254894675,2022-11-12T14:08:14.675,347.120,6.951,-4.055,-0.274
1668254894715,2022-11-12T14:08:14.715,347.160,13.933,-9.421,2.591
1668254894755,2022-11-12T14:08:14.755,347.200,13.201,-6.677,3.902
1668254894795,2022-11-12T14:08:14.795,347.240,16.860,-4.207,3.933
1668254894835,2022-11-12T14:08:14.835,347.280,20.518,-6.159,1.707
1668254894875,2022-11-12T14:08:14.875,347.320,25.701,-6.037,-1.616
1668254894915,2022-11-12T14:08:14.915,347.360,21.738,-6.189,1.402
1668254894955,2022-11-12T14:08:14.955,347.400,14.512,-4.055,1.159
1668254894995,2022-11-12T14:08:14.995,347.440,9.787,-6.707,2.927
1668254895035,2022-11-12T14:08:15.035,347.480,12.165,-13.018,5.671
1668254895075,2022-11-12T14:08:15.075,347.520,9.116,-21.189,4.909
1668254895115,2022-11-12T14:08:15.115,347.560,-3.963,-16.646,1.585
1668254895155,2022-11-12T14:08:15.155,347.600,-0.305,-7.652,-0.335
1668254895195,2022-11-12T14:08:15.195,347.640,6.067,-0.976,-0.762
1668254895235,2022-11-12T14:08:15.235,347.680,8.963,4.177,-1.829
1668254895275,2022-11-12T14:08:15.275,347.720,7.622,4.055,-0.427
1668254895315,2022-11-12T14:08:15.315,347.760,7.043,6.006,0.640
1668254895355,2022-11-12T14:08:15.355,347.800,9.817,9.116,-0.213
1668254895395,2022-11-12T14:08:15.395,347.840,7.591,7.774,0.915
1668254895435,2022-11-12T14:08:15.435,347.880,3.506,4.268,1.585
1668254895475,2022-11-12T14:08:15.475,347.920,3.506,1.494,0.091
1668254895515,2022-11-12T14:08:15.515,347.960,4.878,0.976,-0.945
1668254895555,2022-11-12T14:08:15.555,348.000,4.024,1.037,0.000
1668254895595,2022-11-12T14:08:15.595,348.040,4.726,0.488,0.488
1668254895635,2022-11-12T14:08:15.635,348.080,6.098,-0.884,-0.122
1668254895675,2022-11-12T14:08:15.675,348.120,5.152,-2.348,-0.335
1668254895715,2022-11-12T14:08:15.715,348.160,1.159,-0.701,0.244
1668254895755,2022-11-12T14:08:15.755,348.200,1.128,-0.091,0.762
1668254895795,2022-11-12T14:08:15.795,348.240,3.049,0.427,0.335
1668254895835,2022-11-12T14:08:15.835,348.280,3.476,0.488,-0.122
1668254895875,2022-11-12T14:08:15.875,348.320,3.110,-1.372,-1.159
1668254895915,2022-11-12T14:08:15.915,348.360,2.165,-1.524,-1.616
1668254895955,2022-11-12T14:08:15.955,348.400,2.683,-0.701,-1.555
1668254895995,2022-11-12T14:08:15.995,348.440,1.921,-0.884,-0.427
1668254896035,2022-11-12T14:08:16.035,348.480,0.762,0.030,0.305
1668254896075,2022-11-12T14:08:16.075,348.520,3.323,1.738,-0.945
1668254896115,2022-11-12T14:08:16.115,348.560,3.018,-1.098,-2.012
1668254896155,2022-11-12T14:08:16.155,348.600,0.823,1.494,-0.030
1668254896195,2022-11-12T14:08:16.195,348.640,4.573,3.079,-1.768
1668254896235,2022-11-12T14:08:16.235,348.680,0.976,1.037,0.244
1668254896275,2022-11-12T14:08:16.275,348.720,0.366,0.854,0.305
1668254896315,2022-11-12T14:08:16.315,348.760,1.128,0.305,0.579
1668254896355,2022-11-12T14:08:16.355,348.800,0.884,0.549,0.396
1668254896395,2022-11-12T14:08:16.395,348.840,-0.061,-2.012,0.305
1668254896435,2022-11-12T14:08:16.435,348.880,1.037,-0.854,0.213
1668254896475,2022-11-12T14:08:16.475,348.920,2.439,0.152,-0.366
1668254896515,2022-11-12T14:08:16.515,348.960,0.518,-1.250,0.518
1668254896555,2022-11-12T14:08:16.555,349.000,-0.823,-1.067,1.220
1668254896595,2022-11-12T14:08:16.595,349.040,0.640,-2.012,0.335
1668254896635,2022-11-12T14:08:16.635,349.080,0.396,-2.348,0.640
1668254896675,2022-11-12T14:08:16.675,349.120,-0.183,-1.402,0.610
1668254896715,2022-11-12T14:08:16.715,349.160,1.585,-0.213,-0.427
1668254896755,2022-11-12T14:08:16.755,349.200,1.616,-0.274,-0.427
1668254896795,2022-11-12T14:08:16.795,349.240,0.732,-0.335,0.061
1668254896835,2022-11-12T14:08:16.835,349.280,1.098,-0.152,-0.122
1668254896875,2022-11-12T14:08:16.875,349.320,1.372,-0.457,-0.122
1668254896915,2022-11-12T14:08:16.915,349.360,1.037,-0.488,0.091
1668254896955,2022-11-12T14:08:16.955,349.400,0.976,0.152,0.152
1668254896995,2022-11-12T14:08:16.995,349.440,1.799,0.061,-0.427
1668254897035,2022-11-12T14:08:17.035,349.480,1.555,-0.335,-0.152
1668254897075,2022-11-12T14:08:17.075,349.520,1.220,0.061,0.335
1668254897115,2022-11-12T14:08:17.115,349.560,1.524,0.122,0.152
1668254897155,2022-11-12T14:08:17.155,349.600,1.433,-0.915,-0.030
1668254897195,2022-11-12T14:08:17.195,349.640,1.768,-0.518,-0.335
1668254897235,2022-11-12T14:08:17.235,349.680,2.134,-0.091,-0.549
1668254897275,2022-11-12T14:08:17.275,349.720,1.646,-0.091,-0.122
1668254897315,2022-11-12T14:08:17.315,349.760,1.646,-0.396,-0.213
1668254897355,2022-11-12T14:08:17.355,349.800,1.768,-0.945,-0.549
1668254897395,2022-11-12T14:08:17.395,349.840,1.189,-0.701,-0.091
1668254897435,2022-11-12T14:08:17.435,349.880,0.976,-1.128,-0.183
1668254897475,2022-11-12T14:08:17.475,349.920,0.945,-1.646,-1.067
1668254897515,2022-11-12T14:08:17.515,349.960,0.732,-1.037,-1.098
1668254897555,2022-11-12T14:08:17.555,350.000,1.646,-0.366,-0.854
1668254897595,2022-11-12T14:08:17.595,350.040,1.220,-0.122,0.061
1668254897635,2022-11-12T14:08:17.635,350.080,0.762,-0.030,0.518
1668254897675,2022-11-12T14:08:17.675,350.120,1.616,-0.671,-0.335
1668254897715,2022-11-12T14:08:17.715,350.160,1.220,-0.396,-0.091
1668254897755,2022-11-12T14:08:17.755,350.200,1.341,0.061,0.244
1668254897795,2022-11-12T14:08:17.795,350.240,1.463,-0.823,-0.213
1668254897835,2022-11-12T14:08:17.835,350.280,0.976,-0.579,-0.366
1668254897875,2022-11-12T14:08:17.875,350.320,1.280,-0.366,-0.366
1668254897915,2022-11-12T14:08:17.915,350.360,1.189,-0.213,0.244
1668254897955,2022-11-12T14:08:17.955,350.400,0.915,-0.183,0.549
1668254897995,2022-11-12T14:08:17.995,350.440,1.311,-0.274,0.000
1668254898035,2022-11-12T14:08:18.035,350.480,1.402,-0.030,-0.335
1668254898075,2022-11-12T14:08:18.075,350.520,1.128,-0.244,-0.183
1668254898115,2022-11-12T14:08:18.115,350.560,1.159,-0.183,-0.061
1668254898155,2022-11-12T14:08:18.155,350.600,1.159,-0.213,-0.091
1668254898195,2022-11-12T14:08:18.195,350.640,0.823,-0.091,-0.030
1668254898235,2022-11-12T14:08:18.235,350.680,0.854,0.091,0.061
1668254898275,2022-11-12T14:08:18.275,350.720,0.884,-0.152,0.183
1668254898315,2022-11-12T14:08:18.315,350.760,0.671,-0.152,0.030
1668254898355,2022-11-12T14:08:18.355,350.800,0.823,-0.244,-0.061
1668254898395,2022-11-12T14:08:18.395,350.840,1.159,-0.152,-0.305
1668254898435,2022-11-12T14:08:18.435,350.880,0.915,-0.030,0.061
1668254898475,2022-11-12T14:08:18.475,350.920,0.488,-0.335,0.335
1668254898515,2022-11-12T14:08:18.515,350.960,0.793,-1.006,-0.091
1668254898555,2022-11-12T14:08:18.555,351.000,0.549,-1.463,0.000
1668254898595,2022-11-12T14:08:18.595,351.040,0.762,-0.823,0.183
1668254898635,2022-11-12T14:08:18.635,351.080,0.701,0.122,0.396
1668254898675,2022-11-12T14:08:18.675,351.120,1.280,0.366,-0.152
1668254898715,2022-11-12T14:08:18.715,351.160,1.677,0.213,-0.579
1668254898755,2022-11-12T14:08:18.755,351.200,1.037,-0.152,-0.061
1668254898795,2022-11-12T14:08:18.795,351.240,1.098,-0.152,0.000
1668254898835,2022-11-12T14:08:18.835,351.280,0.610,0.091,0.274
1668254898875,2022-11-12T14:08:18.875,351.320,0.671,0.000,0.244
1668254898915,2022-11-12T14:08:18.915,351.360,1.128,-0.152,-0.183
1668254898955,2022-11-12T14:08:18.955,351.400,0.793,-0.244,-0.030
1668254898995,2022-11-12T14:08:18.995,351.440,0.610,-0.488,0.183
1668254899035,2022-11-12T14:08:19.035,351.480,0.457,-0.457,0.152
1668254899075,2022-11-12T14:08:19.075,351.520,0.884,-0.335,-0.061
1668254899115,2022-11-12T14:08:19.115,351.560,0.884,-0.427,-0.152
1668254899155,2022-11-12T14:08:19.155,351.600,0.732,-0.122,-0.091
1668254899195,2022-11-12T14:08:19.195,351.640,0.884,0.030,0.091
1668254899235,2022-11-12T14:08:19.235,351.680,0.701,-0.244,0.244
1668254899275,2022-11-12T14:08:19.275,351.720,0.854,-0.335,-0.091
1668254899315,2022-11-12T14:08:19.315,351.760,1.037,-0.152,-0.366
1668254899355,2022-11-12T14:08:19.355,351.800,0.823,0.030,-0.091
1668254899395,2022-11-12T14:08:19.395,351.840,0.854,-0.061,0.122
1668254899435,2022-11-12T14:08:19.435,351.880,0.732,-0.152,0.152
1668254899475,2022-11-12T14:08:19.475,351.920,0.793,-0.061,0.030
1668254899515,2022-11-12T14:08:19.515,351.960,0.915,-0.396,-0.183
1668254899555,2022-11-12T14:08:19.555,352.000,0.793,-0.244,0.000
1668254899595,2022-11-12T14:08:19.595,352.040,0.518,0.091,0.183
1668254899635,2022-11-12T14:08:19.635,352.080,0.518,0.030,0.305
1668254899675,2022-11-12T14:08:19.675,352.120,0.671,-0.213,0.000
1668254899715,2022-11-12T14:08:19.715,352.160,0.976,-0.396,-0.213
1668254899755,2022-11-12T14:08:19.755,352.200,1.189,-0.091,-0.183
1668254899795,2022-11-12T14:08:19.795,352.240,0.945,-0.244,0.061
1668254899835,2022-11-12T14:08:19.835,352.280,0.732,-0.366,0.183
1668254899875,2022-11-12T14:08:19.875,352.320,1.128,-0.335,-0.244
1668254899915,2022-11-12T14:08:19.915,352.360,1.037,-0.244,-0.122
1668254899955,2022-11-12T14:08:19.955,352.400,0.610,0.152,0.244
1668254899995,2022-11-12T14:08:19.995,352.440,0.884,-0.030,0.030
1668254900035,2022-11-12T14:08:20.035,352.480,0.823,-0.549,0.122
1668254900075,2022-11-12T14:08:20.075,352.520,0.823,-0.335,0.000
1668254900115,2022-11-12T14:08:20.115,352.560,1.220,-0.213,-0.335
1668254900155,2022-11-12T14:08:20.155,352.600,0.457,-0.213,0.305
1668254900195,2022-11-12T14:08:20.195,352.640,0.701,-0.274,0.030
1668254900235,2022-11-12T14:08:20.235,352.680,1.098,-0.823,-0.152
1668254900275,2022-11-12T14:08:20.275,352.720,0.579,-0.183,0.183
1668254900315,2022-11-12T14:08:20.315,352.760,0.854,0.274,0.122
1668254900355,2022-11-12T14:08:20.355,352.800,0.884,-0.244,0.183
1668254900395,2022-11-12T14:08:20.395,352.840,0.945,-0.366,-0.183
1668254900435,2022-11-12T14:08:20.435,352.880,0.976,-0.244,-0.152
1668254900475,2022-11-12T14:08:20.475,352.920,0.701,-0.183,0.274
1668254900515,2022-11-12T14:08:20.515,352.960,0.823,-0.091,0.274
1668254900555,2022-11-12T14:08:20.555,353.000,1.372,-0.274,-0.274
1668254900595,2022-11-12T14:08:20.595,353.040,0.945,-0.183,-0.091
1668254900635,2022-11-12T14:08:20.635,353.080,0.640,0.122,0.335
1668254900675,2022-11-12T14:08:20.675,353.120,0.915,-0.549,0.152
1668254900715,2022-11-12T14:08:20.715,353.160,1.189,-0.823,-0.335
1668254900755,2022-11-12T14:08:20.755,353.200,0.884,-0.122,-0.244
1668254900795,2022-11-12T14:08:20.795,353.240,0.793,-0.091,0.213
1668254900835,2022-11-12T14:08:20.835,353.280,0.762,-0.427,0.183
1668254900875,2022-11-12T14:08:20.875,353.320,0.915,-0.518,-0.152
1668254900915,2022-11-12T14:08:20.915,353.360,1.037,-0.213,-0.122
1668254900955,2022-11-12T14:08:20.955,353.400,0.945,0.244,0.152
1668254900995,2022-11-12T14:08:20.995,353.440,0.762,-0.213,0.122
1668254901035,2022-11-12T14:08:21.035,353.480,0.945,-0.549,-0.152
1668254901075,2022-11-12T14:08:21.075,353.520,0.732,-0.366,0.152
1668254901115,2022-11-12T14:08:21.115,353.560,0.976,-0.427,0.122
1668254901155,2022-11-12T14:08:21.155,353.600,1.098,-0.457,-0.091
1668254901195,2022-11-12T14:08:21.195,353.640,0.671,-0.091,-0.030
1668254901235,2022-11-12T14:08:21.235,353.680,0.610,-0.030,0.061
1668254901275,2022-11-12T14:08:21.275,353.720,0.640,-0.244,0.244
1668254901315,2022-11-12T14:08:21.315,353.760,1.037,-0.457,-0.030
1668254901355,2022-11-12T14:08:21.355,353.800,1.220,-0.305,-0.122
1668254901395,2022-11-12T14:08:21.395,353.840,1.280,0.091,-0.244
1668254901435,2022-11-12T14:08:21.435,353.880,0.915,0.366,0.030
1668254901475,2022-11-12T14:08:21.475,353.920,0.976,-0.213,-0.061
1668254901515,2022-11-12T14:08:21.515,353.960,0.701,-0.579,0.061
1668254901555,2022-11-12T14:08:21.555,354.000,0.945,-0.091,-0.061
1668254901595,2022-11-12T14:08:21.595,354.040,0.884,0.183,0.061
1668254901635,2022-11-12T14:08:21.635,354.080,0.671,0.000,0.030
1668254901675,2022-11-12T14:08:21.675,354.120,0.976,-0.335,-0.183
1668254901715,2022-11-12T14:08:21.715,354.160,1.098,-0.274,-0.091
1668254901755,2022-11-12T14:08:21.755,354.200,0.854,-0.122,-0.091
1668254901795,2022-11-12T14:08:21.795,354.240,0.732,0.061,-0.030
1668254901835,2022-11-12T14:08:21.835,354.280,0.945,0.091,-0.030
1668254901875,2022-11-12T14:08:21.875,354.320,0.762,-0.274,0.122
1668254901915,2022-11-12T14:08:21.915,354.360,0.915,-0.183,0.061
1668254901955,2022-11-12T14:08:21.955,354.400,0.793,0.000,0.030
1668254901995,2022-11-12T14:08:21.995,354.440,0.823,-0.152,-0.030
1668254902035,2022-11-12T14:08:22.035,354.480,0.854,-0.183,-0.030
1668254902075,2022-11-12T14:08:22.075,354.520,0.884,-0.183,-0.122
1668254902115,2022-11-12T14:08:22.115,354.560,0.854,0.030,0.000
1668254902155,2022-11-12T14:08:22.155,354.600,0.762,0.030,0.183
1668254902195,2022-11-12T14:08:22.195,354.640,0.976,-0.244,-0.183
1668254902235,2022-11-12T14:08:22.235,354.680,0.854,-0.335,-0.091
1668254902275,2022-11-12T14:08:22.275,354.720,0.762,-0.274,0.030
1668254902315,2022-11-12T14:08:22.315,354.760,0.640,-0.518,0.000
1668254902355,2022-11-12T14:08:22.355,354.800,0.640,-0.854,-0.030
1668254902395,2022-11-12T14:08:22.395,354.840,0.793,-0.671,-0.061
1668254902435,2022-11-12T14:08:22.435,354.880,1.006,-0.244,-0.213
1668254902475,2022-11-12T14:08:22.475,354.920,1.037,-0.305,-0.244
1668254902515,2022-11-12T14:08:22.515,354.960,0.732,-0.061,0.000
1668254902555,2022-11-12T14:08:22.555,355.000,1.220,-0.122,-0.183
1668254902595,2022-11-12T14:08:22.595,355.040,0.793,-0.396,0.152
1668254902635,2022-11-12T14:08:22.635,355.080,0.854,-0.183,0.091
1668254902675,2022-11-12T14:08:22.675,355.120,1.098,0.061,-0.183
1668254902715,2022-11-12T14:08:22.715,355.160,0.671,-0.091,0.183
1668254902755,2022-11-12T14:08:22.755,355.200,0.762,-0.366,0.122
1668254902795,2022-11-12T14:08:22.795,355.240,0.793,-0.274,0.000
1668254902835,2022-11-12T14:08:22.835,355.280,0.732,0.030,-0.061
1668254902875,2022-11-12T14:08:22.875,355.320,0.854,-0.244,0.030
1668254902915,2022-11-12T14:08:22.915,355.360,0.549,-0.396,0.152
1668254902955,2022-11-12T14:08:22.955,355.400,0.732,-0.274,-0.030
1668254902995,2022-11-12T14:08:22.995,355.440,0.884,-0.488,0.152
1668254903035,2022-11-12T14:08:23.035,355.480,1.159,-0.396,-0.030
1668254903075,2022-11-12T14:08:23.075,355.520,0.945,-0.122,0.000
1668254903115,2022-11-12T14:08:23.115,355.560,0.884,0.000,0.091
1668254903155,2022-11-12T14:08:23.155,355.600,0.549,-0.091,0.183
1668254903195,2022-11-12T14:08:23.195,355.640,0.732,-0.518,0.030
1668254903235,2022-11-12T14:08:23.235,355.680,0.915,-0.396,-0.183
1668254903275,2022-11-12T14:08:23.275,355.720,0.732,0.030,0.213
1668254903315,2022-11-12T14:08:23.315,355.760,0.823,-0.061,0.183
1668254903355,2022-11-12T14:08:23.355,355.800,0.884,-0.183,-0.030
1668254903395,2022-11-12T14:08:23.395,355.840,1.037,-0.122,-0.122
1668254903435,2022-11-12T14:08:23.435,355.880,1.006,-0.244,-0.061
1668254903475,2022-11-12T14:08:23.475,355.920,0.823,-0.061,0.091
1668254903515,2022-11-12T14:08:23.515,355.960,1.037,-0.183,-0.061
1668254903555,2022-11-12T14:08:23.555,356.000,1.098,-0.274,-0.244
1668254903595,2022-11-12T14:08:23.595,356.040,0.762,0.122,0.030
1668254903635,2022-11-12T14:08:23.635,356.080,0.549,0.030,0.244
1668254903675,2022-11-12T14:08:23.675,356.120,0.396,-0.701,0.274
1668254903715,2022-11-12T14:08:23.715,356.160,0.640,-0.488,0.091
1668254903755,2022-11-12T14:08:23.755,356.200,0.945,0.213,0.152
1668254903795,2022-11-12T14:08:23.795,356.240,0.976,0.183,0.183
1668254903835,2022-11-12T14:08:23.835,356.280,1.128,-0.396,-0.427
1668254903875,2022-11-12T14:08:23.875,356.320,0.884,-0.823,-0.335
1668254903915,2022-11-12T14:08:23.915,356.360,0.396,-0.305,0.366
1668254903955,2022-11-12T14:08:23.955,356.400,0.579,-0.122,0.457
1668254903995,2022-11-12T14:08:23.995,356.440,0.823,-0.122,0.000
1668254904035,2022-11-12T14:08:24.035,356.480,1.189,-0.366,-0.396
1668254904075,2022-11-12T14:08:24.075,356.520,0.823,-0.152,0.213
1668254904115,2022-11-12T14:08:24.115,356.560,0.366,-0.091,0.762
1668254904155,2022-11-12T14:08:24.155,356.600,0.579,-0.488,0.305
1668254904195,2022-11-12T14:08:24.195,356.640,1.128,-0.640,-0.427
1668254904235,2022-11-12T14:08:24.235,356.680,0.732,-0.427,0.122
1668254904275,2022-11-12T14:08:24.275,356.720,0.945,-0.244,0.061
1668254904315,2022-11-12T14:08:24.315,356.760,1.006,-0.213,-0.183
1668254904355,2022-11-12T14:08:24.355,356.800,0.915,-0.122,-0.152
1668254904395,2022-11-12T14:08:24.395,356.840,0.793,-0.274,0.152
1668254904435,2022-11-12T14:08:24.435,356.880,0.640,-0.579,0.274
1668254904475,2022-11-12T14:08:24.475,356.920,0.945,-0.366,-0.122
1668254904515,2022-11-12T14:08:24.515,356.960,0.823,0.000,0.030
1668254904555,2022-11-12T14:08:24.555,357.000,1.128,-0.183,0.030
1668254904595,2022-11-12T14:08:24.595,357.040,1.067,-0.366,0.030
1668254904635,2022-11-12T14:08:24.635,357.080,1.159,-0.061,-0.183
1668254904675,2022-11-12T14:08:24.675,357.120,0.823,-0.061,0.122
1668254904715,2022-11-12T14:08:24.715,357.160,0.854,-0.152,0.122
1668254904755,2022-11-12T14:08:24.755,357.200,1.006,-0.213,-0.122
1668254904795,2022-11-12T14:08:24.795,357.240,0.793,-0.152,0.183
1668254904835,2022-11-12T14:08:24.835,357.280,0.854,-0.061,0.213
1668254904875,2022-11-12T14:08:24.875,357.320,1.280,-0.305,-0.213
1668254904915,2022-11-12T14:08:24.915,357.360,1.067,-0.305,0.000
1668254904955,2022-11-12T14:08:24.955,357.400,0.854,-0.122,-0.030
1668254904995,2022-11-12T14:08:24.995,357.440,0.671,-0.122,0.091
1668254905035,2022-11-12T14:08:25.035,357.480,0.823,-0.030,0.091
1668254905075,2022-11-12T14:08:25.075,357.520,1.098,-0.274,-0.152
1668254905115,2022-11-12T14:08:25.115,357.560,1.006,-0.274,-0.061
1668254905155,2022-11-12T14:08:25.155,357.600,1.006,0.152,-0.091
1668254905195,2022-11-12T14:08:25.195,357.640,1.037,-0.061,-0.183
1668254905235,2022-11-12T14:08:25.235,357.680,0.793,-0.335,-0.335
1668254905275,2022-11-12T14:08:25.275,357.720,1.037,-0.640,-0.732
1668254905315,2022-11-12T14:08:25.315,357.760,1.311,-0.122,-0.518
1668254905355,2022-11-12T14:08:25.355,357.800,0.823,0.244,0.366
1668254905395,2022-11-12T14:08:25.395,357.840,0.732,0.030,0.335
1668254905435,2022-11-12T14:08:25.435,357.880,1.189,-0.152,-0.335
1668254905475,2022-11-12T14:08:25.475,357.920,0.915,-0.305,-0.122
1668254905515,2022-11-12T14:08:25.515,357.960,0.518,-0.061,0.427
1668254905555,2022-11-12T14:08:25.555,358.000,0.823,-0.061,0.152
1668254905595,2022-11-12T14:08:25.595,358.040,1.067,-0.457,-0.091
1668254905635,2022-11-12T14:08:25.635,358.080,0.854,-0.152,0.152
1668254905675,2022-11-12T14:08:25.675,358.120,1.006,0.122,0.091
1668254905715,2022-11-12T14:08:25.715,358.160,0.823,-0.152,0.183
1668254905755,2022-11-12T14:08:25.755,358.200,1.006,-0.427,-0.122
1668254905795,2022-11-12T14:08:25.795,358.240,0.854,-0.274,-0.091
1668254905835,2022-11-12T14:08:25.835,358.280,0.793,-0.030,0.030
1668254905875,2022-11-12T14:08:25.875,358.320,0.854,-0.213,0.000
1668254905915,2022-11-12T14:08:25.915,358.360,0.793,-0.366,-0.061
1668254905955,2022-11-12T14:08:25.955,358.400,1.006,0.061,-0.152
1668254905995,2022-11-12T14:08:25.995,358.440,1.067,0.000,0.030
1668254906035,2022-11-12T14:08:26.035,358.480,0.915,-0.061,-0.030
1668254906075,2022-11-12T14:08:26.075,358.520,1.128,-0.213,-0.244
1668254906115,2022-11-12T14:08:26.115,358.560,0.640,-0.213,0.244
1668254906155,2022-11-12T14:08:26.155,358.600,0.610,-0.122,0.213
1668254906195,2022-11-12T14:08:26.195,358.640,1.006,-0.213,-0.091
1668254906235,2022-11-12T14:08:26.235,358.680,0.945,-0.213,-0.030
1668254906275,2022-11-12T14:08:26.275,358.720,0.640,-0.274,0.091
1668254906315,2022-11-12T14:08:26.315,358.760,0.579,-0.122,0.091
1668254906355,2022-11-12T14:08:26.355,358.800,0.396,-0.244,-0.091
1668254906395,2022-11-12T14:08:26.395,358.840,0.671,-0.274,-0.427
1668254906435,2022-11-12T14:08:26.435,358.880,1.128,-0.061,-0.427
1668254906475,2022-11-12T14:08:26.475,358.920,0.945,0.183,0.000
1668254906515,2022-11-12T14:08:26.515,358.960,0.762,-0.030,0.091
1668254906555,2022-11-12T14:08:26.555,359.000,1.037,-0.366,-0.152
1668254906595,2022-11-12T14:08:26.595,359.040,1.006,0.000,-0.152
1668254906635,2022-11-12T14:08:26.635,359.080,0.793,0.213,-0.030
1668254906675,2022-11-12T14:08:26.675,359.120,0.976,0.061,-0.122
1668254906715,2022-11-12T14:08:26.715,359.160,1.098,-0.061,-0.305
1668254906755,2022-11-12T14:08:26.755,359.200,0.915,0.030,-0.061
1668254906795,2022-11-12T14:08:26.795,359.240,0.793,0.061,0.152
1668254906835,2022-11-12T14:08:26.835,359.280,0.976,-0.152,-0.091
1668254906875,2022-11-12T14:08:26.875,359.320,0.945,-0.244,-0.091
1668254906915,2022-11-12T14:08:26.915,359.360,0.823,0.030,0.061
1668254906955,2022-11-12T14:08:26.955,359.400,0.762,-0.061,0.000
1668254906995,2022-11-12T14:08:26.995,359.440,0.762,-0.518,0.000
1668254907035,2022-11-12T14:08:27.035,359.480,0.640,-0.305,0.030
1668254907075,2022-11-12T14:08:27.075,359.520,0.854,-0.213,-0.030
1668254907115,2022-11-12T14:08:27.115,359.560,0.762,-0.274,-0.061
1668254907155,2022-11-12T14:08:27.155,359.600,0.884,-0.274,-0.152
1668254907195,2022-11-12T14:08:27.195,359.640,0.945,-0.122,0.000
1668254907235,2022-11-12T14:08:27.235,359.680,0.762,0.000,0.122
1668254907275,2022-11-12T14:08:27.275,359.720,0.854,-0.274,-0.091
1668254907315,2022-11-12T14:08:27.315,359.760,0.854,-0.244,-0.061
1668254907355,2022-11-12T14:08:27.355,359.800,0.762,-0.152,0.030
1668254907395,2022-11-12T14:08:27.395,359.840,0.701,-0.122,0.122
1668254907435,2022-11-12T14:08:27.435,359.880,0.762,-0.183,0.030
1668254907475,2022-11-12T14:08:27.475,359.920,0.884,-0.366,-0.122
1668254907515,2022-11-12T14:08:27.515,359.960,0.823,-0.091,0.030
1668254907555,2022-11-12T14:08:27.555,360.000,0.915,0.061,-0.061
1668254907595,2022-11-12T14:08:27.595,360.040,0.793,-0.183,0.030
1668254907635,2022-11-12T14:08:27.635,360.080,0.884,-0.366,0.091
1668254907675,2022-11-12T14:08:27.675,360.120,1.006,-0.305,-0.030
1668254907715,2022-11-12T14:08:27.715,360.160,0.762,-0.213,0.030
1668254907755,2022-11-12T14:08:27.755,360.200,0.793,-0.213,0.061
1668254907795,2022-11-12T14:08:27.795,360.240,0.884,-0.488,0.061
1668254907835,2022-11-12T14:08:27.835,360.280,0.793,-0.366,0.030
1668254907875,2022-11-12T14:08:27.875,360.320,0.884,-0.122,-0.122
1668254907915,2022-11-12T14:08:27.915,360.360,0.762,-0.213,0.122
1668254907955,2022-11-12T14:08:27.955,360.400,0.854,-0.183,0.061
1668254907995,2022-11-12T14:08:27.995,360.440,0.884,-0.152,-0.030
1668254908035,2022-11-12T14:08:28.035,360.480,0.915,-0.122,0.030
1668254908075,2022-11-12T14:08:28.075,360.520,0.732,-0.183,0.030
1668254908115,2022-11-12T14:08:28.115,360.560,1.006,-0.122,-0.213
1668254908155,2022-11-12T14:08:28.155,360.600,0.732,0.183,0.274
1668254908195,2022-11-12T14:08:28.195,360.640,0.976,0.244,0.152
1668254908235,2022-11-12T14:08:28.235,360.680,1.220,-0.091,-0.213
1668254908275,2022-11-12T14:08:28.275,360.720,0.701,-0.366,0.091
1668254908315,2022-11-12T14:08:28.315,360.760,0.610,-0.427,0.335
1668254908355,2022-11-12T14:08:28.355,360.800,0.732,-0.244,0.061
1668254908395,2022-11-12T14:08:28.395,360.840,1.128,-0.518,0.091
1668254908435,2022-11-12T14:08:28.435,360.880,1.372,-0.396,-0.152
1668254908475,2022-11-12T14:08:28.475,360.920,1.341,-0.244,-0.061
1668254908515,2022-11-12T14:08:28.515,360.960,0.488,-0.640,0.549
1668254908555,2022-11-12T14:08:28.555,361.000,0.610,-0.396,0.396
1668254908595,2022-11-12T14:08:28.595,361.040,0.640,-0.183,0.244
1668254908635,2022-11-12T14:08:28.635,361.080,0.488,-0.213,0.335
1668254908675,2022-11-12T14:08:28.675,361.120,0.823,-0.213,-0.061
1668254908715,2022-11-12T14:08:28.715,361.160,0.549,-0.335,0.091
1668254908755,2022-11-12T14:08:28.755,361.200,0.427,-0.488,0.335
1668254908795,2022-11-12T14:08:28.795,361.240,0.762,-0.762,-0.091
1668254908835,2022-11-12T14:08:28.835,361.280,0.640,-0.488,-0.030
1668254908875,2022-11-12T14:08:28.875,361.320,0.915,-0.122,-0.061
1668254908915,2022-11-12T14:08:28.915,361.360,1.006,-0.091,0.091
1668254908955,2022-11-12T14:08:28.955,361.400,1.220,0.061,0.061
1668254908995,2022-11-12T14:08:28.995,361.440,1.463,0.152,-0.152
1668254909035,2022-11-12T14:08:29.035,361.480,1.159,0.244,0.000
1668254909075,2022-11-12T14:08:29.075,361.520,1.220,0.183,-0.122
1668254909115,2022-11-12T14:08:29.115,361.560,1.372,0.518,-0.396
1668254909155,2022-11-12T14:08:29.155,361.600,1.524,-0.061,-0.305
1668254909195,2022-11-12T14:08:29.195,361.640,0.701,-0.610,0.396
1668254909235,2022-11-12T14:08:29.235,361.680,0.976,-0.152,0.091
1668254909275,2022-11-12T14:08:29.275,361.720,1.829,0.244,-0.183
1668254909315,2022-11-12T14:08:29.315,361.760,1.494,0.335,0.274
1668254909355,2022-11-12T14:08:29.355,361.800,1.311,-0.091,0.183
1668254909395,2022-11-12T14:08:29.395,361.840,1.494,-0.152,-0.305
1668254909435,2022-11-12T14:08:29.435,361.880,1.220,-0.030,-0.152
1668254909475,2022-11-12T14:08:29.475,361.920,0.884,0.030,0.305
1668254909515,2022-11-12T14:08:29.515,361.960,1.006,-0.183,0.152
1668254909555,2022-11-12T14:08:29.555,362.000,1.098,-0.610,-0.183
1668254909595,2022-11-12T14:08:29.595,362.040,1.037,-0.244,-0.091
1668254909635,2022-11-12T14:08:29.635,362.080,1.037,-0.061,0.152
1668254909675,2022-11-12T14:08:29.675,362.120,0.976,-0.427,0.122
1668254909715,2022-11-12T14:08:29.715,362.160,1.311,-0.213,-0.152
1668254909755,2022-11-12T14:08:29.755,362.200,1.250,0.427,0.152
1668254909795,2022-11-12T14:08:29.795,362.240,0.701,0.396,0.793
1668254909835,2022-11-12T14:08:29.835,362.280,0.884,-0.030,0.152
1668254909875,2022-11-12T14:08:29.875,362.320,1.250,-0.244,-0.579
1668254909915,2022-11-12T14:08:29.915,362.360,1.189,-0.518,-0.122
1668254909955,2022-11-12T14:08:29.955,362.400,0.610,-0.183,0.640
1668254909995,2022-11-12T14:08:29.995,362.440,0.945,-0.366,0.152
1668254910035,2022-11-12T14:08:30.035,362.480,0.945,-1.067,-0.305
1668254910075,2022-11-12T14:08:30.075,362.520,0.732,-0.457,0.091
1668254910115,2022-11-12T14:08:30.115,362.560,0.915,0.000,0.152
1668254910155,2022-11-12T14:08:30.155,362.600,0.671,0.213,0.335
1668254910195,2022-11-12T14:08:30.195,362.640,1.189,0.915,0.335
1668254910235,2022-11-12T14:08:30.235,362.680,1.220,0.579,0.518
1668254910275,2022-11-12T14:08:30.275,362.720,1.037,-0.549,0.244
1668254910315,2022-11-12T14:08:30.315,362.760,1.372,-1.585,-0.488
1668254910355,2022-11-12T14:08:30.355,362.800,0.396,-1.646,-0.488
1668254910395,2022-11-12T14:08:30.395,362.840,-0.427,-0.823,-0.945
1668254910435,2022-11-12T14:08:30.435,362.880,0.244,-1.280,-1.768
1668254910475,2022-11-12T14:08:30.475,362.920,-0.183,-0.213,-0.183
1668254910515,2022-11-12T14:08:30.515,362.960,0.518,0.244,0.061
1668254910555,2022-11-12T14:08:30.555,363.000,-0.152,-0.244,0.488
1668254910595,2022-11-12T14:08:30.595,363.040,-0.305,-0.061,0.396
1668254910635,2022-11-12T14:08:30.635,363.080,0.884,-0.213,-0.488
1668254910675,2022-11-12T14:08:30.675,363.120,0.671,0.183,-0.152
1668254910715,2022-11-12T14:08:30.715,363.160,0.335,0.305,0.305
1668254910755,2022-11-12T14:08:30.755,363.200,0.915,0.000,-0.183
1668254910795,2022-11-12T14:08:30.795,363.240,0.915,0.213,-0.427
1668254910835,2022-11-12T14:08:30.835,363.280,0.884,-0.518,-0.884
1668254910875,2022-11-12T14:08:30.875,363.320,1.677,-0.854,-1.707
1668254910915,2022-11-12T14:08:30.915,363.360,0.884,0.518,0.000
1668254910955,2022-11-12T14:08:30.955,363.400,0.671,1.220,1.280
1668254910995,2022-11-12T14:08:30.995,363.440,1.646,0.152,-0.183
1668254911035,2022-11-12T14:08:31.035,363.480,0.976,-0.457,-0.366
1668254911075,2022-11-12T14:08:31.075,363.520,0.854,-0.183,-0.030
1668254911115,2022-11-12T14:08:31.115,363.560,0.701,0.000,0.305
1668254911155,2022-11-12T14:08:31.155,363.600,0.366,-0.366,0.091
1668254911195,2022-11-12T14:08:31.195,363.640,0.244,-0.305,-0.305
1668254911235,2022-11-12T14:08:31.235,363.680,0.640,0.061,-0.518
1668254911275,2022-11-12T14:08:31.275,363.720,0.152,-0.152,0.366
1668254911315,2022-11-12T14:08:31.315,363.760,0.183,-0.274,0.579
1668254911355,2022-11-12T14:08:31.355,363.800,0.915,0.030,-0.061
1668254911395,2022-11-12T14:08:31.395,363.840,1.372,-0.305,-0.610
1668254911435,2022-11-12T14:08:31.435,363.880,0.396,-0.732,0.030
1668254911475,2022-11-12T14:08:31.475,363.920,-0.366,-0.213,0.122
1668254911515,2022-11-12T14:08:31.515,363.960,0.915,0.457,-0.457
1668254911555,2022-11-12T14:08:31.555,364.000,-0.061,-0.213,1.006
1668254911595,2022-11-12T14:08:31.595,364.040,0.671,-0.091,0.976
1668254911635,2022-11-12T14:08:31.635,364.080,2.500,-0.884,-0.884
1668254911675,2022-11-12T14:08:31.675,364.120,1.982,-1.280,-0.854
1668254911715,2022-11-12T14:08:31.715,364.160,2.226,-0.335,-0.945
1668254911755,2022-11-12T14:08:31.755,364.200,1.402,-0.335,-0.244
1668254911795,2022-11-12T14:08:31.795,364.240,0.366,-0.152,0.579
1668254911835,2022-11-12T14:08:31.835,364.280,0.549,0.030,0.396
1668254911875,2022-11-12T14:08:31.875,364.320,0.396,0.030,0.793
1668254911915,2022-11-12T14:08:31.915,364.360,0.579,0.061,0.671
1668254911955,2022-11-12T14:08:31.955,364.400,0.488,-1.402,-0.122
1668254911995,2022-11-12T14:08:31.995,364.440,-0.183,-1.524,0.152
1668254912035,2022-11-12T14:08:32.035,364.480,-1.341,-0.518,1.311
1668254912075,2022-11-12T14:08:32.075,364.520,-0.366,0.366,0.976
1668254912115,2022-11-12T14:08:32.115,364.560,0.183,0.305,0.610
1668254912155,2022-11-12T14:08:32.155,364.600,0.274,-0.701,-0.152
1668254912195,2022-11-12T14:08:32.195,364.640,0.915,-0.335,-0.793
1668254912235,2022-11-12T14:08:32.235,364.680,1.738,0.884,-0.244
1668254912275,2022-11-12T14:08:32.275,364.720,1.524,0.305,-0.396
1668254912315,2022-11-12T14:08:32.315,364.760,-0.945,-1.890,-0.244
1668254912355,2022-11-12T14:08:32.355,364.800,-0.335,-1.098,0.274
1668254912395,2022-11-12T14:08:32.395,364.840,1.067,0.549,0.335
1668254912435,2022-11-12T14:08:32.435,364.880,0.305,0.823,1.341
1668254912475,2022-11-12T14:08:32.475,364.920,1.921,2.012,0.793
1668254912515,2022-11-12T14:08:32.515,364.960,3.720,2.500,-0.183
1668254912555,2022-11-12T14:08:32.555,365.000,2.378,1.280,0.823
1668254912595,2022-11-12T14:08:32.595,365.040,2.226,0.488,0.488
1668254912635,2022-11-12T14:08:32.635,365.080,1.585,-1.280,0.732
1668254912675,2022-11-12T14:08:32.675,365.120,-0.335,-1.951,2.713
1668254912715,2022-11-12T14:08:32.715,365.160,-0.732,-1.341,2.561
1668254912755,2022-11-12T14:08:32.755,365.200,0.976,0.244,0.335
1668254912795,2022-11-12T14:08:32.795,365.240,1.280,-0.091,-1.159
1668254912835,2022-11-12T14:08:32.835,365.280,0.061,-0.884,-0.274
1668254912875,2022-11-12T14:08:32.875,365.320,0.518,0.213,0.396
1668254912915,2022-11-12T14:08:32.915,365.360,1.860,1.037,-0.183
1668254912955,2022-11-12T14:08:32.955,365.400,0.854,0.884,0.091
1668254912995,2022-11-12T14:08:32.995,365.440,0.945,0.793,0.030
1668254913035,2022-11-12T14:08:33.035,365.480,1.463,1.220,0.061
1668254913075,2022-11-12T14:08:33.075,365.520,0.762,1.280,1.006
1668254913115,2022-11-12T14:08:33.115,365.560,0.762,1.951,1.768
1668254913155,2022-11-12T14:08:33.155,365.600,1.677,2.744,2.134
1668254913195,2022-11-12T14:08:33.195,365.640,0.793,1.189,1.616
1668254913235,2022-11-12T14:08:33.235,365.680,0.762,0.366,0.457
1668254913275,2022-11-12T14:08:33.275,365.720,0.762,-0.152,-0.274
1668254913315,2022-11-12T14:08:33.315,365.760,0.305,0.091,-0.030
1668254913355,2022-11-12T14:08:33.355,365.800,0.579,0.701,-0.091
1668254913395,2022-11-12T14:08:33.395,365.840,1.006,0.518,-0.244
1668254913435,2022-11-12T14:08:33.435,365.880,1.189,0.427,-0.152
1668254913475,2022-11-12T14:08:33.475,365.920,1.128,0.518,-0.274
1668254913515,2022-11-12T14:08:33.515,365.960,0.915,0.457,-0.122
1668254913555,2022-11-12T14:08:33.555,366.000,0.976,0.061,0.000
1668254913595,2022-11-12T14:08:33.595,366.040,1.006,-0.152,0.091
1668254913635,2022-11-12T14:08:33.635,366.080,1.037,-0.030,0.396
1668254913675,2022-11-12T14:08:33.675,366.120,0.000,0.427,0.427
1668254913715,2022-11-12T14:08:33.715,366.160,0.030,0.518,0.152
1668254913755,2022-11-12T14:08:33.755,366.200,0.701,0.061,0.366
1668254913795,2022-11-12T14:08:33.795,366.240,1.372,0.488,0.152
1668254913835,2022-11-12T14:08:33.835,366.280,1.524,0.457,-0.518
1668254913875,2022-11-12T14:08:33.875,366.320,0.915,-0.152,-0.427
1668254913915,2022-11-12T14:08:33.915,366.360,0.884,-0.244,0.152
1668254913955,2022-11-12T14:08:33.955,366.400,0.854,-0.152,0.274
1668254913995,2022-11-12T14:08:33.995,366.440,0.793,-0.244,0.030
1668254914035,2022-11-12T14:08:34.035,366.480,1.098,-0.274,-0.335
1668254914075,2022-11-12T14:08:34.075,366.520,1.159,0.030,-0.183
1668254914115,2022-11-12T14:08:34.115,366.560,1.159,-0.244,-0.091
1668254914155,2022-11-12T14:08:34.155,366.600,0.945,-0.427,-0.061
1668254914195,2022-11-12T14:08:34.195,366.640,0.976,0.183,0.000
1668254914235,2022-11-12T14:08:34.235,366.680,1.128,-0.091,0.030
1668254914275,2022-11-12T14:08:34.275,366.720,0.793,-0.579,0.122
1668254914315,2022-11-12T14:08:34.315,366.760,1.037,-0.305,-0.122
1668254914355,2022-11-12T14:08:34.355,366.800,1.067,0.091,-0.152
1668254914395,2022-11-12T14:08:34.395,366.840,0.945,0.000,-0.061
1668254914435,2022-11-12T14:08:34.435,366.880,1.098,-0.244,0.152
1668254914475,2022-11-12T14:08:34.475,366.920,0.884,-0.091,0.213
1668254914515,2022-11-12T14:08:34.515,366.960,0.427,-0.305,0.122
1668254914555,2022-11-12T14:08:34.555,367.000,0.427,-0.274,0.061
1668254914595,2022-11-12T14:08:34.595,367.040,0.945,-0.061,-0.030
1668254914635,2022-11-12T14:08:34.635,367.080,0.976,-0.152,0.122
1668254914675,2022-11-12T14:08:34.675,367.120,1.372,-0.244,0.030
1668254914715,2022-11-12T14:08:34.715,367.160,1.250,-0.030,-0.091
1668254914755,2022-11-12T14:08:34.755,367.200,1.006,0.061,-0.183
1668254914795,2022-11-12T14:08:34.795,367.240,0.213,-0.183,-0.213
1668254914835,2022-11-12T14:08:34.835,367.280,0.244,-0.610,-0.488
1668254914875,2022-11-12T14:08:34.875,367.320,0.884,-0.183,-0.274
1668254914915,2022-11-12T14:08:34.915,367.360,0.671,0.122,0.457
1668254914955,2022-11-12T14:08:34.955,367.400,0.610,-0.244,0.274
1668254914995,2022-11-12T14:08:34.995,367.440,1.006,-0.427,-0.366
1668254915035,2022-11-12T14:08:35.035,367.480,1.037,0.000,-0.274
1668254915075,2022-11-12T14:08:35.075,367.520,0.762,0.274,0.091
1668254915115,2022-11-12T14:08:35.115,367.560,0.579,-0.152,0.213
1668254915155,2022-11-12T14:08:35.155,367.600,0.884,-0.213,-0.030
1668254915195,2022-11-12T14:08:35.195,367.640,1.128,-0.152,-0.122
1668254915235,2022-11-12T14:08:35.235,367.680,1.067,-0.061,0.091
1668254915275,2022-11-12T14:08:35.275,367.720,1.098,0.000,-0.030
1668254915315,2022-11-12T14:08:35.315,367.760,0.762,-0.122,-0.030
1668254915355,2022-11-12T14:08:35.355,367.800,0.549,-0.305,0.122
1668254915395,2022-11-12T14:08:35.395,367.840,0.274,-0.579,-0.030
1668254915435,2022-11-12T14:08:35.435,367.880,0.366,-0.396,-0.091
1668254915475,2022-11-12T14:08:35.475,367.920,0.793,-0.244,-0.061
1668254915515,2022-11-12T14:08:35.515,367.960,1.067,0.366,0.305
1668254915555,2022-11-12T14:08:35.555,368.000,1.341,0.305,0.274
1668254915595,2022-11-12T14:08:35.595,368.040,1.372,-0.457,-0.091
1668254915635,2022-11-12T14:08:35.635,368.080,1.098,-0.610,-0.091
1668254915675,2022-11-12T14:08:35.675,368.120,0.762,-0.213,0.000
1668254915715,2022-11-12T14:08:35.715,368.160,0.671,-0.152,0.030
1668254915755,2022-11-12T14:08:35.755,368.200,0.854,-0.030,-0.122
1668254915795,2022-11-12T14:08:35.795,368.240,0.915,-0.152,-0.091
1668254915835,2022-11-12T14:08:35.835,368.280,0.884,-0.183,0.091
1668254915875,2022-11-12T14:08:35.875,368.320,0.823,-0.152,-0.091
1668254915915,2022-11-12T14:08:35.915,368.360,0.762,-0.335,-0.122
1668254915955,2022-11-12T14:08:35.955,368.400,0.762,-0.183,0.000
1668254915995,2022-11-12T14:08:35.995,368.440,0.701,-0.244,0.030
1668254916035,2022-11-12T14:08:36.035,368.480,0.305,-0.427,0.152
1668254916075,2022-11-12T14:08:36.075,368.520,0.457,-0.030,0.244
1668254916115,2022-11-12T14:08:36.115,368.560,0.762,0.366,0.396
1668254916155,2022-11-12T14:08:36.155,368.600,0.823,0.061,0.335
1668254916195,2022-11-12T14:08:36.195,368.640,0.671,-0.061,0.122
1668254916235,2022-11-12T14:08:36.235,368.680,1.067,0.000,-0.183
1668254916275,2022-11-12T14:08:36.275,368.720,0.915,-0.091,-0.030
1668254916315,2022-11-12T14:08:36.315,368.760,0.976,-0.183,0.091
1668254916355,2022-11-12T14:08:36.355,368.800,1.067,-0.396,-0.122
1668254916395,2022-11-12T14:08:36.395,368.840,0.915,-0.488,-0.061
1668254916435,2022-11-12T14:08:36.435,368.880,0.976,-0.091,-0.030
1668254916475,2022-11-12T14:08:36.475,368.920,1.220,0.030,0.000
1668254916515,2022-11-12T14:08:36.515,368.960,1.128,-0.335,0.000
1668254916555,2022-11-12T14:08:36.555,369.000,0.854,-0.396,-0.030
1668254916595,2022-11-12T14:08:36.595,369.040,1.098,-0.152,-0.122
1668254916635,2022-11-12T14:08:36.635,369.080,0.945,-0.122,0.000
1668254916675,2022-11-12T14:08:36.675,369.120,0.945,-0.305,-0.091
1668254916715,2022-11-12T14:08:36.715,369.160,0.915,-0.213,0.000
1668254916755,2022-11-12T14:08:36.755,369.200,0.915,-0.152,0.091
1668254916795,2022-11-12T14:08:36.795,369.240,0.823,-0.335,-0.030
1668254916835,2022-11-12T14:08:36.835,369.280,0.976,-0.305,-0.030
1668254916875,2022-11-12T14:08:36.875,369.320,0.884,-0.213,0.152
1668254916915,2022-11-12T14:08:36.915,369.360,0.854,-0.366,-0.122
1668254916955,2022-11-12T14:08:36.955,369.400,0.976,-0.427,-0.152
1668254916995,2022-11-12T14:08:36.995,369.440,0.915,-0.030,-0.030
1668254917035,2022-11-12T14:08:37.035,369.480,0.884,0.061,0.091
1668254917075,2022-11-12T14:08:37.075,369.520,0.854,-0.366,0.091
1668254917115,2022-11-12T14:08:37.115,369.560,0.854,-0.427,-0.122
1668254917155,2022-11-12T14:08:37.155,369.600,0.915,-0.213,0.030
1668254917195,2022-11-12T14:08:37.195,369.640,0.976,0.061,0.091
1668254917235,2022-11-12T14:08:37.235,369.680,1.037,0.061,-0.152
1668254917275,2022-11-12T14:08:37.275,369.720,0.823,-0.183,-0.030
1668254917315,2022-11-12T14:08:37.315,369.760,0.884,0.122,0.061
1668254917355,2022-11-12T14:08:37.355,369.800,1.037,0.000,-0.091
1668254917395,2022-11-12T14:08:37.395,369.840,0.915,-0.183,-0.091
1668254917435,2022-11-12T14:08:37.435,369.880,1.067,0.000,-0.122
1668254917475,2022-11-12T14:08:37.475,369.920,0.732,0.091,0.152
1668254917515,2022-11-12T14:08:37.515,369.960,0.762,-0.122,0.061
1668254917555,2022-11-12T14:08:37.555,370.000,1.006,-0.213,-0.274
1668254917595,2022-11-12T14:08:37.595,370.040,0.793,-0.183,0.000
1668254917635,2022-11-12T14:08:37.635,370.080,0.976,-0.213,-0.061
1668254917675,2022-11-12T14:08:37.675,370.120,1.067,-0.427,-0.213
1668254917715,2022-11-12T14:08:37.715,370.160,0.793,-0.213,-0.091
1668254917755,2022-11-12T14:08:37.755,370.200,0.884,0.061,0.000
1668254917795,2022-11-12T14:08:37.795,370.240,0.884,-0.030,-0.030
1668254917835,2022-11-12T14:08:37.835,370.280,0.823,-0.305,-0.152
1668254917875,2022-11-12T14:08:37.875,370.320,0.945,-0.244,-0.091
1668254917915,2022-11-12T14:08:37.915,370.360,0.823,-0.152,0.030
1668254917955,2022-11-12T14:08:37.955,370.400,0.701,-0.518,-0.061
1668254917995,2022-11-12T14:08:37.995,370.440,0.732,-0.335,-0.091
1668254918035,2022-11-12T14:08:38.035,370.480,0.762,-0.030,0.091
1668254918075,2022-11-12T14:08:38.075,370.520,0.945,0.000,-0.030
1668254918115,2022-11-12T14:08:38.115,370.560,0.976,-0.091,-0.152
1668254918155,2022-11-12T14:08:38.155,370.600,1.037,-0.061,-0.152
1668254918195,2022-11-12T14:08:38.195,370.640,0.884,0.000,0.030
1668254918235,2022-11-12T14:08:38.235,370.680,0.610,-0.152,0.061
1668254918275,2022-11-12T14:08:38.275,370.720,0.793,-0.213,-0.122
1668254918315,2022-11-12T14:08:38.315,370.760,0.884,-0.122,-0.122
1668254918355,2022-11-12T14:08:38.355,370.800,0.793,-0.183,0.030
1668254918395,2022-11-12T14:08:38.395,370.840,0.640,0.030,0.061
1668254918435,2022-11-12T14:08:38.435,370.880,0.762,0.000,-0.274
1668254918475,2022-11-12T14:08:38.475,370.920,0.732,-0.213,0.000
1668254918515,2022-11-12T14:08:38.515,370.960,0.671,-0.122,-0.030
1668254918555,2022-11-12T14:08:38.555,371.000,0.793,-0.122,-0.183
1668254918595,2022-11-12T14:08:38.595,371.040,0.762,-0.274,0.122
1668254918635,2022-11-12T14:08:38.635,371.080,0.823,-0.366,0.061
1668254918675,2022-11-12T14:08:38.675,371.120,0.732,-0.244,0.061
1668254918715,2022-11-12T14:08:38.715,371.160,0.732,-0.122,0.030
1668254918755,2022-11-12T14:08:38.755,371.200,0.762,-0.091,0.091
1668254918795,2022-11-12T14:08:38.795,371.240,0.793,0.030,0.061
1668254918835,2022-11-12T14:08:38.835,371.280,0.701,0.305,0.061
1668254918875,2022-11-12T14:08:38.875,371.320,0.762,0.213,0.183
1668254918915,2022-11-12T14:08:38.915,371.360,0.915,-0.122,0.061
1668254918955,2022-11-12T14:08:38.955,371.400,0.823,-0.213,-0.122
1668254918995,2022-11-12T14:08:38.995,371.440,0.610,-0.152,0.030
1668254919035,2022-11-12T14:08:39.035,371.480,0.640,-0.030,0.152
1668254919075,2022-11-12T14:08:39.075,371.520,0.854,-0.244,-0.030
1668254919115,2022-11-12T14:08:39.115,371.560,0.915,-0.335,-0.122
1668254919155,2022-11-12T14:08:39.155,371.600,0.884,-0.152,0.061
1668254919195,2022-11-12T14:08:39.195,371.640,0.854,-0.061,0.091
1668254919235,2022-11-12T14:08:39.235,371.680,0.884,-0.244,-0.030
1668254919275,2022-11-12T14:08:39.275,371.720,0.915,-0.244,-0.122
1668254919315,2022-11-12T14:08:39.315,371.760,0.793,-0.244,-0.030
1668254919355,2022-11-12T14:08:39.355,371.800,1.006,-0.122,0.030
1668254919395,2022-11-12T14:08:39.395,371.840,1.189,0.061,-0.122
1668254919435,2022-11-12T14:08:39.435,371.880,0.854,-0.274,0.061
1668254919475,2022-11-12T14:08:39.475,371.920,0.579,-0.427,0.091
1668254919515,2022-11-12T14:08:39.515,371.960,0.945,-0.183,-0.061
1668254919555,2022-11-12T14:08:39.555,372.000,0.884,-0.122,0.091
1668254919595,2022-11-12T14:08:39.595,372.040,0.701,-0.183,0.091
1668254919635,2022-11-12T14:08:39.635,372.080,0.884,-0.183,0.000
1668254919675,2022-11-12T14:08:39.675,372.120,0.915,-0.122,0.091
1668254919715,2022-11-12T14:08:39.715,372.160,0.762,-0.091,0.061
1668254919755,2022-11-12T14:08:39.755,372.200,0.579,-0.335,0.091
1668254919795,2022-11-12T14:08:39.795,372.240,0.823,-0.122,0.000
1668254919835,2022-11-12T14:08:39.835,372.280,0.915,-0.122,-0.030
1668254919875,2022-11-12T14:08:39.875,372.320,0.762,-0.213,0.091
1668254919915,2022-11-12T14:08:39.915,372.360,1.006,-0.213,-0.061
1668254919955,2022-11-12T14:08:39.955,372.400,0.976,-0.244,-0.061
1668254919995,2022-11-12T14:08:39.995,372.440,0.793,-0.213,0.091
1668254920035,2022-11-12T14:08:40.035,372.480,0.945,-0.244,0.000
1668254920075,2022-11-12T14:08:40.075,372.520,0.854,-0.244,0.030
1668254920115,2022-11-12T14:08:40.115,372.560,0.884,-0.274,0.000
1668254920155,2022-11-12T14:08:40.155,372.600,0.823,-0.305,0.091
1668254920195,2022-11-12T14:08:40.195,372.640,0.762,-0.305,0.091
1668254920235,2022-11-12T14:08:40.235,372.680,0.976,-0.244,-0.122
1668254920275,2022-11-12T14:08:40.275,372.720,0.884,-0.091,-0.061
1668254920315,2022-11-12T14:08:40.315,372.760,0.854,-0.427,0.183
1668254920355,2022-11-12T14:08:40.355,372.800,0.854,-0.549,-0.030
1668254920395,2022-11-12T14:08:40.395,372.840,1.067,-0.305,-0.183
1668254920435,2022-11-12T14:08:40.435,372.880,0.854,-0.152,0.122
1668254920475,2022-11-12T14:08:40.475,372.920,0.854,-0.213,0.000
1668254920515,2022-11-12T14:08:40.515,372.960,0.976,-0.335,-0.122
1668254920555,2022-11-12T14:08:40.555,373.000,0.854,-0.122,0.091
1668254920595,2022-11-12T14:08:40.595,373.040,0.915,-0.061,0.091
1668254920635,2022-11-12T14:08:40.635,373.080,1.037,-0.274,-0.061
1668254920675,2022-11-12T14:08:40.675,373.120,0.976,-0.183,-0.061
1668254920715,2022-11-12T14:08:40.715,373.160,0.823,-0.152,0.183
1668254920755,2022-11-12T14:08:40.755,373.200,0.762,-0.213,0.091
1668254920795,2022-11-12T14:08:40.795,373.240,1.006,-0.274,-0.091
1668254920835,2022-11-12T14:08:40.835,373.280,0.945,-0.152,0.000
1668254920875,2022-11-12T14:08:40.875,373.320,0.793,-0.122,0.091
1668254920915,2022-11-12T14:08:40.915,373.360,0.945,-0.305,-0.122
1668254920955,2022-11-12T14:08:40.955,373.400,0.854,-0.213,-0.061
1668254920995,2022-11-12T14:08:40.995,373.440,0.732,-0.183,0.152
1668254921035,2022-11-12T14:08:41.035,373.480,0.823,-0.274,-0.030
1668254921075,2022-11-12T14:08:41.075,373.520,0.915,-0.122,-0.122
1668254921115,2022-11-12T14:08:41.115,373.560,0.945,-0.122,-0.030
1668254921155,2022-11-12T14:08:41.155,373.600,0.793,-0.366,0.030
1668254921195,2022-11-12T14:08:41.195,373.640,0.762,-0.335,0.000
1668254921235,2022-11-12T14:08:41.235,373.680,0.976,-0.213,-0.122
1668254921275,2022-11-12T14:08:41.275,373.720,0.823,-0.091,0.061
1668254921315,2022-11-12T14:08:41.315,373.760,0.854,-0.152,0.061
1668254921355,2022-11-12T14:08:41.355,373.800,0.884,-0.274,0.000
1668254921395,2022-11-12T14:08:41.395,373.840,0.793,-0.030,0.091
1668254921435,2022-11-12T14:08:41.435,373.880,0.945,-0.061,-0.030
1668254921475,2022-11-12T14:08:41.475,373.920,0.884,-0.030,-0.030
1668254921515,2022-11-12T14:08:41.515,373.960,0.884,-0.183,0.000
1668254921555,2022-11-12T14:08:41.555,374.000,0.762,-0.183,0.030
1668254921595,2022-11-12T14:08:41.595,374.040,0.762,-0.122,0.000
1668254921635,2022-11-12T14:08:41.635,374.080,0.884,-0.183,-0.091
1668254921675,2022-11-12T14:08:41.675,374.120,0.884,-0.152,0.030
1668254921715,2022-11-12T14:08:41.715,374.160,0.884,-0.091,-0.061
1668254921755,2022-11-12T14:08:41.755,374.200,0.793,-0.244,-0.061
1668254921795,2022-11-12T14:08:41.795,374.240,0.854,-0.152,-0.061
1668254921835,2022-11-12T14:08:41.835,374.280,0.762,-0.061,-0.061
1668254921875,2022-11-12T14:08:41.875,374.320,0.823,0.000,0.091
1668254921915,2022-11-12T14:08:41.915,374.360,0.762,-0.366,0.000
1668254921955,2022-11-12T14:08:41.955,374.400,0.732,-0.366,0.000
1668254921995,2022-11-12T14:08:41.995,374.440,0.793,-0.122,0.030
1668254922035,2022-11-12T14:08:42.035,374.480,0.854,-0.122,-0.061
1668254922075,2022-11-12T14:08:42.075,374.520,0.854,-0.122,-0.030
1668254922115,2022-11-12T14:08:42.115,374.560,0.915,-0.183,0.061
1668254922155,2022-11-12T14:08:42.155,374.600,0.762,-0.091,0.030
1668254922195,2022-11-12T14:08:42.195,374.640,0.854,-0.183,0.030
1668254922235,2022-11-12T14:08:42.235,374.680,0.976,-0.091,-0.091
1668254922275,2022-11-12T14:08:42.275,374.720,0.793,-0.213,-0.030
1668254922315,2022-11-12T14:08:42.315,374.760,0.671,-0.122,0.152
1668254922355,2022-11-12T14:08:42.355,374.800,0.976,-0.183,-0.030
1668254922395,2022-11-12T14:08:42.395,374.840,0.915,-0.183,-0.091
1668254922435,2022-11-12T14:08:42.435,374.880,0.793,-0.091,0.061
1668254922475,2022-11-12T14:08:42.475,374.920,0.854,-0.183,0.030
1668254922515,2022-11-12T14:08:42.515,374.960,0.823,-0.213,-0.030
1668254922555,2022-11-12T14:08:42.555,375.000,0.884,-0.091,-0.122
1668254922595,2022-11-12T14:08:42.595,375.040,0.732,-0.122,0.030
1668254922635,2022-11-12T14:08:42.635,375.080,0.884,-0.061,-0.061
1668254922675,2022-11-12T14:08:42.675,375.120,0.915,-0.183,-0.061
1668254922715,2022-11-12T14:08:42.715,375.160,0.640,-0.366,0.152
1668254922755,2022-11-12T14:08:42.755,375.200,1.006,-0.213,-0.152
1668254922795,2022-11-12T14:08:42.795,375.240,0.976,-0.183,-0.061
1668254922835,2022-11-12T14:08:42.835,375.280,0.762,-0.091,0.091
1668254922875,2022-11-12T14:08:42.875,375.320,0.945,-0.244,-0.122
1668254922915,2022-11-12T14:08:42.915,375.360,0.762,-0.244,0.030
1668254922955,2022-11-12T14:08:42.955,375.400,0.915,-0.091,0.030
1668254922995,2022-11-12T14:08:42.995,375.440,0.793,-0.183,0.061
1668254923035,2022-11-12T14:08:43.035,375.480,0.945,-0.183,-0.152
1668254923075,2022-11-12T14:08:43.075,375.520,0.823,-0.183,0.000
1668254923115,2022-11-12T14:08:43.115,375.560,0.640,-0.091,0.213
1668254923155,2022-11-12T14:08:43.155,375.600,0.976,-0.305,-0.091
1668254923195,2022-11-12T14:08:43.195,375.640,0.854,-0.274,-0.091
1668254923235,2022-11-12T14:08:43.235,375.680,0.793,-0.122,0.061
1668254923275,2022-11-12T14:08:43.275,375.720,0.854,-0.213,0.000
1668254923315,2022-11-12T14:08:43.315,375.760,0.854,-0.244,-0.030
1668254923355,2022-11-12T14:08:43.355,375.800,0.793,-0.152,0.152
1668254923395,2022-11-12T14:08:43.395,375.840,0.854,-0.213,0.061
1668254923435,2022-11-12T14:08:43.435,375.880,0.854,-0.183,-0.122
1668254923475,2022-11-12T14:08:43.475,375.920,0.915,-0.091,-0.061
1668254923515,2022-11-12T14:08:43.515,375.960,0.732,-0.274,0.152
1668254923555,2022-11-12T14:08:43.555,376.000,0.915,-0.396,-0.091
1668254923595,2022-11-12T14:08:43.595,376.040,0.884,-0.213,-0.152
1668254923635,2022-11-12T14:08:43.635,376.080,0.762,0.030,0.122
1668254923675,2022-11-12T14:08:43.675,376.120,0.945,-0.183,-0.030
1668254923715,2022-11-12T14:08:43.715,376.160,0.793,-0.274,-0.030
1668254923755,2022-11-12T14:08:43.755,376.200,0.915,-0.091,-0.030
1668254923795,2022-11-12T14:08:43.795,376.240,0.854,-0.183,0.000
1668254923835,2022-11-12T14:08:43.835,376.280,0.793,-0.213,0.061
1668254923875,2022-11-12T14:08:43.875,376.320,1.037,-0.213,-0.061
1668254923915,2022-11-12T14:08:43.915,376.360,0.610,-0.183,0.152
1668254923955,2022-11-12T14:08:43.955,376.400,0.701,-0.183,0.091
1668254923995,2022-11-12T14:08:43.995,376.440,0.945,-0.244,-0.152
1668254924035,2022-11-12T14:08:44.035,376.480,0.793,-0.274,0.030
1668254924075,2022-11-12T14:08:44.075,376.520,0.854,-0.122,0.030
1668254924115,2022-11-12T14:08:44.115,376.560,0.793,-0.152,0.030
1668254924155,2022-11-12T14:08:44.155,376.600,0.823,-0.274,-0.091
1668254924195,2022-11-12T14:08:44.195,376.640,0.732,-0.183,0.000
1668254924235,2022-11-12T14:08:44.235,376.680,0.915,-0.244,0.061
1668254924275,2022-11-12T14:08:44.275,376.720,0.915,-0.183,-0.061
1668254924315,2022-11-12T14:08:44.315,376.760,0.884,-0.030,-0.061
1668254924355,2022-11-12T14:08:44.355,376.800,0.884,-0.183,0.000
1668254924395,2022-11-12T14:08:44.395,376.840,0.854,-0.335,0.030
1668254924435,2022-11-12T14:08:44.435,376.880,0.945,-0.366,-0.122
1668254924475,2022-11-12T14:08:44.475,376.920,0.762,-0.274,0.000
1668254924515,2022-11-12T14:08:44.515,376.960,0.854,-0.030,0.030
1668254924555,2022-11-12T14:08:44.555,377.000,0.915,-0.183,-0.091
1668254924595,2022-11-12T14:08:44.595,377.040,0.793,-0.274,0.061
1668254924635,2022-11-12T14:08:44.635,377.080,0.976,-0.122,0.000
1668254924675,2022-11-12T14:08:44.675,377.120,0.854,-0.152,0.030
1668254924715,2022-11-12T14:08:44.715,377.160,0.854,-0.274,-0.061
1668254924755,2022-11-12T14:08:44.755,377.200,0.854,-0.335,-0.091
1668254924795,2022-11-12T14:08:44.795,377.240,0.640,-0.061,0.183
1668254924835,2022-11-12T14:08:44.835,377.280,0.854,-0.152,0.061
1668254924875,2022-11-12T14:08:44.875,377.320,0.945,-0.366,-0.122
1668254924915,2022-11-12T14:08:44.915,377.360,0.854,-0.213,0.000
1668254924955,2022-11-12T14:08:44.955,377.400,0.884,-0.122,0.091
1668254924995,2022-11-12T14:08:44.995,377.440,0.854,-0.335,0.000
1668254925035,2022-11-12T14:08:45.035,377.480,0.854,-0.335,-0.030
1668254925075,2022-11-12T14:08:45.075,377.520,0.915,-0.091,0.000
1668254925115,2022-11-12T14:08:45.115,377.560,0.823,-0.030,0.091
1668254925155,2022-11-12T14:08:45.155,377.600,1.037,-0.091,-0.091
1668254925195,2022-11-12T14:08:45.195,377.640,0.793,-0.274,0.030
1668254925235,2022-11-12T14:08:45.235,377.680,0.793,-0.274,0.030
1668254925275,2022-11-12T14:08:45.275,377.720,0.854,-0.152,-0.061
1668254925315,2022-11-12T14:08:45.315,377.760,0.732,-0.030,0.061
1668254925355,2022-11-12T14:08:45.355,377.800,0.854,-0.244,-0.061
1668254925395,2022-11-12T14:08:45.395,377.840,0.732,-0.335,0.091
1668254925435,2022-11-12T14:08:45.435,377.880,0.823,-0.061,0.000
1668254925475,2022-11-12T14:08:45.475,377.920,0.854,-0.091,0.000
1668254925515,2022-11-12T14:08:45.515,377.960,0.793,-0.122,0.030
1668254925555,2022-11-12T14:08:45.555,378.000,0.976,-0.183,-0.091
1668254925595,2022-11-12T14:08:45.595,378.040,0.579,-0.213,-0.061
1668254925635,2022-11-12T14:08:45.635,378.080,1.067,-0.305,-0.854
1668254925675,2022-11-12T14:08:45.675,378.120,1.402,-0.305,-0.945
1668254925715,2022-11-12T14:08:45.715,378.160,0.610,0.061,0.396
1668254925755,2022-11-12T14:08:45.755,378.200,0.732,-0.122,0.457
1668254925795,2022-11-12T14:08:45.795,378.240,0.945,-0.457,-0.122
1668254925835,2022-11-12T14:08:45.835,378.280,0.793,-0.274,0.061
1668254925875,2022-11-12T14:08:45.875,378.320,0.732,0.122,0.366
1668254925915,2022-11-12T14:08:45.915,378.360,0.823,0.030,0.305
1668254925955,2022-11-12T14:08:45.955,378.400,0.854,-0.518,0.091
1668254925995,2022-11-12T14:08:45.995,378.440,0.762,-0.335,0.061
1668254926035,2022-11-12T14:08:46.035,378.480,0.701,-0.061,0.244
1668254926075,2022-11-12T14:08:46.075,378.520,0.732,-0.122,0.091
1668254926115,2022-11-12T14:08:46.115,378.560,0.854,-0.152,-0.030
1668254926155,2022-11-12T14:08:46.155,378.600,0.854,-0.183,0.183
1668254926195,2022-11-12T14:08:46.195,378.640,0.854,-0.091,0.091
1668254926235,2022-11-12T14:08:46.235,378.680,0.945,-0.305,-0.061
1668254926275,2022-11-12T14:08:46.275,378.720,0.823,-0.152,0.091
1668254926315,2022-11-12T14:08:46.315,378.760,0.915,-0.183,-0.061
1668254926355,2022-11-12T14:08:46.355,378.800,0.640,-0.244,0.091
1668254926395,2022-11-12T14:08:46.395,378.840,0.823,-0.122,0.000
1668254926435,2022-11-12T14:08:46.435,378.880,0.884,-0.274,-0.061
1668254926475,2022-11-12T14:08:46.475,378.920,0.793,-0.244,0.030
1668254926515,2022-11-12T14:08:46.515,378.960,0.945,-0.152,0.030
1668254926555,2022-11-12T14:08:46.555,379.000,0.701,-0.213,0.030
1668254926595,2022-11-12T14:08:46.595,379.040,0.854,-0.213,-0.030
1668254926635,2022-11-12T14:08:46.635,379.080,0.945,-0.122,-0.061
1668254926675,2022-11-12T14:08:46.675,379.120,0.884,-0.122,0.000
1668254926715,2022-11-12T14:08:46.715,379.160,0.854,-0.183,0.030
1668254926755,2022-11-12T14:08:46.755,379.200,0.732,-0.274,0.122
1668254926795,2022-11-12T14:08:46.795,379.240,0.884,-0.244,0.000
1668254926835,2022-11-12T14:08:46.835,379.280,0.854,-0.122,-0.030
1668254926875,2022-11-12T14:08:46.875,379.320,0.945,-0.091,-0.061
1668254926915,2022-11-12T14:08:46.915,379.360,0.915,-0.183,0.030
1668254926955,2022-11-12T14:08:46.955,379.400,0.793,-0.213,0.061
1668254926995,2022-11-12T14:08:46.995,379.440,0.884,-0.091,-0.061
1668254927035,2022-11-12T14:08:47.035,379.480,0.854,-0.183,0.061
1668254927075,2022-11-12T14:08:47.075,379.520,0.915,-0.213,-0.030
1668254927115,2022-11-12T14:08:47.115,379.560,0.793,-0.213,0.030
1668254927155,2022-11-12T14:08:47.155,379.600,0.671,-0.122,0.122
1668254927195,2022-11-12T14:08:47.195,379.640,0.854,-0.213,-0.030
1668254927235,2022-11-12T14:08:47.235,379.680,0.945,-0.244,0.000
1668254927275,2022-11-12T14:08:47.275,379.720,0.854,-0.183,0.030
1668254927315,2022-11-12T14:08:47.315,379.760,0.732,-0.213,0.061
1668254927355,2022-11-12T14:08:47.355,379.800,0.854,-0.183,-0.091
1668254927395,2022-11-12T14:08:47.395,379.840,0.854,-0.213,-0.061
1668254927435,2022-11-12T14:08:47.435,379.880,0.884,-0.183,0.030
1668254927475,2022-11-12T14:08:47.475,379.920,0.854,-0.061,-0.030
1668254927515,2022-11-12T14:08:47.515,379.960,0.976,-0.091,-0.091
1668254927555,2022-11-12T14:08:47.555,380.000,0.854,-0.305,0.030
1668254927595,2022-11-12T14:08:47.595,380.040,0.793,-0.396,0.030
1668254927635,2022-11-12T14:08:47.635,380.080,0.884,-0.213,-0.030
1668254927675,2022-11-12T14:08:47.675,380.120,0.701,-0.091,0.030
1668254927715,2022-11-12T14:08:47.715,380.160,0.854,-0.183,-0.030
1668254927755,2022-11-12T14:08:47.755,380.200,0.793,-0.244,0.122
1668254927795,2022-11-12T14:08:47.795,380.240,0.762,-0.152,0.000
1668254927835,2022-11-12T14:08:47.835,380.280,0.884,-0.213,0.000
1668254927875,2022-11-12T14:08:47.875,380.320,0.884,-0.213,0.061
1668254927915,2022-11-12T14:08:47.915,380.360,0.976,-0.183,-0.030
1668254927955,2022-11-12T14:08:47.955,380.400,0.793,-0.274,0.030
1668254927995,2022-11-12T14:08:47.995,380.440,0.793,-0.213,0.061
1668254928035,2022-11-12T14:08:48.035,380.480,0.945,-0.183,-0.091
1668254928075,2022-11-12T14:08:48.075,380.520,0.976,-0.274,-0.061
1668254928115,2022-11-12T14:08:48.115,380.560,0.823,-0.244,0.030
1668254928155,2022-11-12T14:08:48.155,380.600,0.945,-0.183,0.000
1668254928195,2022-11-12T14:08:48.195,380.640,0.884,-0.183,-0.030
1668254928235,2022-11-12T14:08:48.235,380.680,0.854,-0.244,0.030
1668254928275,2022-11-12T14:08:48.275,380.720,0.915,-0.183,0.000
1668254928315,2022-11-12T14:08:48.315,380.760,0.945,-0.091,-0.061
1668254928355,2022-11-12T14:08:48.355,380.800,0.945,-0.305,0.030
1668254928395,2022-11-12T14:08:48.395,380.840,0.823,-0.457,0.030
1668254928435,2022-11-12T14:08:48.435,380.880,0.945,-0.305,-0.030
1668254928475,2022-11-12T14:08:48.475,380.920,0.915,-0.183,0.000
1668254928515,2022-11-12T14:08:48.515,380.960,0.762,-0.244,0.030
1668254928555,2022-11-12T14:08:48.555,381.000,0.854,-0.335,-0.030
1668254928595,2022-11-12T14:08:48.595,381.040,0.915,-0.152,0.061
1668254928635,2022-11-12T14:08:48.635,381.080,1.006,-0.213,0.061
1668254928675,2022-11-12T14:08:48.675,381.120,1.280,-0.457,-0.152
1668254928715,2022-11-12T14:08:48.715,381.160,1.189,-0.305,-0.122
1668254928755,2022-11-12T14:08:48.755,381.200,0.884,-0.183,0.091
1668254928795,2022-11-12T14:08:48.795,381.240,0.793,-0.183,0.152
1668254928835,2022-11-12T14:08:48.835,381.280,0.915,-0.183,-0.030
1668254928875,2022-11-12T14:08:48.875,381.320,0.915,-0.152,0.000
1668254928915,2022-11-12T14:08:48.915,381.360,0.793,-0.122,0.122
1668254928955,2022-11-12T14:08:48.955,381.400,0.823,-0.122,0.122
1668254928995,2022-11-12T14:08:48.995,381.440,0.762,-0.183,0.061
1668254929035,2022-11-12T14:08:49.035,381.480,0.640,-0.274,0.061
1668254929075,2022-11-12T14:08:49.075,381.520,0.884,-0.061,-0.091
1668254929115,2022-11-12T14:08:49.115,381.560,0.732,0.000,0.152
1668254929155,2022-11-12T14:08:49.155,381.600,0.640,-0.366,0.183
1668254929195,2022-11-12T14:08:49.195,381.640,0.945,-0.274,-0.152
1668254929235,2022-11-12T14:08:49.235,381.680,0.945,-0.122,0.091
1668254929275,2022-11-12T14:08:49.275,381.720,0.915,-0.183,0.091
1668254929315,2022-11-12T14:08:49.315,381.760,1.037,-0.366,0.000
1668254929355,2022-11-12T14:08:49.355,381.800,0.793,-0.152,0.030
1668254929395,2022-11-12T14:08:49.395,381.840,0.884,-0.061,-0.091
1668254929435,2022-11-12T14:08:49.435,381.880,0.793,-0.091,0.000
1668254929475,2022-11-12T14:08:49.475,381.920,0.854,-0.030,-0.091
1668254929515,2022-11-12T14:08:49.515,381.960,0.854,-0.061,0.030
1668254929555,2022-11-12T14:08:49.555,382.000,0.610,-0.244,0.213
1668254929595,2022-11-12T14:08:49.595,382.040,0.762,-0.274,0.000
1668254929635,2022-11-12T14:08:49.635,382.080,0.854,-0.122,-0.122
1668254929675,2022-11-12T14:08:49.675,382.120,0.701,-0.213,0.061
1668254929715,2022-11-12T14:08:49.715,382.160,0.762,-0.244,-0.030
1668254929755,2022-11-12T14:08:49.755,382.200,0.701,-0.152,0.061
1668254929795,2022-11-12T14:08:49.795,382.240,0.793,-0.061,0.091
1668254929835,2022-11-12T14:08:49.835,382.280,0.762,-0.091,0.000
1668254929875,2022-11-12T14:08:49.875,382.320,0.732,-0.335,0.000
1668254929915,2022-11-12T14:08:49.915,382.360,0.793,-0.152,-0.030
1668254929955,2022-11-12T14:08:49.955,382.400,0.732,-0.213,0.061
1668254929995,2022-11-12T14:08:49.995,382.440,0.854,-0.122,-0.061
1668254930035,2022-11-12T14:08:50.035,382.480,0.945,-0.061,-0.061
1668254930075,2022-11-12T14:08:50.075,382.520,0.823,-0.152,0.061
1668254930115,2022-11-12T14:08:50.115,382.560,0.854,-0.213,-0.122
1668254930155,2022-11-12T14:08:50.155,382.600,0.854,-0.213,0.030
1668254930195,2022-11-12T14:08:50.195,382.640,0.854,-0.091,-0.061
1668254930235,2022-11-12T14:08:50.235,382.680,0.854,-0.213,0.030
1668254930275,2022-11-12T14:08:50.275,382.720,0.793,-0.122,0.061
1668254930315,2022-11-12T14:08:50.315,382.760,0.823,-0.152,0.000
1668254930355,2022-11-12T14:08:50.355,382.800,0.945,-0.091,-0.061
1668254930395,2022-11-12T14:08:50.395,382.840,0.976,-0.122,0.000
1668254930435,2022-11-12T14:08:50.435,382.880,0.671,-0.274,0.061
1668254930475,2022-11-12T14:08:50.475,382.920,0.884,-0.213,-0.030
1668254930515,2022-11-12T14:08:50.515,382.960,0.976,-0.061,-0.061
1668254930555,2022-11-12T14:08:50.555,383.000,0.793,-0.030,-0.061
1668254930595,2022-11-12T14:08:50.595,383.040,0.823,-0.244,0.091
1668254930635,2022-11-12T14:08:50.635,383.080,0.823,-0.335,0.030
1668254930675,2022-11-12T14:08:50.675,383.120,0.915,-0.274,-0.122
1668254930715,2022-11-12T14:08:50.715,383.160,0.762,-0.122,0.061
1668254930755,2022-11-12T14:08:50.755,383.200,0.884,-0.122,0.030
1668254930795,2022-11-12T14:08:50.795,383.240,0.854,-0.305,-0.091
1668254930835,2022-11-12T14:08:50.835,383.280,0.762,-0.152,0.091
1668254930875,2022-11-12T14:08:50.875,383.320,0.976,-0.061,0.000
1668254930915,2022-11-12T14:08:50.915,383.360,0.732,-0.152,0.030
1668254930955,2022-11-12T14:08:50.955,383.400,0.854,-0.183,-0.061
1668254930995,2022-11-12T14:08:50.995,383.440,0.793,-0.152,0.000
1668254931035,2022-11-12T14:08:51.035,383.480,0.579,-0.183,0.061
1668254931075,2022-11-12T14:08:51.075,383.520,0.854,-0.244,-0.061
1668254931115,2022-11-12T14:08:51.115,383.560,0.884,-0.183,-0.061
1668254931155,2022-11-12T14:08:51.155,383.600,0.854,-0.244,-0.030
1668254931195,2022-11-12T14:08:51.195,383.640,0.793,-0.244,-0.030
1668254931235,2022-11-12T14:08:51.235,383.680,0.884,-0.213,-0.122
1668254931275,2022-11-12T14:08:51.275,383.720,0.823,-0.183,-0.030
1668254931315,2022-11-12T14:08:51.315,383.760,0.976,-0.122,0.030
1668254931355,2022-11-12T14:08:51.355,383.800,1.006,0.061,0.061
1668254931395,2022-11-12T14:08:51.395,383.840,0.732,-0.244,0.122
1668254931435,2022-11-12T14:08:51.435,383.880,0.732,-0.579,-0.030
1668254931475,2022-11-12T14:08:51.475,383.920,0.732,-0.427,0.061
1668254931515,2022-11-12T14:08:51.515,383.960,0.732,-0.183,0.061
1668254931555,2022-11-12T14:08:51.555,384.000,0.854,-0.244,-0.122
1668254931595,2022-11-12T14:08:51.595,384.040,0.732,-0.183,0.030
1668254931635,2022-11-12T14:08:51.635,384.080,0.854,0.000,-0.061
1668254931675,2022-11-12T14:08:51.675,384.120,0.793,-0.091,-0.091
1668254931715,2022-11-12T14:08:51.715,384.160,0.732,-0.183,0.091
1668254931755,2022-11-12T14:08:51.755,384.200,0.854,-0.030,-0.030
1668254931795,2022-11-12T14:08:51.795,384.240,0.610,-0.152,-0.061
1668254931835,2022-11-12T14:08:51.835,384.280,0.701,-0.183,0.030
1668254931875,2022-11-12T14:08:51.875,384.320,0.854,-0.091,-0.061
1668254931915,2022-11-12T14:08:51.915,384.360,0.823,-0.213,0.000
1668254931955,2022-11-12T14:08:51.955,384.400,0.854,-0.305,0.000
1668254931995,2022-11-12T14:08:51.995,384.440,0.762,-0.152,0.030
1668254932035,2022-11-12T14:08:52.035,384.480,0.762,-0.122,0.000
1668254932075,2022-11-12T14:08:52.075,384.520,0.793,-0.122,-0.030
1668254932115,2022-11-12T14:08:52.115,384.560,0.732,-0.091,0.061
1668254932155,2022-11-12T14:08:52.155,384.600,0.823,-0.274,0.000
1668254932195,2022-11-12T14:08:52.195,384.640,0.915,-0.122,-0.122
1668254932235,2022-11-12T14:08:52.235,384.680,0.854,-0.152,-0.061
1668254932275,2022-11-12T14:08:52.275,384.720,0.640,-0.396,0.122
1668254932315,2022-11-12T14:08:52.315,384.760,0.854,-0.305,0.000
1668254932355,2022-11-12T14:08:52.355,384.800,0.793,-0.152,0.091
1668254932395,2022-11-12T14:08:52.395,384.840,0.732,-0.152,0.030
1668254932435,2022-11-12T14:08:52.435,384.880,0.854,-0.274,-0.030
1668254932475,2022-11-12T14:08:52.475,384.920,0.732,-0.183,0.030
1668254932515,2022-11-12T14:08:52.515,384.960,1.006,-0.122,-0.030
1668254932555,2022-11-12T14:08:52.555,385.000,1.159,-0.335,0.030
1668254932595,2022-11-12T14:08:52.595,385.040,1.006,-0.366,-0.122
1668254932635,2022-11-12T14:08:52.635,385.080,0.823,-0.183,-0.061
1668254932675,2022-11-12T14:08:52.675,385.120,0.732,-0.183,0.152
1668254932715,2022-11-12T14:08:52.715,385.160,0.854,-0.366,-0.061
1668254932755,2022-11-12T14:08:52.755,385.200,1.037,-0.244,-0.091
1668254932795,2022-11-12T14:08:52.795,385.240,0.823,-0.152,0.061
1668254932835,2022-11-12T14:08:52.835,385.280,0.823,-0.335,0.091
1668254932875,2022-11-12T14:08:52.875,385.320,0.945,-0.244,-0.091
1668254932915,2022-11-12T14:08:52.915,385.360,0.793,-0.244,0.061
1668254932955,2022-11-12T14:08:52.955,385.400,0.915,-0.213,0.122
1668254932995,2022-11-12T14:08:52.995,385.440,0.915,-0.091,-0.091
1668254933035,2022-11-12T14:08:53.035,385.480,0.823,-0.061,0.000
1668254933075,2022-11-12T14:08:53.075,385.520,0.793,-0.335,0.183
1668254933115,2022-11-12T14:08:53.115,385.560,0.823,-0.396,-0.061
1668254933155,2022-11-12T14:08:53.155,385.600,0.823,-0.213,-0.061
1668254933195,2022-11-12T14:08:53.195,385.640,0.823,-0.030,0.091
1668254933235,2022-11-12T14:08:53.235,385.680,0.854,-0.091,0.061
1668254933275,2022-11-12T14:08:53.275,385.720,0.915,-0.366,0.030
1668254933315,2022-11-12T14:08:53.315,385.760,0.854,-0.122,0.000
1668254933355,2022-11-12T14:08:53.355,385.800,0.915,-0.091,0.030
1668254933395,2022-11-12T14:08:53.395,385.840,1.006,-0.244,-0.030
1668254933435,2022-11-12T14:08:53.435,385.880,0.884,-0.213,-0.030
1668254933475,2022-11-12T14:08:53.475,385.920,0.640,-0.122,0.061
1668254933515,2022-11-12T14:08:53.515,385.960,0.732,-0.152,0.091
1668254933555,2022-11-12T14:08:53.555,386.000,0.945,-0.213,-0.091
1668254933595,2022-11-12T14:08:53.595,386.040,0.884,-0.091,0.000
1668254933635,2022-11-12T14:08:53.635,386.080,0.884,-0.091,0.061
1668254933675,2022-11-12T14:08:53.675,386.120,0.854,-0.335,-0.091
1668254933715,2022-11-12T14:08:53.715,386.160,0.671,-0.274,-0.030
1668254933755,2022-11-12T14:08:53.755,386.200,0.823,0.152,-0.091
1668254933795,2022-11-12T14:08:53.795,386.240,0.823,-0.122,0.030
1668254933835,2022-11-12T14:08:53.835,386.280,0.732,-0.396,0.030
1668254933875,2022-11-12T14:08:53.875,386.320,1.006,-0.152,-0.122
1668254933915,2022-11-12T14:08:53.915,386.360,0.762,-0.030,0.061
1668254933955,2022-11-12T14:08:53.955,386.400,0.854,-0.183,-0.091
1668254933995,2022-11-12T14:08:53.995,386.440,0.976,-0.335,-0.091
1668254934035,2022-11-12T14:08:54.035,386.480,0.701,-0.091,0.091
1668254934075,2022-11-12T14:08:54.075,386.520,0.884,-0.122,0.030
1668254934115,2022-11-12T14:08:54.115,386.560,0.945,-0.274,-0.122
1668254934155,2022-11-12T14:08:54.155,386.600,0.915,-0.152,-0.061
1668254934195,2022-11-12T14:08:54.195,386.640,0.732,-0.091,0.213
1668254934235,2022-11-12T14:08:54.235,386.680,0.732,-0.061,0.122
1668254934275,2022-11-12T14:08:54.275,386.720,0.976,-0.244,-0.213
1668254934315,2022-11-12T14:08:54.315,386.760,0.823,-0.183,-0.061
1668254934355,2022-11-12T14:08:54.355,386.800,0.823,-0.244,0.091
1668254934395,2022-11-12T14:08:54.395,386.840,0.793,-0.274,-0.061
1668254934435,2022-11-12T14:08:54.435,386.880,0.915,-0.061,-0.091
1668254934475,2022-11-12T14:08:54.475,386.920,0.793,0.061,0.030
1668254934515,2022-11-12T14:08:54.515,386.960,0.732,-0.244,0.122
1668254934555,2022-11-12T14:08:54.555,387.000,0.854,-0.549,-0.030
1668254934595,2022-11-12T14:08:54.595,387.040,0.823,-0.183,0.000
1668254934635,2022-11-12T14:08:54.635,387.080,0.823,-0.061,0.061
1668254934675,2022-11-12T14:08:54.675,387.120,0.884,-0.244,-0.030
1668254934715,2022-11-12T14:08:54.715,387.160,0.915,-0.366,-0.030
1668254934755,2022-11-12T14:08:54.755,387.200,0.762,-0.091,0.122
1668254934795,2022-11-12T14:08:54.795,387.240,0.823,-0.061,0.030
1668254934835,2022-11-12T14:08:54.835,387.280,0.945,-0.244,0.000
1668254934875,2022-11-12T14:08:54.875,387.320,0.945,-0.213,-0.030
1668254934915,2022-11-12T14:08:54.915,387.360,0.762,-0.152,0.091
1668254934955,2022-11-12T14:08:54.955,387.400,0.671,-0.183,0.122
1668254934995,2022-11-12T14:08:54.995,387.440,0.884,-0.244,-0.030
1668254935035,2022-11-12T14:08:55.035,387.480,0.854,-0.183,-0.030
1668254935075,2022-11-12T14:08:55.075,387.520,0.793,-0.244,0.091
1668254935115,2022-11-12T14:08:55.115,387.560,0.854,-0.213,0.030
1668254935155,2022-11-12T14:08:55.155,387.600,0.854,-0.183,-0.061
1668254935195,2022-11-12T14:08:55.195,387.640,0.762,-0.091,0.000
1668254935235,2022-11-12T14:08:55.235,387.680,0.823,0.000,-0.030
1668254935275,2022-11-12T14:08:55.275,387.720,0.823,-0.244,-0.030
1668254935315,2022-11-12T14:08:55.315,387.760,0.732,-0.335,0.122
1668254935355,2022-11-12T14:08:55.355,387.800,0.915,-0.122,0.000
1668254935395,2022-11-12T14:08:55.395,387.840,0.854,-0.122,0.061
1668254935435,2022-11-12T14:08:55.435,387.880,0.884,-0.183,-0.091
1668254935475,2022-11-12T14:08:55.475,387.920,0.945,-0.244,0.000
1668254935515,2022-11-12T14:08:55.515,387.960,0.762,-0.244,0.183
1668254935555,2022-11-12T14:08:55.555,388.000,0.915,-0.183,-0.091
1668254935595,2022-11-12T14:08:55.595,388.040,0.762,-0.244,0.000
1668254935635,2022-11-12T14:08:55.635,388.080,0.854,-0.122,0.061
1668254935675,2022-11-12T14:08:55.675,388.120,0.823,-0.244,0.061
1668254935715,2022-11-12T14:08:55.715,388.160,0.701,-0.244,0.122
1668254935755,2022-11-12T14:08:55.755,388.200,1.098,-0.213,-0.122
1668254935795,2022-11-12T14:08:55.795,388.240,0.915,-0.213,0.091
1668254935835,2022-11-12T14:08:55.835,388.280,0.762,-0.183,0.122
1668254935875,2022-11-12T14:08:55.875,388.320,1.067,-0.213,-0.091
1668254935915,2022-11-12T14:08:55.915,388.360,0.732,-0.061,0.061
1668254935955,2022-11-12T14:08:55.955,388.400,0.610,0.152,0.152
1668254935995,2022-11-12T14:08:55.995,388.440,0.701,-0.030,0.061
1668254936035,2022-11-12T14:08:56.035,388.480,0.793,-0.274,-0.061
1668254936075,2022-11-12T14:08:56.075,388.520,1.006,-0.213,-0.183
1668254936115,2022-11-12T14:08:56.115,388.560,0.793,-0.366,-0.030
1668254936155,2022-11-12T14:08:56.155,388.600,0.793,-0.396,0.061
1668254936195,2022-11-12T14:08:56.195,388.640,0.976,-0.366,0.030
1668254936235,2022-11-12T14:08:56.235,388.680,0.823,-0.244,-0.091
1668254936275,2022-11-12T14:08:56.275,388.720,0.762,-0.091,-0.122
1668254936315,2022-11-12T14:08:56.315,388.760,0.579,-0.122,0.061
1668254936355,2022-11-12T14:08:56.355,388.800,0.732,-0.091,0.061
1668254936395,2022-11-12T14:08:56.395,388.840,0.976,-0.183,-0.122
1668254936435,2022-11-12T14:08:56.435,388.880,0.488,-0.061,-0.091
1668254936475,2022-11-12T14:08:56.475,388.920,0.610,-0.122,-0.061
1668254936515,2022-11-12T14:08:56.515,388.960,0.884,-0.274,0.030
1668254936555,2022-11-12T14:08:56.555,389.000,0.884,-0.274,0.030
1668254936595,2022-11-12T14:08:56.595,389.040,1.037,-0.274,0.030
1668254936635,2022-11-12T14:08:56.635,389.080,0.884,-0.244,0.061
1668254936675,2022-11-12T14:08:56.675,389.120,1.067,-0.244,0.000
1668254936715,2022-11-12T14:08:56.715,389.160,0.915,-0.213,0.000
1668254936755,2022-11-12T14:08:56.755,389.200,0.762,-0.091,0.122
1668254936795,2022-11-12T14:08:56.795,389.240,1.006,-0.213,-0.061
1668254936835,2022-11-12T14:08:56.835,389.280,0.976,-0.335,-0.122
1668254936875,2022-11-12T14:08:56.875,389.320,0.854,-0.213,0.000
1668254936915,2022-11-12T14:08:56.915,389.360,1.006,-0.152,-0.061
1668254936955,2022-11-12T14:08:56.955,389.400,0.823,-0.152,0.061
1668254936995,2022-11-12T14:08:56.995,389.440,0.793,-0.335,-0.030
1668254937035,2022-11-12T14:08:57.035,389.480,0.823,-0.244,-0.152
1668254937075,2022-11-12T14:08:57.075,389.520,0.732,-0.091,0.061
1668254937115,2022-11-12T14:08:57.115,389.560,0.884,-0.183,-0.061
1668254937155,2022-11-12T14:08:57.155,389.600,0.915,-0.274,-0.030
1668254937195,2022-11-12T14:08:57.195,389.640,0.854,-0.244,0.091
1668254937235,2022-11-12T14:08:57.235,389.680,1.098,-0.244,0.030
1668254937275,2022-11-12T14:08:57.275,389.720,0.884,-0.213,-0.030
1668254937315,2022-11-12T14:08:57.315,389.760,0.854,-0.213,-0.061
1668254937355,2022-11-12T14:08:57.355,389.800,0.762,-0.152,0.061
1668254937395,2022-11-12T14:08:57.395,389.840,0.793,-0.030,0.061
1668254937435,2022-11-12T14:08:57.435,389.880,1.006,-0.244,-0.091
1668254937475,2022-11-12T14:08:57.475,389.920,0.945,-0.213,0.000
1668254937515,2022-11-12T14:08:57.515,389.960,0.976,-0.213,-0.030
1668254937555,2022-11-12T14:08:57.555,390.000,0.854,-0.305,-0.030
1668254937595,2022-11-12T14:08:57.595,390.040,0.732,-0.274,-0.030
1668254937635,2022-11-12T14:08:57.635,390.080,0.762,-0.152,0.061
1668254937675,2022-11-12T14:08:57.675,390.120,0.793,-0.061,0.061
1668254937715,2022-11-12T14:08:57.715,390.160,1.006,-0.030,-0.152
1668254937755,2022-11-12T14:08:57.755,390.200,0.762,-0.335,0.030
1668254937795,2022-11-12T14:08:57.795,390.240,0.701,-0.366,-0.030
1668254937835,2022-11-12T14:08:57.835,390.280,0.854,-0.091,-0.091
1668254937875,2022-11-12T14:08:57.875,390.320,0.793,-0.122,0.061
1668254937915,2022-11-12T14:08:57.915,390.360,0.823,-0.213,-0.091
1668254937955,2022-11-12T14:08:57.955,390.400,0.701,-0.183,0.000
1668254937995,2022-11-12T14:08:57.995,390.440,0.732,-0.091,0.000
1668254938035,2022-11-12T14:08:58.035,390.480,0.884,-0.213,-0.061
1668254938075,2022-11-12T14:08:58.075,390.520,0.915,-0.061,0.030
1668254938115,2022-11-12T14:08:58.115,390.560,0.854,-0.122,-0.061
1668254938155,2022-11-12T14:08:58.155,390.600,0.671,-0.183,0.091
1668254938195,2022-11-12T14:08:58.195,390.640,0.762,-0.061,0.030
1668254938235,2022-11-12T14:08:58.235,390.680,0.884,-0.122,-0.061
1668254938275,2022-11-12T14:08:58.275,390.720,0.854,-0.244,-0.030
1668254938315,2022-11-12T14:08:58.315,390.760,0.884,-0.305,0.061
1668254938355,2022-11-12T14:08:58.355,390.800,0.854,-0.061,0.030
1668254938395,2022-11-12T14:08:58.395,390.840,1.006,0.000,-0.030
1668254938435,2022-11-12T14:08:58.435,390.880,0.976,-0.122,-0.061
1668254938475,2022-11-12T14:08:58.475,390.920,0.762,-0.366,0.122
1668254938515,2022-11-12T14:08:58.515,390.960,0.854,-0.213,-0.091
1668254938555,2022-11-12T14:08:58.555,391.000,0.732,-0.061,-0.030
1668254938595,2022-11-12T14:08:58.595,391.040,0.701,-0.091,0.061
1668254938635,2022-11-12T14:08:58.635,391.080,0.915,-0.244,-0.030
1668254938675,2022-11-12T14:08:58.675,391.120,0.671,-0.183,0.152
1668254938715,2022-11-12T14:08:58.715,391.160,0.823,-0.030,0.000
1668254938755,2022-11-12T14:08:58.755,391.200,0.762,-0.274,0.000
1668254938795,2022-11-12T14:08:58.795,391.240,0.793,-0.213,0.061
1668254938835,2022-11-12T14:08:58.835,391.280,1.006,-0.122,-0.091
1668254938875,2022-11-12T14:08:58.875,391.320,0.793,-0.183,0.152
1668254938915,2022-11-12T14:08:58.915,391.360,0.823,-0.122,0.030
1668254938955,2022-11-12T14:08:58.955,391.400,0.915,-0.122,-0.061
1668254938995,2022-11-12T14:08:58.995,391.440,0.793,-0.244,0.061
1668254939035,2022-11-12T14:08:59.035,391.480,0.976,-0.274,-0.091
1668254939075,2022-11-12T14:08:59.075,391.520,0.915,-0.183,-0.030
1668254939115,2022-11-12T14:08:59.115,391.560,0.823,-0.061,-0.030
1668254939155,2022-11-12T14:08:59.155,391.600,0.762,-0.305,0.061
1668254939195,2022-11-12T14:08:59.195,391.640,0.793,-0.335,-0.030
1668254939235,2022-11-12T14:08:59.235,391.680,1.006,-0.274,-0.091
1668254939275,2022-11-12T14:08:59.275,391.720,0.701,-0.122,0.122
1668254939315,2022-11-12T14:08:59.315,391.760,0.884,-0.061,-0.030
1668254939355,2022-11-12T14:08:59.355,391.800,0.823,-0.183,-0.030
1668254939395,2022-11-12T14:08:59.395,391.840,0.762,-0.091,0.091
1668254939435,2022-11-12T14:08:59.435,391.880,0.915,0.000,0.000
1668254939475,2022-11-12T14:08:59.475,391.920,0.823,-0.183,-0.030
1668254939515,2022-11-12T14:08:59.515,391.960,0.793,-0.152,-0.030
1668254939555,2022-11-12T14:08:59.555,392.000,0.823,-0.122,0.061
1668254939595,2022-11-12T14:08:59.595,392.040,0.610,-0.183,0.091
1668254939635,2022-11-12T14:08:59.635,392.080,0.915,-0.274,-0.030
1668254939675,2022-11-12T14:08:59.675,392.120,0.915,-0.091,0.030
1668254939715,2022-11-12T14:08:59.715,392.160,0.671,-0.152,0.152
1668254939755,2022-11-12T14:08:59.755,392.200,0.915,-0.335,-0.091
1668254939795,2022-11-12T14:08:59.795,392.240,0.884,-0.152,-0.122
1668254939835,2022-11-12T14:08:59.835,392.280,0.793,0.000,0.061
1668254939875,2022-11-12T14:08:59.875,392.320,0.854,-0.122,0.000
1668254939915,2022-11-12T14:08:59.915,392.360,0.793,-0.396,0.030
1668254939955,2022-11-12T14:08:59.955,392.400,0.915,-0.335,-0.061
1668254939995,2022-11-12T14:08:59.995,392.440,0.854,-0.213,0.000
1668254940035,2022-11-12T14:09:00.035,392.480,0.854,-0.244,0.061
1668254940075,2022-11-12T14:09:00.075,392.520,0.976,-0.305,-0.122
1668254940115,2022-11-12T14:09:00.115,392.560,0.732,-0.305,0.091
1668254940155,2022-11-12T14:09:00.155,392.600,0.854,-0.061,0.061
1668254940195,2022-11-12T14:09:00.195,392.640,0.854,-0.274,-0.030
1668254940235,2022-11-12T14:09:00.235,392.680,0.793,-0.274,0.061
1668254940275,2022-11-12T14:09:00.275,392.720,0.976,-0.213,-0.122
1668254940315,2022-11-12T14:09:00.315,392.760,0.640,-0.213,0.152
1668254940355,2022-11-12T14:09:00.355,392.800,0.854,-0.213,0.030
1668254940395,2022-11-12T14:09:00.395,392.840,0.945,-0.366,-0.091
1668254940435,2022-11-12T14:09:00.435,392.880,0.823,-0.366,0.061
1668254940475,2022-11-12T14:09:00.475,392.920,0.976,-0.244,0.000
1668254940515,2022-11-12T14:09:00.515,392.960,0.854,-0.244,0.030
1668254940555,2022-11-12T14:09:00.555,393.000,0.884,-0.335,0.000
1668254940595,2022-11-12T14:09:00.595,393.040,0.945,-0.061,0.000
1668254940635,2022-11-12T14:09:00.635,393.080,0.732,-0.152,0.061
1668254940675,2022-11-12T14:09:00.675,393.120,0.732,-0.457,0.030
1668254940715,2022-11-12T14:09:00.715,393.160,0.945,-0.274,-0.061
1668254940755,2022-11-12T14:09:00.755,393.200,0.884,-0.152,0.061
1668254940795,2022-11-12T14:09:00.795,393.240,0.823,-0.213,0.000
1668254940835,2022-11-12T14:09:00.835,393.280,0.884,-0.274,-0.061
1668254940875,2022-11-12T14:09:00.875,393.320,0.854,-0.213,0.061
1668254940915,2022-11-12T14:09:00.915,393.360,0.884,-0.244,-0.030
1668254940955,2022-11-12T14:09:00.955,393.400,0.945,-0.244,0.030
1668254940995,2022-11-12T14:09:00.995,393.440,1.067,-0.244,0.000
1668254941035,2022-11-12T14:09:01.035,393.480,1.098,-0.305,-0.091
1668254941075,2022-11-12T14:09:01.075,393.520,0.762,-0.244,0.152
1668254941115,2022-11-12T14:09:01.115,393.560,0.793,-0.274,0.061
1668254941155,2022-11-12T14:09:01.155,393.600,0.945,-0.213,-0.122
1668254941195,2022-11-12T14:09:01.195,393.640,0.854,-0.213,-0.061
1668254941235,2022-11-12T14:09:01.235,393.680,0.793,-0.274,0.061
1668254941275,2022-11-12T14:09:01.275,393.720,0.823,-0.122,-0.091
1668254941315,2022-11-12T14:09:01.315,393.760,0.762,-0.061,-0.030
1668254941355,2022-11-12T14:09:01.355,393.800,0.823,-0.061,0.030
1668254941395,2022-11-12T14:09:01.395,393.840,0.762,-0.244,0.061
1668254941435,2022-11-12T14:09:01.435,393.880,0.793,-0.305,-0.091
1668254941475,2022-11-12T14:09:01.475,393.920,0.884,-0.030,-0.061
1668254941515,2022-11-12T14:09:01.515,393.960,0.701,-0.091,0.091
1668254941555,2022-11-12T14:09:01.555,394.000,0.823,-0.213,-0.122
1668254941595,2022-11-12T14:09:01.595,394.040,0.823,-0.183,-0.030
1668254941635,2022-11-12T14:09:01.635,394.080,0.762,-0.091,0.000
1668254941675,2022-11-12T14:09:01.675,394.120,0.823,-0.183,-0.030
1668254941715,2022-11-12T14:09:01.715,394.160,0.915,-0.152,-0.061
1668254941755,2022-11-12T14:09:01.755,394.200,0.854,-0.152,0.000
1668254941795,2022-11-12T14:09:01.795,394.240,0.579,-0.152,0.152
1668254941835,2022-11-12T14:09:01.835,394.280,0.854,-0.152,0.000
1668254941875,2022-11-12T14:09:01.875,394.320,0.976,-0.152,-0.091
1668254941915,2022-11-12T14:09:01.915,394.360,0.823,-0.183,0.061
1668254941955,2022-11-12T14:09:01.955,394.400,0.823,-0.244,0.061
1668254941995,2022-11-12T14:09:01.995,394.440,0.854,-0.213,-0.091
1668254942035,2022-11-12T14:09:02.035,394.480,0.854,-0.152,0.061
1668254942075,2022-11-12T14:09:02.075,394.520,0.854,0.000,0.061
1668254942115,2022-11-12T14:09:02.115,394.560,0.823,0.091,0.000
1668254942155,2022-11-12T14:09:02.155,394.600,0.854,-0.305,0.091
1668254942195,2022-11-12T14:09:02.195,394.640,0.854,-0.457,0.000
1668254942235,2022-11-12T14:09:02.235,394.680,0.823,-0.152,-0.061
1668254942275,2022-11-12T14:09:02.275,394.720,0.762,-0.061,0.061
1668254942315,2022-11-12T14:09:02.315,394.760,0.884,-0.152,0.000
1668254942355,2022-11-12T14:09:02.355,394.800,0.854,-0.213,0.030
1668254942395,2022-11-12T14:09:02.395,394.840,0.762,-0.122,0.091
1668254942435,2022-11-12T14:09:02.435,394.880,0.793,-0.213,0.000
1668254942475,2022-11-12T14:09:02.475,394.920,0.854,-0.213,-0.061
1668254942515,2022-11-12T14:09:02.515,394.960,0.945,-0.122,0.000
1668254942555,2022-11-12T14:09:02.555,395.000,0.732,-0.122,0.183
1668254942595,2022-11-12T14:09:02.595,395.040,0.793,-0.152,-0.030
1668254942635,2022-11-12T14:09:02.635,395.080,0.884,-0.152,-0.030
1668254942675,2022-11-12T14:09:02.675,395.120,0.854,-0.122,-0.030
1668254942715,2022-11-12T14:09:02.715,395.160,0.823,-0.061,0.030
1668254942755,2022-11-12T14:09:02.755,395.200,0.823,-0.122,-0.030
1668254942795,2022-11-12T14:09:02.795,395.240,0.762,-0.061,0.000
1668254942835,2022-11-12T14:09:02.835,395.280,0.793,-0.122,0.000
1668254942875,2022-11-12T14:09:02.875,395.320,0.823,-0.244,-0.091
1668254942915,2022-11-12T14:09:02.915,395.360,0.793,-0.274,-0.030
1668254942955,2022-11-12T14:09:02.955,395.400,0.945,-0.274,-0.152
1668254942995,2022-11-12T14:09:02.995,395.440,0.671,-0.488,0.061
1668254943035,2022-11-12T14:09:03.035,395.480,0.457,-0.427,0.183
1668254943075,2022-11-12T14:09:03.075,395.520,0.732,-0.183,0.000
1668254943115,2022-11-12T14:09:03.115,395.560,0.823,-0.030,-0.030
1668254943155,2022-11-12T14:09:03.155,395.600,0.976,0.122,-0.030
1668254943195,2022-11-12T14:09:03.195,395.640,0.854,-0.183,-0.030
1668254943235,2022-11-12T14:09:03.235,395.680,0.671,-0.274,0.091
1668254943275,2022-11-12T14:09:03.275,395.720,0.945,-0.030,-0.061
1668254943315,2022-11-12T14:09:03.315,395.760,0.915,-0.152,-0.030
1668254943355,2022-11-12T14:09:03.355,395.800,0.884,-0.366,-0.091
1668254943395,2022-11-12T14:09:03.395,395.840,0.854,-0.305,0.000
1668254943435,2022-11-12T14:09:03.435,395.880,0.671,-0.122,0.152
1668254943475,2022-11-12T14:09:03.475,395.920,0.976,-0.213,-0.122
1668254943515,2022-11-12T14:09:03.515,395.960,1.006,-0.244,-0.091
1668254943555,2022-11-12T14:09:03.555,396.000,0.884,-0.183,0.030
1668254943595,2022-11-12T14:09:03.595,396.040,0.793,-0.152,0.030
1668254943635,2022-11-12T14:09:03.635,396.080,0.762,-0.244,-0.030
1668254943675,2022-11-12T14:09:03.675,396.120,0.884,-0.183,-0.030
1668254943715,2022-11-12T14:09:03.715,396.160,0.884,-0.213,0.061
1668254943755,2022-11-12T14:09:03.755,396.200,0.915,-0.335,-0.030
1668254943795,2022-11-12T14:09:03.795,396.240,0.854,-0.183,0.030
1668254943835,2022-11-12T14:09:03.835,396.280,0.854,0.000,-0.030
1668254943875,2022-11-12T14:09:03.875,396.320,0.793,-0.274,0.030
1668254943915,2022-11-12T14:09:03.915,396.360,0.854,-0.579,-0.030
1668254943955,2022-11-12T14:09:03.955,396.400,0.884,-0.366,0.000
1668254943995,2022-11-12T14:09:03.995,396.440,0.854,-0.183,0.091
1668254944035,2022-11-12T14:09:04.035,396.480,0.884,-0.274,-0.030
1668254944075,2022-11-12T14:09:04.075,396.520,0.976,-0.396,0.000
1668254944115,2022-11-12T14:09:04.115,396.560,0.823,-0.274,0.091
1668254944155,2022-11-12T14:09:04.155,396.600,0.854,-0.152,-0.061
1668254944195,2022-11-12T14:09:04.195,396.640,0.945,-0.335,0.000
1668254944235,2022-11-12T14:09:04.235,396.680,1.159,-0.152,-0.061
1668254944275,2022-11-12T14:09:04.275,396.720,1.037,-0.061,0.000
1668254944315,2022-11-12T14:09:04.315,396.760,0.671,-0.244,0.122
1668254944355,2022-11-12T14:09:04.355,396.800,0.915,-0.305,-0.122
1668254944395,2022-11-12T14:09:04.395,396.840,0.793,-0.213,-0.030
1668254944435,2022-11-12T14:09:04.435,396.880,0.915,-0.091,0.000
1668254944475,2022-11-12T14:09:04.475,396.920,0.793,-0.091,0.030
1668254944515,2022-11-12T14:09:04.515,396.960,0.732,-0.213,0.061
1668254944555,2022-11-12T14:09:04.555,397.000,0.823,-0.366,0.061
1668254944595,2022-11-12T14:09:04.595,397.040,0.793,-0.427,-0.061
1668254944635,2022-11-12T14:09:04.635,397.080,0.793,-0.152,-0.061
1668254944675,2022-11-12T14:09:04.675,397.120,0.945,0.091,-0.061
1668254944715,2022-11-12T14:09:04.715,397.160,0.823,-0.305,0.061
1668254944755,2022-11-12T14:09:04.755,397.200,0.793,-0.457,0.061
1668254944795,2022-11-12T14:09:04.795,397.240,0.976,-0.335,-0.091
1668254944835,2022-11-12T14:09:04.835,397.280,0.732,-0.213,0.061
1668254944875,2022-11-12T14:09:04.875,397.320,0.884,-0.152,0.061
1668254944915,2022-11-12T14:09:04.915,397.360,0.915,-0.335,0.000
1668254944955,2022-11-12T14:09:04.955,397.400,0.793,-0.244,0.030
1668254944995,2022-11-12T14:09:04.995,397.440,0.915,-0.061,0.061
1668254945035,2022-11-12T14:09:05.035,397.480,0.823,-0.213,0.030
1668254945075,2022-11-12T14:09:05.075,397.520,0.976,-0.213,-0.091
1668254945115,2022-11-12T14:09:05.115,397.560,0.854,-0.061,0.152
1668254945155,2022-11-12T14:09:05.155,397.600,0.732,-0.122,0.122
1668254945195,2022-11-12T14:09:05.195,397.640,0.915,-0.305,-0.213
1668254945235,2022-11-12T14:09:05.235,397.680,0.945,-0.213,-0.091
1668254945275,2022-11-12T14:09:05.275,397.720,0.823,-0.122,0.183
1668254945315,2022-11-12T14:09:05.315,397.760,0.732,-0.366,-0.061
1668254945355,2022-11-12T14:09:05.355,397.800,0.762,-0.366,-0.122
1668254945395,2022-11-12T14:09:05.395,397.840,0.732,0.030,0.030
1668254945435,2022-11-12T14:09:05.435,397.880,0.884,0.030,-0.091
1668254945475,2022-11-12T14:09:05.475,397.920,0.854,-0.335,-0.030
1668254945515,2022-11-12T14:09:05.515,397.960,0.823,-0.457,-0.061
1668254945555,2022-11-12T14:09:05.555,398.000,0.854,-0.183,0.030
1668254945595,2022-11-12T14:09:05.595,398.040,0.854,-0.030,0.000
1668254945635,2022-11-12T14:09:05.635,398.080,0.915,-0.122,-0.122
1668254945675,2022-11-12T14:09:05.675,398.120,0.793,-0.244,0.030
1668254945715,2022-11-12T14:09:05.715,398.160,0.732,-0.061,0.061
1668254945755,2022-11-12T14:09:05.755,398.200,0.854,-0.061,-0.091
1668254945795,2022-11-12T14:09:05.795,398.240,0.793,-0.213,-0.061
1668254945835,2022-11-12T14:09:05.835,398.280,0.762,-0.122,-0.091
1668254945875,2022-11-12T14:09:05.875,398.320,0.671,-0.091,0.091
1668254945915,2022-11-12T14:09:05.915,398.360,0.732,-0.061,0.183
1668254945955,2022-11-12T14:09:05.955,398.400,0.854,-0.091,-0.061
1668254945995,2022-11-12T14:09:05.995,398.440,0.793,-0.122,0.030
1668254946035,2022-11-12T14:09:06.035,398.480,0.732,-0.122,0.122
1668254946075,2022-11-12T14:09:06.075,398.520,0.762,-0.396,0.030
1668254946115,2022-11-12T14:09:06.115,398.560,0.793,-0.152,-0.030
1668254946155,2022-11-12T14:09:06.155,398.600,0.884,0.061,0.061
1668254946195,2022-11-12T14:09:06.195,398.640,0.854,-0.091,0.000
1668254946235,2022-11-12T14:09:06.235,398.680,0.762,-0.274,0.061
1668254946275,2022-11-12T14:09:06.275,398.720,0.915,-0.244,-0.061
1668254946315,2022-11-12T14:09:06.315,398.760,0.823,-0.213,0.061
1668254946355,2022-11-12T14:09:06.355,398.800,0.793,-0.091,0.030
1668254946395,2022-11-12T14:09:06.395,398.840,0.915,-0.122,-0.091
1668254946435,2022-11-12T14:09:06.435,398.880,0.762,-0.183,0.183
1668254946475,2022-11-12T14:09:06.475,398.920,0.945,-0.122,0.000
1668254946515,2022-11-12T14:09:06.515,398.960,0.884,-0.152,0.000
1668254946555,2022-11-12T14:09:06.555,399.000,0.793,-0.213,0.000
1668254946595,2022-11-12T14:09:06.595,399.040,0.762,-0.152,-0.030
1668254946635,2022-11-12T14:09:06.635,399.080,0.701,-0.061,0.152
1668254946675,2022-11-12T14:09:06.675,399.120,0.884,-0.152,0.000
1668254946715,2022-11-12T14:09:06.715,399.160,0.915,-0.213,-0.061
1668254946755,2022-11-12T14:09:06.755,399.200,0.884,-0.091,-0.030
1668254946795,2022-11-12T14:09:06.795,399.240,0.854,-0.183,0.061
1668254946835,2022-11-12T14:09:06.835,399.280,0.823,-0.274,0.030
1668254946875,2022-11-12T14:09:06.875,399.320,0.884,-0.183,0.000
1668254946915,2022-11-12T14:09:06.915,399.360,0.732,-0.152,0.030
1668254946955,2022-11-12T14:09:06.955,399.400,0.854,-0.183,-0.122
1668254946995,2022-11-12T14:09:06.995,399.440,0.701,-0.244,0.122
1668254947035,2022-11-12T14:09:07.035,399.480,0.854,-0.335,-0.061
1668254947075,2022-11-12T14:09:07.075,399.520,0.945,-0.244,-0.152
1668254947115,2022-11-12T14:09:07.115,399.560,0.762,-0.061,0.091
1668254947155,2022-11-12T14:09:07.155,399.600,0.823,-0.183,0.061
1668254947195,2022-11-12T14:09:07.195,399.640,0.701,-0.152,0.000
1668254947235,2022-11-12T14:09:07.235,399.680,0.823,-0.152,0.000
1668254947275,2022-11-12T14:09:07.275,399.720,0.732,-0.091,0.091
1668254947315,2022-11-12T14:09:07.315,399.760,0.884,-0.183,-0.030
1668254947355,2022-11-12T14:09:07.355,399.800,1.037,-0.152,-0.091
1668254947395,2022-11-12T14:09:07.395,399.840,0.610,-0.152,0.213
1668254947435,2022-11-12T14:09:07.435,399.880,0.671,-0.244,0.000
1668254947475,2022-11-12T14:09:07.475,399.920,0.945,-0.213,-0.122
1668254947515,2022-11-12T14:09:07.515,399.960,0.915,-0.122,0.091
1668254947555,2022-11-12T14:09:07.555,400.000,0.945,-0.183,0.091
1668254947595,2022-11-12T14:09:07.595,400.040,0.915,-0.244,0.091
1668254947635,2022-11-12T14:09:07.635,400.080,0.884,-0.244,0.030
1668254947675,2022-11-12T14:09:07.675,400.120,0.915,-0.122,-0.030
1668254947715,2022-11-12T14:09:07.715,400.160,0.854,-0.091,-0.091
1668254947755,2022-11-12T14:09:07.755,400.200,0.823,-0.274,0.122
1668254947795,2022-11-12T14:09:07.795,400.240,0.915,-0.274,-0.030
1668254947835,2022-11-12T14:09:07.835,400.280,0.793,-0.274,-0.061
1668254947875,2022-11-12T14:09:07.875,400.320,0.854,-0.122,0.091
1668254947915,2022-11-12T14:09:07.915,400.360,1.067,-0.061,-0.061
1668254947955,2022-11-12T14:09:07.955,400.400,1.067,0.000,0.061
1668254947995,2022-11-12T14:09:07.995,400.440,1.098,0.061,0.000
1668254948035,2022-11-12T14:09:08.035,400.480,0.945,-0.213,-0.030
1668254948075,2022-11-12T14:09:08.075,400.520,0.854,-0.183,0.000
1668254948115,2022-11-12T14:09:08.115,400.560,1.037,-0.091,-0.061
1668254948155,2022-11-12T14:09:08.155,400.600,0.823,-0.061,0.213
1668254948195,2022-11-12T14:09:08.195,400.640,0.823,-0.183,0.152
1668254948235,2022-11-12T14:09:08.235,400.680,0.945,-0.213,-0.030
1668254948275,2022-11-12T14:09:08.275,400.720,0.884,-0.244,0.000
1668254948315,2022-11-12T14:09:08.315,400.760,0.884,-0.213,0.091
1668254948355,2022-11-12T14:09:08.355,400.800,0.884,-0.366,-0.030
1668254948395,2022-11-12T14:09:08.395,400.840,0.884,-0.366,-0.061
1668254948435,2022-11-12T14:09:08.435,400.880,0.915,-0.091,-0.030
1668254948475,2022-11-12T14:09:08.475,400.920,0.823,-0.183,0.213
1668254948515,2022-11-12T14:09:08.515,400.960,0.823,-0.396,0.000
1668254948555,2022-11-12T14:09:08.555,401.000,0.915,-0.427,-0.335
1668254948595,2022-11-12T14:09:08.595,401.040,0.793,-0.122,0.091
1668254948635,2022-11-12T14:09:08.635,401.080,0.854,-0.091,0.091
1668254948675,2022-11-12T14:09:08.675,401.120,0.976,-0.244,0.000
1668254948715,2022-11-12T14:09:08.715,401.160,1.037,-0.183,0.000
1668254948755,2022-11-12T14:09:08.755,401.200,0.854,-0.030,0.122
1668254948795,2022-11-12T14:09:08.795,401.240,0.915,-0.122,0.030
1668254948835,2022-11-12T14:09:08.835,401.280,0.945,-0.091,-0.152
1668254948875,2022-11-12T14:09:08.875,401.320,0.884,-0.030,0.030
1668254948915,2022-11-12T14:09:08.915,401.360,0.854,-0.091,0.061
1668254948955,2022-11-12T14:09:08.955,401.400,0.854,-0.213,0.000
1668254948995,2022-11-12T14:09:08.995,401.440,0.976,-0.244,-0.030
1668254949035,2022-11-12T14:09:09.035,401.480,0.854,-0.152,0.122
1668254949075,2022-11-12T14:09:09.075,401.520,0.671,-0.030,0.091
1668254949115,2022-11-12T14:09:09.115,401.560,0.823,0.000,-0.152
1668254949155,2022-11-12T14:09:09.155,401.600,0.579,-0.091,0.091
1668254949195,2022-11-12T14:09:09.195,401.640,0.579,-0.457,0.183
1668254949235,2022-11-12T14:09:09.235,401.680,0.793,-0.152,-0.152
1668254949275,2022-11-12T14:09:09.275,401.720,0.549,-0.030,0.061
1668254949315,2022-11-12T14:09:09.315,401.760,0.671,-0.091,0.061
1668254949355,2022-11-12T14:09:09.355,401.800,1.067,-0.274,-0.305
1668254949395,2022-11-12T14:09:09.395,401.840,1.006,-0.244,-0.274
1668254949435,2022-11-12T14:09:09.435,401.880,1.067,-0.061,-0.061
1668254949475,2022-11-12T14:09:09.475,401.920,0.884,-0.183,0.091
1668254949515,2022-11-12T14:09:09.515,401.960,0.732,-0.244,0.000
1668254949555,2022-11-12T14:09:09.555,402.000,0.640,-0.213,0.091
1668254949595,2022-11-12T14:09:09.595,402.040,0.762,0.030,0.183
1668254949635,2022-11-12T14:09:09.635,402.080,0.976,-0.183,-0.152
1668254949675,2022-11-12T14:09:09.675,402.120,0.976,-0.213,-0.091
1668254949715,2022-11-12T14:09:09.715,402.160,0.945,-0.213,0.091
1668254949755,2022-11-12T14:09:09.755,402.200,0.823,-0.335,-0.061
1668254949795,2022-11-12T14:09:09.795,402.240,1.128,-0.061,-0.305
1668254949835,2022-11-12T14:09:09.835,402.280,0.732,0.061,0.122
1668254949875,2022-11-12T14:09:09.875,402.320,0.640,-0.122,0.183
1668254949915,2022-11-12T14:09:09.915,402.360,0.762,-0.244,0.030
1668254949955,2022-11-12T14:09:09.955,402.400,0.549,-0.152,0.244
1668254949995,2022-11-12T14:09:09.995,402.440,0.732,0.030,0.183
1668254950035,2022-11-12T14:09:10.035,402.480,1.037,-0.274,-0.244
1668254950075,2022-11-12T14:09:10.075,402.520,0.762,-0.122,0.091
1668254950115,2022-11-12T14:09:10.115,402.560,0.884,0.152,0.152
1668254950155,2022-11-12T14:09:10.155,402.600,0.762,-0.183,0.122
1668254950195,2022-11-12T14:09:10.195,402.640,0.945,-0.213,-0.091
1668254950235,2022-11-12T14:09:10.235,402.680,1.250,-0.183,-0.152
1668254950275,2022-11-12T14:09:10.275,402.720,1.006,-0.030,-0.030
1668254950315,2022-11-12T14:09:10.315,402.760,0.854,-0.030,-0.061
1668254950355,2022-11-12T14:09:10.355,402.800,0.945,-0.213,0.061
1668254950395,2022-11-12T14:09:10.395,402.840,0.854,-0.244,-0.030
1668254950435,2022-11-12T14:09:10.435,402.880,0.854,-0.091,-0.091
1668254950475,2022-11-12T14:09:10.475,402.920,0.854,0.030,-0.061
1668254950515,2022-11-12T14:09:10.515,402.960,0.671,-0.091,0.122
1668254950555,2022-11-12T14:09:10.555,403.000,0.793,-0.305,0.030
1668254950595,2022-11-12T14:09:10.595,403.040,0.884,-0.213,-0.152
1668254950635,2022-11-12T14:09:10.635,403.080,1.159,-0.274,-0.061
1668254950675,2022-11-12T14:09:10.675,403.120,1.189,-0.305,-0.152
1668254950715,2022-11-12T14:09:10.715,403.160,0.854,-0.122,0.030
1668254950755,2022-11-12T14:09:10.755,403.200,0.976,-0.061,0.061
1668254950795,2022-11-12T14:09:10.795,403.240,0.884,-0.183,-0.030
1668254950835,2022-11-12T14:09:10.835,403.280,0.579,-0.244,0.091
1668254950875,2022-11-12T14:09:10.875,403.320,0.701,-0.274,0.030
1668254950915,2022-11-12T14:09:10.915,403.360,0.671,-0.213,0.091
1668254950955,2022-11-12T14:09:10.955,403.400,0.762,-0.122,0.152
1668254950995,2022-11-12T14:09:10.995,403.440,1.037,-0.274,-0.091
1668254951035,2022-11-12T14:09:11.035,403.480,0.976,-0.305,0.000
1668254951075,2022-11-12T14:09:11.075,403.520,0.884,-0.122,0.152
1668254951115,2022-11-12T14:09:11.115,403.560,1.006,-0.091,-0.030
1668254951155,2022-11-12T14:09:11.155,403.600,0.915,-0.152,-0.091
1668254951195,2022-11-12T14:09:11.195,403.640,0.854,-0.061,0.030
1668254951235,2022-11-12T14:09:11.235,403.680,0.823,-0.244,0.213
1668254951275,2022-11-12T14:09:11.275,403.720,0.793,-0.427,0.122
1668254951315,2022-11-12T14:09:11.315,403.760,0.762,-0.122,0.091
1668254951355,2022-11-12T14:09:11.355,403.800,1.098,-0.030,0.091
1668254951395,2022-11-12T14:09:11.395,403.840,1.311,-0.030,-0.091
1668254951435,2022-11-12T14:09:11.435,403.880,0.915,-0.152,-0.183
1668254951475,2022-11-12T14:09:11.475,403.920,0.610,-0.213,0.152
1668254951515,2022-11-12T14:09:11.515,403.960,0.671,-0.152,0.152
1668254951555,2022-11-12T14:09:11.555,404.000,0.762,-0.335,0.000
1668254951595,2022-11-12T14:09:11.595,404.040,0.762,-0.213,-0.030
1668254951635,2022-11-12T14:09:11.635,404.080,0.610,-0.152,0.152
1668254951675,2022-11-12T14:09:11.675,404.120,0.549,-0.244,0.183
1668254951715,2022-11-12T14:09:11.715,404.160,0.945,-0.274,-0.122
1668254951755,2022-11-12T14:09:11.755,404.200,1.067,-0.274,-0.030
1668254951795,2022-11-12T14:09:11.795,404.240,0.640,-0.213,0.213
1668254951835,2022-11-12T14:09:11.835,404.280,0.762,-0.183,-0.030
1668254951875,2022-11-12T14:09:11.875,404.320,0.976,-0.305,-0.213
1668254951915,2022-11-12T14:09:11.915,404.360,0.976,-0.366,0.030
1668254951955,2022-11-12T14:09:11.955,404.400,0.915,-0.122,0.000
1668254951995,2022-11-12T14:09:11.995,404.440,0.915,-0.152,-0.030
1668254952035,2022-11-12T14:09:12.035,404.480,0.854,-0.183,0.030
1668254952075,2022-11-12T14:09:12.075,404.520,0.854,-0.152,0.122
1668254952115,2022-11-12T14:09:12.115,404.560,0.854,-0.091,0.000
1668254952155,2022-11-12T14:09:12.155,404.600,0.884,-0.183,-0.030
1668254952195,2022-11-12T14:09:12.195,404.640,0.762,-0.061,0.122
1668254952235,2022-11-12T14:09:12.235,404.680,0.671,-0.274,-0.091
1668254952275,2022-11-12T14:09:12.275,404.720,0.854,-0.213,-0.122
1668254952315,2022-11-12T14:09:12.315,404.760,0.793,-0.152,0.000
1668254952355,2022-11-12T14:09:12.355,404.800,0.793,-0.305,-0.091
1668254952395,2022-11-12T14:09:12.395,404.840,0.732,-0.366,-0.122
1668254952435,2022-11-12T14:09:12.435,404.880,0.854,-0.274,-0.091
1668254952475,2022-11-12T14:09:12.475,404.920,0.823,-0.061,0.000
1668254952515,2022-11-12T14:09:12.515,404.960,0.732,-0.213,-0.213
1668254952555,2022-11-12T14:09:12.555,405.000,0.945,-0.732,-0.884
1668254952595,2022-11-12T14:09:12.595,405.040,1.220,-0.518,-0.854
1668254952635,2022-11-12T14:09:12.635,405.080,0.488,0.152,0.518
1668254952675,2022-11-12T14:09:12.675,405.120,0.732,0.091,0.366
1668254952715,2022-11-12T14:09:12.715,405.160,0.976,-0.488,-0.183
1668254952755,2022-11-12T14:09:12.755,405.200,1.098,-0.305,-0.030
1668254952795,2022-11-12T14:09:12.795,405.240,0.823,0.030,0.335
1668254952835,2022-11-12T14:09:12.835,405.280,0.701,-0.274,0.335
1668254952875,2022-11-12T14:09:12.875,405.320,1.220,-0.488,-0.274
1668254952915,2022-11-12T14:09:12.915,405.360,0.793,-0.305,-0.061
1668254952955,2022-11-12T14:09:12.955,405.400,0.610,-0.122,0.274
1668254952995,2022-11-12T14:09:12.995,405.440,0.793,-0.274,0.000
1668254953035,2022-11-12T14:09:13.035,405.480,0.793,-0.366,-0.122
1668254953075,2022-11-12T14:09:13.075,405.520,0.884,-0.061,0.061
1668254953115,2022-11-12T14:09:13.115,405.560,0.915,0.152,0.000
1668254953155,2022-11-12T14:09:13.155,405.600,1.037,-0.183,-0.213
1668254953195,2022-11-12T14:09:13.195,405.640,0.732,-0.366,0.122
1668254953235,2022-11-12T14:09:13.235,405.680,0.640,-0.213,0.122
1668254953275,2022-11-12T14:09:13.275,405.720,0.732,-0.122,-0.061
1668254953315,2022-11-12T14:09:13.315,405.760,0.823,-0.061,0.061
1668254953355,2022-11-12T14:09:13.355,405.800,0.976,-0.091,0.030
1668254953395,2022-11-12T14:09:13.395,405.840,0.823,-0.305,0.091
1668254953435,2022-11-12T14:09:13.435,405.880,0.854,-0.061,-0.030
1668254953475,2022-11-12T14:09:13.475,405.920,0.671,0.000,0.244
1668254953515,2022-11-12T14:09:13.515,405.960,0.823,-0.091,0.305
1668254953555,2022-11-12T14:09:13.555,406.000,1.159,-0.152,-0.091
1668254953595,2022-11-12T14:09:13.595,406.040,0.823,-0.091,0.152
1668254953635,2022-11-12T14:09:13.635,406.080,0.671,-0.213,0.213
1668254953675,2022-11-12T14:09:13.675,406.120,0.823,-0.244,-0.152
1668254953715,2022-11-12T14:09:13.715,406.160,0.854,-0.091,-0.030
1668254953755,2022-11-12T14:09:13.755,406.200,0.854,0.030,0.000
1668254953795,2022-11-12T14:09:13.795,406.240,0.945,-0.152,-0.061
1668254953835,2022-11-12T14:09:13.835,406.280,0.762,-0.488,0.091
1668254953875,2022-11-12T14:09:13.875,406.320,0.762,-0.274,-0.030
1668254953915,2022-11-12T14:09:13.915,406.360,0.884,-0.030,-0.030
1668254953955,2022-11-12T14:09:13.955,406.400,0.945,-0.122,0.000
1668254953995,2022-11-12T14:09:13.995,406.440,0.945,-0.274,-0.061
1668254954035,2022-11-12T14:09:14.035,406.480,0.915,-0.274,0.030
1668254954075,2022-11-12T14:09:14.075,406.520,0.701,-0.213,0.061
1668254954115,2022-11-12T14:09:14.115,406.560,0.732,-0.396,0.061
1668254954155,2022-11-12T14:09:14.155,406.600,0.854,-0.366,0.000
1668254954195,2022-11-12T14:09:14.195,406.640,0.701,-0.091,0.183
1668254954235,2022-11-12T14:09:14.235,406.680,0.854,-0.091,0.061
1668254954275,2022-11-12T14:09:14.275,406.720,0.884,-0.274,-0.091
1668254954315,2022-11-12T14:09:14.315,406.760,0.762,-0.213,0.000
1668254954355,2022-11-12T14:09:14.355,406.800,0.854,-0.091,-0.061
1668254954395,2022-11-12T14:09:14.395,406.840,0.793,-0.152,0.000
1668254954435,2022-11-12T14:09:14.435,406.880,0.915,-0.183,-0.061
1668254954475,2022-11-12T14:09:14.475,406.920,0.915,-0.061,-0.061
1668254954515,2022-11-12T14:09:14.515,406.960,0.762,-0.183,0.061
1668254954555,2022-11-12T14:09:14.555,407.000,0.823,-0.488,-0.091
1668254954595,2022-11-12T14:09:14.595,407.040,0.762,-0.244,-0.091
1668254954635,2022-11-12T14:09:14.635,407.080,0.793,-0.122,0.000
1668254954675,2022-11-12T14:09:14.675,407.120,0.823,-0.244,0.000
1668254954715,2022-11-12T14:09:14.715,407.160,0.915,-0.244,-0.061
1668254954755,2022-11-12T14:09:14.755,407.200,0.823,-0.152,0.000
1668254954795,2022-11-12T14:09:14.795,407.240,0.762,-0.061,0.000
1668254954835,2022-11-12T14:09:14.835,407.280,0.854,-0.213,-0.061
1668254954875,2022-11-12T14:09:14.875,407.320,0.884,-0.244,-0.030
1668254954915,2022-11-12T14:09:14.915,407.360,0.884,-0.244,0.091
1668254954955,2022-11-12T14:09:14.955,407.400,0.640,-0.305,0.183
1668254954995,2022-11-12T14:09:14.995,407.440,0.884,-0.335,-0.061
1668254955035,2022-11-12T14:09:15.035,407.480,0.854,-0.244,0.000
1668254955075,2022-11-12T14:09:15.075,407.520,0.793,-0.244,0.091
1668254955115,2022-11-12T14:09:15.115,407.560,0.793,-0.244,0.091
1668254955155,2022-11-12T14:09:15.155,407.600,0.823,-0.244,-0.030
1668254955195,2022-11-12T14:09:15.195,407.640,0.945,-0.274,-0.061
1668254955235,2022-11-12T14:09:15.235,407.680,0.884,-0.183,0.030
1668254955275,2022-11-12T14:09:15.275,407.720,0.823,-0.152,-0.030
1668254955315,2022-11-12T14:09:15.315,407.760,0.915,-0.091,-0.183
1668254955355,2022-11-12T14:09:15.355,407.800,0.884,-0.366,-0.030
1668254955395,2022-11-12T14:09:15.395,407.840,0.854,-0.305,-0.030
1668254955435,2022-11-12T14:09:15.435,407.880,0.945,-0.183,-0.030
1668254955475,2022-11-12T14:09:15.475,407.920,0.854,-0.366,0.000
1668254955515,2022-11-12T14:09:15.515,407.960,0.854,-0.213,0.030
1668254955555,2022-11-12T14:09:15.555,408.000,0.671,-0.244,0.274
1668254955595,2022-11-12T14:09:15.595,408.040,0.671,-0.122,0.274
1668254955635,2022-11-12T14:09:15.635,408.080,0.640,-0.122,0.274
1668254955675,2022-11-12T14:09:15.675,408.120,0.823,-0.244,0.244
1668254955715,2022-11-12T14:09:15.715,408.160,0.884,-0.122,0.122
1668254955755,2022-11-12T14:09:15.755,408.200,0.579,-0.061,0.122
1668254955795,2022-11-12T14:09:15.795,408.240,0.701,-0.030,-0.152
1668254955835,2022-11-12T14:09:15.835,408.280,0.884,-0.122,-0.091
1668254955875,2022-11-12T14:09:15.875,408.320,0.854,-0.274,0.061
1668254955915,2022-11-12T14:09:15.915,408.360,0.854,-0.183,0.061
1668254955955,2022-11-12T14:09:15.955,408.400,0.884,-0.274,0.030
1668254955995,2022-11-12T14:09:15.995,408.440,0.762,-0.549,0.000
1668254956035,2022-11-12T14:09:16.035,408.480,0.945,-0.122,0.000
1668254956075,2022-11-12T14:09:16.075,408.520,0.976,-0.030,0.000
1668254956115,2022-11-12T14:09:16.115,408.560,0.976,-0.244,-0.152
1668254956155,2022-11-12T14:09:16.155,408.600,1.006,-0.396,0.000
1668254956195,2022-11-12T14:09:16.195,408.640,0.945,-0.366,0.183
1668254956235,2022-11-12T14:09:16.235,408.680,0.854,-0.183,0.000
1668254956275,2022-11-12T14:09:16.275,408.720,0.823,-0.183,-0.152
1668254956315,2022-11-12T14:09:16.315,408.760,0.823,-0.274,0.061
1668254956355,2022-11-12T14:09:16.355,408.800,0.579,-0.427,0.244
1668254956395,2022-11-12T14:09:16.395,408.840,0.549,-0.335,0.030
1668254956435,2022-11-12T14:09:16.435,408.880,0.915,-0.152,-0.152
1668254956475,2022-11-12T14:09:16.475,408.920,0.793,0.122,0.000
1668254956515,2022-11-12T14:09:16.515,408.960,0.579,-0.061,0.122
1668254956555,2022-11-12T14:09:16.555,409.000,0.091,-0.335,0.335
1668254956595,2022-11-12T14:09:16.595,409.040,0.518,-0.030,0.152
1668254956635,2022-11-12T14:09:16.635,409.080,1.372,0.640,-0.183
1668254956675,2022-11-12T14:09:16.675,409.120,1.463,0.335,-0.244
1668254956715,2022-11-12T14:09:16.715,409.160,1.189,-0.061,-0.244
1668254956755,2022-11-12T14:09:16.755,409.200,0.640,-0.488,-0.091
1668254956795,2022-11-12T14:09:16.795,409.240,0.396,-0.396,0.061
1668254956835,2022-11-12T14:09:16.835,409.280,0.610,-0.122,0.122
1668254956875,2022-11-12T14:09:16.875,409.320,0.732,-0.274,0.091
1668254956915,2022-11-12T14:09:16.915,409.360,0.976,-0.061,-0.061
1668254956955,2022-11-12T14:09:16.955,409.400,0.823,-0.122,-0.091
1668254956995,2022-11-12T14:09:16.995,409.440,0.823,-0.091,-0.091
1668254957035,2022-11-12T14:09:17.035,409.480,0.823,-0.122,0.000
1668254957075,2022-11-12T14:09:17.075,409.520,0.701,-0.091,0.061
1668254957115,2022-11-12T14:09:17.115,409.560,0.823,-0.061,0.000
1668254957155,2022-11-12T14:09:17.155,409.600,0.793,-0.213,0.091
1668254957195,2022-11-12T14:09:17.195,409.640,0.945,-0.061,-0.061
1668254957235,2022-11-12T14:09:17.235,409.680,1.037,-0.122,-0.061
1668254957275,2022-11-12T14:09:17.275,409.720,0.732,-0.061,0.152
1668254957315,2022-11-12T14:09:17.315,409.760,0.732,-0.244,0.000
1668254957355,2022-11-12T14:09:17.355,409.800,0.640,-0.457,0.000
1668254957395,2022-11-12T14:09:17.395,409.840,0.640,-0.213,0.122
1668254957435,2022-11-12T14:09:17.435,409.880,0.854,0.091,0.000
1668254957475,2022-11-12T14:09:17.475,409.920,0.854,-0.061,-0.122
1668254957515,2022-11-12T14:09:17.515,409.960,0.915,-0.122,0.000
1668254957555,2022-11-12T14:09:17.555,410.000,0.884,-0.244,-0.091
1668254957595,2022-11-12T14:09:17.595,410.040,0.945,-0.335,-0.122
1668254957635,2022-11-12T14:09:17.635,410.080,1.098,-0.183,0.000
1668254957675,2022-11-12T14:09:17.675,410.120,0.793,-0.061,0.061
1668254957715,2022-11-12T14:09:17.715,410.160,0.671,-0.244,0.000
1668254957755,2022-11-12T14:09:17.755,410.200,0.762,-0.213,0.000
1668254957795,2022-11-12T14:09:17.795,410.240,0.671,0.000,-0.030
1668254957835,2022-11-12T14:09:17.835,410.280,0.701,-0.061,0.061
1668254957875,2022-11-12T14:09:17.875,410.320,0.915,-0.152,-0.091
1668254957915,2022-11-12T14:09:17.915,410.360,0.793,-0.183,0.000
1668254957955,2022-11-12T14:09:17.955,410.400,0.671,-0.122,0.061
1668254957995,2022-11-12T14:09:17.995,410.440,0.945,-0.152,-0.122
1668254958035,2022-11-12T14:09:18.035,410.480,0.915,-0.030,-0.061
1668254958075,2022-11-12T14:09:18.075,410.520,0.854,0.061,-0.061
1668254958115,2022-11-12T14:09:18.115,410.560,0.915,-0.152,0.030
1668254958155,2022-11-12T14:09:18.155,410.600,0.915,-0.213,0.000
1668254958195,2022-11-12T14:09:18.195,410.640,0.945,-0.122,-0.061
1668254958235,2022-11-12T14:09:18.235,410.680,0.671,-0.335,0.091
1668254958275,2022-11-12T14:09:18.275,410.720,0.793,-0.366,0.030
1668254958315,2022-11-12T14:09:18.315,410.760,0.823,-0.091,-0.061
1668254958355,2022-11-12T14:09:18.355,410.800,0.732,-0.061,0.061
1668254958395,2022-11-12T14:09:18.395,410.840,0.823,-0.152,0.000
1668254958435,2022-11-12T14:09:18.435,410.880,0.793,-0.305,-0.030
1668254958475,2022-11-12T14:09:18.475,410.920,0.610,-0.213,0.030
1668254958515,2022-11-12T14:09:18.515,410.960,0.610,-0.152,0.030
1668254958555,2022-11-12T14:09:18.555,411.000,0.579,-0.305,0.122
1668254958595,2022-11-12T14:09:18.595,411.040,0.762,-0.305,-0.122
1668254958635,2022-11-12T14:09:18.635,411.080,0.884,-0.274,-0.030
1668254958675,2022-11-12T14:09:18.675,411.120,0.793,-0.061,0.183
1668254958715,2022-11-12T14:09:18.715,411.160,0.884,-0.213,-0.030
1668254958755,2022-11-12T14:09:18.755,411.200,0.854,-0.305,-0.091
1668254958795,2022-11-12T14:09:18.795,411.240,0.732,-0.030,0.152
1668254958835,2022-11-12T14:09:18.835,411.280,0.793,-0.122,0.152
1668254958875,2022-11-12T14:09:18.875,411.320,0.854,-0.305,-0.061
1668254958915,2022-11-12T14:09:18.915,411.360,0.976,-0.213,-0.152
1668254958955,2022-11-12T14:09:18.955,411.400,0.976,-0.061,0.030
1668254958995,2022-11-12T14:09:18.995,411.440,0.793,-0.366,0.061
1668254959035,2022-11-12T14:09:19.035,411.480,0.884,-0.579,-0.183
1668254959075,2022-11-12T14:09:19.075,411.520,0.671,-0.274,0.122
1668254959115,2022-11-12T14:09:19.115,411.560,0.823,-0.091,0.152
1668254959155,2022-11-12T14:09:19.155,411.600,0.884,-0.244,-0.122
1668254959195,2022-11-12T14:09:19.195,411.640,0.823,-0.183,0.000
1668254959235,2022-11-12T14:09:19.235,411.680,0.915,-0.030,0.061
1668254959275,2022-11-12T14:09:19.275,411.720,0.915,-0.213,0.091
1668254959315,2022-11-12T14:09:19.315,411.760,1.159,-0.183,-0.152
1668254959355,2022-11-12T14:09:19.355,411.800,1.128,-0.061,0.030
1668254959395,2022-11-12T14:09:19.395,411.840,0.976,-0.030,0.152
1668254959435,2022-11-12T14:09:19.435,411.880,0.976,-0.152,-0.152
1668254959475,2022-11-12T14:09:19.475,411.920,0.884,-0.244,-0.122
1668254959515,2022-11-12T14:09:19.515,411.960,0.915,-0.244,0.030
1668254959555,2022-11-12T14:09:19.555,412.000,0.823,-0.335,0.000
1668254959595,2022-11-12T14:09:19.595,412.040,0.701,-0.366,0.091
1668254959635,2022-11-12T14:09:19.635,412.080,0.823,-0.152,0.061
1668254959675,2022-11-12T14:09:19.675,412.120,0.884,-0.122,-0.030
1668254959715,2022-11-12T14:09:19.715,412.160,0.823,-0.274,0.000
1668254959755,2022-11-12T14:09:19.755,412.200,0.884,-0.305,0.061
1668254959795,2022-11-12T14:09:19.795,412.240,0.884,-0.335,0.030
1668254959835,2022-11-12T14:09:19.835,412.280,0.915,-0.244,0.000
1668254959875,2022-11-12T14:09:19.875,412.320,0.823,-0.122,0.000
1668254959915,2022-11-12T14:09:19.915,412.360,0.915,-0.305,-0.030
1668254959955,2022-11-12T14:09:19.955,412.400,0.884,-0.152,0.091
1668254959995,2022-11-12T14:09:19.995,412.440,0.915,-0.152,0.091
1668254960035,2022-11-12T14:09:20.035,412.480,0.915,-0.274,-0.091
1668254960075,2022-11-12T14:09:20.075,412.520,0.915,-0.244,-0.061
1668254960115,2022-11-12T14:09:20.115,412.560,0.884,-0.183,0.213
1668254960155,2022-11-12T14:09:20.155,412.600,0.884,-0.183,0.152
1668254960195,2022-11-12T14:09:20.195,412.640,1.037,-0.030,-0.091
1668254960235,2022-11-12T14:09:20.235,412.680,0.945,0.183,0.091
1668254960275,2022-11-12T14:09:20.275,412.720,0.915,-0.183,0.061
1668254960315,2022-11-12T14:09:20.315,412.760,0.701,-0.366,-0.152
1668254960355,2022-11-12T14:09:20.355,412.800,0.732,-0.152,-0.152
1668254960395,2022-11-12T14:09:20.395,412.840,0.793,0.030,0.061
1668254960435,2022-11-12T14:09:20.435,412.880,0.732,-0.305,0.091
1668254960475,2022-11-12T14:09:20.475,412.920,0.915,-0.396,-0.183
1668254960515,2022-11-12T14:09:20.515,412.960,0.823,0.000,0.030
1668254960555,2022-11-12T14:09:20.555,413.000,0.671,-0.030,0.122
1668254960595,2022-11-12T14:09:20.595,413.040,0.854,-0.152,-0.091
1668254960635,2022-11-12T14:09:20.635,413.080,0.854,-0.061,0.061
1668254960675,2022-11-12T14:09:20.675,413.120,0.732,0.000,0.030
1668254960715,2022-11-12T14:09:20.715,413.160,0.915,-0.274,-0.244
1668254960755,2022-11-12T14:09:20.755,413.200,0.915,-0.183,-0.152
1668254960795,2022-11-12T14:09:20.795,413.240,0.823,-0.030,0.061
1668254960835,2022-11-12T14:09:20.835,413.280,0.610,0.030,0.000
1668254960875,2022-11-12T14:09:20.875,413.320,0.732,-0.122,0.000
1668254960915,2022-11-12T14:09:20.915,413.360,0.854,-0.122,0.030
1668254960955,2022-11-12T14:09:20.955,413.400,0.701,-0.213,0.030
1668254960995,2022-11-12T14:09:20.995,413.440,0.701,-0.122,-0.030
1668254961035,2022-11-12T14:09:21.035,413.480,0.335,0.061,0.061
1668254961075,2022-11-12T14:09:21.075,413.520,0.122,0.000,0.152
1668254961115,2022-11-12T14:09:21.115,413.560,0.579,-0.213,0.061
1668254961155,2022-11-12T14:09:21.155,413.600,0.915,-0.122,-0.030
1668254961195,2022-11-12T14:09:21.195,413.640,1.067,-0.091,-0.030
1668254961235,2022-11-12T14:09:21.235,413.680,0.976,-0.091,-0.030
1668254961275,2022-11-12T14:09:21.275,413.720,0.976,-0.244,-0.061
1668254961315,2022-11-12T14:09:21.315,413.760,0.823,-0.305,0.061
1668254961355,2022-11-12T14:09:21.355,413.800,0.732,-0.061,0.091
1668254961395,2022-11-12T14:09:21.395,413.840,0.884,-0.213,0.061
1668254961435,2022-11-12T14:09:21.435,413.880,0.884,-0.183,-0.061
1668254961475,2022-11-12T14:09:21.475,413.920,1.006,-0.030,-0.183
1668254961515,2022-11-12T14:09:21.515,413.960,0.671,0.061,0.152
1668254961555,2022-11-12T14:09:21.555,414.000,0.762,-0.122,0.030
1668254961595,2022-11-12T14:09:21.595,414.040,0.823,-0.366,-0.061
1668254961635,2022-11-12T14:09:21.635,414.080,0.732,-0.091,0.122
1668254961675,2022-11-12T14:09:21.675,414.120,0.884,-0.091,-0.030
1668254961715,2022-11-12T14:09:21.715,414.160,0.701,-0.244,-0.030
1668254961755,2022-11-12T14:09:21.755,414.200,0.884,0.000,-0.122
1668254961795,2022-11-12T14:09:21.795,414.240,0.823,-0.030,0.061
1668254961835,2022-11-12T14:09:21.835,414.280,0.701,-0.396,0.091
1668254961875,2022-11-12T14:09:21.875,414.320,0.915,-0.244,-0.183
1668254961915,2022-11-12T14:09:21.915,414.360,0.854,0.061,-0.030
1668254961955,2022-11-12T14:09:21.955,414.400,0.732,-0.061,0.030
1668254961995,2022-11-12T14:09:21.995,414.440,0.945,-0.213,0.000
1668254962035,2022-11-12T14:09:22.035,414.480,0.793,-0.183,0.000
1668254962075,2022-11-12T14:09:22.075,414.520,0.701,-0.274,0.030
1668254962115,2022-11-12T14:09:22.115,414.560,0.854,-0.183,-0.091
1668254962155,2022-11-12T14:09:22.155,414.600,0.884,-0.183,0.000
1668254962195,2022-11-12T14:09:22.195,414.640,0.854,-0.122,0.030
1668254962235,2022-11-12T14:09:22.235,414.680,0.762,-0.091,0.000
1668254962275,2022-11-12T14:09:22.275,414.720,0.915,-0.274,-0.122
1668254962315,2022-11-12T14:09:22.315,414.760,0.854,-0.183,0.000
1668254962355,2022-11-12T14:09:22.355,414.800,0.762,-0.061,0.122
1668254962395,2022-11-12T14:09:22.395,414.840,0.793,-0.274,0.061
1668254962435,2022-11-12T14:09:22.435,414.880,0.945,-0.213,-0.091
1668254962475,2022-11-12T14:09:22.475,414.920,0.945,-0.030,-0.091
1668254962515,2022-11-12T14:09:22.515,414.960,0.762,-0.030,-0.030
1668254962555,2022-11-12T14:09:22.555,415.000,0.640,-0.396,0.030
1668254962595,2022-11-12T14:09:22.595,415.040,0.671,-0.518,0.091
1668254962635,2022-11-12T14:09:22.635,415.080,0.701,-0.366,0.122
1668254962675,2022-11-12T14:09:22.675,415.120,0.549,-0.244,0.091
1668254962715,2022-11-12T14:09:22.715,415.160,0.884,-0.213,-0.091
1668254962755,2022-11-12T14:09:22.755,415.200,0.732,-0.244,0.061
1668254962795,2022-11-12T14:09:22.795,415.240,0.732,-0.152,-0.091
1668254962835,2022-11-12T14:09:22.835,415.280,0.915,-0.335,-0.183
1668254962875,2022-11-12T14:09:22.875,415.320,0.854,-0.274,-0.061
1668254962915,2022-11-12T14:09:22.915,415.360,0.945,-0.213,-0.030
1668254962955,2022-11-12T14:09:22.955,415.400,0.823,-0.152,0.152
1668254962995,2022-11-12T14:09:22.995,415.440,0.762,-0.122,0.152
1668254963035,2022-11-12T14:09:23.035,415.480,0.945,-0.152,0.000
1668254963075,2022-11-12T14:09:23.075,415.520,0.884,-0.122,0.030
1668254963115,2022-11-12T14:09:23.115,415.560,0.793,-0.183,0.152
1668254963155,2022-11-12T14:09:23.155,415.600,0.884,-0.366,0.000
1668254963195,2022-11-12T14:09:23.195,415.640,0.945,-0.335,-0.152
1668254963235,2022-11-12T14:09:23.235,415.680,0.915,-0.274,-0.091
1668254963275,2022-11-12T14:09:23.275,415.720,1.037,-0.274,-0.122
1668254963315,2022-11-12T14:09:23.315,415.760,0.915,-0.335,0.122
1668254963355,2022-11-12T14:09:23.355,415.800,0.793,-0.427,0.213
1668254963395,2022-11-12T14:09:23.395,415.840,0.518,-0.457,0.030
1668254963435,2022-11-12T14:09:23.435,415.880,0.488,-0.213,0.000
1668254963475,2022-11-12T14:09:23.475,415.920,0.823,0.122,-0.122
1668254963515,2022-11-12T14:09:23.515,415.960,0.915,-0.091,-0.030
1668254963555,2022-11-12T14:09:23.555,416.000,0.915,-0.122,0.000
1668254963595,2022-11-12T14:09:23.595,416.040,0.915,-0.244,0.061
1668254963635,2022-11-12T14:09:23.635,416.080,0.854,-0.213,0.122
1668254963675,2022-11-12T14:09:23.675,416.120,0.976,-0.152,-0.030
1668254963715,2022-11-12T14:09:23.715,416.160,0.701,-0.122,0.030
1668254963755,2022-11-12T14:09:23.755,416.200,0.640,0.030,0.122
1668254963795,2022-11-12T14:09:23.795,416.240,0.488,0.274,0.152
1668254963835,2022-11-12T14:09:23.835,416.280,0.640,0.091,0.061
1668254963875,2022-11-12T14:09:23.875,416.320,0.793,-0.152,-0.030
1668254963915,2022-11-12T14:09:23.915,416.360,0.884,-0.274,-0.091
1668254963955,2022-11-12T14:09:23.955,416.400,0.793,-0.122,-0.030
1668254963995,2022-11-12T14:09:23.995,416.440,0.793,0.000,-0.091
1668254964035,2022-11-12T14:09:24.035,416.480,0.762,-0.122,0.030
1668254964075,2022-11-12T14:09:24.075,416.520,0.793,-0.366,-0.030
1668254964115,2022-11-12T14:09:24.115,416.560,0.823,-0.213,-0.030
1668254964155,2022-11-12T14:09:24.155,416.600,0.793,-0.091,0.061
1668254964195,2022-11-12T14:09:24.195,416.640,0.884,-0.213,-0.183
1668254964235,2022-11-12T14:09:24.235,416.680,0.884,-0.305,-0.305
1668254964275,2022-11-12T14:09:24.275,416.720,0.884,-0.061,-0.183
1668254964315,2022-11-12T14:09:24.315,416.760,0.823,-0.061,0.030
1668254964355,2022-11-12T14:09:24.355,416.800,0.854,-0.244,0.000
1668254964395,2022-11-12T14:09:24.395,416.840,0.915,-0.091,-0.091
1668254964435,2022-11-12T14:09:24.435,416.880,0.823,-0.030,0.122
1668254964475,2022-11-12T14:09:24.475,416.920,0.671,-0.183,0.152
1668254964515,2022-11-12T14:09:24.515,416.960,0.823,-0.244,-0.091
1668254964555,2022-11-12T14:09:24.555,417.000,0.945,-0.183,0.030
1668254964595,2022-11-12T14:09:24.595,417.040,0.762,-0.152,0.152
1668254964635,2022-11-12T14:09:24.635,417.080,0.915,-0.305,0.030
1668254964675,2022-11-12T14:09:24.675,417.120,1.037,-0.244,0.000
1668254964715,2022-11-12T14:09:24.715,417.160,0.823,-0.061,0.000
1668254964755,2022-11-12T14:09:24.755,417.200,0.884,-0.091,0.061
1668254964795,2022-11-12T14:09:24.795,417.240,0.915,-0.396,0.122
1668254964835,2022-11-12T14:09:24.835,417.280,0.823,-0.274,0.030
1668254964875,2022-11-12T14:09:24.875,417.320,0.884,-0.122,0.030
1668254964915,2022-11-12T14:09:24.915,417.360,0.762,-0.122,0.000
1668254964955,2022-11-12T14:09:24.955,417.400,0.823,-0.152,0.061
1668254964995,2022-11-12T14:09:24.995,417.440,0.762,-0.061,0.091
1668254965035,2022-11-12T14:09:25.035,417.480,0.854,-0.030,-0.061
1668254965075,2022-11-12T14:09:25.075,417.520,0.884,-0.213,-0.091
1668254965115,2022-11-12T14:09:25.115,417.560,0.762,-0.152,0.091
1668254965155,2022-11-12T14:09:25.155,417.600,0.793,0.000,0.000
1668254965195,2022-11-12T14:09:25.195,417.640,0.640,-0.122,0.061
1668254965235,2022-11-12T14:09:25.235,417.680,0.793,-0.091,0.061
1668254965275,2022-11-12T14:09:25.275,417.720,0.976,0.061,-0.122
1668254965315,2022-11-12T14:09:25.315,417.760,0.854,-0.183,-0.122
1668254965355,2022-11-12T14:09:25.355,417.800,1.037,-0.305,-0.152
1668254965395,2022-11-12T14:09:25.395,417.840,0.762,-0.183,0.061
1668254965435,2022-11-12T14:09:25.435,417.880,0.793,-0.030,0.152
1668254965475,2022-11-12T14:09:25.475,417.920,1.098,-0.091,0.061
1668254965515,2022-11-12T14:09:25.515,417.960,0.976,0.030,0.061
1668254965555,2022-11-12T14:09:25.555,418.000,0.854,0.213,0.213
1668254965595,2022-11-12T14:09:25.595,418.040,0.671,-0.305,0.213
1668254965635,2022-11-12T14:09:25.635,418.080,0.884,-0.244,-0.030
1668254965675,2022-11-12T14:09:25.675,418.120,0.915,-0.122,0.030
1668254965715,2022-11-12T14:09:25.715,418.160,0.732,-0.152,0.244
1668254965755,2022-11-12T14:09:25.755,418.200,0.945,-0.244,0.000
1668254965795,2022-11-12T14:09:25.795,418.240,0.793,-0.244,0.030
1668254965835,2022-11-12T14:09:25.835,418.280,0.793,-0.091,0.030
1668254965875,2022-11-12T14:09:25.875,418.320,0.915,-0.061,0.061
1668254965915,2022-11-12T14:09:25.915,418.360,0.854,-0.152,0.091
1668254965955,2022-11-12T14:09:25.955,418.400,0.915,-0.213,-0.061
1668254965995,2022-11-12T14:09:25.995,418.440,0.762,-0.122,0.183
1668254966035,2022-11-12T14:09:26.035,418.480,0.945,-0.122,0.152
1668254966075,2022-11-12T14:09:26.075,418.520,0.884,-0.244,0.000
1668254966115,2022-11-12T14:09:26.115,418.560,0.610,-0.183,0.152
1668254966155,2022-11-12T14:09:26.155,418.600,0.823,-0.152,0.030
1668254966195,2022-11-12T14:09:26.195,418.640,0.762,-0.305,0.000
1668254966235,2022-11-12T14:09:26.235,418.680,0.854,-0.244,0.030
1668254966275,2022-11-12T14:09:26.275,418.720,0.854,-0.152,0.061
1668254966315,2022-11-12T14:09:26.315,418.760,0.976,-0.396,-0.061
1668254966355,2022-11-12T14:09:26.355,418.800,1.128,-0.366,-0.152
1668254966395,2022-11-12T14:09:26.395,418.840,0.823,-0.427,0.152
1668254966435,2022-11-12T14:09:26.435,418.880,0.884,-0.396,0.000
1668254966475,2022-11-12T14:09:26.475,418.920,1.006,-0.244,-0.122
1668254966515,2022-11-12T14:09:26.515,418.960,0.884,-0.152,0.152
1668254966555,2022-11-12T14:09:26.555,419.000,0.884,-0.213,0.061
1668254966595,2022-11-12T14:09:26.595,419.040,0.854,-0.366,-0.030
1668254966635,2022-11-12T14:09:26.635,419.080,0.793,-0.091,0.030
1668254966675,2022-11-12T14:09:26.675,419.120,0.854,-0.122,0.152
1668254966715,2022-11-12T14:09:26.715,419.160,0.945,-0.274,0.030
1668254966755,2022-11-12T14:09:26.755,419.200,0.945,-0.213,-0.091
1668254966795,2022-11-12T14:09:26.795,419.240,0.854,-0.213,0.122
1668254966835,2022-11-12T14:09:26.835,419.280,0.793,-0.213,0.091
1668254966875,2022-11-12T14:09:26.875,419.320,0.915,-0.305,-0.030
1668254966915,2022-11-12T14:09:26.915,419.360,0.884,-0.274,0.030
1668254966955,2022-11-12T14:09:26.955,419.400,0.823,-0.122,0.091
1668254966995,2022-11-12T14:09:26.995,419.440,0.823,-0.152,0.030
1668254967035,2022-11-12T14:09:27.035,419.480,0.854,-0.213,-0.061
1668254967075,2022-11-12T14:09:27.075,419.520,0.823,0.000,0.030
1668254967115,2022-11-12T14:09:27.115,419.560,0.823,0.030,0.122
1668254967155,2022-11-12T14:09:27.155,419.600,0.762,-0.366,-0.030
1668254967195,2022-11-12T14:09:27.195,419.640,0.945,-0.335,-0.213
1668254967235,2022-11-12T14:09:27.235,419.680,0.823,0.061,0.061
1668254967275,2022-11-12T14:09:27.275,419.720,0.640,0.030,0.030
1668254967315,2022-11-12T14:09:27.315,419.760,0.823,-0.183,-0.152
1668254967355,2022-11-12T14:09:27.355,419.800,0.762,-0.091,0.091
1668254967395,2022-11-12T14:09:27.395,419.840,0.823,0.000,0.091
1668254967435,2022-11-12T14:09:27.435,419.880,0.945,-0.122,-0.030
1668254967475,2022-11-12T14:09:27.475,419.920,0.854,-0.091,-0.061
1668254967515,2022-11-12T14:09:27.515,419.960,0.701,-0.091,0.061
1668254967555,2022-11-12T14:09:27.555,420.000,0.640,-0.152,0.122
1668254967595,2022-11-12T14:09:27.595,420.040,0.884,-0.274,-0.030
1668254967635,2022-11-12T14:09:27.635,420.080,0.793,-0.091,0.061
1668254967675,2022-11-12T14:09:27.675,420.120,0.823,-0.091,0.091
1668254967715,2022-11-12T14:09:27.715,420.160,0.884,-0.183,-0.061
1668254967755,2022-11-12T14:09:27.755,420.200,0.854,-0.122,0.030
1668254967795,2022-11-12T14:09:27.795,420.240,0.793,-0.061,0.122
1668254967835,2022-11-12T14:09:27.835,420.280,0.884,-0.152,0.000
1668254967875,2022-11-12T14:09:27.875,420.320,0.762,-0.427,0.091
1668254967915,2022-11-12T14:09:27.915,420.360,0.823,-0.274,0.030
1668254967955,2022-11-12T14:09:27.955,420.400,0.762,0.000,0.000
1668254967995,2022-11-12T14:09:27.995,420.440,0.823,-0.061,0.030
1668254968035,2022-11-12T14:09:28.035,420.480,0.945,-0.152,-0.061
1668254968075,2022-11-12T14:09:28.075,420.520,0.732,-0.122,0.091
1668254968115,2022-11-12T14:09:28.115,420.560,0.793,0.000,0.091
1668254968155,2022-11-12T14:09:28.155,420.600,0.884,-0.152,0.000
1668254968195,2022-11-12T14:09:28.195,420.640,0.701,-0.122,0.061
1668254968235,2022-11-12T14:09:28.235,420.680,0.915,-0.122,-0.091
1668254968275,2022-11-12T14:09:28.275,420.720,0.793,-0.122,0.122
1668254968315,2022-11-12T14:09:28.315,420.760,0.762,-0.244,0.030
1668254968355,2022-11-12T14:09:28.355,420.800,0.884,-0.122,-0.213
1668254968395,2022-11-12T14:09:28.395,420.840,0.793,0.000,0.000
1668254968435,2022-11-12T14:09:28.435,420.880,0.701,-0.122,0.122
1668254968475,2022-11-12T14:09:28.475,420.920,0.762,-0.213,0.061
1668254968515,2022-11-12T14:09:28.515,420.960,0.915,-0.213,-0.030
1668254968555,2022-11-12T14:09:28.555,421.000,0.854,-0.061,0.000
1668254968595,2022-11-12T14:09:28.595,421.040,0.854,-0.030,-0.030
1668254968635,2022-11-12T14:09:28.635,421.080,0.854,-0.396,-0.030
1668254968675,2022-11-12T14:09:28.675,421.120,0.854,-0.396,-0.061
1668254968715,2022-11-12T14:09:28.715,421.160,0.854,-0.183,0.000
1668254968755,2022-11-12T14:09:28.755,421.200,0.701,-0.091,0.091
1668254968795,2022-11-12T14:09:28.795,421.240,0.884,-0.122,-0.061
1668254968835,2022-11-12T14:09:28.835,421.280,0.701,-0.305,0.152
1668254968875,2022-11-12T14:09:28.875,421.320,0.884,-0.091,-0.030
1668254968915,2022-11-12T14:09:28.915,421.360,0.854,-0.183,-0.091
1668254968955,2022-11-12T14:09:28.955,421.400,0.915,-0.305,0.000
1668254968995,2022-11-12T14:09:28.995,421.440,1.067,-0.244,-0.091
1668254969035,2022-11-12T14:09:29.035,421.480,0.793,-0.244,0.061
1668254969075,2022-11-12T14:09:29.075,421.520,0.854,-0.274,0.030
1668254969115,2022-11-12T14:09:29.115,421.560,0.945,-0.152,-0.152
1668254969155,2022-11-12T14:09:29.155,421.600,0.793,-0.091,0.091
1668254969195,2022-11-12T14:09:29.195,421.640,0.793,-0.152,0.061
1668254969235,2022-11-12T14:09:29.235,421.680,0.854,-0.183,-0.122
1668254969275,2022-11-12T14:09:29.275,421.720,0.762,-0.244,0.030
1668254969315,2022-11-12T14:09:29.315,421.760,0.854,-0.091,0.030
1668254969355,2022-11-12T14:09:29.355,421.800,0.884,-0.122,-0.091
1668254969395,2022-11-12T14:09:29.395,421.840,0.915,-0.183,-0.030
1668254969435,2022-11-12T14:09:29.435,421.880,0.762,-0.335,0.061
1668254969475,2022-11-12T14:09:29.475,421.920,0.854,-0.335,-0.091
1668254969515,2022-11-12T14:09:29.515,421.960,0.823,-0.183,0.030
1668254969555,2022-11-12T14:09:29.555,422.000,0.701,-0.122,0.061
1668254969595,2022-11-12T14:09:29.595,422.040,0.945,-0.213,-0.091
1668254969635,2022-11-12T14:09:29.635,422.080,0.762,-0.244,0.152
1668254969675,2022-11-12T14:09:29.675,422.120,0.793,-0.061,0.061
1668254969715,2022-11-12T14:09:29.715,422.160,0.854,-0.274,-0.030
1668254969755,2022-11-12T14:09:29.755,422.200,0.823,-0.244,0.061
1668254969795,2022-11-12T14:09:29.795,422.240,0.884,-0.091,0.061
1668254969835,2022-11-12T14:09:29.835,422.280,0.762,-0.213,0.091
1668254969875,2022-11-12T14:09:29.875,422.320,0.915,-0.396,0.030
1668254969915,2022-11-12T14:09:29.915,422.360,0.945,-0.274,0.061
1668254969955,2022-11-12T14:09:29.955,422.400,0.823,-0.122,0.091
1668254969995,2022-11-12T14:09:29.995,422.440,0.976,-0.122,-0.061
1668254970035,2022-11-12T14:09:30.035,422.480,0.945,-0.335,0.030
1668254970075,2022-11-12T14:09:30.075,422.520,0.823,-0.274,0.091
1668254970115,2022-11-12T14:09:30.115,422.560,0.915,-0.061,0.000
1668254970155,2022-11-12T14:09:30.155,422.600,0.854,-0.152,-0.061
1668254970195,2022-11-12T14:09:30.195,422.640,0.823,-0.244,-0.030
1668254970235,2022-11-12T14:09:30.235,422.680,0.823,-0.335,0.152
1668254970275,2022-11-12T14:09:30.275,422.720,0.915,-0.335,0.061
1668254970315,2022-11-12T14:09:30.315,422.760,0.915,-0.274,-0.061
1668254970355,2022-11-12T14:09:30.355,422.800,0.732,-0.152,0.122
1668254970395,2022-11-12T14:09:30.395,422.840,0.854,-0.152,0.030
1668254970435,2022-11-12T14:09:30.435,422.880,0.823,-0.274,0.030
1668254970475,2022-11-12T14:09:30.475,422.920,0.762,-0.152,0.061
1668254970515,2022-11-12T14:09:30.515,422.960,0.945,-0.152,0.000
1668254970555,2022-11-12T14:09:30.555,423.000,0.915,-0.244,-0.061
1668254970595,2022-11-12T14:09:30.595,423.040,0.854,-0.274,0.030
1668254970635,2022-11-12T14:09:30.635,423.080,0.579,-0.091,0.305
1668254970675,2022-11-12T14:09:30.675,423.120,0.762,-0.183,0.061
1668254970715,2022-11-12T14:09:30.715,423.160,0.884,-0.244,-0.061
1668254970755,2022-11-12T14:09:30.755,423.200,0.793,-0.061,0.000
1668254970795,2022-11-12T14:09:30.795,423.240,0.884,-0.091,-0.030
1668254970835,2022-11-12T14:09:30.835,423.280,0.854,-0.122,-0.122
1668254970875,2022-11-12T14:09:30.875,423.320,0.762,-0.061,-0.061
1668254970915,2022-11-12T14:09:30.915,423.360,0.793,0.030,0.030
1668254970955,2022-11-12T14:09:30.955,423.400,1.098,-0.091,-0.091
1668254970995,2022-11-12T14:09:30.995,423.440,0.884,-0.396,0.061
1668254971035,2022-11-12T14:09:31.035,423.480,0.732,-0.335,0.030
1668254971075,2022-11-12T14:09:31.075,423.520,0.854,-0.091,-0.061
1668254971115,2022-11-12T14:09:31.115,423.560,0.671,0.000,0.000
1668254971155,2022-11-12T14:09:31.155,423.600,0.884,-0.213,0.030
1668254971195,2022-11-12T14:09:31.195,423.640,0.732,-0.061,0.030
1668254971235,2022-11-12T14:09:31.235,423.680,0.823,-0.061,-0.030
1668254971275,2022-11-12T14:09:31.275,423.720,0.884,-0.274,-0.061
1668254971315,2022-11-12T14:09:31.315,423.760,0.945,-0.183,-0.030
1668254971355,2022-11-12T14:09:31.355,423.800,0.915,-0.122,0.000
1668254971395,2022-11-12T14:09:31.395,423.840,0.671,-0.152,0.061
1668254971435,2022-11-12T14:09:31.435,423.880,0.854,-0.244,0.000
1668254971475,2022-11-12T14:09:31.475,423.920,0.793,-0.091,0.030
1668254971515,2022-11-12T14:09:31.515,423.960,0.732,-0.122,0.030
1668254971555,2022-11-12T14:09:31.555,424.000,0.854,-0.152,0.000
1668254971595,2022-11-12T14:09:31.595,424.040,0.884,-0.183,-0.030
1668254971635,2022-11-12T14:09:31.635,424.080,0.762,-0.091,0.030
1668254971675,2022-11-12T14:09:31.675,424.120,0.823,-0.091,0.000
1668254971715,2022-11-12T14:09:31.715,424.160,0.762,-0.061,-0.061
1668254971755,2022-11-12T14:09:31.755,424.200,0.579,-0.183,-0.061
1668254971795,2022-11-12T14:09:31.795,424.240,0.671,-0.244,-0.122
1668254971835,2022-11-12T14:09:31.835,424.280,0.732,-0.122,-0.061
1668254971875,2022-11-12T14:09:31.875,424.320,0.762,-0.091,0.030
1668254971915,2022-11-12T14:09:31.915,424.360,0.884,-0.183,-0.091
1668254971955,2022-11-12T14:09:31.955,424.400,0.762,-0.183,0.091
1668254971995,2022-11-12T14:09:31.995,424.440,0.793,-0.091,0.000
1668254972035,2022-11-12T14:09:32.035,424.480,0.854,-0.274,-0.091
1668254972075,2022-11-12T14:09:32.075,424.520,0.823,-0.244,-0.061
1668254972115,2022-11-12T14:09:32.115,424.560,0.854,-0.152,0.000
1668254972155,2022-11-12T14:09:32.155,424.600,0.610,-0.183,0.183
1668254972195,2022-11-12T14:09:32.195,424.640,0.823,-0.122,-0.030
1668254972235,2022-11-12T14:09:32.235,424.680,0.945,-0.213,-0.122
1668254972275,2022-11-12T14:09:32.275,424.720,0.762,-0.183,0.061
1668254972315,2022-11-12T14:09:32.315,424.760,0.854,-0.213,-0.030
1668254972355,2022-11-12T14:09:32.355,424.800,0.732,-0.213,0.061
1668254972395,2022-11-12T14:09:32.395,424.840,0.854,-0.152,0.000
1668254972435,2022-11-12T14:09:32.435,424.880,0.762,-0.091,-0.030
1668254972475,2022-11-12T14:09:32.475,424.920,0.793,-0.091,0.000
1668254972515,2022-11-12T14:09:32.515,424.960,0.854,-0.335,0.091
1668254972555,2022-11-12T14:09:32.555,425.000,0.854,-0.366,0.061
1668254972595,2022-11-12T14:09:32.595,425.040,0.793,-0.122,-0.061
1668254972635,2022-11-12T14:09:32.635,425.080,0.701,-0.122,0.091
1668254972675,2022-11-12T14:09:32.675,425.120,0.945,-0.122,-0.030
1668254972715,2022-11-12T14:09:32.715,425.160,0.732,-0.244,0.091
1668254972755,2022-11-12T14:09:32.755,425.200,0.823,-0.152,0.091
1668254972795,2022-11-12T14:09:32.795,425.240,0.884,-0.122,-0.091
1668254972835,2022-11-12T14:09:32.835,425.280,0.793,-0.183,0.091
1668254972875,2022-11-12T14:09:32.875,425.320,0.884,-0.152,-0.030
1668254972915,2022-11-12T14:09:32.915,425.360,0.701,-0.091,0.091
1668254972955,2022-11-12T14:09:32.955,425.400,0.823,-0.213,-0.030
1668254972995,2022-11-12T14:09:32.995,425.440,0.945,-0.213,-0.061
1668254973035,2022-11-12T14:09:33.035,425.480,0.854,-0.152,0.091
1668254973075,2022-11-12T14:09:33.075,425.520,0.793,-0.244,-0.030
1668254973115,2022-11-12T14:09:33.115,425.560,0.793,-0.183,0.000
1668254973155,2022-11-12T14:09:33.155,425.600,0.701,0.030,0.091
1668254973195,2022-11-12T14:09:33.195,425.640,0.671,0.000,-0.030
1668254973235,2022-11-12T14:09:33.235,425.680,0.823,-0.152,0.000
1668254973275,2022-11-12T14:09:33.275,425.720,0.732,-0.335,0.091
1668254973315,2022-11-12T14:09:33.315,425.760,0.793,-0.457,-0.061
1668254973355,2022-11-12T14:09:33.355,425.800,0.915,-0.274,0.030
1668254973395,2022-11-12T14:09:33.395,425.840,0.854,-0.091,0.091
1668254973435,2022-11-12T14:09:33.435,425.880,1.006,-0.244,-0.061
1668254973475,2022-11-12T14:09:33.475,425.920,0.884,-0.305,0.030
1668254973515,2022-11-12T14:09:33.515,425.960,0.976,-0.213,0.030
1668254973555,2022-11-12T14:09:33.555,426.000,0.945,-0.244,-0.030
1668254973595,2022-11-12T14:09:33.595,426.040,0.915,-0.305,-0.030
1668254973635,2022-11-12T14:09:33.635,426.080,0.945,-0.244,0.000
1668254973675,2022-11-12T14:09:33.675,426.120,0.762,-0.152,0.152
1668254973715,2022-11-12T14:09:33.715,426.160,0.823,-0.183,0.061
1668254973755,2022-11-12T14:09:33.755,426.200,1.006,-0.274,-0.091
1668254973795,2022-11-12T14:09:33.795,426.240,0.884,-0.274,0.000
1668254973835,2022-11-12T14:09:33.835,426.280,0.945,-0.366,0.000
1668254973875,2022-11-12T14:09:33.875,426.320,0.793,-0.335,0.061
1668254973915,2022-11-12T14:09:33.915,426.360,0.915,-0.335,0.030
1668254973955,2022-11-12T14:09:33.955,426.400,0.945,-0.122,-0.122
1668254973995,2022-11-12T14:09:33.995,426.440,0.793,-0.274,0.122
1668254974035,2022-11-12T14:09:34.035,426.480,0.762,-0.457,0.122
1668254974075,2022-11-12T14:09:34.075,426.520,0.884,-0.335,-0.030
1668254974115,2022-11-12T14:09:34.115,426.560,0.823,-0.152,0.183
1668254974155,2022-11-12T14:09:34.155,426.600,0.823,-0.152,0.061
1668254974195,2022-11-12T14:09:34.195,426.640,0.884,-0.366,0.000
1668254974235,2022-11-12T14:09:34.235,426.680,0.793,-0.183,0.122
1668254974275,2022-11-12T14:09:34.275,426.720,0.823,-0.152,0.061
1668254974315,2022-11-12T14:09:34.315,426.760,0.823,-0.305,0.030
1668254974355,2022-11-12T14:09:34.355,426.800,0.884,-0.274,0.030
1668254974395,2022-11-12T14:09:34.395,426.840,0.732,-0.183,0.213
1668254974435,2022-11-12T14:09:34.435,426.880,0.671,-0.152,0.122
1668254974475,2022-11-12T14:09:34.475,426.920,0.762,-0.152,-0.091
1668254974515,2022-11-12T14:09:34.515,426.960,0.732,-0.122,0.000
1668254974555,2022-11-12T14:09:34.555,427.000,0.793,-0.091,0.000
1668254974595,2022-11-12T14:09:34.595,427.040,0.793,-0.061,-0.152
1668254974635,2022-11-12T14:09:34.635,427.080,0.945,-0.122,-0.152
1668254974675,2022-11-12T14:09:34.675,427.120,0.823,0.061,0.000
1668254974715,2022-11-12T14:09:34.715,427.160,0.701,-0.244,0.122
1668254974755,2022-11-12T14:09:34.755,427.200,0.915,-0.366,-0.122
1668254974795,2022-11-12T14:09:34.795,427.240,0.854,-0.091,0.030
1668254974835,2022-11-12T14:09:34.835,427.280,0.701,0.000,0.061
1668254974875,2022-11-12T14:09:34.875,427.320,1.006,-0.183,-0.122
1668254974915,2022-11-12T14:09:34.915,427.360,0.671,-0.122,0.122
1668254974955,2022-11-12T14:09:34.955,427.400,0.854,-0.091,0.122
1668254974995,2022-11-12T14:09:34.995,427.440,0.945,-0.213,-0.091
1668254975035,2022-11-12T14:09:35.035,427.480,1.006,-0.213,-0.213
1668254975075,2022-11-12T14:09:35.075,427.520,0.762,-0.122,0.030
1668254975115,2022-11-12T14:09:35.115,427.560,0.579,-0.091,0.122
1668254975155,2022-11-12T14:09:35.155,427.600,0.884,-0.183,-0.061
1668254975195,2022-11-12T14:09:35.195,427.640,0.823,-0.183,-0.030
1668254975235,2022-11-12T14:09:35.235,427.680,0.854,-0.122,0.061
1668254975275,2022-11-12T14:09:35.275,427.720,0.823,-0.152,-0.030
1668254975315,2022-11-12T14:09:35.315,427.760,0.854,-0.061,-0.122
1668254975355,2022-11-12T14:09:35.355,427.800,0.884,-0.122,-0.030
1668254975395,2022-11-12T14:09:35.395,427.840,0.610,-0.305,0.091
1668254975435,2022-11-12T14:09:35.435,427.880,0.854,-0.305,-0.091
1668254975475,2022-11-12T14:09:35.475,427.920,0.915,-0.152,0.000
1668254975515,2022-11-12T14:09:35.515,427.960,0.762,-0.152,0.091
1668254975555,2022-11-12T14:09:35.555,428.000,0.915,-0.213,-0.061
1668254975595,2022-11-12T14:09:35.595,428.040,0.762,-0.244,0.000
1668254975635,2022-11-12T14:09:35.635,428.080,0.793,-0.091,0.091
1668254975675,2022-11-12T14:09:35.675,428.120,0.823,-0.213,0.030
1668254975715,2022-11-12T14:09:35.715,428.160,0.762,-0.244,-0.091
1668254975755,2022-11-12T14:09:35.755,428.200,0.854,-0.122,-0.061
1668254975795,2022-11-12T14:09:35.795,428.240,0.701,-0.091,0.183
1668254975835,2022-11-12T14:09:35.835,428.280,0.884,-0.183,0.000
1668254975875,2022-11-12T14:09:35.875,428.320,0.945,-0.244,-0.152
1668254975915,2022-11-12T14:09:35.915,428.360,0.762,-0.152,0.061
1668254975955,2022-11-12T14:09:35.955,428.400,0.884,-0.213,0.030
1668254975995,2022-11-12T14:09:35.995,428.440,0.762,-0.274,-0.061
1668254976035,2022-11-12T14:09:36.035,428.480,0.823,-0.030,-0.091
1668254976075,2022-11-12T14:09:36.075,428.520,0.884,0.000,0.091
1668254976115,2022-11-12T14:09:36.115,428.560,0.793,-0.305,0.061
1668254976155,2022-11-12T14:09:36.155,428.600,1.006,-0.335,-0.091
1668254976195,2022-11-12T14:09:36.195,428.640,0.854,-0.091,0.091
1668254976235,2022-11-12T14:09:36.235,428.680,0.823,-0.152,0.000
1668254976275,2022-11-12T14:09:36.275,428.720,0.945,-0.244,-0.122
1668254976315,2022-11-12T14:09:36.315,428.760,0.671,-0.152,0.061
1668254976355,2022-11-12T14:09:36.355,428.800,0.823,-0.122,-0.091
1668254976395,2022-11-12T14:09:36.395,428.840,0.976,-0.305,-0.091
1668254976435,2022-11-12T14:09:36.435,428.880,0.945,-0.122,-0.030
1668254976475,2022-11-12T14:09:36.475,428.920,0.884,0.061,0.000
1668254976515,2022-11-12T14:09:36.515,428.960,0.701,-0.122,0.061
1668254976555,2022-11-12T14:09:36.555,429.000,0.854,-0.305,-0.061
1668254976595,2022-11-12T14:09:36.595,429.040,0.884,-0.274,0.061
1668254976635,2022-11-12T14:09:36.635,429.080,0.793,-0.183,0.000
1668254976675,2022-11-12T14:09:36.675,429.120,0.884,-0.335,0.030
1668254976715,2022-11-12T14:09:36.715,429.160,0.854,-0.335,0.030
1668254976755,2022-11-12T14:09:36.755,429.200,0.823,-0.427,-0.091
1668254976795,2022-11-12T14:09:36.795,429.240,0.732,-0.335,-0.122
1668254976835,2022-11-12T14:09:36.835,429.280,0.823,-0.122,0.030
1668254976875,2022-11-12T14:09:36.875,429.320,0.762,-0.427,0.030
1668254976915,2022-11-12T14:09:36.915,429.360,1.006,-0.427,-0.091
1668254976955,2022-11-12T14:09:36.955,429.400,0.976,-0.061,-0.030
1668254976995,2022-11-12T14:09:36.995,429.440,0.762,-0.061,0.091
1668254977035,2022-11-12T14:09:37.035,429.480,0.945,-0.213,-0.091
1668254977075,2022-11-12T14:09:37.075,429.520,0.823,-0.152,0.061
1668254977115,2022-11-12T14:09:37.115,429.560,0.976,-0.091,0.061
1668254977155,2022-11-12T14:09:37.155,429.600,0.915,-0.274,-0.061
1668254977195,2022-11-12T14:09:37.195,429.640,0.945,-0.305,-0.030
1668254977235,2022-11-12T14:09:37.235,429.680,0.915,-0.122,0.000
1668254977275,2022-11-12T14:09:37.275,429.720,0.610,-0.091,0.152
1668254977315,2022-11-12T14:09:37.315,429.760,0.701,-0.244,0.030
1668254977355,2022-11-12T14:09:37.355,429.800,0.793,-0.274,-0.030
1668254977395,2022-11-12T14:09:37.395,429.840,0.823,-0.244,0.030
1668254977435,2022-11-12T14:09:37.435,429.880,0.823,-0.366,0.030
1668254977475,2022-11-12T14:09:37.475,429.920,0.945,-0.335,-0.030
1668254977515,2022-11-12T14:09:37.515,429.960,1.006,-0.366,0.000
1668254977555,2022-11-12T14:09:37.555,430.000,0.976,-0.030,-0.030
1668254977595,2022-11-12T14:09:37.595,430.040,1.037,0.183,-0.061
1668254977635,2022-11-12T14:09:37.635,430.080,0.823,-0.091,0.091
1668254977675,2022-11-12T14:09:37.675,430.120,0.762,-0.488,0.122
1668254977715,2022-11-12T14:09:37.715,430.160,0.793,-0.488,0.000
1668254977755,2022-11-12T14:09:37.755,430.200,0.762,-0.305,0.000
1668254977795,2022-11-12T14:09:37.795,430.240,0.854,-0.244,0.061
1668254977835,2022-11-12T14:09:37.835,430.280,0.945,-0.305,0.030
1668254977875,2022-11-12T14:09:37.875,430.320,0.793,-0.305,-0.061
1668254977915,2022-11-12T14:09:37.915,430.360,0.854,0.030,0.030
1668254977955,2022-11-12T14:09:37.955,430.400,0.823,0.061,0.152
1668254977995,2022-11-12T14:09:37.995,430.440,0.854,-0.183,-0.030
1668254978035,2022-11-12T14:09:38.035,430.480,0.793,-0.335,0.000
1668254978075,2022-11-12T14:09:38.075,430.520,0.640,-0.305,0.183
1668254978115,2022-11-12T14:09:38.115,430.560,0.793,-0.396,0.000
1668254978155,2022-11-12T14:09:38.155,430.600,0.976,-0.457,0.061
1668254978195,2022-11-12T14:09:38.195,430.640,0.884,-0.213,0.122
1668254978235,2022-11-12T14:09:38.235,430.680,0.884,-0.152,-0.030
1668254978275,2022-11-12T14:09:38.275,430.720,0.915,-0.335,-0.091
1668254978315,2022-11-12T14:09:38.315,430.760,0.823,-0.274,0.000
1668254978355,2022-11-12T14:09:38.355,430.800,0.884,-0.091,-0.030
1668254978395,2022-11-12T14:09:38.395,430.840,0.945,-0.152,-0.091
1668254978435,2022-11-12T14:09:38.435,430.880,0.701,-0.457,0.061
1668254978475,2022-11-12T14:09:38.475,430.920,0.823,-0.366,-0.030
1668254978515,2022-11-12T14:09:38.515,430.960,0.884,-0.061,0.000
1668254978555,2022-11-12T14:09:38.555,431.000,0.701,0.000,0.030
1668254978595,2022-11-12T14:09:38.595,431.040,0.823,-0.152,-0.122
1668254978635,2022-11-12T14:09:38.635,431.080,0.732,-0.183,0.061
1668254978675,2022-11-12T14:09:38.675,431.120,0.945,-0.091,0.030
1668254978715,2022-11-12T14:09:38.715,431.160,0.915,-0.183,-0.122
1668254978755,2022-11-12T14:09:38.755,431.200,0.884,-0.152,-0.061
1668254978795,2022-11-12T14:09:38.795,431.240,0.823,0.030,0.061
1668254978835,2022-11-12T14:09:38.835,431.280,0.640,-0.091,0.091
1668254978875,2022-11-12T14:09:38.875,431.320,0.823,-0.244,-0.091
1668254978915,2022-11-12T14:09:38.915,431.360,0.945,-0.030,-0.091
1668254978955,2022-11-12T14:09:38.955,431.400,0.884,-0.091,0.000
1668254978995,2022-11-12T14:09:38.995,431.440,0.945,-0.305,0.000
1668254979035,2022-11-12T14:09:39.035,431.480,0.884,-0.152,-0.091
1668254979075,2022-11-12T14:09:39.075,431.520,0.854,0.061,-0.061
1668254979115,2022-11-12T14:09:39.115,431.560,0.884,-0.244,0.030
1668254979155,2022-11-12T14:09:39.155,431.600,0.732,-0.335,0.000
1668254979195,2022-11-12T14:09:39.195,431.640,0.823,-0.152,-0.061
1668254979235,2022-11-12T14:09:39.235,431.680,0.762,-0.091,0.061
1668254979275,2022-11-12T14:09:39.275,431.720,0.762,-0.091,0.000
1668254979315,2022-11-12T14:09:39.315,431.760,0.854,-0.274,0.030
1668254979355,2022-11-12T14:09:39.355,431.800,0.732,-0.183,0.091
1668254979395,2022-11-12T14:09:39.395,431.840,0.823,-0.091,0.030
1668254979435,2022-11-12T14:09:39.435,431.880,0.884,-0.183,-0.030
1668254979475,2022-11-12T14:09:39.475,431.920,0.884,-0.183,-0.030
1668254979515,2022-11-12T14:09:39.515,431.960,0.915,-0.122,0.030
1668254979555,2022-11-12T14:09:39.555,432.000,0.732,-0.122,0.122
1668254979595,2022-11-12T14:09:39.595,432.040,0.854,-0.183,-0.091
1668254979635,2022-11-12T14:09:39.635,432.080,0.945,-0.213,-0.091
1668254979675,2022-11-12T14:09:39.675,432.120,0.793,-0.213,0.000
1668254979715,2022-11-12T14:09:39.715,432.160,0.823,-0.244,0.000
1668254979755,2022-11-12T14:09:39.755,432.200,0.884,-0.152,-0.091
1668254979795,2022-11-12T14:09:39.795,432.240,0.854,-0.061,-0.061
1668254979835,2022-11-12T14:09:39.835,432.280,0.793,-0.122,0.061
1668254979875,2022-11-12T14:09:39.875,432.320,0.732,-0.335,0.122
1668254979915,2022-11-12T14:09:39.915,432.360,0.915,-0.213,-0.030
1668254979955,2022-11-12T14:09:39.955,432.400,0.945,-0.183,0.030
1668254979995,2022-11-12T14:09:39.995,432.440,0.793,-0.122,0.091
1668254980035,2022-11-12T14:09:40.035,432.480,0.915,-0.213,0.000
1668254980075,2022-11-12T14:09:40.075,432.520,0.762,-0.183,0.061
1668254980115,2022-11-12T14:09:40.115,432.560,0.884,-0.152,0.000
1668254980155,2022-11-12T14:09:40.155,432.600,0.762,-0.213,0.061
1668254980195,2022-11-12T14:09:40.195,432.640,0.884,-0.213,0.030
1668254980235,2022-11-12T14:09:40.235,432.680,0.976,-0.213,-0.061
1668254980275,2022-11-12T14:09:40.275,432.720,0.701,-0.213,0.122
1668254980315,2022-11-12T14:09:40.315,432.760,0.854,-0.183,-0.030
1668254980355,2022-11-12T14:09:40.355,432.800,0.915,-0.183,-0.030
1668254980395,2022-11-12T14:09:40.395,432.840,0.884,-0.183,0.122
1668254980435,2022-11-12T14:09:40.435,432.880,0.793,-0.244,-0.061
1668254980475,2022-11-12T14:09:40.475,432.920,0.762,-0.183,0.030
1668254980515,2022-11-12T14:09:40.515,432.960,0.854,-0.183,0.000
1668254980555,2022-11-12T14:09:40.555,433.000,0.854,-0.183,-0.091
1668254980595,2022-11-12T14:09:40.595,433.040,0.823,-0.152,0.061
1668254980635,2022-11-12T14:09:40.635,433.080,0.671,-0.366,0.061
1668254980675,2022-11-12T14:09:40.675,433.120,0.945,-0.274,-0.030
1668254980715,2022-11-12T14:09:40.715,433.160,0.671,0.000,-0.030
1668254980755,2022-11-12T14:09:40.755,433.200,0.518,0.030,0.122
1668254980795,2022-11-12T14:09:40.795,433.240,0.884,-0.152,0.122
1668254980835,2022-11-12T14:09:40.835,433.280,0.701,-0.305,0.122
1668254980875,2022-11-12T14:09:40.875,433.320,0.915,-0.213,-0.061
1668254980915,2022-11-12T14:09:40.915,433.360,0.854,-0.244,-0.030
1668254980955,2022-11-12T14:09:40.955,433.400,0.823,-0.274,0.091
1668254980995,2022-11-12T14:09:40.995,433.440,1.037,-0.335,-0.061
1668254981035,2022-11-12T14:09:41.035,433.480,0.671,-0.183,0.152
1668254981075,2022-11-12T14:09:41.075,433.520,0.793,-0.244,0.000
1668254981115,2022-11-12T14:09:41.115,433.560,0.884,-0.061,-0.061
1668254981155,2022-11-12T14:09:41.155,433.600,0.945,-0.152,0.061
1668254981195,2022-11-12T14:09:41.195,433.640,0.976,-0.305,0.000
1668254981235,2022-11-12T14:09:41.235,433.680,0.915,-0.335,0.030
1668254981275,2022-11-12T14:09:41.275,433.720,0.945,-0.244,-0.061
1668254981315,2022-11-12T14:09:41.315,433.760,0.793,-0.152,0.122
1668254981355,2022-11-12T14:09:41.355,433.800,0.793,-0.183,0.122
1668254981395,2022-11-12T14:09:41.395,433.840,0.793,-0.427,0.183
1668254981435,2022-11-12T14:09:41.435,433.880,0.945,-0.518,-0.061
1668254981475,2022-11-12T14:09:41.475,433.920,0.976,-0.305,-0.122
1668254981515,2022-11-12T14:09:41.515,433.960,0.793,-0.122,-0.030
1668254981555,2022-11-12T14:09:41.555,434.000,0.884,-0.305,0.030
1668254981595,2022-11-12T14:09:41.595,434.040,0.793,-0.366,0.122
1668254981635,2022-11-12T14:09:41.635,434.080,0.823,-0.213,0.061
1668254981675,2022-11-12T14:09:41.675,434.120,0.732,-0.030,0.122
1668254981715,2022-11-12T14:09:41.715,434.160,0.610,-0.061,0.122
1668254981755,2022-11-12T14:09:41.755,434.200,0.732,-0.244,-0.061
1668254981795,2022-11-12T14:09:41.795,434.240,0.701,-0.274,0.152
1668254981835,2022-11-12T14:09:41.835,434.280,0.823,-0.213,0.061
1668254981875,2022-11-12T14:09:41.875,434.320,0.976,-0.305,-0.091
1668254981915,2022-11-12T14:09:41.915,434.360,0.915,-0.274,-0.061
1668254981955,2022-11-12T14:09:41.955,434.400,0.854,-0.152,0.030
1668254981995,2022-11-12T14:09:41.995,434.440,0.762,-0.061,0.061
1668254982035,2022-11-12T14:09:42.035,434.480,0.701,0.335,0.122
1668254982075,2022-11-12T14:09:42.075,434.520,0.976,0.274,0.122
1668254982115,2022-11-12T14:09:42.115,434.560,0.854,-0.335,0.061
1668254982155,2022-11-12T14:09:42.155,434.600,0.823,-0.427,-0.183
1668254982195,2022-11-12T14:09:42.195,434.640,0.915,-0.335,-0.183
1668254982235,2022-11-12T14:09:42.235,434.680,0.579,-0.122,-0.030
1668254982275,2022-11-12T14:09:42.275,434.720,0.610,-0.030,-0.091
1668254982315,2022-11-12T14:09:42.315,434.760,0.671,-0.152,-0.030
1668254982355,2022-11-12T14:09:42.355,434.800,0.823,-0.122,0.061
1668254982395,2022-11-12T14:09:42.395,434.840,0.823,-0.122,-0.061
1668254982435,2022-11-12T14:09:42.435,434.880,0.823,-0.244,-0.183
1668254982475,2022-11-12T14:09:42.475,434.920,0.884,-0.183,0.061
1668254982515,2022-11-12T14:09:42.515,434.960,0.518,0.061,0.213
1668254982555,2022-11-12T14:09:42.555,435.000,0.732,-0.213,-0.061
1668254982595,2022-11-12T14:09:42.595,435.040,0.945,-0.305,-0.152
1668254982635,2022-11-12T14:09:42.635,435.080,0.823,-0.183,0.030
1668254982675,2022-11-12T14:09:42.675,435.120,0.793,-0.122,0.000
1668254982715,2022-11-12T14:09:42.715,435.160,0.793,-0.061,-0.122
1668254982755,2022-11-12T14:09:42.755,435.200,0.854,-0.183,0.091
1668254982795,2022-11-12T14:09:42.795,435.240,0.701,-0.335,0.183
1668254982835,2022-11-12T14:09:42.835,435.280,0.854,-0.335,-0.122
1668254982875,2022-11-12T14:09:42.875,435.320,0.945,-0.244,-0.091
1668254982915,2022-11-12T14:09:42.915,435.360,0.762,-0.061,0.091
1668254982955,2022-11-12T14:09:42.955,435.400,0.854,-0.183,-0.030
1668254982995,2022-11-12T14:09:42.995,435.440,0.762,-0.244,0.091
1668254983035,2022-11-12T14:09:43.035,435.480,0.793,-0.091,0.061
1668254983075,2022-11-12T14:09:43.075,435.520,0.945,-0.244,-0.030
1668254983115,2022-11-12T14:09:43.115,435.560,0.793,-0.213,-0.030
1668254983155,2022-11-12T14:09:43.155,435.600,0.915,-0.152,-0.061
1668254983195,2022-11-12T14:09:43.195,435.640,0.640,-0.091,0.152
1668254983235,2022-11-12T14:09:43.235,435.680,0.762,-0.244,-0.030
1668254983275,2022-11-12T14:09:43.275,435.720,0.945,-0.213,-0.152
1668254983315,2022-11-12T14:09:43.315,435.760,0.762,-0.183,0.061
1668254983355,2022-11-12T14:09:43.355,435.800,0.823,-0.213,0.030
1668254983395,2022-11-12T14:09:43.395,435.840,0.976,-0.152,-0.061
1668254983435,2022-11-12T14:09:43.435,435.880,0.915,-0.183,-0.061
1668254983475,2022-11-12T14:09:43.475,435.920,0.732,-0.091,0.061
1668254983515,2022-11-12T14:09:43.515,435.960,0.854,-0.305,-0.030
1668254983555,2022-11-12T14:09:43.555,436.000,0.884,-0.335,0.000
1668254983595,2022-11-12T14:09:43.595,436.040,0.732,-0.091,0.030
1668254983635,2022-11-12T14:09:43.635,436.080,0.945,-0.183,0.000
1668254983675,2022-11-12T14:09:43.675,436.120,0.915,-0.213,-0.091
1668254983715,2022-11-12T14:09:43.715,436.160,0.701,-0.091,0.091
1668254983755,2022-11-12T14:09:43.755,436.200,0.976,-0.091,0.030
1668254983795,2022-11-12T14:09:43.795,436.240,0.915,-0.244,-0.030
1668254983835,2022-11-12T14:09:43.835,436.280,0.915,-0.152,-0.030
1668254983875,2022-11-12T14:09:43.875,436.320,0.823,-0.122,0.061
1668254983915,2022-11-12T14:09:43.915,436.360,0.671,-0.091,0.061
1668254983955,2022-11-12T14:09:43.955,436.400,0.976,-0.213,-0.122
1668254983995,2022-11-12T14:09:43.995,436.440,0.976,-0.244,0.000
1668254984035,2022-11-12T14:09:44.035,436.480,0.793,-0.244,0.030
1668254984075,2022-11-12T14:09:44.075,436.520,0.884,-0.183,-0.061
1668254984115,2022-11-12T14:09:44.115,436.560,0.854,-0.152,0.000
1668254984155,2022-11-12T14:09:44.155,436.600,0.823,-0.152,-0.061
1668254984195,2022-11-12T14:09:44.195,436.640,0.762,-0.183,0.030
1668254984235,2022-11-12T14:09:44.235,436.680,0.823,-0.335,0.000
1668254984275,2022-11-12T14:09:44.275,436.720,0.976,-0.213,-0.091
1668254984315,2022-11-12T14:09:44.315,436.760,0.823,-0.152,0.061
1668254984355,2022-11-12T14:09:44.355,436.800,0.823,-0.213,-0.030
1668254984395,2022-11-12T14:09:44.395,436.840,0.915,-0.244,-0.061
1668254984435,2022-11-12T14:09:44.435,436.880,0.762,-0.213,0.061
1668254984475,2022-11-12T14:09:44.475,436.920,0.793,-0.061,0.061
1668254984515,2022-11-12T14:09:44.515,436.960,0.762,-0.213,0.091
1668254984555,2022-11-12T14:09:44.555,437.000,0.945,-0.274,-0.061
1668254984595,2022-11-12T14:09:44.595,437.040,0.884,-0.305,0.000
1668254984635,2022-11-12T14:09:44.635,437.080,0.732,-0.183,0.122
1668254984675,2022-11-12T14:09:44.675,437.120,0.945,-0.274,-0.030
1668254984715,2022-11-12T14:09:44.715,437.160,0.945,-0.213,-0.061
1668254984755,2022-11-12T14:09:44.755,437.200,0.793,-0.122,0.000
1668254984795,2022-11-12T14:09:44.795,437.240,0.823,-0.213,0.000
1668254984835,2022-11-12T14:09:44.835,437.280,0.854,-0.213,-0.091
1668254984875,2022-11-12T14:09:44.875,437.320,0.762,-0.213,0.061
1668254984915,2022-11-12T14:09:44.915,437.360,0.884,-0.091,0.030
1668254984955,2022-11-12T14:09:44.955,437.400,0.762,-0.244,0.061
1668254984995,2022-11-12T14:09:44.995,437.440,0.793,-0.396,0.000
1668254985035,2022-11-12T14:09:45.035,437.480,0.854,-0.244,0.000
1668254985075,2022-11-12T14:09:45.075,437.520,0.762,-0.213,0.030
1668254985115,2022-11-12T14:09:45.115,437.560,0.884,-0.305,0.000
1668254985155,2022-11-12T14:09:45.155,437.600,0.854,-0.274,-0.030
1668254985195,2022-11-12T14:09:45.195,437.640,0.854,-0.183,0.061
1668254985235,2022-11-12T14:09:45.235,437.680,0.854,-0.213,0.061
1668254985275,2022-11-12T14:09:45.275,437.720,0.945,-0.244,0.000
1668254985315,2022-11-12T14:09:45.315,437.760,0.945,-0.274,-0.061
1668254985355,2022-11-12T14:09:45.355,437.800,0.854,-0.244,0.122
1668254985395,2022-11-12T14:09:45.395,437.840,0.762,-0.244,0.152
1668254985435,2022-11-12T14:09:45.435,437.880,0.945,-0.274,-0.091
1668254985475,2022-11-12T14:09:45.475,437.920,0.915,-0.244,0.000
1668254985515,2022-11-12T14:09:45.515,437.960,0.823,-0.183,0.152
1668254985555,2022-11-12T14:09:45.555,438.000,0.854,-0.274,0.000
1668254985595,2022-11-12T14:09:45.595,438.040,0.884,-0.274,-0.030
1668254985635,2022-11-12T14:09:45.635,438.080,0.793,-0.061,0.000
1668254985675,2022-11-12T14:09:45.675,438.120,0.884,0.000,0.030
1668254985715,2022-11-12T14:09:45.715,438.160,0.823,-0.366,0.000
1668254985755,2022-11-12T14:09:45.755,438.200,0.854,-0.274,-0.152
1668254985795,2022-11-12T14:09:45.795,438.240,0.915,-0.030,0.000
1668254985835,2022-11-12T14:09:45.835,438.280,0.701,-0.091,0.091
1668254985875,2022-11-12T14:09:45.875,438.320,0.884,-0.244,-0.030
1668254985915,2022-11-12T14:09:45.915,438.360,0.854,-0.122,0.091
1668254985955,2022-11-12T14:09:45.955,438.400,0.732,0.000,0.000
1668254985995,2022-11-12T14:09:45.995,438.440,0.915,-0.274,-0.030
1668254986035,2022-11-12T14:09:46.035,438.480,0.945,-0.213,-0.091
1668254986075,2022-11-12T14:09:46.075,438.520,0.732,-0.061,0.061
1668254986115,2022-11-12T14:09:46.115,438.560,0.732,-0.122,0.122
1668254986155,2022-11-12T14:09:46.155,438.600,0.854,-0.274,-0.061
1668254986195,2022-11-12T14:09:46.195,438.640,0.915,-0.152,-0.030
1668254986235,2022-11-12T14:09:46.235,438.680,0.701,-0.030,0.030
1668254986275,2022-11-12T14:09:46.275,438.720,0.762,-0.213,0.000
1668254986315,2022-11-12T14:09:46.315,438.760,0.823,-0.213,-0.091
1668254986355,2022-11-12T14:09:46.355,438.800,0.823,-0.030,-0.122
1668254986395,2022-11-12T14:09:46.395,438.840,0.884,-0.122,0.122
1668254986435,2022-11-12T14:09:46.435,438.880,0.793,-0.335,0.000
1668254986475,2022-11-12T14:09:46.475,438.920,0.854,-0.396,-0.030
1668254986515,2022-11-12T14:09:46.515,438.960,0.793,-0.061,0.030
1668254986555,2022-11-12T14:09:46.555,439.000,0.762,-0.091,0.000
1668254986595,2022-11-12T14:09:46.595,439.040,0.823,-0.244,0.000
1668254986635,2022-11-12T14:09:46.635,439.080,0.671,-0.152,0.061
1668254986675,2022-11-12T14:09:46.675,439.120,0.762,-0.122,0.030
1668254986715,2022-11-12T14:09:46.715,439.160,0.793,-0.183,-0.030
1668254986755,2022-11-12T14:09:46.755,439.200,0.884,-0.152,-0.030
1668254986795,2022-11-12T14:09:46.795,439.240,0.854,-0.091,0.000
1668254986835,2022-11-12T14:09:46.835,439.280,0.640,-0.152,0.061
1668254986875,2022-11-12T14:09:46.875,439.320,0.854,-0.274,-0.091
1668254986915,2022-11-12T14:09:46.915,439.360,0.915,-0.152,-0.030
1668254986955,2022-11-12T14:09:46.955,439.400,0.823,-0.274,0.030
1668254986995,2022-11-12T14:09:46.995,439.440,0.884,-0.335,-0.091
1668254987035,2022-11-12T14:09:47.035,439.480,0.915,-0.152,0.000
1668254987075,2022-11-12T14:09:47.075,439.520,0.823,-0.061,0.030
1668254987115,2022-11-12T14:09:47.115,439.560,0.884,-0.122,-0.091
1668254987155,2022-11-12T14:09:47.155,439.600,0.793,-0.305,0.091
1668254987195,2022-11-12T14:09:47.195,439.640,0.671,-0.274,0.152
1668254987235,2022-11-12T14:09:47.235,439.680,0.823,-0.244,-0.061
1668254987275,2022-11-12T14:09:47.275,439.720,0.823,-0.274,-0.030
1668254987315,2022-11-12T14:09:47.315,439.760,0.823,-0.061,0.000
1668254987355,2022-11-12T14:09:47.355,439.800,0.823,-0.244,0.122
1668254987395,2022-11-12T14:09:47.395,439.840,0.732,-0.152,0.030
1668254987435,2022-11-12T14:09:47.435,439.880,0.915,-0.122,-0.061
1668254987475,2022-11-12T14:09:47.475,439.920,0.823,-0.183,0.122
1668254987515,2022-11-12T14:09:47.515,439.960,0.884,-0.213,-0.122
1668254987555,2022-11-12T14:09:47.555,440.000,0.732,-0.152,-0.030
1668254987595,2022-11-12T14:09:47.595,440.040,0.701,-0.122,0.030
1668254987635,2022-11-12T14:09:47.635,440.080,0.884,-0.213,-0.091
1668254987675,2022-11-12T14:09:47.675,440.120,0.793,-0.183,0.000
1668254987715,2022-11-12T14:09:47.715,440.160,0.732,-0.122,0.000
1668254987755,2022-11-12T14:09:47.755,440.200,0.793,-0.183,-0.061
1668254987795,2022-11-12T14:09:47.795,440.240,0.823,-0.213,0.000
1668254987835,2022-11-12T14:09:47.835,440.280,0.854,-0.091,0.030
1668254987875,2022-11-12T14:09:47.875,440.320,0.732,-0.030,0.000
1668254987915,2022-11-12T14:09:47.915,440.360,1.037,0.000,-0.152
1668254987955,2022-11-12T14:09:47.955,440.400,0.976,-0.213,-0.030
1668254987995,2022-11-12T14:09:47.995,440.440,0.640,-0.457,0.061
1668254988035,2022-11-12T14:09:48.035,440.480,0.793,-0.366,0.000
1668254988075,2022-11-12T14:09:48.075,440.520,0.732,-0.152,0.122
1668254988115,2022-11-12T14:09:48.115,440.560,0.823,-0.030,0.061
1668254988155,2022-11-12T14:09:48.155,440.600,0.854,-0.274,-0.030
1668254988195,2022-11-12T14:09:48.195,440.640,0.793,-0.274,0.091
1668254988235,2022-11-12T14:09:48.235,440.680,0.915,-0.122,0.000
1668254988275,2022-11-12T14:09:48.275,440.720,0.854,-0.213,0.000
1668254988315,2022-11-12T14:09:48.315,440.760,0.915,-0.274,-0.061
1668254988355,2022-11-12T14:09:48.355,440.800,0.854,-0.244,0.091
1668254988395,2022-11-12T14:09:48.395,440.840,0.762,-0.274,0.091
1668254988435,2022-11-12T14:09:48.435,440.880,0.915,-0.274,-0.061
1668254988475,2022-11-12T14:09:48.475,440.920,0.884,-0.274,0.000
1668254988515,2022-11-12T14:09:48.515,440.960,0.884,-0.122,0.030
1668254988555,2022-11-12T14:09:48.555,441.000,0.945,-0.183,-0.030
1668254988595,2022-11-12T14:09:48.595,441.040,0.915,-0.274,-0.030
1668254988635,2022-11-12T14:09:48.635,441.080,0.854,-0.213,0.030
1668254988675,2022-11-12T14:09:48.675,441.120,0.884,-0.213,0.030
1668254988715,2022-11-12T14:09:48.715,441.160,0.884,-0.305,0.030
1668254988755,2022-11-12T14:09:48.755,441.200,0.854,-0.091,-0.061
1668254988795,2022-11-12T14:09:48.795,441.240,0.823,-0.183,0.030
1668254988835,2022-11-12T14:09:48.835,441.280,0.854,-0.518,0.061
1668254988875,2022-11-12T14:09:48.875,441.320,0.884,-0.366,-0.061
1668254988915,2022-11-12T14:09:48.915,441.360,0.854,-0.122,0.061
1668254988955,2022-11-12T14:09:48.955,441.400,0.915,-0.335,0.000
1668254988995,2022-11-12T14:09:48.995,441.440,0.915,-0.488,-0.061
1668254989035,2022-11-12T14:09:49.035,441.480,0.884,-0.305,0.183
1668254989075,2022-11-12T14:09:49.075,441.520,0.854,-0.122,0.091
1668254989115,2022-11-12T14:09:49.115,441.560,1.067,-0.396,-0.030
1668254989155,2022-11-12T14:09:49.155,441.600,0.823,-0.213,-0.030
1668254989195,2022-11-12T14:09:49.195,441.640,0.762,-0.122,0.030
1668254989235,2022-11-12T14:09:49.235,441.680,0.854,-0.183,0.061
1668254989275,2022-11-12T14:09:49.275,441.720,1.006,-0.305,-0.091
1668254989315,2022-11-12T14:09:49.315,441.760,0.823,-0.091,0.061
1668254989355,2022-11-12T14:09:49.355,441.800,0.823,-0.030,0.000
1668254989395,2022-11-12T14:09:49.395,441.840,0.884,-0.335,-0.061
1668254989435,2022-11-12T14:09:49.435,441.880,0.854,-0.244,0.000
1668254989475,2022-11-12T14:09:49.475,441.920,0.762,-0.061,0.061
1668254989515,2022-11-12T14:09:49.515,441.960,0.884,-0.122,-0.030
1668254989555,2022-11-12T14:09:49.555,442.000,0.854,-0.061,-0.061
1668254989595,2022-11-12T14:09:49.595,442.040,0.762,-0.396,0.030
1668254989635,2022-11-12T14:09:49.635,442.080,0.915,-0.335,-0.122
1668254989675,2022-11-12T14:09:49.675,442.120,0.884,0.061,-0.091
1668254989715,2022-11-12T14:09:49.715,442.160,0.762,-0.061,0.061
1668254989755,2022-11-12T14:09:49.755,442.200,0.854,-0.305,0.000
1668254989795,2022-11-12T14:09:49.795,442.240,0.732,-0.152,0.000
1668254989835,2022-11-12T14:09:49.835,442.280,0.793,-0.091,0.091
1668254989875,2022-11-12T14:09:49.875,442.320,0.823,-0.091,-0.030
1668254989915,2022-11-12T14:09:49.915,442.360,0.915,-0.122,-0.183
1668254989955,2022-11-12T14:09:49.955,442.400,0.915,-0.152,0.030
1668254989995,2022-11-12T14:09:49.995,442.440,0.762,-0.183,0.122
1668254990035,2022-11-12T14:09:50.035,442.480,0.854,-0.274,-0.122
1668254990075,2022-11-12T14:09:50.075,442.520,0.854,-0.152,0.030
1668254990115,2022-11-12T14:09:50.115,442.560,0.793,-0.122,0.061
1668254990155,2022-11-12T14:09:50.155,442.600,0.884,-0.244,-0.061
1668254990195,2022-11-12T14:09:50.195,442.640,0.823,-0.122,-0.061
1668254990235,2022-11-12T14:09:50.235,442.680,0.793,-0.030,-0.030
1668254990275,2022-11-12T14:09:50.275,442.720,0.915,-0.061,0.000
1668254990315,2022-11-12T14:09:50.315,442.760,0.762,-0.274,0.061
1668254990355,2022-11-12T14:09:50.355,442.800,0.793,-0.366,0.000
1668254990395,2022-11-12T14:09:50.395,442.840,0.854,-0.213,0.000
1668254990435,2022-11-12T14:09:50.435,442.880,0.854,-0.152,0.000
1668254990475,2022-11-12T14:09:50.475,442.920,0.915,-0.183,0.000
1668254990515,2022-11-12T14:09:50.515,442.960,0.701,-0.213,0.061
1668254990555,2022-11-12T14:09:50.555,443.000,0.915,-0.122,-0.061
1668254990595,2022-11-12T14:09:50.595,443.040,0.945,-0.244,0.000
1668254990635,2022-11-12T14:09:50.635,443.080,0.793,-0.152,0.030
1668254990675,2022-11-12T14:09:50.675,443.120,0.915,-0.183,-0.061
1668254990715,2022-11-12T14:09:50.715,443.160,0.701,-0.061,0.152
1668254990755,2022-11-12T14:09:50.755,443.200,0.793,-0.122,0.061
1668254990795,2022-11-12T14:09:50.795,443.240,0.915,-0.274,-0.152
1668254990835,2022-11-12T14:09:50.835,443.280,0.793,-0.122,0.061
1668254990875,2022-11-12T14:09:50.875,443.320,0.884,-0.122,0.122
1668254990915,2022-11-12T14:09:50.915,443.360,0.793,-0.183,-0.030
1668254990955,2022-11-12T14:09:50.955,443.400,0.762,-0.061,0.061
1668254990995,2022-11-12T14:09:50.995,443.440,0.762,0.122,0.061
1668254991035,2022-11-12T14:09:51.035,443.480,0.793,-0.244,0.030
1668254991075,2022-11-12T14:09:51.075,443.520,0.762,-0.457,0.000
1668254991115,2022-11-12T14:09:51.115,443.560,0.976,-0.213,-0.030
1668254991155,2022-11-12T14:09:51.155,443.600,0.823,-0.213,0.030
1668254991195,2022-11-12T14:09:51.195,443.640,0.915,-0.183,-0.061
1668254991235,2022-11-12T14:09:51.235,443.680,0.884,-0.183,-0.061
1668254991275,2022-11-12T14:09:51.275,443.720,0.701,-0.183,0.091
1668254991315,2022-11-12T14:09:51.315,443.760,0.915,-0.183,-0.091
1668254991355,2022-11-12T14:09:51.355,443.800,0.854,-0.213,-0.061
1668254991395,2022-11-12T14:09:51.395,443.840,0.976,-0.183,0.000
1668254991435,2022-11-12T14:09:51.435,443.880,0.884,-0.213,0.000
1668254991475,2022-11-12T14:09:51.475,443.920,0.701,-0.274,0.122
1668254991515,2022-11-12T14:09:51.515,443.960,0.884,-0.152,-0.030
1668254991555,2022-11-12T14:09:51.555,444.000,0.854,-0.030,-0.030
1668254991595,2022-11-12T14:09:51.595,444.040,0.823,-0.183,0.061
1668254991635,2022-11-12T14:09:51.635,444.080,0.793,-0.244,-0.061
1668254991675,2022-11-12T14:09:51.675,444.120,0.793,-0.152,0.030
1668254991715,2022-11-12T14:09:51.715,444.160,0.915,-0.091,0.000
1668254991755,2022-11-12T14:09:51.755,444.200,0.915,-0.152,-0.091
1668254991795,2022-11-12T14:09:51.795,444.240,0.793,-0.305,0.122
1668254991835,2022-11-12T14:09:51.835,444.280,0.793,-0.335,-0.030
1668254991875,2022-11-12T14:09:51.875,444.320,0.854,-0.274,-0.122
1668254991915,2022-11-12T14:09:51.915,444.360,0.732,-0.183,0.000
1668254991955,2022-11-12T14:09:51.955,444.400,1.006,-0.122,-0.030
1668254991995,2022-11-12T14:09:51.995,444.440,0.823,-0.244,0.091
1668254992035,2022-11-12T14:09:52.035,444.480,0.762,-0.213,0.061
1668254992075,2022-11-12T14:09:52.075,444.520,0.915,-0.244,-0.030
1668254992115,2022-11-12T14:09:52.115,444.560,0.884,-0.274,0.000
1668254992155,2022-11-12T14:09:52.155,444.600,0.915,-0.183,0.030
1668254992195,2022-11-12T14:09:52.195,444.640,0.823,-0.213,0.122
1668254992235,2022-11-12T14:09:52.235,444.680,0.884,-0.274,0.000
1668254992275,2022-11-12T14:09:52.275,444.720,0.884,-0.213,-0.030
1668254992315,2022-11-12T14:09:52.315,444.760,0.762,-0.213,0.061
1668254992355,2022-11-12T14:09:52.355,444.800,0.854,-0.213,0.061
1668254992395,2022-11-12T14:09:52.395,444.840,0.884,-0.213,-0.030
1668254992435,2022-11-12T14:09:52.435,444.880,0.915,-0.305,0.000
1668254992475,2022-11-12T14:09:52.475,444.920,0.854,-0.183,0.000
1668254992515,2022-11-12T14:09:52.515,444.960,0.884,-0.122,-0.061
1668254992555,2022-11-12T14:09:52.555,445.000,0.793,-0.213,0.030
1668254992595,2022-11-12T14:09:52.595,445.040,0.884,-0.366,0.030
1668254992635,2022-11-12T14:09:52.635,445.080,0.945,-0.366,-0.091
1668254992675,2022-11-12T14:09:52.675,445.120,0.854,-0.244,0.061
1668254992715,2022-11-12T14:09:52.715,445.160,0.854,-0.122,0.061
1668254992755,2022-11-12T14:09:52.755,445.200,0.854,-0.366,0.061
1668254992795,2022-11-12T14:09:52.795,445.240,0.823,-0.274,0.000
1668254992835,2022-11-12T14:09:52.835,445.280,0.915,-0.152,0.030
1668254992875,2022-11-12T14:09:52.875,445.320,0.701,-0.183,0.061
1668254992915,2022-11-12T14:09:52.915,445.360,0.762,-0.152,-0.122
1668254992955,2022-11-12T14:09:52.955,445.400,0.762,-0.183,0.030
1668254992995,2022-11-12T14:09:52.995,445.440,0.732,-0.183,0.183
1668254993035,2022-11-12T14:09:53.035,445.480,1.006,-0.366,-0.030
1668254993075,2022-11-12T14:09:53.075,445.520,0.976,-0.305,-0.030
1668254993115,2022-11-12T14:09:53.115,445.560,0.762,-0.091,0.030
1668254993155,2022-11-12T14:09:53.155,445.600,0.915,-0.274,0.061
1668254993195,2022-11-12T14:09:53.195,445.640,0.793,-0.274,0.000
1668254993235,2022-11-12T14:09:53.235,445.680,0.762,-0.122,0.030
1668254993275,2022-11-12T14:09:53.275,445.720,0.854,-0.122,-0.061
1668254993315,2022-11-12T14:09:53.315,445.760,0.854,-0.457,0.091
1668254993355,2022-11-12T14:09:53.355,445.800,0.884,-0.366,0.030
1668254993395,2022-11-12T14:09:53.395,445.840,0.976,-0.183,0.061
1668254993435,2022-11-12T14:09:53.435,445.880,0.915,-0.274,0.122
1668254993475,2022-11-12T14:09:53.475,445.920,1.250,-0.549,0.091
1668254993515,2022-11-12T14:09:53.515,445.960,1.189,-0.640,0.183
1668254993555,2022-11-12T14:09:53.555,446.000,0.793,-0.183,-0.030
1668254993595,2022-11-12T14:09:53.595,446.040,0.854,-0.244,-0.122
1668254993635,2022-11-12T14:09:53.635,446.080,0.854,-0.091,-0.091
1668254993675,2022-11-12T14:09:53.675,446.120,0.793,-0.091,0.000
1668254993715,2022-11-12T14:09:53.715,446.160,0.701,-0.091,0.091
1668254993755,2022-11-12T14:09:53.755,446.200,0.732,-0.122,-0.061
1668254993795,2022-11-12T14:09:53.795,446.240,0.823,-0.274,-0.030
1668254993835,2022-11-12T14:09:53.835,446.280,0.945,-0.213,-0.030
1668254993875,2022-11-12T14:09:53.875,446.320,1.280,-0.183,-0.183
1668254993915,2022-11-12T14:09:53.915,446.360,1.189,0.030,-0.244
1668254993955,2022-11-12T14:09:53.955,446.400,0.976,0.091,-0.152
1668254993995,2022-11-12T14:09:53.995,446.440,0.671,-0.213,0.030
1668254994035,2022-11-12T14:09:54.035,446.480,0.610,-0.396,0.061
1668254994075,2022-11-12T14:09:54.075,446.520,0.732,-0.091,0.030
1668254994115,2022-11-12T14:09:54.115,446.560,0.610,-0.030,0.061
1668254994155,2022-11-12T14:09:54.155,446.600,0.701,-0.213,0.000
1668254994195,2022-11-12T14:09:54.195,446.640,0.701,-0.183,0.000
1668254994235,2022-11-12T14:09:54.235,446.680,0.793,-0.091,0.030
1668254994275,2022-11-12T14:09:54.275,446.720,0.762,-0.152,0.030
1668254994315,2022-11-12T14:09:54.315,446.760,0.945,-0.183,0.000
1668254994355,2022-11-12T14:09:54.355,446.800,0.915,-0.091,0.000
1668254994395,2022-11-12T14:09:54.395,446.840,0.579,-0.061,0.091
1668254994435,2022-11-12T14:09:54.435,446.880,0.671,-0.061,0.030
1668254994475,2022-11-12T14:09:54.475,446.920,0.793,-0.091,-0.152
1668254994515,2022-11-12T14:09:54.515,446.960,0.671,-0.122,-0.030
1668254994555,2022-11-12T14:09:54.555,447.000,0.701,-0.122,0.030
1668254994595,2022-11-12T14:09:54.595,447.040,0.732,-0.091,-0.030
1668254994635,2022-11-12T14:09:54.635,447.080,0.823,-0.091,-0.030
1668254994675,2022-11-12T14:09:54.675,447.120,0.793,-0.122,0.091
1668254994715,2022-11-12T14:09:54.715,447.160,0.762,-0.396,0.152
1668254994755,2022-11-12T14:09:54.755,447.200,0.762,-0.213,-0.030
1668254994795,2022-11-12T14:09:54.795,447.240,0.823,-0.091,0.030
1668254994835,2022-11-12T14:09:54.835,447.280,0.915,-0.152,0.000
1668254994875,2022-11-12T14:09:54.875,447.320,0.793,-0.152,0.030
1668254994915,2022-11-12T14:09:54.915,447.360,0.823,-0.183,0.030
1668254994955,2022-11-12T14:09:54.955,447.400,0.976,-0.122,-0.030
1668254994995,2022-11-12T14:09:54.995,447.440,0.823,-0.213,-0.030
1668254995035,2022-11-12T14:09:55.035,447.480,0.823,-0.061,0.000
1668254995075,2022-11-12T14:09:55.075,447.520,0.976,-0.213,0.000
1668254995115,2022-11-12T14:09:55.115,447.560,0.762,-0.213,0.091
1668254995155,2022-11-12T14:09:55.155,447.600,0.884,-0.183,-0.122
1668254995195,2022-11-12T14:09:55.195,447.640,1.006,-0.183,-0.030
1668254995235,2022-11-12T14:09:55.235,447.680,0.945,-0.213,0.061
1668254995275,2022-11-12T14:09:55.275,447.720,0.823,-0.152,-0.030
1668254995315,2022-11-12T14:09:55.315,447.760,0.945,-0.244,-0.030
1668254995355,2022-11-12T14:09:55.355,447.800,0.915,-0.152,-0.030
1668254995395,2022-11-12T14:09:55.395,447.840,0.823,0.030,-0.061
1668254995435,2022-11-12T14:09:55.435,447.880,0.762,-0.335,0.030
1668254995475,2022-11-12T14:09:55.475,447.920,0.976,-0.457,-0.061
1668254995515,2022-11-12T14:09:55.515,447.960,0.915,0.000,-0.061
1668254995555,2022-11-12T14:09:55.555,448.000,0.793,-0.091,0.061
1668254995595,2022-11-12T14:09:55.595,448.040,0.915,-0.152,-0.122
1668254995635,2022-11-12T14:09:55.635,448.080,0.854,-0.213,0.091
1668254995675,2022-11-12T14:09:55.675,448.120,0.732,-0.152,0.061
1668254995715,2022-11-12T14:09:55.715,448.160,0.976,-0.244,-0.122
1668254995755,2022-11-12T14:09:55.755,448.200,0.854,-0.152,-0.030
1668254995795,2022-11-12T14:09:55.795,448.240,0.945,-0.091,0.000
1668254995835,2022-11-12T14:09:55.835,448.280,0.915,-0.396,-0.061
1668254995875,2022-11-12T14:09:55.875,448.320,0.854,-0.396,-0.183
1668254995915,2022-11-12T14:09:55.915,448.360,0.701,-0.030,-0.183
1668254995955,2022-11-12T14:09:55.955,448.400,1.037,-0.091,-0.152
1668254995995,2022-11-12T14:09:55.995,448.440,0.915,-0.122,0.122
1668254996035,2022-11-12T14:09:56.035,448.480,0.915,-0.183,-0.061
1668254996075,2022-11-12T14:09:56.075,448.520,0.945,-0.274,0.000
1668254996115,2022-11-12T14:09:56.115,448.560,0.884,-0.091,0.030
1668254996155,2022-11-12T14:09:56.155,448.600,0.884,-0.122,0.000
1668254996195,2022-11-12T14:09:56.195,448.640,1.220,0.213,-0.396
1668254996235,2022-11-12T14:09:56.235,448.680,1.280,0.915,-0.427
1668254996275,2022-11-12T14:09:56.275,448.720,1.006,0.091,-0.152
1668254996315,2022-11-12T14:09:56.315,448.760,0.945,-0.152,-0.030
1668254996355,2022-11-12T14:09:56.355,448.800,0.976,-0.244,0.061
1668254996395,2022-11-12T14:09:56.395,448.840,0.945,-0.274,0.030
1668254996435,2022-11-12T14:09:56.435,448.880,0.793,-0.335,0.091
1668254996475,2022-11-12T14:09:56.475,448.920,0.671,-0.152,0.122
1668254996515,2022-11-12T14:09:56.515,448.960,0.823,-0.183,0.000
1668254996555,2022-11-12T14:09:56.555,449.000,0.732,-0.305,0.061
1668254996595,2022-11-12T14:09:56.595,449.040,0.976,-0.152,0.000
1668254996635,2022-11-12T14:09:56.635,449.080,0.762,-0.122,0.122
1668254996675,2022-11-12T14:09:56.675,449.120,0.457,-0.152,0.183
1668254996715,2022-11-12T14:09:56.715,449.160,0.823,-0.183,-0.091
1668254996755,2022-11-12T14:09:56.755,449.200,0.701,-0.152,-0.091
1668254996795,2022-11-12T14:09:56.795,449.240,0.640,-0.183,0.061
1668254996835,2022-11-12T14:09:56.835,449.280,0.732,-0.152,0.000
1668254996875,2022-11-12T14:09:56.875,449.320,0.823,-0.091,-0.091
1668254996915,2022-11-12T14:09:56.915,449.360,0.945,-0.183,0.000
1668254996955,2022-11-12T14:09:56.955,449.400,0.884,-0.244,0.030
1668254996995,2022-11-12T14:09:56.995,449.440,0.854,-0.244,0.000
1668254997035,2022-11-12T14:09:57.035,449.480,0.823,-0.152,0.000
1668254997075,2022-11-12T14:09:57.075,449.520,0.915,-0.122,-0.061
1668254997115,2022-11-12T14:09:57.115,449.560,0.762,-0.152,0.061
1668254997155,2022-11-12T14:09:57.155,449.600,0.610,-0.366,0.152
1668254997195,2022-11-12T14:09:57.195,449.640,0.793,-0.335,-0.061
1668254997235,2022-11-12T14:09:57.235,449.680,0.854,-0.213,-0.091
1668254997275,2022-11-12T14:09:57.275,449.720,0.762,-0.183,0.091
1668254997315,2022-11-12T14:09:57.315,449.760,0.884,-0.427,-0.030
1668254997355,2022-11-12T14:09:57.355,449.800,0.701,-0.213,0.091
1668254997395,2022-11-12T14:09:57.395,449.840,0.854,-0.152,0.030
1668254997435,2022-11-12T14:09:57.435,449.880,0.884,-0.213,-0.061
1668254997475,2022-11-12T14:09:57.475,449.920,0.884,-0.213,-0.061
1668254997515,2022-11-12T14:09:57.515,449.960,0.854,-0.244,0.030
1668254997555,2022-11-12T14:09:57.555,450.000,0.732,-0.030,0.122
1668254997595,2022-11-12T14:09:57.595,450.040,0.976,-0.305,-0.030
1668254997635,2022-11-12T14:09:57.635,450.080,0.884,-0.244,-0.030
1668254997675,2022-11-12T14:09:57.675,450.120,0.854,-0.091,0.061
1668254997715,2022-11-12T14:09:57.715,450.160,0.915,-0.122,-0.061
1668254997755,2022-11-12T14:09:57.755,450.200,0.823,-0.152,-0.091
1668254997795,2022-11-12T14:09:57.795,450.240,0.823,-0.091,0.000
1668254997835,2022-11-12T14:09:57.835,450.280,0.732,-0.061,0.000
1668254997875,2022-11-12T14:09:57.875,450.320,0.884,-0.152,-0.091
1668254997915,2022-11-12T14:09:57.915,450.360,0.854,-0.091,-0.091
1668254997955,2022-11-12T14:09:57.955,450.400,0.854,0.000,-0.061
1668254997995,2022-11-12T14:09:57.995,450.440,0.671,-0.305,-0.030
1668254998035,2022-11-12T14:09:58.035,450.480,0.793,-0.335,-0.061
1668254998075,2022-11-12T14:09:58.075,450.520,0.793,0.030,0.000
1668254998115,2022-11-12T14:09:58.115,450.560,0.701,0.091,0.091
1668254998155,2022-11-12T14:09:58.155,450.600,0.884,-0.152,-0.091
1668254998195,2022-11-12T14:09:58.195,450.640,0.671,-0.183,0.030
1668254998235,2022-11-12T14:09:58.235,450.680,0.701,-0.030,0.030
1668254998275,2022-11-12T14:09:58.275,450.720,0.915,-0.152,-0.061
1668254998315,2022-11-12T14:09:58.315,450.760,0.945,-0.244,-0.122
1668254998355,2022-11-12T14:09:58.355,450.800,0.915,-0.213,0.000
1668254998395,2022-11-12T14:09:58.395,450.840,0.762,-0.122,0.183
1668254998435,2022-11-12T14:09:58.435,450.880,0.823,-0.213,-0.061
1668254998475,2022-11-12T14:09:58.475,450.920,1.006,-0.244,-0.091
1668254998515,2022-11-12T14:09:58.515,450.960,0.823,-0.061,0.061
1668254998555,2022-11-12T14:09:58.555,451.000,0.823,-0.213,-0.061
1668254998595,2022-11-12T14:09:58.595,451.040,0.823,-0.183,0.000
1668254998635,2022-11-12T14:09:58.635,451.080,0.823,-0.183,0.030
1668254998675,2022-11-12T14:09:58.675,451.120,0.823,-0.244,0.061
1668254998715,2022-11-12T14:09:58.715,451.160,0.854,-0.274,0.000
1668254998755,2022-11-12T14:09:58.755,451.200,0.854,-0.122,-0.061
1668254998795,2022-11-12T14:09:58.795,451.240,0.884,-0.152,-0.091
1668254998835,2022-11-12T14:09:58.835,451.280,0.762,-0.366,0.000
1668254998875,2022-11-12T14:09:58.875,451.320,0.762,-0.335,-0.061
1668254998915,2022-11-12T14:09:58.915,451.360,0.854,-0.122,0.000
1668254998955,2022-11-12T14:09:58.955,451.400,0.793,-0.122,0.000
1668254998995,2022-11-12T14:09:58.995,451.440,0.945,-0.213,-0.061
1668254999035,2022-11-12T14:09:59.035,451.480,0.854,0.000,0.030
1668254999075,2022-11-12T14:09:59.075,451.520,0.854,0.000,0.000
1668254999115,2022-11-12T14:09:59.115,451.560,0.793,-0.244,-0.030
1668254999155,2022-11-12T14:09:59.155,451.600,0.915,-0.213,-0.030
1668254999195,2022-11-12T14:09:59.195,451.640,0.854,-0.183,0.061
1668254999235,2022-11-12T14:09:59.235,451.680,0.640,-0.183,0.152
1668254999275,2022-11-12T14:09:59.275,451.720,0.762,-0.305,0.000
1668254999315,2022-11-12T14:09:59.315,451.760,0.915,-0.305,-0.061
1668254999355,2022-11-12T14:09:59.355,451.800,0.823,-0.122,0.030
1668254999395,2022-11-12T14:09:59.395,451.840,0.793,-0.152,0.030
1668254999435,2022-11-12T14:09:59.435,451.880,0.945,0.000,-0.122
1668254999475,2022-11-12T14:09:59.475,451.920,1.220,0.183,-0.244
1668254999515,2022-11-12T14:09:59.515,451.960,0.701,-0.244,0.061
1668254999555,2022-11-12T14:09:59.555,452.000,0.762,-0.274,0.030
1668254999595,2022-11-12T14:09:59.595,452.040,0.915,-0.183,-0.091
1668254999635,2022-11-12T14:09:59.635,452.080,0.762,-0.183,0.030
1668254999675,2022-11-12T14:09:59.675,452.120,0.823,-0.152,0.091
1668254999715,2022-11-12T14:09:59.715,452.160,0.701,-0.396,0.122
1668254999755,2022-11-12T14:09:59.755,452.200,0.793,-0.366,-0.030
1668254999795,2022-11-12T14:09:59.795,452.240,0.884,-0.183,-0.091
1668254999835,2022-11-12T14:09:59.835,452.280,0.884,-0.152,-0.030
1668254999875,2022-11-12T14:09:59.875,452.320,0.945,-0.274,-0.061
1668254999915,2022-11-12T14:09:59.915,452.360,0.793,-0.213,0.000
1668254999955,2022-11-12T14:09:59.955,452.400,0.945,-0.091,-0.030
1668254999995,2022-11-12T14:09:59.995,452.440,0.823,-0.213,0.061
1668255000035,2022-11-12T14:10:00.035,452.480,0.854,-0.183,0.061
1668255000075,2022-11-12T14:10:00.075,452.520,0.976,-0.213,-0.061
1668255000115,2022-11-12T14:10:00.115,452.560,0.732,-0.183,0.091
1668255000155,2022-11-12T14:10:00.155,452.600,0.854,-0.213,0.061
1668255000195,2022-11-12T14:10:00.195,452.640,0.915,-0.183,-0.061
1668255000235,2022-11-12T14:10:00.235,452.680,0.762,-0.030,0.030
1668255000275,2022-11-12T14:10:00.275,452.720,0.701,0.030,0.091
1668255000315,2022-11-12T14:10:00.315,452.760,0.701,0.000,0.030
1668255000355,2022-11-12T14:10:00.355,452.800,0.671,0.061,0.000
1668255000395,2022-11-12T14:10:00.395,452.840,0.640,-0.030,-0.030
1668255000435,2022-11-12T14:10:00.435,452.880,1.006,-0.335,-0.061
1668255000475,2022-11-12T14:10:00.475,452.920,1.037,-0.366,-0.091
1668255000515,2022-11-12T14:10:00.515,452.960,0.945,-0.061,0.000
1668255000555,2022-11-12T14:10:00.555,453.000,0.854,-0.396,0.183
1668255000595,2022-11-12T14:10:00.595,453.040,0.823,-0.488,0.030
1668255000635,2022-11-12T14:10:00.635,453.080,1.006,-0.183,-0.091
1668255000675,2022-11-12T14:10:00.675,453.120,0.854,-0.122,0.000
1668255000715,2022-11-12T14:10:00.715,453.160,0.884,-0.122,0.030
1668255000755,2022-11-12T14:10:00.755,453.200,0.854,-0.122,0.152
1668255000795,2022-11-12T14:10:00.795,453.240,0.945,-0.091,0.061
1668255000835,2022-11-12T14:10:00.835,453.280,1.037,-0.244,0.000
1668255000875,2022-11-12T14:10:00.875,453.320,0.976,-0.183,-0.030
1668255000915,2022-11-12T14:10:00.915,453.360,0.976,-0.213,-0.030
1668255000955,2022-11-12T14:10:00.955,453.400,0.823,-0.274,0.061
1668255000995,2022-11-12T14:10:00.995,453.440,0.823,-0.213,0.091
1668255001035,2022-11-12T14:10:01.035,453.480,1.067,-0.183,-0.030
1668255001075,2022-11-12T14:10:01.075,453.520,0.945,-0.305,-0.030
1668255001115,2022-11-12T14:10:01.115,453.560,0.915,-0.152,-0.030
1668255001155,2022-11-12T14:10:01.155,453.600,0.976,-0.061,0.030
1668255001195,2022-11-12T14:10:01.195,453.640,0.823,-0.244,0.030
1668255001235,2022-11-12T14:10:01.235,453.680,0.793,-0.183,0.000
1668255001275,2022-11-12T14:10:01.275,453.720,0.823,0.152,0.122
1668255001315,2022-11-12T14:10:01.315,453.760,0.823,0.061,0.183
1668255001355,2022-11-12T14:10:01.355,453.800,0.793,-0.427,0.030
1668255001395,2022-11-12T14:10:01.395,453.840,0.884,-0.183,-0.030
1668255001435,2022-11-12T14:10:01.435,453.880,0.884,-0.061,0.030
1668255001475,2022-11-12T14:10:01.475,453.920,0.823,-0.274,0.030
1668255001515,2022-11-12T14:10:01.515,453.960,0.976,-0.335,-0.030
1668255001555,2022-11-12T14:10:01.555,454.000,0.793,-0.183,0.152
1668255001595,2022-11-12T14:10:01.595,454.040,0.823,-0.183,0.030
1668255001635,2022-11-12T14:10:01.635,454.080,0.976,-0.274,-0.122
1668255001675,2022-11-12T14:10:01.675,454.120,0.823,-0.152,0.030
1668255001715,2022-11-12T14:10:01.715,454.160,0.793,-0.122,0.061
1668255001755,2022-11-12T14:10:01.755,454.200,0.640,-0.122,0.122
1668255001795,2022-11-12T14:10:01.795,454.240,0.884,-0.213,-0.061
1668255001835,2022-11-12T14:10:01.835,454.280,0.915,-0.213,-0.091
1668255001875,2022-11-12T14:10:01.875,454.320,0.854,-0.091,0.000
1668255001915,2022-11-12T14:10:01.915,454.360,0.854,-0.213,-0.122
1668255001955,2022-11-12T14:10:01.955,454.400,0.854,-0.244,-0.061
1668255001995,2022-11-12T14:10:01.995,454.440,0.823,-0.091,0.030
1668255002035,2022-11-12T14:10:02.035,454.480,0.732,-0.122,0.000
1668255002075,2022-11-12T14:10:02.075,454.520,0.762,-0.335,0.000
1668255002115,2022-11-12T14:10:02.115,454.560,0.762,-0.305,-0.030
1668255002155,2022-11-12T14:10:02.155,454.600,0.762,-0.061,0.000
1668255002195,2022-11-12T14:10:02.195,454.640,0.823,-0.061,0.000
1668255002235,2022-11-12T14:10:02.235,454.680,0.823,-0.152,-0.091
1668255002275,2022-11-12T14:10:02.275,454.720,0.732,-0.152,0.061
1668255002315,2022-11-12T14:10:02.315,454.760,0.762,-0.091,0.030
1668255002355,2022-11-12T14:10:02.355,454.800,0.915,-0.274,-0.061
1668255002395,2022-11-12T14:10:02.395,454.840,0.945,-0.274,-0.030
1668255002435,2022-11-12T14:10:02.435,454.880,1.037,-0.305,-0.091
1668255002475,2022-11-12T14:10:02.475,454.920,0.762,-0.183,0.122
1668255002515,2022-11-12T14:10:02.515,454.960,0.732,-0.213,0.061
1668255002555,2022-11-12T14:10:02.555,455.000,0.823,-0.213,-0.030
1668255002595,2022-11-12T14:10:02.595,455.040,0.854,-0.122,0.030
1668255002635,2022-11-12T14:10:02.635,455.080,0.854,-0.244,0.030
1668255002675,2022-11-12T14:10:02.675,455.120,0.884,-0.213,-0.030
1668255002715,2022-11-12T14:10:02.715,455.160,0.793,-0.061,0.000
1668255002755,2022-11-12T14:10:02.755,455.200,0.915,-0.091,-0.030
1668255002795,2022-11-12T14:10:02.795,455.240,0.732,-0.244,0.030
1668255002835,2022-11-12T14:10:02.835,455.280,0.701,-0.244,0.122
1668255002875,2022-11-12T14:10:02.875,455.320,0.915,-0.183,-0.030
1668255002915,2022-11-12T14:10:02.915,455.360,0.854,-0.152,0.000
1668255002955,2022-11-12T14:10:02.955,455.400,0.762,-0.152,-0.030
1668255002995,2022-11-12T14:10:02.995,455.440,0.823,-0.152,0.061
1668255003035,2022-11-12T14:10:03.035,455.480,0.854,-0.213,0.061
1668255003075,2022-11-12T14:10:03.075,455.520,0.976,-0.183,-0.030
1668255003115,2022-11-12T14:10:03.115,455.560,0.854,-0.183,0.091
1668255003155,2022-11-12T14:10:03.155,455.600,0.884,-0.061,-0.030
1668255003195,2022-11-12T14:10:03.195,455.640,0.762,-0.274,0.000
1668255003235,2022-11-12T14:10:03.235,455.680,0.671,-0.183,0.183
1668255003275,2022-11-12T14:10:03.275,455.720,0.884,-0.152,0.030
1668255003315,2022-11-12T14:10:03.315,455.760,0.854,-0.274,-0.061
1668255003355,2022-11-12T14:10:03.355,455.800,0.854,-0.183,0.030
1668255003395,2022-11-12T14:10:03.395,455.840,0.793,-0.183,0.030
1668255003435,2022-11-12T14:10:03.435,455.880,0.854,-0.274,-0.030
1668255003475,2022-11-12T14:10:03.475,455.920,0.945,-0.152,0.030
1668255003515,2022-11-12T14:10:03.515,455.960,0.945,0.152,0.183
1668255003555,2022-11-12T14:10:03.555,456.000,0.884,-0.122,0.274
1668255003595,2022-11-12T14:10:03.595,456.040,0.976,-0.457,0.000
1668255003635,2022-11-12T14:10:03.635,456.080,0.915,-0.213,-0.152
1668255003675,2022-11-12T14:10:03.675,456.120,0.671,-0.213,0.061
1668255003715,2022-11-12T14:10:03.715,456.160,0.854,-0.152,-0.091
1668255003755,2022-11-12T14:10:03.755,456.200,0.732,-0.244,0.000
1668255003795,2022-11-12T14:10:03.795,456.240,0.823,-0.122,0.061
1668255003835,2022-11-12T14:10:03.835,456.280,0.884,-0.183,0.030
1668255003875,2022-11-12T14:10:03.875,456.320,0.945,-0.396,0.183
1668255003915,2022-11-12T14:10:03.915,456.360,1.280,-0.488,0.152
1668255003955,2022-11-12T14:10:03.955,456.400,0.915,-0.335,0.183
1668255003995,2022-11-12T14:10:03.995,456.440,0.549,0.061,0.152
1668255004035,2022-11-12T14:10:04.035,456.480,0.762,0.091,-0.030
1668255004075,2022-11-12T14:10:04.075,456.520,0.579,0.122,0.122
1668255004115,2022-11-12T14:10:04.115,456.560,0.671,-0.061,0.030
1668255004155,2022-11-12T14:10:04.155,456.600,0.640,-0.213,-0.091
1668255004195,2022-11-12T14:10:04.195,456.640,0.640,-0.122,0.061
1668255004235,2022-11-12T14:10:04.235,456.680,0.884,-0.122,0.000
1668255004275,2022-11-12T14:10:04.275,456.720,0.823,-0.244,0.030
1668255004315,2022-11-12T14:10:04.315,456.760,1.067,-0.366,0.091
1668255004355,2022-11-12T14:10:04.355,456.800,0.823,-0.427,0.091
1668255004395,2022-11-12T14:10:04.395,456.840,0.823,-0.427,-0.122
1668255004435,2022-11-12T14:10:04.435,456.880,0.793,-0.213,-0.091
1668255004475,2022-11-12T14:10:04.475,456.920,0.732,-0.152,0.061
1668255004515,2022-11-12T14:10:04.515,456.960,0.793,-0.183,-0.030
1668255004555,2022-11-12T14:10:04.555,457.000,0.701,-0.244,0.091
1668255004595,2022-11-12T14:10:04.595,457.040,0.915,-0.061,-0.061
1668255004635,2022-11-12T14:10:04.635,457.080,0.915,-0.244,0.030
1668255004675,2022-11-12T14:10:04.675,457.120,1.006,-0.305,0.000
1668255004715,2022-11-12T14:10:04.715,457.160,1.006,-0.183,-0.091
1668255004755,2022-11-12T14:10:04.755,457.200,0.732,-0.305,0.091
1668255004795,2022-11-12T14:10:04.795,457.240,0.854,-0.335,-0.061
1668255004835,2022-11-12T14:10:04.835,457.280,1.037,-0.183,-0.030
1668255004875,2022-11-12T14:10:04.875,457.320,0.823,-0.183,0.122
1668255004915,2022-11-12T14:10:04.915,457.360,0.854,-0.244,-0.030
1668255004955,2022-11-12T14:10:04.955,457.400,0.884,-0.244,-0.030
1668255004995,2022-11-12T14:10:04.995,457.440,0.762,-0.244,0.030
1668255005035,2022-11-12T14:10:05.035,457.480,0.793,-0.091,0.061
1668255005075,2022-11-12T14:10:05.075,457.520,0.823,-0.122,-0.030
1668255005115,2022-11-12T14:10:05.115,457.560,0.854,-0.305,0.061
1668255005155,2022-11-12T14:10:05.155,457.600,0.823,-0.335,0.030
1668255005195,2022-11-12T14:10:05.195,457.640,0.884,-0.335,-0.122
1668255005235,2022-11-12T14:10:05.235,457.680,0.854,-0.183,0.000
1668255005275,2022-11-12T14:10:05.275,457.720,0.823,-0.061,0.122
1668255005315,2022-11-12T14:10:05.315,457.760,0.884,-0.244,0.000
1668255005355,2022-11-12T14:10:05.355,457.800,0.884,-0.244,-0.030
1668255005395,2022-11-12T14:10:05.395,457.840,1.006,-0.274,0.000
1668255005435,2022-11-12T14:10:05.435,457.880,0.915,-0.244,0.030
1668255005475,2022-11-12T14:10:05.475,457.920,0.854,-0.091,-0.122
1668255005515,2022-11-12T14:10:05.515,457.960,0.762,-0.122,0.000
1668255005555,2022-11-12T14:10:05.555,458.000,0.671,-0.030,0.091
1668255005595,2022-11-12T14:10:05.595,458.040,0.884,-0.152,-0.030
1668255005635,2022-11-12T14:10:05.635,458.080,0.884,-0.091,-0.030
1668255005675,2022-11-12T14:10:05.675,458.120,0.884,-0.152,-0.061
1668255005715,2022-11-12T14:10:05.715,458.160,0.884,-0.122,-0.030
1668255005755,2022-11-12T14:10:05.755,458.200,0.823,-0.030,-0.030
1668255005795,2022-11-12T14:10:05.795,458.240,0.671,-0.122,0.000
1668255005835,2022-11-12T14:10:05.835,458.280,0.823,-0.030,0.000
1668255005875,2022-11-12T14:10:05.875,458.320,0.823,-0.091,0.061
1668255005915,2022-11-12T14:10:05.915,458.360,0.671,-0.396,0.061
1668255005955,2022-11-12T14:10:05.955,458.400,0.793,-0.183,-0.061
1668255005995,2022-11-12T14:10:05.995,458.440,0.823,-0.030,0.030
1668255006035,2022-11-12T14:10:06.035,458.480,0.823,-0.152,-0.030
1668255006075,2022-11-12T14:10:06.075,458.520,0.793,-0.122,-0.061
1668255006115,2022-11-12T14:10:06.115,458.560,0.701,-0.183,0.091
1668255006155,2022-11-12T14:10:06.155,458.600,0.793,-0.244,0.030
1668255006195,2022-11-12T14:10:06.195,458.640,0.854,-0.213,0.030
1668255006235,2022-11-12T14:10:06.235,458.680,0.793,-0.152,0.061
1668255006275,2022-11-12T14:10:06.275,458.720,0.701,-0.183,0.091
1668255006315,2022-11-12T14:10:06.315,458.760,0.732,-0.122,0.000
1668255006355,2022-11-12T14:10:06.355,458.800,0.793,-0.091,-0.061
1668255006395,2022-11-12T14:10:06.395,458.840,0.793,-0.061,-0.030
1668255006435,2022-11-12T14:10:06.435,458.880,0.823,-0.152,-0.030
1668255006475,2022-11-12T14:10:06.475,458.920,0.701,-0.183,0.061
1668255006515,2022-11-12T14:10:06.515,458.960,0.823,-0.244,-0.030
1668255006555,2022-11-12T14:10:06.555,459.000,0.823,-0.152,0.000
1668255006595,2022-11-12T14:10:06.595,459.040,0.762,-0.030,-0.030
1668255006635,2022-11-12T14:10:06.635,459.080,0.762,-0.305,-0.030
1668255006675,2022-11-12T14:10:06.675,459.120,0.640,-0.457,0.000
1668255006715,2022-11-12T14:10:06.715,459.160,0.823,-0.091,-0.030
1668255006755,2022-11-12T14:10:06.755,459.200,0.823,-0.122,0.000
1668255006795,2022-11-12T14:10:06.795,459.240,0.823,-0.183,-0.030
1668255006835,2022-11-12T14:10:06.835,459.280,0.854,-0.152,0.000
1668255006875,2022-11-12T14:10:06.875,459.320,0.762,-0.152,0.091
1668255006915,2022-11-12T14:10:06.915,459.360,0.884,-0.152,-0.091
1668255006955,2022-11-12T14:10:06.955,459.400,0.823,-0.152,-0.030
1668255006995,2022-11-12T14:10:06.995,459.440,0.884,-0.091,-0.030
1668255007035,2022-11-12T14:10:07.035,459.480,0.884,-0.244,0.030
1668255007075,2022-11-12T14:10:07.075,459.520,0.701,-0.305,0.152
1668255007115,2022-11-12T14:10:07.115,459.560,0.854,-0.152,-0.061
1668255007155,2022-11-12T14:10:07.155,459.600,0.823,-0.091,-0.030
1668255007195,2022-11-12T14:10:07.195,459.640,0.701,-0.183,0.030
1668255007235,2022-11-12T14:10:07.235,459.680,0.823,-0.122,0.000
1668255007275,2022-11-12T14:10:07.275,459.720,0.884,-0.091,0.030
1668255007315,2022-11-12T14:10:07.315,459.760,0.793,-0.152,0.061
1668255007355,2022-11-12T14:10:07.355,459.800,0.579,-0.213,0.122
1668255007395,2022-11-12T14:10:07.395,459.840,0.793,-0.122,0.061
1668255007435,2022-11-12T14:10:07.435,459.880,0.823,-0.305,0.122
1668255007475,2022-11-12T14:10:07.475,459.920,0.854,-0.274,-0.030
1668255007515,2022-11-12T14:10:07.515,459.960,0.884,-0.274,-0.122
1668255007555,2022-11-12T14:10:07.555,460.000,0.732,-0.091,0.091
1668255007595,2022-11-12T14:10:07.595,460.040,0.915,-0.061,-0.030
1668255007635,2022-11-12T14:10:07.635,460.080,0.884,-0.244,0.030
1668255007675,2022-11-12T14:10:07.675,460.120,0.915,-0.213,0.030
1668255007715,2022-11-12T14:10:07.715,460.160,0.945,-0.183,-0.061
1668255007755,2022-11-12T14:10:07.755,460.200,0.884,-0.183,0.061
1668255007795,2022-11-12T14:10:07.795,460.240,1.067,-0.122,-0.061
1668255007835,2022-11-12T14:10:07.835,460.280,1.098,-0.396,0.030
1668255007875,2022-11-12T14:10:07.875,460.320,0.762,-0.518,0.183
1668255007915,2022-11-12T14:10:07.915,460.360,0.732,-0.396,0.091
1668255007955,2022-11-12T14:10:07.955,460.400,0.732,-0.183,0.122
1668255007995,2022-11-12T14:10:07.995,460.440,0.884,-0.091,0.030
1668255008035,2022-11-12T14:10:08.035,460.480,1.037,-0.152,0.000
1668255008075,2022-11-12T14:10:08.075,460.520,1.311,-0.305,0.030
1668255008115,2022-11-12T14:10:08.115,460.560,1.220,-0.244,-0.030
1668255008155,2022-11-12T14:10:08.155,460.600,1.098,-0.244,-0.122
1668255008195,2022-11-12T14:10:08.195,460.640,0.884,-0.274,0.061
1668255008235,2022-11-12T14:10:08.235,460.680,0.732,-0.335,0.213
1668255008275,2022-11-12T14:10:08.275,460.720,0.945,-0.305,0.061
1668255008315,2022-11-12T14:10:08.315,460.760,0.915,-0.335,0.122
1668255008355,2022-11-12T14:10:08.355,460.800,1.006,-0.244,0.030
1668255008395,2022-11-12T14:10:08.395,460.840,0.915,-0.457,0.030
1668255008435,2022-11-12T14:10:08.435,460.880,0.884,-0.396,0.091
1668255008475,2022-11-12T14:10:08.475,460.920,1.067,-0.213,-0.030
1668255008515,2022-11-12T14:10:08.515,460.960,0.976,-0.274,0.122
1668255008555,2022-11-12T14:10:08.555,461.000,0.976,-0.213,-0.030
1668255008595,2022-11-12T14:10:08.595,461.040,0.976,-0.183,0.030
1668255008635,2022-11-12T14:10:08.635,461.080,0.945,-0.183,0.091
1668255008675,2022-11-12T14:10:08.675,461.120,0.976,-0.213,0.030
1668255008715,2022-11-12T14:10:08.715,461.160,0.945,-0.305,0.000
1668255008755,2022-11-12T14:10:08.755,461.200,0.884,-0.274,0.030
1668255008795,2022-11-12T14:10:08.795,461.240,0.945,-0.213,-0.030
1668255008835,2022-11-12T14:10:08.835,461.280,0.884,-0.183,-0.061
1668255008875,2022-11-12T14:10:08.875,461.320,0.823,-0.183,0.000
1668255008915,2022-11-12T14:10:08.915,461.360,0.793,-0.274,0.091
1668255008955,2022-11-12T14:10:08.955,461.400,0.915,-0.183,-0.122
1668255008995,2022-11-12T14:10:08.995,461.440,0.976,-0.091,-0.122
1668255009035,2022-11-12T14:10:09.035,461.480,0.793,-0.122,0.091
1668255009075,2022-11-12T14:10:09.075,461.520,0.854,-0.274,0.030
1668255009115,2022-11-12T14:10:09.115,461.560,0.823,-0.274,0.000
1668255009155,2022-11-12T14:10:09.155,461.600,0.915,-0.061,-0.061
1668255009195,2022-11-12T14:10:09.195,461.640,1.037,-0.183,-0.030
1668255009235,2022-11-12T14:10:09.235,461.680,0.976,-0.305,0.000
1668255009275,2022-11-12T14:10:09.275,461.720,0.915,-0.152,-0.061
1668255009315,2022-11-12T14:10:09.315,461.760,0.732,-0.122,0.122
1668255009355,2022-11-12T14:10:09.355,461.800,0.732,-0.244,0.061
1668255009395,2022-11-12T14:10:09.395,461.840,0.579,-0.244,0.030
1668255009435,2022-11-12T14:10:09.435,461.880,0.945,-0.122,0.000
1668255009475,2022-11-12T14:10:09.475,461.920,0.976,-0.152,0.000
1668255009515,2022-11-12T14:10:09.515,461.960,0.945,-0.244,-0.122
1668255009555,2022-11-12T14:10:09.555,462.000,0.854,-0.244,-0.152
1668255009595,2022-11-12T14:10:09.595,462.040,0.671,-0.183,-0.061
1668255009635,2022-11-12T14:10:09.635,462.080,0.915,-0.335,-0.183
1668255009675,2022-11-12T14:10:09.675,462.120,0.762,-0.122,0.000
1668255009715,2022-11-12T14:10:09.715,462.160,0.945,-0.091,0.061
1668255009755,2022-11-12T14:10:09.755,462.200,1.037,-0.366,-0.061
1668255009795,2022-11-12T14:10:09.795,462.240,0.854,-0.213,0.000
1668255009835,2022-11-12T14:10:09.835,462.280,0.915,-0.274,0.061
1668255009875,2022-11-12T14:10:09.875,462.320,1.006,-0.457,0.061
1668255009915,2022-11-12T14:10:09.915,462.360,0.823,-0.122,-0.091
1668255009955,2022-11-12T14:10:09.955,462.400,0.732,-0.213,0.061
1668255009995,2022-11-12T14:10:09.995,462.440,0.823,-0.274,-0.030
1668255010035,2022-11-12T14:10:10.035,462.480,0.854,-0.213,-0.122
1668255010075,2022-11-12T14:10:10.075,462.520,0.793,-0.091,0.000
1668255010115,2022-11-12T14:10:10.115,462.560,0.701,-0.061,0.122
1668255010155,2022-11-12T14:10:10.155,462.600,0.915,-0.213,0.000
1668255010195,2022-11-12T14:10:10.195,462.640,0.701,-0.030,-0.061
1668255010235,2022-11-12T14:10:10.235,462.680,0.183,-0.335,0.305
1668255010275,2022-11-12T14:10:10.275,462.720,0.579,-0.427,-0.030
1668255010315,2022-11-12T14:10:10.315,462.760,0.823,-0.274,-0.183
1668255010355,2022-11-12T14:10:10.355,462.800,0.610,-0.030,0.122
1668255010395,2022-11-12T14:10:10.395,462.840,0.793,-0.152,-0.061
1668255010435,2022-11-12T14:10:10.435,462.880,0.854,-0.244,-0.030
1668255010475,2022-11-12T14:10:10.475,462.920,0.823,0.000,0.000
1668255010515,2022-11-12T14:10:10.515,462.960,0.884,0.030,0.000
1668255010555,2022-11-12T14:10:10.555,463.000,0.884,-0.305,-0.030
1668255010595,2022-11-12T14:10:10.595,463.040,0.793,-0.274,-0.061
1668255010635,2022-11-12T14:10:10.635,463.080,0.732,-0.030,0.122
1668255010675,2022-11-12T14:10:10.675,463.120,0.732,-0.213,0.061
1668255010715,2022-11-12T14:10:10.715,463.160,0.793,-0.366,-0.091
1668255010755,2022-11-12T14:10:10.755,463.200,0.976,0.091,0.061
1668255010795,2022-11-12T14:10:10.795,463.240,0.854,0.030,-0.030
1668255010835,2022-11-12T14:10:10.835,463.280,0.793,-0.244,-0.152
1668255010875,2022-11-12T14:10:10.875,463.320,0.762,-0.335,0.091
1668255010915,2022-11-12T14:10:10.915,463.360,0.823,-0.244,0.091
1668255010955,2022-11-12T14:10:10.955,463.400,0.823,-0.183,0.000
1668255010995,2022-11-12T14:10:10.995,463.440,0.793,-0.183,0.061
1668255011035,2022-11-12T14:10:11.035,463.480,0.762,-0.213,0.030
1668255011075,2022-11-12T14:10:11.075,463.520,0.732,-0.122,0.061
1668255011115,2022-11-12T14:10:11.115,463.560,0.793,-0.152,-0.030
1668255011155,2022-11-12T14:10:11.155,463.600,0.701,-0.183,0.091
1668255011195,2022-11-12T14:10:11.195,463.640,0.732,-0.091,0.061
1668255011235,2022-11-12T14:10:11.235,463.680,0.854,-0.305,-0.091
1668255011275,2022-11-12T14:10:11.275,463.720,0.610,-0.152,0.122
1668255011315,2022-11-12T14:10:11.315,463.760,0.823,-0.122,0.122
1668255011355,2022-11-12T14:10:11.355,463.800,0.945,-0.152,-0.091
1668255011395,2022-11-12T14:10:11.395,463.840,1.067,-0.152,-0.091
1668255011435,2022-11-12T14:10:11.435,463.880,0.823,0.030,0.061
1668255011475,2022-11-12T14:10:11.475,463.920,0.732,-0.183,0.061
1668255011515,2022-11-12T14:10:11.515,463.960,0.762,-0.488,0.000
1668255011555,2022-11-12T14:10:11.555,464.000,0.732,-0.305,0.000
1668255011595,2022-11-12T14:10:11.595,464.040,0.884,-0.152,0.030
1668255011635,2022-11-12T14:10:11.635,464.080,0.915,-0.152,-0.061
1668255011675,2022-11-12T14:10:11.675,464.120,0.823,-0.213,-0.061
1668255011715,2022-11-12T14:10:11.715,464.160,0.915,-0.213,0.091
1668255011755,2022-11-12T14:10:11.755,464.200,0.884,-0.122,-0.030
1668255011795,2022-11-12T14:10:11.795,464.240,0.854,-0.213,0.030
1668255011835,2022-11-12T14:10:11.835,464.280,0.854,-0.305,0.030
1668255011875,2022-11-12T14:10:11.875,464.320,0.945,-0.152,-0.061
1668255011915,2022-11-12T14:10:11.915,464.360,0.793,-0.122,0.061
1668255011955,2022-11-12T14:10:11.955,464.400,0.701,-0.122,0.091
1668255011995,2022-11-12T14:10:11.995,464.440,0.884,-0.183,-0.061
1668255012035,2022-11-12T14:10:12.035,464.480,0.793,-0.305,-0.030
1668255012075,2022-11-12T14:10:12.075,464.520,0.823,-0.122,0.061
1668255012115,2022-11-12T14:10:12.115,464.560,0.823,-0.091,0.000
1668255012155,2022-11-12T14:10:12.155,464.600,0.915,-0.152,-0.061
1668255012195,2022-11-12T14:10:12.195,464.640,0.793,-0.244,0.030
1668255012235,2022-11-12T14:10:12.235,464.680,1.006,-0.396,-0.030
1668255012275,2022-11-12T14:10:12.275,464.720,0.884,-0.183,-0.122
1668255012315,2022-11-12T14:10:12.315,464.760,0.793,-0.061,-0.030
1668255012355,2022-11-12T14:10:12.355,464.800,0.823,-0.244,0.030
1668255012395,2022-11-12T14:10:12.395,464.840,0.762,-0.366,0.122
1668255012435,2022-11-12T14:10:12.435,464.880,0.762,-0.213,0.061
1668255012475,2022-11-12T14:10:12.475,464.920,0.823,-0.305,0.030
1668255012515,2022-11-12T14:10:12.515,464.960,0.823,-0.274,0.000
1668255012555,2022-11-12T14:10:12.555,465.000,0.884,-0.213,0.000
1668255012595,2022-11-12T14:10:12.595,465.040,0.854,-0.274,0.061
1668255012635,2022-11-12T14:10:12.635,465.080,0.945,-0.183,-0.061
1668255012675,2022-11-12T14:10:12.675,465.120,1.067,-0.213,-0.030
1668255012715,2022-11-12T14:10:12.715,465.160,0.823,-0.183,0.122
1668255012755,2022-11-12T14:10:12.755,465.200,0.732,-0.305,0.091
1668255012795,2022-11-12T14:10:12.795,465.240,0.823,-0.366,0.030
1668255012835,2022-11-12T14:10:12.835,465.280,0.854,-0.122,-0.061
1668255012875,2022-11-12T14:10:12.875,465.320,1.006,0.030,-0.061
1668255012915,2022-11-12T14:10:12.915,465.360,0.884,-0.366,0.122
1668255012955,2022-11-12T14:10:12.955,465.400,0.732,-0.457,0.030
1668255012995,2022-11-12T14:10:12.995,465.440,1.006,-0.305,-0.091
1668255013035,2022-11-12T14:10:13.035,465.480,0.915,-0.152,0.091
1668255013075,2022-11-12T14:10:13.075,465.520,0.823,-0.213,0.030
1668255013115,2022-11-12T14:10:13.115,465.560,0.884,-0.244,0.061
1668255013155,2022-11-12T14:10:13.155,465.600,0.915,-0.183,0.061
1668255013195,2022-11-12T14:10:13.195,465.640,0.884,-0.305,0.030
1668255013235,2022-11-12T14:10:13.235,465.680,0.884,-0.213,0.000
1668255013275,2022-11-12T14:10:13.275,465.720,0.976,-0.335,0.000
1668255013315,2022-11-12T14:10:13.315,465.760,0.640,-0.335,0.122
1668255013355,2022-11-12T14:10:13.355,465.800,0.762,-0.152,0.122
1668255013395,2022-11-12T14:10:13.395,465.840,0.945,-0.213,0.061
1668255013435,2022-11-12T14:10:13.435,465.880,0.976,-0.152,0.000
1668255013475,2022-11-12T14:10:13.475,465.920,1.037,-0.122,0.030
1668255013515,2022-11-12T14:10:13.515,465.960,0.671,-0.183,0.152
1668255013555,2022-11-12T14:10:13.555,466.000,0.793,-0.244,0.030
1668255013595,2022-11-12T14:10:13.595,466.040,1.189,-0.030,-0.061
1668255013635,2022-11-12T14:10:13.635,466.080,1.189,-0.244,-0.091
1668255013675,2022-11-12T14:10:13.675,466.120,1.280,-0.396,-0.305
1668255013715,2022-11-12T14:10:13.715,466.160,0.793,-0.274,0.000
1668255013755,2022-11-12T14:10:13.755,466.200,0.518,-0.061,0.305
1668255013795,2022-11-12T14:10:13.795,466.240,0.671,-0.091,0.122
1668255013835,2022-11-12T14:10:13.835,466.280,0.701,-0.488,0.030
1668255013875,2022-11-12T14:10:13.875,466.320,0.610,-0.427,0.030
1668255013915,2022-11-12T14:10:13.915,466.360,0.671,-0.549,-0.091
1668255013955,2022-11-12T14:10:13.955,466.400,-0.793,-0.396,0.091
1668255013995,2022-11-12T14:10:13.995,466.440,-0.488,-0.549,0.427
1668255014035,2022-11-12T14:10:14.035,466.480,0.152,-0.640,0.396
1668255014075,2022-11-12T14:10:14.075,466.520,-0.213,-0.579,0.488
1668255014115,2022-11-12T14:10:14.115,466.560,0.091,-1.067,0.518
1668255014155,2022-11-12T14:10:14.155,466.600,0.000,-1.220,0.457
1668255014195,2022-11-12T14:10:14.195,466.640,0.457,-0.549,0.244
1668255014235,2022-11-12T14:10:14.235,466.680,1.159,-0.335,0.091
1668255014275,2022-11-12T14:10:14.275,466.720,0.305,-0.518,0.183
1668255014315,2022-11-12T14:10:14.315,466.760,0.244,-0.366,-0.091
1668255014355,2022-11-12T14:10:14.355,466.800,-0.152,-0.488,0.396
1668255014395,2022-11-12T14:10:14.395,466.840,-0.579,-0.244,0.671
1668255014435,2022-11-12T14:10:14.435,466.880,-0.427,-0.091,0.610
1668255014475,2022-11-12T14:10:14.475,466.920,0.366,0.061,0.274
1668255014515,2022-11-12T14:10:14.515,466.960,0.854,-0.183,-0.366
1668255014555,2022-11-12T14:10:14.555,467.000,0.884,-0.213,-0.122
1668255014595,2022-11-12T14:10:14.595,467.040,0.183,-0.122,0.427
1668255014635,2022-11-12T14:10:14.635,467.080,1.006,0.122,0.610
1668255014675,2022-11-12T14:10:14.675,467.120,0.549,-0.122,-0.244
1668255014715,2022-11-12T14:10:14.715,467.160,0.549,-0.640,-0.854
1668255014755,2022-11-12T14:10:14.755,467.200,0.427,0.061,-0.488
1668255014795,2022-11-12T14:10:14.795,467.240,0.305,0.488,0.488
1668255014835,2022-11-12T14:10:14.835,467.280,0.183,0.366,0.518
1668255014875,2022-11-12T14:10:14.875,467.320,0.671,0.213,-0.152
1668255014915,2022-11-12T14:10:14.915,467.360,1.189,-0.671,-0.518
1668255014955,2022-11-12T14:10:14.955,467.400,1.067,-0.488,-0.152
1668255014995,2022-11-12T14:10:14.995,467.440,2.287,-0.610,-0.976
1668255015035,2022-11-12T14:10:15.035,467.480,2.287,-0.854,-1.890
1668255015075,2022-11-12T14:10:15.075,467.520,0.640,-0.488,-1.159
1668255015115,2022-11-12T14:10:15.115,467.560,0.915,-1.463,-1.311
1668255015155,2022-11-12T14:10:15.155,467.600,1.159,-0.213,-0.762
1668255015195,2022-11-12T14:10:15.195,467.640,1.006,-0.122,-0.915
1668255015235,2022-11-12T14:10:15.235,467.680,-0.366,0.152,0.305
1668255015275,2022-11-12T14:10:15.275,467.720,0.518,-0.274,-0.274
1668255015315,2022-11-12T14:10:15.315,467.760,-1.311,0.000,0.610
1668255015355,2022-11-12T14:10:15.355,467.800,0.427,1.037,0.915
1668255015395,2022-11-12T14:10:15.395,467.840,0.640,-0.061,0.549
1668255015435,2022-11-12T14:10:15.435,467.880,0.549,-0.732,-0.335
1668255015475,2022-11-12T14:10:15.475,467.920,-0.640,-0.671,0.000
1668255015515,2022-11-12T14:10:15.515,467.960,0.366,1.189,0.793
1668255015555,2022-11-12T14:10:15.555,468.000,0.549,0.823,0.793
1668255015595,2022-11-12T14:10:15.595,468.040,0.671,-0.305,-0.122
1668255015635,2022-11-12T14:10:15.635,468.080,0.091,-0.945,-0.427
1668255015675,2022-11-12T14:10:15.675,468.120,0.854,0.762,-0.030
1668255015715,2022-11-12T14:10:15.715,468.160,3.293,1.463,-0.579
1668255015755,2022-11-12T14:10:15.755,468.200,0.732,-0.427,0.244
1668255015795,2022-11-12T14:10:15.795,468.240,0.518,-0.854,-0.091
1668255015835,2022-11-12T14:10:15.835,468.280,1.463,-0.122,-0.213
1668255015875,2022-11-12T14:10:15.875,468.320,0.671,0.579,0.671
1668255015915,2022-11-12T14:10:15.915,468.360,0.732,1.738,0.427
1668255015955,2022-11-12T14:10:15.955,468.400,2.409,1.524,-0.640
1668255015995,2022-11-12T14:10:15.995,468.440,3.872,3.598,-1.951
1668255016035,2022-11-12T14:10:16.035,468.480,2.774,3.963,-2.470
1668255016075,2022-11-12T14:10:16.075,468.520,3.049,4.573,-2.957
1668255016115,2022-11-12T14:10:16.115,468.560,3.415,1.098,-1.646
1668255016155,2022-11-12T14:10:16.155,468.600,0.579,0.396,-0.274
1668255016195,2022-11-12T14:10:16.195,468.640,2.317,-0.427,0.000
1668255016235,2022-11-12T14:10:16.235,468.680,1.860,-0.061,0.305
1668255016275,2022-11-12T14:10:16.275,468.720,0.183,-1.159,-0.915
1668255016315,2022-11-12T14:10:16.315,468.760,0.732,-2.134,-3.659
1668255016355,2022-11-12T14:10:16.355,468.800,-0.884,-1.189,-2.988
1668255016395,2022-11-12T14:10:16.395,468.840,-0.732,-0.427,-0.030
1668255016435,2022-11-12T14:10:16.435,468.880,0.152,-0.305,1.433
1668255016475,2022-11-12T14:10:16.475,468.920,1.921,-0.488,0.640
1668255016515,2022-11-12T14:10:16.515,468.960,1.524,2.378,0.244
1668255016555,2022-11-12T14:10:16.555,469.000,-2.561,11.555,2.896
1668255016595,2022-11-12T14:10:16.595,469.040,-4.512,5.732,4.360
1668255016635,2022-11-12T14:10:16.635,469.080,-2.622,3.598,1.463
1668255016675,2022-11-12T14:10:16.675,469.120,-1.951,1.921,-1.616
1668255016715,2022-11-12T14:10:16.715,469.160,2.683,-2.439,-1.829
1668255016755,2022-11-12T14:10:16.755,469.200,5.884,-1.738,-3.963
1668255016795,2022-11-12T14:10:16.795,469.240,5.518,0.518,-4.085
1668255016835,2022-11-12T14:10:16.835,469.280,2.348,-0.030,-1.494
1668255016875,2022-11-12T14:10:16.875,469.320,2.805,-0.823,-1.037
1668255016915,2022-11-12T14:10:16.915,469.360,2.591,-1.037,-0.976
1668255016955,2022-11-12T14:10:16.955,469.400,-0.488,-1.646,-0.915
1668255016995,2022-11-12T14:10:16.995,469.440,-2.988,0.000,-1.067
1668255017035,2022-11-12T14:10:17.035,469.480,-0.152,-0.183,-0.732
1668255017075,2022-11-12T14:10:17.075,469.520,0.701,-0.793,0.183
1668255017115,2022-11-12T14:10:17.115,469.560,3.506,0.549,0.030
1668255017155,2022-11-12T14:10:17.155,469.600,3.049,0.244,1.128
1668255017195,2022-11-12T14:10:17.195,469.640,5.335,-0.396,2.744
1668255017235,2022-11-12T14:10:17.235,469.680,5.091,0.732,0.732
1668255017275,2022-11-12T14:10:17.275,469.720,2.409,1.341,0.091
1668255017315,2022-11-12T14:10:17.315,469.760,6.738,2.622,0.640
1668255017355,2022-11-12T14:10:17.355,469.800,4.878,3.232,-0.305
1668255017395,2022-11-12T14:10:17.395,469.840,4.085,2.470,-1.646
1668255017435,2022-11-12T14:10:17.435,469.880,4.726,4.634,-1.159
1668255017475,2022-11-12T14:10:17.475,469.920,6.738,17.774,-2.927
1668255017515,2022-11-12T14:10:17.515,469.960,4.268,27.012,-4.390
1668255017555,2022-11-12T14:10:17.555,470.000,2.805,15.884,-1.494
1668255017595,2022-11-12T14:10:17.595,470.040,2.774,8.201,0.396
1668255017635,2022-11-12T14:10:17.635,470.080,-0.274,4.665,-0.030
1668255017675,2022-11-12T14:10:17.675,470.120,-2.104,1.768,-2.561
1668255017715,2022-11-12T14:10:17.715,470.160,-2.835,3.841,-3.293
1668255017755,2022-11-12T14:10:17.755,470.200,-1.341,3.476,-0.732
1668255017795,2022-11-12T14:10:17.795,470.240,-1.890,3.994,1.189
1668255017835,2022-11-12T14:10:17.835,470.280,-4.695,7.805,1.799
1668255017875,2022-11-12T14:10:17.875,470.320,-1.799,4.909,0.701
1668255017915,2022-11-12T14:10:17.915,470.360,1.159,3.659,-1.585
1668255017955,2022-11-12T14:10:17.955,470.400,5.213,5.030,-2.713
1668255017995,2022-11-12T14:10:17.995,470.440,5.945,5.213,-3.841
1668255018035,2022-11-12T14:10:18.035,470.480,5.945,5.732,-6.524
1668255018075,2022-11-12T14:10:18.075,470.520,5.244,6.341,-7.500
1668255018115,2022-11-12T14:10:18.115,470.560,8.354,7.012,-6.890
1668255018155,2022-11-12T14:10:18.155,470.600,8.780,10.945,-6.006
1668255018195,2022-11-12T14:10:18.195,470.640,8.110,13.110,-6.982
1668255018235,2022-11-12T14:10:18.235,470.680,7.805,13.537,-7.104
1668255018275,2022-11-12T14:10:18.275,470.720,6.616,12.896,-6.524
1668255018315,2022-11-12T14:10:18.315,470.760,8.415,16.402,-7.439
1668255018355,2022-11-12T14:10:18.355,470.800,8.018,19.085,-10.122
1668255018395,2022-11-12T14:10:18.395,470.840,3.963,17.073,-12.805
1668255018435,2022-11-12T14:10:18.435,470.880,5.244,18.079,-15.183
1668255018475,2022-11-12T14:10:18.475,470.920,7.165,18.902,-16.677
1668255018515,2022-11-12T14:10:18.515,470.960,9.055,19.970,-18.933
1668255018555,2022-11-12T14:10:18.555,471.000,13.445,25.671,-21.921
1668255018595,2022-11-12T14:10:18.595,471.040,10.854,27.195,-22.530
1668255018635,2022-11-12T14:10:18.635,471.080,10.427,20.976,-20.061
1668255018675,2022-11-12T14:10:18.675,471.120,9.085,16.799,-18.750
1668255018715,2022-11-12T14:10:18.715,471.160,6.098,10.793,-17.165
1668255018755,2022-11-12T14:10:18.755,471.200,7.348,4.634,-13.659
1668255018795,2022-11-12T14:10:18.795,471.240,8.994,4.360,-11.524
1668255018835,2022-11-12T14:10:18.835,471.280,9.146,6.128,-12.591
1668255018875,2022-11-12T14:10:18.875,471.320,12.104,8.171,-12.927
1668255018915,2022-11-12T14:10:18.915,471.360,12.896,8.780,-13.262
1668255018955,2022-11-12T14:10:18.955,471.400,17.134,9.238,-11.524
1668255018995,2022-11-12T14:10:18.995,471.440,22.134,10.000,-10.152
1668255019035,2022-11-12T14:10:19.035,471.480,27.957,9.817,-9.817
1668255019075,2022-11-12T14:10:19.075,471.520,26.555,13.079,-14.787
1668255019115,2022-11-12T14:10:19.115,471.560,27.195,16.433,-19.909
1668255019155,2022-11-12T14:10:19.155,471.600,27.530,16.707,-18.872
1668255019195,2022-11-12T14:10:19.195,471.640,27.835,18.780,-19.238
1668255019235,2022-11-12T14:10:19.235,471.680,26.006,18.811,-21.982
1668255019275,2022-11-12T14:10:19.275,471.720,26.189,19.665,-23.323
1668255019315,2022-11-12T14:10:19.315,471.760,28.445,19.604,-22.927
1668255019355,2022-11-12T14:10:19.355,471.800,30.732,18.933,-22.226
1668255019395,2022-11-12T14:10:19.395,471.840,42.439,20.061,-19.909
1668255019435,2022-11-12T14:10:19.435,471.880,52.073,18.720,-15.091
1668255019475,2022-11-12T14:10:19.475,471.920,49.695,19.085,-15.122
1668255019515,2022-11-12T14:10:19.515,471.960,37.287,20.945,-23.537
1668255019555,2022-11-12T14:10:19.555,472.000,32.226,21.280,-30.457
1668255019595,2022-11-12T14:10:19.595,472.040,31.006,19.116,-30.030
1668255019635,2022-11-12T14:10:19.635,472.080,33.689,17.713,-28.354
1668255019675,2022-11-12T14:10:19.675,472.120,36.494,19.634,-27.287
1668255019715,2022-11-12T14:10:19.715,472.160,31.768,20.122,-28.079
1668255019755,2022-11-12T14:10:19.755,472.200,28.963,20.366,-25.579
1668255019795,2022-11-12T14:10:19.795,472.240,36.006,23.720,-22.896
1668255019835,2022-11-12T14:10:19.835,472.280,31.677,23.506,-22.835
1668255019875,2022-11-12T14:10:19.875,472.320,29.939,17.409,-26.037
1668255019915,2022-11-12T14:10:19.915,472.360,31.616,14.390,-33.110
1668255019955,2022-11-12T14:10:19.955,472.400,23.567,13.232,-35.976
1668255019995,2022-11-12T14:10:19.995,472.440,27.409,13.079,-29.055
1668255020035,2022-11-12T14:10:20.035,472.480,32.683,13.079,-21.402
1668255020075,2022-11-12T14:10:20.075,472.520,28.567,7.805,-18.689
1668255020115,2022-11-12T14:10:20.115,472.560,30.701,-4.939,-18.354
1668255020155,2022-11-12T14:10:20.155,472.600,35.762,-1.585,-18.963
1668255020195,2022-11-12T14:10:20.195,472.640,31.951,-0.671,-23.079
1668255020235,2022-11-12T14:10:20.235,472.680,38.018,-4.299,-24.726
1668255020275,2022-11-12T14:10:20.275,472.720,42.226,-7.835,-27.134
1668255020315,2022-11-12T14:10:20.315,472.760,43.293,-6.616,-28.567
1668255020355,2022-11-12T14:10:20.355,472.800,52.744,-17.073,-21.189
1668255020395,2022-11-12T14:10:20.395,472.840,60.610,-35.183,-17.043
1668255020435,2022-11-12T14:10:20.435,472.880,62.957,-31.951,-13.232
1668255020475,2022-11-12T14:10:20.475,472.920,70.793,-33.933,-11.037
1668255020515,2022-11-12T14:10:20.515,472.960,57.409,-27.927,-9.085
1668255020555,2022-11-12T14:10:20.555,473.000,48.720,-11.463,-11.524
1668255020595,2022-11-12T14:10:20.595,473.040,37.256,-0.274,-15.793
1668255020635,2022-11-12T14:10:20.635,473.080,33.659,12.104,-18.750
1668255020675,2022-11-12T14:10:20.675,473.120,25.488,16.372,-16.067
1668255020715,2022-11-12T14:10:20.715,473.160,21.189,16.250,-15.488
1668255020755,2022-11-12T14:10:20.755,473.200,29.604,23.994,-17.317
1668255020795,2022-11-12T14:10:20.795,473.240,29.116,26.524,-13.049
1668255020835,2022-11-12T14:10:20.835,473.280,23.415,21.555,-9.939
1668255020875,2022-11-12T14:10:20.875,473.320,22.378,15.762,-9.024
1668255020915,2022-11-12T14:10:20.915,473.360,21.128,13.750,-8.659
1668255020955,2022-11-12T14:10:20.955,473.400,14.024,7.744,-10.152
1668255020995,2022-11-12T14:10:20.995,473.440,8.628,3.201,-10.671
1668255021035,2022-11-12T14:10:21.035,473.480,12.409,6.128,-12.287
1668255021075,2022-11-12T14:10:21.075,473.520,12.530,10.701,-17.744
1668255021115,2022-11-12T14:10:21.115,473.560,17.470,18.201,-17.957
1668255021155,2022-11-12T14:10:21.155,473.600,34.970,17.530,-13.780
1668255021195,2022-11-12T14:10:21.195,473.640,22.866,11.921,-12.500
1668255021235,2022-11-12T14:10:21.235,473.680,7.774,7.927,-11.555
1668255021275,2022-11-12T14:10:21.275,473.720,8.537,-1.402,-9.787
1668255021315,2022-11-12T14:10:21.315,473.760,9.055,-5.152,-10.030
1668255021355,2022-11-12T14:10:21.355,473.800,6.159,-5.945,-9.848
1668255021395,2022-11-12T14:10:21.395,473.840,8.659,-10.915,-6.524
1668255021435,2022-11-12T14:10:21.435,473.880,19.085,-16.067,-1.463
1668255021475,2022-11-12T14:10:21.475,473.920,27.652,-24.543,2.774
1668255021515,2022-11-12T14:10:21.515,473.960,39.146,-37.896,6.159
1668255021555,2022-11-12T14:10:21.555,474.000,38.720,-62.317,1.646
1668255021595,2022-11-12T14:10:21.595,474.040,32.530,-101.646,-6.799
1668255021635,2022-11-12T14:10:21.635,474.080,59.817,-141.189,6.006
1668255021675,2022-11-12T14:10:21.675,474.120,97.713,-156.738,18.476
1668255021715,2022-11-12T14:10:21.715,474.160,77.713,-206.098,22.470
1668255021755,2022-11-12T14:10:21.755,474.200,147.713,-100.854,-9.238
1668255021795,2022-11-12T14:10:21.795,474.240,-22.104,35.213,7.378
1668255021835,2022-11-12T14:10:21.835,474.280,-13.841,2.988,6.677
1668255021875,2022-11-12T14:10:21.875,474.320,-25.152,41.311,-22.774
1668255021915,2022-11-12T14:10:21.915,474.360,-6.128,43.354,-9.970
1668255021955,2022-11-12T14:10:21.955,474.400,5.366,45.823,3.811
1668255021995,2022-11-12T14:10:21.995,474.440,-20.823,52.591,-3.201
1668255022035,2022-11-12T14:10:22.035,474.480,-26.616,52.500,-12.012
1668255022075,2022-11-12T14:10:22.075,474.520,-24.756,53.079,-13.293
1668255022115,2022-11-12T14:10:22.115,474.560,-15.000,59.665,-10.488
1668255022155,2022-11-12T14:10:22.155,474.600,-15.518,62.835,-6.037
1668255022195,2022-11-12T14:10:22.195,474.640,-20.518,58.506,-1.951
1668255022235,2022-11-12T14:10:22.235,474.680,-21.463,45.701,5.701
1668255022275,2022-11-12T14:10:22.275,474.720,-17.195,41.524,3.780
1668255022315,2022-11-12T14:10:22.315,474.760,-14.329,50.457,2.073
1668255022355,2022-11-12T14:10:22.355,474.800,-7.591,47.957,2.591
1668255022395,2022-11-12T14:10:22.395,474.840,-13.171,42.104,-3.445
1668255022435,2022-11-12T14:10:22.435,474.880,-15.152,43.140,-5.244
1668255022475,2022-11-12T14:10:22.475,474.920,-7.256,36.067,-3.445
1668255022515,2022-11-12T14:10:22.515,474.960,-7.866,32.774,-7.134
1668255022555,2022-11-12T14:10:22.555,475.000,-9.085,32.073,-10.976
1668255022595,2022-11-12T14:10:22.595,475.040,-11.311,28.140,-11.372
1668255022635,2022-11-12T14:10:22.635,475.080,-2.500,23.110,-5.122
1668255022675,2022-11-12T14:10:22.675,475.120,2.317,13.293,-1.189
1668255022715,2022-11-12T14:10:22.715,475.160,-0.884,8.323,-3.049
1668255022755,2022-11-12T14:10:22.755,475.200,1.646,7.957,-4.116
1668255022795,2022-11-12T14:10:22.795,475.240,7.652,3.811,0.061
1668255022835,2022-11-12T14:10:22.835,475.280,6.799,6.280,-0.640
1668255022875,2022-11-12T14:10:22.875,475.320,8.902,1.402,0.183
1668255022915,2022-11-12T14:10:22.915,475.360,13.780,-7.043,2.409
1668255022955,2022-11-12T14:10:22.955,475.400,9.604,-6.128,1.250
1668255022995,2022-11-12T14:10:22.995,475.440,19.238,-13.720,7.896
1668255023035,2022-11-12T14:10:23.035,475.480,32.134,-26.768,12.073
1668255023075,2022-11-12T14:10:23.075,475.520,26.799,-43.445,8.750
1668255023115,2022-11-12T14:10:23.115,475.560,28.872,-56.921,9.238
1668255023155,2022-11-12T14:10:23.155,475.600,27.439,-68.933,6.829
1668255023195,2022-11-12T14:10:23.195,475.640,14.543,-79.939,1.159
1668255023235,2022-11-12T14:10:23.235,475.680,29.604,-129.116,21.524
1668255023275,2022-11-12T14:10:23.275,475.720,52.622,-189.970,38.994
1668255023315,2022-11-12T14:10:23.315,475.760,36.677,-232.774,39.268
1668255023355,2022-11-12T14:10:23.355,475.800,92.073,-72.957,-14.421
1668255023395,2022-11-12T14:10:23.395,475.840,-38.262,22.470,-8.049
1668255023435,2022-11-12T14:10:23.435,475.880,-1.585,18.018,14.024
1668255023475,2022-11-12T14:10:23.475,475.920,-21.128,71.311,-24.238
1668255023515,2022-11-12T14:10:23.515,475.960,-36.067,64.207,-23.110
1668255023555,2022-11-12T14:10:23.555,476.000,-11.098,72.378,0.030
1668255023595,2022-11-12T14:10:23.595,476.040,-22.591,69.360,4.482
1668255023635,2022-11-12T14:10:23.635,476.080,-50.762,52.165,6.494
1668255023675,2022-11-12T14:10:23.675,476.120,-49.756,43.537,12.104
1668255023715,2022-11-12T14:10:23.715,476.160,-48.598,39.421,19.085
1668255023755,2022-11-12T14:10:23.755,476.200,-45.579,27.470,13.720
1668255023795,2022-11-12T14:10:23.795,476.240,-50.915,22.470,3.171
1668255023835,2022-11-12T14:10:23.835,476.280,-60.030,25.823,5.793
1668255023875,2022-11-12T14:10:23.875,476.320,-60.610,34.512,15.823
1668255023915,2022-11-12T14:10:23.915,476.360,-47.957,41.311,22.713
1668255023955,2022-11-12T14:10:23.955,476.400,-49.268,34.146,22.317
1668255023995,2022-11-12T14:10:23.995,476.440,-44.939,31.067,19.817
1668255024035,2022-11-12T14:10:24.035,476.480,-28.354,29.878,21.677
1668255024075,2022-11-12T14:10:24.075,476.520,-35.854,28.780,15.976
1668255024115,2022-11-12T14:10:24.115,476.560,-38.902,22.073,14.726
1668255024155,2022-11-12T14:10:24.155,476.600,-33.445,16.402,15.884
1668255024195,2022-11-12T14:10:24.195,476.640,-30.213,17.073,18.018
1668255024235,2022-11-12T14:10:24.235,476.680,-15.915,12.805,20.518
1668255024275,2022-11-12T14:10:24.275,476.720,-32.530,17.378,11.860
1668255024315,2022-11-12T14:10:24.315,476.760,-35.030,20.335,16.189
1668255024355,2022-11-12T14:10:24.355,476.800,-22.378,18.384,24.939
1668255024395,2022-11-12T14:10:24.395,476.840,-27.012,19.116,19.390
1668255024435,2022-11-12T14:10:24.435,476.880,-25.000,14.482,13.628
1668255024475,2022-11-12T14:10:24.475,476.920,-10.213,7.378,13.811
1668255024515,2022-11-12T14:10:24.515,476.960,-10.427,1.402,10.396
1668255024555,2022-11-12T14:10:24.555,477.000,-11.159,1.280,8.689
1668255024595,2022-11-12T14:10:24.595,477.040,-5.091,2.805,10.976
1668255024635,2022-11-12T14:10:24.635,477.080,-11.890,0.762,16.494
1668255024675,2022-11-12T14:10:24.675,477.120,-9.024,-1.220,21.037
1668255024715,2022-11-12T14:10:24.715,477.160,-18.049,-0.152,16.341
1668255024755,2022-11-12T14:10:24.755,477.200,-14.299,-2.104,16.433
1668255024795,2022-11-12T14:10:24.795,477.240,-8.963,-6.616,16.921
1668255024835,2022-11-12T14:10:24.835,477.280,-8.262,-8.354,16.189
1668255024875,2022-11-12T14:10:24.875,477.320,-10.823,-7.012,12.012
1668255024915,2022-11-12T14:10:24.915,477.360,-17.287,-4.909,9.573
1668255024955,2022-11-12T14:10:24.955,477.400,-15.000,-3.049,16.067
1668255024995,2022-11-12T14:10:24.995,477.440,-10.884,-5.091,24.207
1668255025035,2022-11-12T14:10:25.035,477.480,-14.207,-5.579,22.591
1668255025075,2022-11-12T14:10:25.075,477.520,-16.890,-7.073,24.146
1668255025115,2022-11-12T14:10:25.115,477.560,-10.732,-12.043,28.689
1668255025155,2022-11-12T14:10:25.155,477.600,-1.707,-12.988,28.476
1668255025195,2022-11-12T14:10:25.195,477.640,-2.866,-8.018,21.524
1668255025235,2022-11-12T14:10:25.235,477.680,-10.183,-3.323,12.713
1668255025275,2022-11-12T14:10:25.275,477.720,-12.104,-1.159,8.476
1668255025315,2022-11-12T14:10:25.315,477.760,-14.329,-3.902,7.927
1668255025355,2022-11-12T14:10:25.355,477.800,-15.061,-7.104,12.317
1668255025395,2022-11-12T14:10:25.395,477.840,-14.726,-8.018,16.128
1668255025435,2022-11-12T14:10:25.435,477.880,-24.116,-7.439,14.543
1668255025475,2022-11-12T14:10:25.475,477.920,-31.524,-5.122,15.396
1668255025515,2022-11-12T14:10:25.515,477.960,-22.591,-4.421,20.335
1668255025555,2022-11-12T14:10:25.555,478.000,-14.665,-11.677,31.829
1668255025595,2022-11-12T14:10:25.595,478.040,-31.189,-13.628,31.860
1668255025635,2022-11-12T14:10:25.635,478.080,-40.488,-11.280,25.457
1668255025675,2022-11-12T14:10:25.675,478.120,-47.713,-10.793,24.451
1668255025715,2022-11-12T14:10:25.715,478.160,-51.494,-11.860,29.238
1668255025755,2022-11-12T14:10:25.755,478.200,-39.817,-11.616,36.250
1668255025795,2022-11-12T14:10:25.795,478.240,-33.841,-12.500,38.841
1668255025835,2022-11-12T14:10:25.835,478.280,-40.732,-10.030,32.744
1668255025875,2022-11-12T14:10:25.875,478.320,-34.604,-10.274,30.701
1668255025915,2022-11-12T14:10:25.915,478.360,-38.293,-3.994,29.482
1668255025955,2022-11-12T14:10:25.955,478.400,-33.323,0.366,30.823
1668255025995,2022-11-12T14:10:25.995,478.440,-28.567,2.622,33.445
1668255026035,2022-11-12T14:10:26.035,478.480,-27.165,1.494,34.024
1668255026075,2022-11-12T14:10:26.075,478.520,-27.165,-2.012,34.329
1668255026115,2022-11-12T14:10:26.115,478.560,-35.610,-0.915,33.262
1668255026155,2022-11-12T14:10:26.155,478.600,-29.604,-5.335,36.341
1668255026195,2022-11-12T14:10:26.195,478.640,-20.549,-5.061,39.390
1668255026235,2022-11-12T14:10:26.235,478.680,-17.317,-3.963,41.738
1668255026275,2022-11-12T14:10:26.275,478.720,-6.341,-7.652,41.037
1668255026315,2022-11-12T14:10:26.315,478.760,-6.311,-10.823,28.720
1668255026355,2022-11-12T14:10:26.355,478.800,-17.744,-3.323,12.927
1668255026395,2022-11-12T14:10:26.395,478.840,-17.927,0.427,14.024
1668255026435,2022-11-12T14:10:26.435,478.880,-24.970,-9.207,22.195
1668255026475,2022-11-12T14:10:26.475,478.920,-44.756,-16.646,28.171
1668255026515,2022-11-12T14:10:26.515,478.960,-42.561,-17.774,37.713
1668255026555,2022-11-12T14:10:26.555,479.000,-35.305,-18.110,44.207
1668255026595,2022-11-12T14:10:26.595,479.040,-26.128,-19.238,35.274
1668255026635,2022-11-12T14:10:26.635,479.080,-27.165,-22.500,24.085
1668255026675,2022-11-12T14:10:26.675,479.120,-9.421,-16.982,12.622
1668255026715,2022-11-12T14:10:26.715,479.160,-18.994,-8.354,10.000
1668255026755,2022-11-12T14:10:26.755,479.200,-17.470,-6.220,11.707
1668255026795,2022-11-12T14:10:26.795,479.240,-22.226,-13.354,8.293
1668255026835,2022-11-12T14:10:26.835,479.280,-32.927,-16.006,0.518
1668255026875,2022-11-12T14:10:26.875,479.320,-40.640,-12.744,-1.494
1668255026915,2022-11-12T14:10:26.915,479.360,-37.561,-17.866,0.854
1668255026955,2022-11-12T14:10:26.955,479.400,-33.201,-21.159,3.811
1668255026995,2022-11-12T14:10:26.995,479.440,-28.293,-22.805,12.073
1668255027035,2022-11-12T14:10:27.035,479.480,-24.360,-24.238,10.579
1668255027075,2022-11-12T14:10:27.075,479.520,-23.537,-9.451,1.037
1668255027115,2022-11-12T14:10:27.115,479.560,-22.957,-9.238,3.354
1668255027155,2022-11-12T14:10:27.155,479.600,-14.207,-11.159,6.006
1668255027195,2022-11-12T14:10:27.195,479.640,-10.915,-8.841,4.207
1668255027235,2022-11-12T14:10:27.235,479.680,-8.445,-5.640,2.561
1668255027275,2022-11-12T14:10:27.275,479.720,-3.841,-2.012,2.012
1668255027315,2022-11-12T14:10:27.315,479.760,-2.439,0.823,2.012
1668255027355,2022-11-12T14:10:27.355,479.800,-1.341,2.683,2.348
1668255027395,2022-11-12T14:10:27.395,479.840,-0.854,5.640,2.256
1668255027435,2022-11-12T14:10:27.435,479.880,0.183,4.787,3.140
1668255027475,2022-11-12T14:10:27.475,479.920,0.793,4.024,2.988
1668255027515,2022-11-12T14:10:27.515,479.960,2.256,1.433,-0.091
1668255027555,2022-11-12T14:10:27.555,480.000,2.409,-1.250,-0.152
1668255027595,2022-11-12T14:10:27.595,480.040,3.689,-2.195,0.793
1668255027635,2022-11-12T14:10:27.635,480.080,5.732,-1.280,-0.274
1668255027675,2022-11-12T14:10:27.675,480.120,2.561,-0.427,-0.793
1668255027715,2022-11-12T14:10:27.715,480.160,-0.152,0.305,0.122
1668255027755,2022-11-12T14:10:27.755,480.200,-0.488,0.396,0.945
1668255027795,2022-11-12T14:10:27.795,480.240,0.549,-0.213,0.945
1668255027835,2022-11-12T14:10:27.835,480.280,2.348,-0.610,1.006
1668255027875,2022-11-12T14:10:27.875,480.320,3.750,-2.378,0.549
1668255027915,2022-11-12T14:10:27.915,480.360,4.634,-2.348,-0.244
1668255027955,2022-11-12T14:10:27.955,480.400,2.226,-0.823,-0.183
1668255027995,2022-11-12T14:10:27.995,480.440,1.738,-1.189,0.518
1668255028035,2022-11-12T14:10:28.035,480.480,2.500,-0.945,0.152
1668255028075,2022-11-12T14:10:28.075,480.520,2.195,-0.488,-0.854
1668255028115,2022-11-12T14:10:28.115,480.560,1.982,-0.122,-0.335
1668255028155,2022-11-12T14:10:28.155,480.600,0.884,-0.244,0.488
1668255028195,2022-11-12T14:10:28.195,480.640,1.707,-1.372,-0.061
1668255028235,2022-11-12T14:10:28.235,480.680,4.451,-2.317,-1.037
1668255028275,2022-11-12T14:10:28.275,480.720,3.415,-1.006,-0.671
1668255028315,2022-11-12T14:10:28.315,480.760,1.616,2.165,-1.341
1668255028355,2022-11-12T14:10:28.355,480.800,2.287,1.463,-2.317
1668255028395,2022-11-12T14:10:28.395,480.840,0.335,-0.610,0.152
1668255028435,2022-11-12T14:10:28.435,480.880,0.122,-0.457,0.000
1668255028475,2022-11-12T14:10:28.475,480.920,1.616,-0.061,-0.457
1668255028515,2022-11-12T14:10:28.515,480.960,0.732,0.488,0.396
1668255028555,2022-11-12T14:10:28.555,481.000,1.006,0.366,0.274
1668255028595,2022-11-12T14:10:28.595,481.040,2.378,-0.976,-0.427
1668255028635,2022-11-12T14:10:28.635,481.080,1.402,0.000,0.091
1668255028675,2022-11-12T14:10:28.675,481.120,1.433,0.061,0.091
1668255028715,2022-11-12T14:10:28.715,481.160,1.067,-1.128,0.366
1668255028755,2022-11-12T14:10:28.755,481.200,1.189,-1.555,0.000
1668255028795,2022-11-12T14:10:28.795,481.240,1.768,-1.860,-0.488
1668255028835,2022-11-12T14:10:28.835,481.280,1.555,-1.250,-0.610
1668255028875,2022-11-12T14:10:28.875,481.320,1.341,-0.579,-0.244
1668255028915,2022-11-12T14:10:28.915,481.360,1.463,-0.488,-0.488
1668255028955,2022-11-12T14:10:28.955,481.400,0.823,-1.250,-0.030
1668255028995,2022-11-12T14:10:28.995,481.440,1.098,-0.915,0.091
1668255029035,2022-11-12T14:10:29.035,481.480,1.616,-0.640,-0.366
1668255029075,2022-11-12T14:10:29.075,481.520,1.006,0.061,-0.213
1668255029115,2022-11-12T14:10:29.115,481.560,0.732,0.274,-0.061
1668255029155,2022-11-12T14:10:29.155,481.600,1.433,0.091,0.122
1668255029195,2022-11-12T14:10:29.195,481.640,0.976,-0.091,0.305
1668255029235,2022-11-12T14:10:29.235,481.680,0.945,0.030,0.000
1668255029275,2022-11-12T14:10:29.275,481.720,1.341,-0.183,-0.183
1668255029315,2022-11-12T14:10:29.315,481.760,0.884,-0.244,0.000
1668255029355,2022-11-12T14:10:29.355,481.800,0.945,-0.152,-0.183
1668255029395,2022-11-12T14:10:29.395,481.840,0.945,0.183,-0.152
1668255029435,2022-11-12T14:10:29.435,481.880,0.427,0.061,0.366
1668255029475,2022-11-12T14:10:29.475,481.920,0.518,-0.213,0.335
1668255029515,2022-11-12T14:10:29.515,481.960,0.945,-0.244,-0.274
1668255029555,2022-11-12T14:10:29.555,482.000,0.671,-0.122,-0.244
1668255029595,2022-11-12T14:10:29.595,482.040,0.457,-0.305,0.061
1668255029635,2022-11-12T14:10:29.635,482.080,0.762,-0.274,0.030
1668255029675,2022-11-12T14:10:29.675,482.120,1.280,-0.274,-0.152
1668255029715,2022-11-12T14:10:29.715,482.160,0.945,-0.335,0.061
1668255029755,2022-11-12T14:10:29.755,482.200,0.213,-0.305,0.213
1668255029795,2022-11-12T14:10:29.795,482.240,0.854,-0.244,-0.183
1668255029835,2022-11-12T14:10:29.835,482.280,1.067,-0.213,-0.122
1668255029875,2022-11-12T14:10:29.875,482.320,0.549,-0.457,0.366
1668255029915,2022-11-12T14:10:29.915,482.360,0.488,0.091,-0.030
1668255029955,2022-11-12T14:10:29.955,482.400,0.732,0.061,-0.061
1668255029995,2022-11-12T14:10:29.995,482.440,0.427,-0.122,0.152
1668255030035,2022-11-12T14:10:30.035,482.480,0.762,0.061,-0.061
1668255030075,2022-11-12T14:10:30.075,482.520,1.067,-0.427,-0.061
1668255030115,2022-11-12T14:10:30.115,482.560,0.640,-0.549,0.091
1668255030155,2022-11-12T14:10:30.155,482.600,0.274,-0.030,0.000
1668255030195,2022-11-12T14:10:30.195,482.640,0.152,0.152,0.091
1668255030235,2022-11-12T14:10:30.235,482.680,0.579,-0.061,0.244
1668255030275,2022-11-12T14:10:30.275,482.720,0.823,-0.274,0.030
1668255030315,2022-11-12T14:10:30.315,482.760,0.640,-0.549,0.152
1668255030355,2022-11-12T14:10:30.355,482.800,0.762,-0.488,0.152
1668255030395,2022-11-12T14:10:30.395,482.840,1.280,-0.335,-0.091
1668255030435,2022-11-12T14:10:30.435,482.880,1.006,-0.122,-0.030
1668255030475,2022-11-12T14:10:30.475,482.920,0.884,-0.183,0.122
1668255030515,2022-11-12T14:10:30.515,482.960,0.701,-0.030,0.213
1668255030555,2022-11-12T14:10:30.555,483.000,0.244,0.061,0.274
1668255030595,2022-11-12T14:10:30.595,483.040,0.854,-0.335,0.030
1668255030635,2022-11-12T14:10:30.635,483.080,1.311,-0.488,-0.091
1668255030675,2022-11-12T14:10:30.675,483.120,0.549,0.000,0.183
1668255030715,2022-11-12T14:10:30.715,483.160,1.098,-0.457,0.030
1668255030755,2022-11-12T14:10:30.755,483.200,1.159,-0.488,-0.274
1668255030795,2022-11-12T14:10:30.795,483.240,0.793,-0.396,0.061
1668255030835,2022-11-12T14:10:30.835,483.280,0.945,-0.518,0.244
1668255030875,2022-11-12T14:10:30.875,483.320,1.128,-0.427,0.091
1668255030915,2022-11-12T14:10:30.915,483.360,0.823,-0.122,0.030
1668255030955,2022-11-12T14:10:30.955,483.400,0.793,-0.030,0.091
1668255030995,2022-11-12T14:10:30.995,483.440,0.976,-0.274,0.061
1668255031035,2022-11-12T14:10:31.035,483.480,1.555,-0.976,-0.183
1668255031075,2022-11-12T14:10:31.075,483.520,1.006,-0.396,-0.152
1668255031115,2022-11-12T14:10:31.115,483.560,0.640,0.030,0.213
1668255031155,2022-11-12T14:10:31.155,483.600,0.884,-0.213,0.305
1668255031195,2022-11-12T14:10:31.195,483.640,1.098,-0.274,-0.030
1668255031235,2022-11-12T14:10:31.235,483.680,0.945,-0.122,-0.183
1668255031275,2022-11-12T14:10:31.275,483.720,0.640,0.091,0.091
1668255031315,2022-11-12T14:10:31.315,483.760,1.006,-0.244,0.061
1668255031355,2022-11-12T14:10:31.355,483.800,1.220,-0.488,-0.305
1668255031395,2022-11-12T14:10:31.395,483.840,0.732,-0.396,-0.091
1668255031435,2022-11-12T14:10:31.435,483.880,0.610,0.030,0.335
1668255031475,2022-11-12T14:10:31.475,483.920,1.067,0.000,0.305
1668255031515,2022-11-12T14:10:31.515,483.960,0.976,-0.396,-0.091
1668255031555,2022-11-12T14:10:31.555,484.000,0.915,-0.427,-0.305
1668255031595,2022-11-12T14:10:31.595,484.040,1.006,-0.274,-0.213
1668255031635,2022-11-12T14:10:31.635,484.080,0.579,-0.274,0.213
1668255031675,2022-11-12T14:10:31.675,484.120,0.823,-0.213,-0.030
1668255031715,2022-11-12T14:10:31.715,484.160,1.280,-0.305,-0.152
1668255031755,2022-11-12T14:10:31.755,484.200,1.098,-0.427,0.366
1668255031795,2022-11-12T14:10:31.795,484.240,1.189,-0.518,0.274
1668255031835,2022-11-12T14:10:31.835,484.280,1.250,-0.457,-0.122
1668255031875,2022-11-12T14:10:31.875,484.320,0.671,-0.122,0.000
1668255031915,2022-11-12T14:10:31.915,484.360,0.305,0.030,0.152
1668255031955,2022-11-12T14:10:31.955,484.400,0.732,-0.152,0.061
1668255031995,2022-11-12T14:10:31.995,484.440,0.884,-0.427,0.183
1668255032035,2022-11-12T14:10:32.035,484.480,1.067,-0.244,0.061
1668255032075,2022-11-12T14:10:32.075,484.520,1.280,-0.213,0.122
1668255032115,2022-11-12T14:10:32.115,484.560,1.159,0.061,0.000
1668255032155,2022-11-12T14:10:32.155,484.600,0.884,0.030,0.000
1668255032195,2022-11-12T14:10:32.195,484.640,0.945,-0.152,-0.122
1668255032235,2022-11-12T14:10:32.235,484.680,1.098,-0.122,-0.427
1668255032275,2022-11-12T14:10:32.275,484.720,0.884,-0.366,0.000
1668255032315,2022-11-12T14:10:32.315,484.760,0.549,-0.213,0.061
1668255032355,2022-11-12T14:10:32.355,484.800,0.671,0.030,-0.061
1668255032395,2022-11-12T14:10:32.395,484.840,0.366,0.152,0.091
1668255032435,2022-11-12T14:10:32.435,484.880,0.610,-0.305,0.000
1668255032475,2022-11-12T14:10:32.475,484.920,1.372,-0.610,-0.183
1668255032515,2022-11-12T14:10:32.515,484.960,1.006,-0.366,-0.030
1668255032555,2022-11-12T14:10:32.555,485.000,0.549,-0.030,-0.061
1668255032595,2022-11-12T14:10:32.595,485.040,0.579,-0.061,-0.183
1668255032635,2022-11-12T14:10:32.635,485.080,0.579,0.122,0.122
1668255032675,2022-11-12T14:10:32.675,485.120,0.610,-0.274,0.396
1668255032715,2022-11-12T14:10:32.715,485.160,1.006,-0.701,0.000
1668255032755,2022-11-12T14:10:32.755,485.200,0.884,-0.183,-0.274
1668255032795,2022-11-12T14:10:32.795,485.240,0.762,0.274,0.000
1668255032835,2022-11-12T14:10:32.835,485.280,0.732,0.000,0.457
1668255032875,2022-11-12T14:10:32.875,485.320,0.915,-0.305,0.213
1668255032915,2022-11-12T14:10:32.915,485.360,1.220,-0.488,-0.244
1668255032955,2022-11-12T14:10:32.955,485.400,0.915,-0.274,-0.122
1668255032995,2022-11-12T14:10:32.995,485.440,0.701,0.000,0.122
1668255033035,2022-11-12T14:10:33.035,485.480,0.671,0.030,0.305
1668255033075,2022-11-12T14:10:33.075,485.520,0.640,-0.183,0.213
1668255033115,2022-11-12T14:10:33.115,485.560,0.884,-0.396,0.061
1668255033155,2022-11-12T14:10:33.155,485.600,0.884,-0.091,-0.122
1668255033195,2022-11-12T14:10:33.195,485.640,0.640,-0.061,0.000
1668255033235,2022-11-12T14:10:33.235,485.680,0.701,-0.305,0.183
1668255033275,2022-11-12T14:10:33.275,485.720,0.884,-0.305,0.030
1668255033315,2022-11-12T14:10:33.315,485.760,0.945,-0.091,-0.122
1668255033355,2022-11-12T14:10:33.355,485.800,0.762,0.000,0.030
1668255033395,2022-11-12T14:10:33.395,485.840,0.854,-0.152,0.122
1668255033435,2022-11-12T14:10:33.435,485.880,0.854,-0.091,0.000
1668255033475,2022-11-12T14:10:33.475,485.920,0.701,-0.244,0.213
1668255033515,2022-11-12T14:10:33.515,485.960,0.762,-0.366,0.122
1668255033555,2022-11-12T14:10:33.555,486.000,0.976,-0.213,-0.091
1668255033595,2022-11-12T14:10:33.595,486.040,0.945,-0.183,0.030
1668255033635,2022-11-12T14:10:33.635,486.080,0.945,-0.213,0.122
1668255033675,2022-11-12T14:10:33.675,486.120,0.823,-0.274,0.000
1668255033715,2022-11-12T14:10:33.715,486.160,1.037,-0.091,-0.213
1668255033755,2022-11-12T14:10:33.755,486.200,0.793,0.030,-0.061
1668255033795,2022-11-12T14:10:33.795,486.240,0.305,-0.183,0.183
1668255033835,2022-11-12T14:10:33.835,486.280,0.671,-0.152,0.000
1668255033875,2022-11-12T14:10:33.875,486.320,0.884,-0.244,-0.061
1668255033915,2022-11-12T14:10:33.915,486.360,0.579,-0.335,0.152
1668255033955,2022-11-12T14:10:33.955,486.400,0.976,-0.274,0.000
1668255033995,2022-11-12T14:10:33.995,486.440,0.854,-0.183,-0.030
1668255034035,2022-11-12T14:10:34.035,486.480,0.701,0.000,0.091
1668255034075,2022-11-12T14:10:34.075,486.520,0.823,-0.213,0.091
1668255034115,2022-11-12T14:10:34.115,486.560,0.915,0.030,-0.152
1668255034155,2022-11-12T14:10:34.155,486.600,0.732,-0.061,-0.030
1668255034195,2022-11-12T14:10:34.195,486.640,0.823,-0.213,0.152
1668255034235,2022-11-12T14:10:34.235,486.680,0.945,-0.183,-0.122
1668255034275,2022-11-12T14:10:34.275,486.720,0.793,-0.335,-0.061
1668255034315,2022-11-12T14:10:34.315,486.760,0.854,-0.183,0.061
1668255034355,2022-11-12T14:10:34.355,486.800,0.823,-0.244,0.122
1668255034395,2022-11-12T14:10:34.395,486.840,0.640,-0.152,0.061
1668255034435,2022-11-12T14:10:34.435,486.880,0.671,0.213,-0.030
1668255034475,2022-11-12T14:10:34.475,486.920,1.006,-0.183,0.091
1668255034515,2022-11-12T14:10:34.515,486.960,0.976,-0.579,-0.091
1668255034555,2022-11-12T14:10:34.555,487.000,0.823,-0.488,-0.366
1668255034595,2022-11-12T14:10:34.595,487.040,0.701,-0.183,-0.030
1668255034635,2022-11-12T14:10:34.635,487.080,0.457,-0.183,0.427
1668255034675,2022-11-12T14:10:34.675,487.120,0.793,-0.366,0.152
1668255034715,2022-11-12T14:10:34.715,487.160,1.524,-0.244,-0.366
1668255034755,2022-11-12T14:10:34.755,487.200,0.945,0.030,-0.122
1668255034795,2022-11-12T14:10:34.795,487.240,0.213,-0.091,0.213
1668255034835,2022-11-12T14:10:34.835,487.280,1.037,-0.518,0.030
1668255034875,2022-11-12T14:10:34.875,487.320,1.189,-0.518,0.061
1668255034915,2022-11-12T14:10:34.915,487.360,0.945,-0.091,0.122
1668255034955,2022-11-12T14:10:34.955,487.400,0.823,0.030,-0.091
1668255034995,2022-11-12T14:10:34.995,487.440,0.793,-0.274,-0.183
1668255035035,2022-11-12T14:10:35.035,487.480,0.945,-0.457,-0.183
1668255035075,2022-11-12T14:10:35.075,487.520,0.945,-0.335,0.061
1668255035115,2022-11-12T14:10:35.115,487.560,0.457,0.061,0.335
1668255035155,2022-11-12T14:10:35.155,487.600,0.884,0.000,-0.152
1668255035195,2022-11-12T14:10:35.195,487.640,1.189,-0.122,-0.274
1668255035235,2022-11-12T14:10:35.235,487.680,0.793,-0.518,0.152
1668255035275,2022-11-12T14:10:35.275,487.720,1.037,-0.823,0.000
1668255035315,2022-11-12T14:10:35.315,487.760,0.884,-0.396,-0.183
1668255035355,2022-11-12T14:10:35.355,487.800,0.640,-0.030,0.030
1668255035395,2022-11-12T14:10:35.395,487.840,0.701,0.000,0.244
1668255035435,2022-11-12T14:10:35.435,487.880,0.854,-0.274,0.000
1668255035475,2022-11-12T14:10:35.475,487.920,0.945,-0.244,-0.213
1668255035515,2022-11-12T14:10:35.515,487.960,1.037,-0.305,-0.213
1668255035555,2022-11-12T14:10:35.555,488.000,0.671,0.061,0.061
1668255035595,2022-11-12T14:10:35.595,488.040,0.274,0.030,0.274
1668255035635,2022-11-12T14:10:35.635,488.080,0.823,-0.457,0.183
1668255035675,2022-11-12T14:10:35.675,488.120,1.220,-0.579,-0.091
1668255035715,2022-11-12T14:10:35.715,488.160,1.098,-0.213,-0.061
1668255035755,2022-11-12T14:10:35.755,488.200,0.823,0.061,0.244
1668255035795,2022-11-12T14:10:35.795,488.240,0.732,-0.122,0.183
1668255035835,2022-11-12T14:10:35.835,488.280,0.854,-0.183,-0.244
1668255035875,2022-11-12T14:10:35.875,488.320,0.793,0.061,-0.030
1668255035915,2022-11-12T14:10:35.915,488.360,0.549,-0.091,0.335
1668255035955,2022-11-12T14:10:35.955,488.400,1.037,-0.518,-0.061
1668255035995,2022-11-12T14:10:35.995,488.440,1.250,-0.305,-0.488
1668255036035,2022-11-12T14:10:36.035,488.480,0.671,-0.030,0.183
1668255036075,2022-11-12T14:10:36.075,488.520,0.396,0.061,0.610
1668255036115,2022-11-12T14:10:36.115,488.560,0.854,-0.274,0.061
1668255036155,2022-11-12T14:10:36.155,488.600,1.128,-0.213,-0.183
1668255036195,2022-11-12T14:10:36.195,488.640,1.098,0.030,-0.213
1668255036235,2022-11-12T14:10:36.235,488.680,0.671,-0.213,-0.061
1668255036275,2022-11-12T14:10:36.275,488.720,0.762,-0.244,0.000
1668255036315,2022-11-12T14:10:36.315,488.760,1.006,-0.305,0.213
1668255036355,2022-11-12T14:10:36.355,488.800,0.762,-0.213,0.427
1668255036395,2022-11-12T14:10:36.395,488.840,0.915,0.244,0.183
1668255036435,2022-11-12T14:10:36.435,488.880,1.159,0.061,0.000
1668255036475,2022-11-12T14:10:36.475,488.920,0.823,0.152,-0.030
1668255036515,2022-11-12T14:10:36.515,488.960,0.915,0.061,-0.061
1668255036555,2022-11-12T14:10:36.555,489.000,1.098,-0.244,-0.030
1668255036595,2022-11-12T14:10:36.595,489.040,0.854,-0.396,0.213
1668255036635,2022-11-12T14:10:36.635,489.080,0.884,-0.549,0.213
1668255036675,2022-11-12T14:10:36.675,489.120,1.067,-0.152,-0.091
1668255036715,2022-11-12T14:10:36.715,489.160,0.671,0.122,0.030
1668255036755,2022-11-12T14:10:36.755,489.200,0.732,-0.244,0.335
1668255036795,2022-11-12T14:10:36.795,489.240,1.006,-0.305,0.030
1668255036835,2022-11-12T14:10:36.835,489.280,1.067,0.030,-0.305
1668255036875,2022-11-12T14:10:36.875,489.320,0.610,0.122,0.152
1668255036915,2022-11-12T14:10:36.915,489.360,0.518,-0.122,0.183
1668255036955,2022-11-12T14:10:36.955,489.400,0.854,-0.061,-0.061
1668255036995,2022-11-12T14:10:36.995,489.440,0.732,-0.274,0.000
1668255037035,2022-11-12T14:10:37.035,489.480,0.884,-0.396,0.030
1668255037075,2022-11-12T14:10:37.075,489.520,1.006,-0.061,-0.152
1668255037115,2022-11-12T14:10:37.115,489.560,0.610,-0.244,0.274
1668255037155,2022-11-12T14:10:37.155,489.600,0.762,-0.244,0.183
1668255037195,2022-11-12T14:10:37.195,489.640,1.220,-0.518,-0.122
1668255037235,2022-11-12T14:10:37.235,489.680,1.006,-0.549,0.335
1668255037275,2022-11-12T14:10:37.275,489.720,0.427,-0.640,0.488
1668255037315,2022-11-12T14:10:37.315,489.760,1.006,-0.915,-0.061
1668255037355,2022-11-12T14:10:37.355,489.800,1.098,-0.427,-0.244
1668255037395,2022-11-12T14:10:37.395,489.840,1.006,-0.122,-0.183
1668255037435,2022-11-12T14:10:37.435,489.880,1.067,-0.366,-0.366
1668255037475,2022-11-12T14:10:37.475,489.920,2.012,-1.311,-0.366
1668255037515,2022-11-12T14:10:37.515,489.960,1.646,-0.671,-0.305
1668255037555,2022-11-12T14:10:37.555,490.000,0.793,0.091,-0.183
1668255037595,2022-11-12T14:10:37.595,490.040,0.976,0.152,-0.091
1668255037635,2022-11-12T14:10:37.635,490.080,1.646,0.427,-0.640
1668255037675,2022-11-12T14:10:37.675,490.120,0.976,0.152,-0.122
1668255037715,2022-11-12T14:10:37.715,490.160,0.610,-0.122,0.457
1668255037755,2022-11-12T14:10:37.755,490.200,0.976,-0.030,0.122
1668255037795,2022-11-12T14:10:37.795,490.240,1.006,0.305,0.183
1668255037835,2022-11-12T14:10:37.835,490.280,0.549,0.213,0.671
1668255037875,2022-11-12T14:10:37.875,490.320,0.579,0.183,0.427
1668255037915,2022-11-12T14:10:37.915,490.360,1.616,0.091,-0.213
1668255037955,2022-11-12T14:10:37.955,490.400,1.220,-0.152,-0.030
1668255037995,2022-11-12T14:10:37.995,490.440,0.915,-0.427,-0.061
1668255038035,2022-11-12T14:10:38.035,490.480,1.037,-1.220,-0.305
1668255038075,2022-11-12T14:10:38.075,490.520,1.372,-1.402,-0.213
1668255038115,2022-11-12T14:10:38.115,490.560,1.220,-0.701,0.305
1668255038155,2022-11-12T14:10:38.155,490.600,0.335,-0.549,0.854
1668255038195,2022-11-12T14:10:38.195,490.640,0.671,-0.457,0.274
1668255038235,2022-11-12T14:10:38.235,490.680,1.768,-0.122,-0.701
1668255038275,2022-11-12T14:10:38.275,490.720,0.945,0.000,0.030
1668255038315,2022-11-12T14:10:38.315,490.760,0.305,0.061,0.457
1668255038355,2022-11-12T14:10:38.355,490.800,1.372,-0.427,-0.213
1668255038395,2022-11-12T14:10:38.395,490.840,1.463,-0.518,-0.122
1668255038435,2022-11-12T14:10:38.435,490.880,0.457,-0.244,0.457
1668255038475,2022-11-12T14:10:38.475,490.920,1.189,-0.183,0.183
1668255038515,2022-11-12T14:10:38.515,490.960,1.616,-0.488,0.061
1668255038555,2022-11-12T14:10:38.555,491.000,0.762,-0.335,0.122
1668255038595,2022-11-12T14:10:38.595,491.040,0.549,0.244,0.274
1668255038635,2022-11-12T14:10:38.635,491.080,0.183,0.396,0.488
1668255038675,2022-11-12T14:10:38.675,491.120,0.091,0.213,0.427
1668255038715,2022-11-12T14:10:38.715,491.160,0.945,-0.488,-0.030
1668255038755,2022-11-12T14:10:38.755,491.200,1.250,-0.457,-0.518
1668255038795,2022-11-12T14:10:38.795,491.240,1.006,-0.518,-0.030
1668255038835,2022-11-12T14:10:38.835,491.280,1.159,-1.159,0.000
1668255038875,2022-11-12T14:10:38.875,491.320,1.463,-1.159,-0.305
1668255038915,2022-11-12T14:10:38.915,491.360,1.738,-1.067,-0.152
1668255038955,2022-11-12T14:10:38.955,491.400,1.433,-0.701,0.579
1668255038995,2022-11-12T14:10:38.995,491.440,0.244,0.122,0.793
1668255039035,2022-11-12T14:10:39.035,491.480,0.854,0.122,0.152
1668255039075,2022-11-12T14:10:39.075,491.520,2.073,-0.579,-0.762
1668255039115,2022-11-12T14:10:39.115,491.560,1.494,-0.427,-0.427
1668255039155,2022-11-12T14:10:39.155,491.600,0.579,0.213,0.183
1668255039195,2022-11-12T14:10:39.195,491.640,1.159,0.000,0.000
1668255039235,2022-11-12T14:10:39.235,491.680,1.220,-0.671,0.213
1668255039275,2022-11-12T14:10:39.275,491.720,0.610,-0.030,-0.122
1668255039315,2022-11-12T14:10:39.315,491.760,0.518,0.061,0.030
1668255039355,2022-11-12T14:10:39.355,491.800,0.488,-0.244,0.579
1668255039395,2022-11-12T14:10:39.395,491.840,1.006,-0.366,0.122
1668255039435,2022-11-12T14:10:39.435,491.880,0.976,-0.274,-0.427
1668255039475,2022-11-12T14:10:39.475,491.920,0.915,0.152,-0.488
1668255039515,2022-11-12T14:10:39.515,491.960,0.000,0.030,0.305
1668255039555,2022-11-12T14:10:39.555,492.000,0.396,-0.427,0.061
1668255039595,2022-11-12T14:10:39.595,492.040,1.463,-1.463,-0.152
1668255039635,2022-11-12T14:10:39.635,492.080,0.976,-0.945,-0.030
1668255039675,2022-11-12T14:10:39.675,492.120,0.427,-0.091,-0.061
1668255039715,2022-11-12T14:10:39.715,492.160,0.274,0.061,0.244
1668255039755,2022-11-12T14:10:39.755,492.200,0.152,0.610,-0.122
1668255039795,2022-11-12T14:10:39.795,492.240,0.427,0.518,-0.427
1668255039835,2022-11-12T14:10:39.835,492.280,0.732,0.610,-0.427
1668255039875,2022-11-12T14:10:39.875,492.320,1.524,0.000,-0.366
1668255039915,2022-11-12T14:10:39.915,492.360,2.317,-0.762,-0.305
1668255039955,2022-11-12T14:10:39.955,492.400,1.280,0.335,0.061
1668255039995,2022-11-12T14:10:39.995,492.440,0.610,0.884,0.122
1668255040035,2022-11-12T14:10:40.035,492.480,1.646,-0.061,-0.091
1668255040075,2022-11-12T14:10:40.075,492.520,1.067,-0.366,0.030
1668255040115,2022-11-12T14:10:40.115,492.560,0.671,-0.274,0.427
1668255040155,2022-11-12T14:10:40.155,492.600,1.311,-0.457,0.091
1668255040195,2022-11-12T14:10:40.195,492.640,1.616,-0.701,-0.305
1668255040235,2022-11-12T14:10:40.235,492.680,0.823,-0.518,-0.061
1668255040275,2022-11-12T14:10:40.275,492.720,0.305,-0.030,0.183
1668255040315,2022-11-12T14:10:40.315,492.760,-0.427,0.000,0.549
1668255040355,2022-11-12T14:10:40.355,492.800,-0.457,-0.274,0.610
1668255040395,2022-11-12T14:10:40.395,492.840,0.457,-0.366,-0.061
1668255040435,2022-11-12T14:10:40.435,492.880,0.427,0.122,-0.427
1668255040475,2022-11-12T14:10:40.475,492.920,0.122,-0.122,0.030
1668255040515,2022-11-12T14:10:40.515,492.960,0.671,-0.915,0.030
1668255040555,2022-11-12T14:10:40.555,493.000,1.250,-0.549,-0.488
1668255040595,2022-11-12T14:10:40.595,493.040,1.189,-0.061,-0.061
1668255040635,2022-11-12T14:10:40.635,493.080,0.244,0.366,0.518
1668255040675,2022-11-12T14:10:40.675,493.120,0.884,0.000,0.030
1668255040715,2022-11-12T14:10:40.715,493.160,1.799,-0.366,-0.549
1668255040755,2022-11-12T14:10:40.755,493.200,0.823,0.000,-0.152
1668255040795,2022-11-12T14:10:40.795,493.240,0.640,-0.366,0.030
1668255040835,2022-11-12T14:10:40.835,493.280,0.976,-0.183,-0.183
1668255040875,2022-11-12T14:10:40.875,493.320,0.152,0.061,0.305
1668255040915,2022-11-12T14:10:40.915,493.360,0.457,-0.183,0.396
1668255040955,2022-11-12T14:10:40.955,493.400,0.915,-0.152,0.122
1668255040995,2022-11-12T14:10:40.995,493.440,1.280,-0.579,-0.091
1668255041035,2022-11-12T14:10:41.035,493.480,1.341,-0.854,-0.244
1668255041075,2022-11-12T14:10:41.075,493.520,1.189,-1.128,-0.183
1668255041115,2022-11-12T14:10:41.115,493.560,1.433,-1.463,-0.244
1668255041155,2022-11-12T14:10:41.155,493.600,0.549,-1.555,-0.305
1668255041195,2022-11-12T14:10:41.195,493.640,1.189,-1.098,-1.159
1668255041235,2022-11-12T14:10:41.235,493.680,1.037,-0.274,-0.793
1668255041275,2022-11-12T14:10:41.275,493.720,0.061,-0.457,0.579
1668255041315,2022-11-12T14:10:41.315,493.760,0.427,-0.518,0.213
1668255041355,2022-11-12T14:10:41.355,493.800,1.098,-0.274,-0.305
1668255041395,2022-11-12T14:10:41.395,493.840,0.396,-0.122,0.000
1668255041435,2022-11-12T14:10:41.435,493.880,0.000,0.061,0.396
1668255041475,2022-11-12T14:10:41.475,493.920,1.250,-0.427,-0.061
1668255041515,2022-11-12T14:10:41.515,493.960,1.037,-0.091,-0.030
1668255041555,2022-11-12T14:10:41.555,494.000,0.244,0.335,0.152
1668255041595,2022-11-12T14:10:41.595,494.040,1.220,-0.244,-0.305
1668255041635,2022-11-12T14:10:41.635,494.080,1.921,-0.823,-0.640
1668255041675,2022-11-12T14:10:41.675,494.120,0.732,-0.366,0.152
1668255041715,2022-11-12T14:10:41.715,494.160,0.518,0.091,0.427
1668255041755,2022-11-12T14:10:41.755,494.200,1.402,-0.732,-0.091
1668255041795,2022-11-12T14:10:41.795,494.240,1.189,-1.433,-0.213
1668255041835,2022-11-12T14:10:41.835,494.280,1.037,-1.646,0.061
1668255041875,2022-11-12T14:10:41.875,494.320,0.762,-0.488,-0.061
1668255041915,2022-11-12T14:10:41.915,494.360,-0.488,0.488,0.854
1668255041955,2022-11-12T14:10:41.955,494.400,0.579,0.183,0.488
1668255041995,2022-11-12T14:10:41.995,494.440,2.012,-0.061,-0.945
1668255042035,2022-11-12T14:10:42.035,494.480,1.402,0.366,-0.579
1668255042075,2022-11-12T14:10:42.075,494.520,0.518,0.915,0.579
1668255042115,2022-11-12T14:10:42.115,494.560,0.518,0.671,0.854
1668255042155,2022-11-12T14:10:42.155,494.600,0.640,0.305,0.518
1668255042195,2022-11-12T14:10:42.195,494.640,0.854,0.366,0.000
1668255042235,2022-11-12T14:10:42.235,494.680,1.067,0.000,0.061
1668255042275,2022-11-12T14:10:42.275,494.720,0.762,-0.030,0.427
1668255042315,2022-11-12T14:10:42.315,494.760,0.305,-0.488,0.000
1668255042355,2022-11-12T14:10:42.355,494.800,0.671,-0.671,-1.220
1668255042395,2022-11-12T14:10:42.395,494.840,1.341,-0.335,-1.159
1668255042435,2022-11-12T14:10:42.435,494.880,0.854,-0.488,-0.183
1668255042475,2022-11-12T14:10:42.475,494.920,-0.732,0.000,1.280
1668255042515,2022-11-12T14:10:42.515,494.960,0.122,0.122,1.037
1668255042555,2022-11-12T14:10:42.555,495.000,1.250,-0.152,-0.061
1668255042595,2022-11-12T14:10:42.595,495.040,0.732,0.244,0.061
1668255042635,2022-11-12T14:10:42.635,495.080,1.006,0.274,0.183
1668255042675,2022-11-12T14:10:42.675,495.120,0.884,0.274,0.457
1668255042715,2022-11-12T14:10:42.715,495.160,0.518,0.244,0.457
1668255042755,2022-11-12T14:10:42.755,495.200,0.549,-0.152,0.213
1668255042795,2022-11-12T14:10:42.795,495.240,0.854,-0.610,0.122
1668255042835,2022-11-12T14:10:42.835,495.280,0.549,-0.274,0.152
1668255042875,2022-11-12T14:10:42.875,495.320,0.366,0.213,0.122
1668255042915,2022-11-12T14:10:42.915,495.360,0.518,0.000,0.213
1668255042955,2022-11-12T14:10:42.955,495.400,0.823,-0.305,0.122
1668255042995,2022-11-12T14:10:42.995,495.440,0.610,-0.122,-0.061
1668255043035,2022-11-12T14:10:43.035,495.480,0.549,-0.061,0.000
1668255043075,2022-11-12T14:10:43.075,495.520,0.518,-0.122,0.061
1668255043115,2022-11-12T14:10:43.115,495.560,0.579,-0.030,0.061
1668255043155,2022-11-12T14:10:43.155,495.600,0.823,-0.030,0.000
1668255043195,2022-11-12T14:10:43.195,495.640,0.701,-0.244,0.152
1668255043235,2022-11-12T14:10:43.235,495.680,0.640,-0.061,0.122
1668255043275,2022-11-12T14:10:43.275,495.720,0.915,-0.122,-0.061
1668255043315,2022-11-12T14:10:43.315,495.760,0.732,-0.122,0.000
1668255043355,2022-11-12T14:10:43.355,495.800,0.823,0.030,0.000
1668255043395,2022-11-12T14:10:43.395,495.840,0.854,-0.152,-0.030
1668255043435,2022-11-12T14:10:43.435,495.880,0.671,-0.366,0.183
1668255043475,2022-11-12T14:10:43.475,495.920,1.189,-0.213,0.061
1668255043515,2022-11-12T14:10:43.515,495.960,1.037,-0.030,-0.061
1668255043555,2022-11-12T14:10:43.555,496.000,0.884,-0.244,-0.030
1668255043595,2022-11-12T14:10:43.595,496.040,0.854,-0.183,0.030
1668255043635,2022-11-12T14:10:43.635,496.080,0.610,0.335,-0.091
1668255043675,2022-11-12T14:10:43.675,496.120,0.793,0.030,-0.122
1668255043715,2022-11-12T14:10:43.715,496.160,0.762,-0.183,0.030
1668255043755,2022-11-12T14:10:43.755,496.200,0.610,0.122,0.000
1668255043795,2022-11-12T14:10:43.795,496.240,0.701,-0.030,0.000
1668255043835,2022-11-12T14:10:43.835,496.280,0.732,-0.244,0.152
1668255043875,2022-11-12T14:10:43.875,496.320,0.793,-0.366,-0.030
1668255043915,2022-11-12T14:10:43.915,496.360,0.823,-0.457,-0.091
1668255043955,2022-11-12T14:10:43.955,496.400,0.732,-0.122,0.030
1668255043995,2022-11-12T14:10:43.995,496.440,0.640,0.000,0.061
1668255044035,2022-11-12T14:10:44.035,496.480,0.854,-0.396,0.000
1668255044075,2022-11-12T14:10:44.075,496.520,0.945,-0.427,0.000
1668255044115,2022-11-12T14:10:44.115,496.560,1.006,-0.244,-0.030
1668255044155,2022-11-12T14:10:44.155,496.600,0.823,-0.274,0.122
1668255044195,2022-11-12T14:10:44.195,496.640,0.701,-0.152,0.122
1668255044235,2022-11-12T14:10:44.235,496.680,0.884,-0.305,0.152
1668255044275,2022-11-12T14:10:44.275,496.720,0.854,-0.244,0.122
1668255044315,2022-11-12T14:10:44.315,496.760,0.793,-0.183,0.213
1668255044355,2022-11-12T14:10:44.355,496.800,0.915,-0.305,0.000
1668255044395,2022-11-12T14:10:44.395,496.840,0.915,-0.274,-0.030
1668255044435,2022-11-12T14:10:44.435,496.880,0.732,-0.122,0.091
1668255044475,2022-11-12T14:10:44.475,496.920,0.732,-0.152,0.122
1668255044515,2022-11-12T14:10:44.515,496.960,0.823,-0.366,0.061
1668255044555,2022-11-12T14:10:44.555,497.000,0.854,-0.244,0.061
1668255044595,2022-11-12T14:10:44.595,497.040,0.884,0.030,0.030
1668255044635,2022-11-12T14:10:44.635,497.080,0.976,-0.091,-0.091
1668255044675,2022-11-12T14:10:44.675,497.120,0.884,-0.518,0.030
1668255044715,2022-11-12T14:10:44.715,497.160,0.823,-0.671,0.000
1668255044755,2022-11-12T14:10:44.755,497.200,1.006,-0.396,-0.091
1668255044795,2022-11-12T14:10:44.795,497.240,0.701,-0.061,0.061
1668255044835,2022-11-12T14:10:44.835,497.280,0.854,-0.122,0.000
1668255044875,2022-11-12T14:10:44.875,497.320,0.915,-0.427,0.061
1668255044915,2022-11-12T14:10:44.915,497.360,0.732,-0.122,0.122
1668255044955,2022-11-12T14:10:44.955,497.400,0.884,-0.061,-0.030
1668255044995,2022-11-12T14:10:44.995,497.440,0.701,-0.183,0.091
1668255045035,2022-11-12T14:10:45.035,497.480,0.793,0.091,-0.122
1668255045075,2022-11-12T14:10:45.075,497.520,1.098,-0.305,-0.091
1668255045115,2022-11-12T14:10:45.115,497.560,0.671,-0.305,0.183
1668255045155,2022-11-12T14:10:45.155,497.600,0.884,-0.091,-0.091
1668255045195,2022-11-12T14:10:45.195,497.640,0.854,-0.122,-0.030
1668255045235,2022-11-12T14:10:45.235,497.680,0.610,-0.061,0.061
1668255045275,2022-11-12T14:10:45.275,497.720,0.915,-0.213,-0.061
1668255045315,2022-11-12T14:10:45.315,497.760,0.976,-0.274,0.000
1668255045355,2022-11-12T14:10:45.355,497.800,0.793,0.030,-0.091
1668255045395,2022-11-12T14:10:45.395,497.840,0.854,0.091,-0.152
1668255045435,2022-11-12T14:10:45.435,497.880,0.823,-0.091,0.061
1668255045475,2022-11-12T14:10:45.475,497.920,0.823,-0.579,-0.030
1668255045515,2022-11-12T14:10:45.515,497.960,0.915,-0.518,-0.122
1668255045555,2022-11-12T14:10:45.555,498.000,0.823,-0.122,0.030
1668255045595,2022-11-12T14:10:45.595,498.040,0.579,-0.061,0.122
1668255045635,2022-11-12T14:10:45.635,498.080,0.976,-0.305,0.000
1668255045675,2022-11-12T14:10:45.675,498.120,1.250,-0.366,0.000
1668255045715,2022-11-12T14:10:45.715,498.160,0.976,-0.274,0.152
1668255045755,2022-11-12T14:10:45.755,498.200,0.762,-0.213,0.091
1668255045795,2022-11-12T14:10:45.795,498.240,0.823,-0.152,-0.091
1668255045835,2022-11-12T14:10:45.835,498.280,0.762,-0.152,0.030
1668255045875,2022-11-12T14:10:45.875,498.320,0.640,-0.152,0.183
1668255045915,2022-11-12T14:10:45.915,498.360,1.006,-0.335,-0.030
1668255045955,2022-11-12T14:10:45.955,498.400,1.037,-0.366,-0.030
1668255045995,2022-11-12T14:10:45.995,498.440,1.128,-0.305,0.122
1668255046035,2022-11-12T14:10:46.035,498.480,1.037,-0.457,0.061
1668255046075,2022-11-12T14:10:46.075,498.520,0.671,-0.366,0.000
1668255046115,2022-11-12T14:10:46.115,498.560,0.732,-0.152,-0.030
1668255046155,2022-11-12T14:10:46.155,498.600,0.945,-0.152,-0.061
1668255046195,2022-11-12T14:10:46.195,498.640,0.732,-0.030,-0.030
1668255046235,2022-11-12T14:10:46.235,498.680,0.701,-0.244,0.030
1668255046275,2022-11-12T14:10:46.275,498.720,1.006,-0.549,0.000
1668255046315,2022-11-12T14:10:46.315,498.760,0.854,-0.152,-0.152
1668255046355,2022-11-12T14:10:46.355,498.800,0.549,0.213,-0.061
1668255046395,2022-11-12T14:10:46.395,498.840,0.823,-0.152,0.061
1668255046435,2022-11-12T14:10:46.435,498.880,0.823,-0.518,-0.061
1668255046475,2022-11-12T14:10:46.475,498.920,0.549,-0.305,-0.061
1668255046515,2022-11-12T14:10:46.515,498.960,0.610,-0.183,0.183
1668255046555,2022-11-12T14:10:46.555,499.000,0.854,-0.152,0.061
1668255046595,2022-11-12T14:10:46.595,499.040,1.128,0.030,-0.152
1668255046635,2022-11-12T14:10:46.635,499.080,1.280,-0.091,0.000
1668255046675,2022-11-12T14:10:46.675,499.120,0.976,-0.122,0.122
1668255046715,2022-11-12T14:10:46.715,499.160,0.976,-0.335,-0.061
1668255046755,2022-11-12T14:10:46.755,499.200,1.189,-0.366,-0.152
1668255046795,2022-11-12T14:10:46.795,499.240,0.640,-0.091,0.091
1668255046835,2022-11-12T14:10:46.835,499.280,0.579,-0.091,0.152
1668255046875,2022-11-12T14:10:46.875,499.320,0.945,-0.305,0.030
1668255046915,2022-11-12T14:10:46.915,499.360,1.280,-0.335,-0.122
1668255046955,2022-11-12T14:10:46.955,499.400,0.884,-0.213,-0.061
1668255046995,2022-11-12T14:10:46.995,499.440,0.427,-0.061,0.000
1668255047035,2022-11-12T14:10:47.035,499.480,0.732,-0.244,0.061
1668255047075,2022-11-12T14:10:47.075,499.520,1.037,-0.427,-0.061
1668255047115,2022-11-12T14:10:47.115,499.560,1.006,-0.244,-0.122
1668255047155,2022-11-12T14:10:47.155,499.600,0.732,-0.030,0.061
1668255047195,2022-11-12T14:10:47.195,499.640,0.732,0.000,0.000
1668255047235,2022-11-12T14:10:47.235,499.680,0.701,-0.244,0.000
1668255047275,2022-11-12T14:10:47.275,499.720,0.549,-0.213,0.122
1668255047315,2022-11-12T14:10:47.315,499.760,0.762,-0.061,0.030
1668255047355,2022-11-12T14:10:47.355,499.800,0.976,-0.122,0.000
1668255047395,2022-11-12T14:10:47.395,499.840,1.098,-0.030,-0.122
1668255047435,2022-11-12T14:10:47.435,499.880,0.823,-0.152,0.030
1668255047475,2022-11-12T14:10:47.475,499.920,0.732,-0.305,0.091
1668255047515,2022-11-12T14:10:47.515,499.960,0.854,-0.335,-0.091
1668255047555,2022-11-12T14:10:47.555,500.000,0.915,0.061,-0.122
1668255047595,2022-11-12T14:10:47.595,500.040,1.128,0.305,-0.183
1668255047635,2022-11-12T14:10:47.635,500.080,1.098,-0.213,-0.152
1668255047675,2022-11-12T14:10:47.675,500.120,0.854,-0.274,-0.061
1668255047715,2022-11-12T14:10:47.715,500.160,0.579,-0.213,0.061
1668255047755,2022-11-12T14:10:47.755,500.200,0.640,-0.030,0.030
1668255047795,2022-11-12T14:10:47.795,500.240,0.762,-0.122,0.091
1668255047835,2022-11-12T14:10:47.835,500.280,1.006,-0.335,0.061
1668255047875,2022-11-12T14:10:47.875,500.320,1.037,-0.305,-0.061
1668255047915,2022-11-12T14:10:47.915,500.360,1.098,-0.213,-0.091
1668255047955,2022-11-12T14:10:47.955,500.400,0.884,-0.183,0.091
1668255047995,2022-11-12T14:10:47.995,500.440,0.854,-0.244,0.061
1668255048035,2022-11-12T14:10:48.035,500.480,0.823,-0.579,-0.061
1668255048075,2022-11-12T14:10:48.075,500.520,0.732,-0.457,0.122
1668255048115,2022-11-12T14:10:48.115,500.560,0.793,-0.244,0.091
1668255048155,2022-11-12T14:10:48.155,500.600,0.793,-0.305,0.000
1668255048195,2022-11-12T14:10:48.195,500.640,0.976,-0.183,-0.091
1668255048235,2022-11-12T14:10:48.235,500.680,0.854,-0.213,0.030
1668255048275,2022-11-12T14:10:48.275,500.720,0.610,-0.152,0.244
1668255048315,2022-11-12T14:10:48.315,500.760,0.884,-0.366,-0.030
1668255048355,2022-11-12T14:10:48.355,500.800,0.854,-0.396,-0.030
1668255048395,2022-11-12T14:10:48.395,500.840,0.579,-0.335,0.122
1668255048435,2022-11-12T14:10:48.435,500.880,0.884,-0.244,0.000
1668255048475,2022-11-12T14:10:48.475,500.920,1.128,-0.366,-0.030
1668255048515,2022-11-12T14:10:48.515,500.960,1.067,-0.152,-0.030
1668255048555,2022-11-12T14:10:48.555,501.000,0.640,-0.091,0.030
1668255048595,2022-11-12T14:10:48.595,501.040,0.701,-0.396,0.122
1668255048635,2022-11-12T14:10:48.635,501.080,1.098,-0.640,-0.152
1668255048675,2022-11-12T14:10:48.675,501.120,0.945,-0.457,-0.122
1668255048715,2022-11-12T14:10:48.715,501.160,0.671,-0.305,0.122
1668255048755,2022-11-12T14:10:48.755,501.200,0.549,-0.183,0.091
1668255048795,2022-11-12T14:10:48.795,501.240,0.976,-0.274,-0.061
1668255048835,2022-11-12T14:10:48.835,501.280,0.671,-0.213,0.122
1668255048875,2022-11-12T14:10:48.875,501.320,0.518,-0.213,0.122
1668255048915,2022-11-12T14:10:48.915,501.360,0.823,-0.152,-0.061
1668255048955,2022-11-12T14:10:48.955,501.400,1.006,-0.091,-0.122
1668255048995,2022-11-12T14:10:48.995,501.440,0.701,-0.274,0.091
1668255049035,2022-11-12T14:10:49.035,501.480,0.701,-0.274,0.152
1668255049075,2022-11-12T14:10:49.075,501.520,0.976,-0.152,-0.030
1668255049115,2022-11-12T14:10:49.115,501.560,1.128,-0.213,-0.122
1668255049155,2022-11-12T14:10:49.155,501.600,0.884,-0.274,0.030
1668255049195,2022-11-12T14:10:49.195,501.640,0.732,-0.335,0.030
1668255049235,2022-11-12T14:10:49.235,501.680,0.701,-0.274,-0.061
1668255049275,2022-11-12T14:10:49.275,501.720,0.610,-0.152,0.061
1668255049315,2022-11-12T14:10:49.315,501.760,0.701,-0.061,0.091
1668255049355,2022-11-12T14:10:49.355,501.800,0.701,-0.396,0.061
1668255049395,2022-11-12T14:10:49.395,501.840,0.915,-0.518,-0.061
1668255049435,2022-11-12T14:10:49.435,501.880,1.006,-0.305,-0.061
1668255049475,2022-11-12T14:10:49.475,501.920,0.457,0.061,0.183
1668255049515,2022-11-12T14:10:49.515,501.960,0.823,-0.091,0.000
1668255049555,2022-11-12T14:10:49.555,502.000,1.037,-0.274,-0.122
1668255049595,2022-11-12T14:10:49.595,502.040,0.762,0.030,0.000
1668255049635,2022-11-12T14:10:49.635,502.080,0.793,-0.091,0.000
1668255049675,2022-11-12T14:10:49.675,502.120,0.884,-0.213,0.030
1668255049715,2022-11-12T14:10:49.715,502.160,0.976,-0.244,-0.091
1668255049755,2022-11-12T14:10:49.755,502.200,0.549,-0.152,0.122
1668255049795,2022-11-12T14:10:49.795,502.240,0.671,-0.030,0.030
1668255049835,2022-11-12T14:10:49.835,502.280,1.037,-0.030,-0.274
1668255049875,2022-11-12T14:10:49.875,502.320,0.823,0.000,-0.030
1668255049915,2022-11-12T14:10:49.915,502.360,0.793,-0.305,0.061
1668255049955,2022-11-12T14:10:49.955,502.400,0.854,-0.244,-0.183
1668255049995,2022-11-12T14:10:49.995,502.440,0.610,0.030,-0.061
1668255050035,2022-11-12T14:10:50.035,502.480,0.274,0.030,0.152
1668255050075,2022-11-12T14:10:50.075,502.520,0.335,-0.274,0.061
1668255050115,2022-11-12T14:10:50.115,502.560,0.915,-0.366,-0.183
1668255050155,2022-11-12T14:10:50.155,502.600,1.037,-0.274,-0.152
1668255050195,2022-11-12T14:10:50.195,502.640,0.823,-0.091,-0.061
1668255050235,2022-11-12T14:10:50.235,502.680,0.915,-0.152,-0.091
1668255050275,2022-11-12T14:10:50.275,502.720,0.823,-0.183,-0.061
1668255050315,2022-11-12T14:10:50.315,502.760,0.518,-0.122,0.061
1668255050355,2022-11-12T14:10:50.355,502.800,1.006,-0.274,-0.091
1668255050395,2022-11-12T14:10:50.395,502.840,1.006,-0.122,-0.061
1668255050435,2022-11-12T14:10:50.435,502.880,0.884,-0.152,0.061
1668255050475,2022-11-12T14:10:50.475,502.920,0.701,-0.152,0.091
1668255050515,2022-11-12T14:10:50.515,502.960,0.793,-0.213,-0.061
1668255050555,2022-11-12T14:10:50.555,503.000,0.945,-0.213,-0.061
1668255050595,2022-11-12T14:10:50.595,503.040,0.640,-0.091,0.091
1668255050635,2022-11-12T14:10:50.635,503.080,0.823,-0.152,-0.091
1668255050675,2022-11-12T14:10:50.675,503.120,0.793,-0.061,-0.122
1668255050715,2022-11-12T14:10:50.715,503.160,0.549,0.213,-0.152
1668255050755,2022-11-12T14:10:50.755,503.200,-1.189,1.280,-0.793
1668255050795,2022-11-12T14:10:50.795,503.240,-1.280,1.006,-0.427
1668255050835,2022-11-12T14:10:50.835,503.280,0.762,-0.274,-0.122
1668255050875,2022-11-12T14:10:50.875,503.320,1.067,-0.305,-0.030
1668255050915,2022-11-12T14:10:50.915,503.360,0.579,-0.183,0.213
1668255050955,2022-11-12T14:10:50.955,503.400,0.976,-0.152,0.030
1668255050995,2022-11-12T14:10:50.995,503.440,1.006,-0.305,-0.030
1668255051035,2022-11-12T14:10:51.035,503.480,0.793,-0.274,0.061
1668255051075,2022-11-12T14:10:51.075,503.520,0.671,0.000,-0.091
1668255051115,2022-11-12T14:10:51.115,503.560,0.305,0.000,-0.122
1668255051155,2022-11-12T14:10:51.155,503.600,0.793,-0.122,-0.030
1668255051195,2022-11-12T14:10:51.195,503.640,0.915,-0.030,-0.091
1668255051235,2022-11-12T14:10:51.235,503.680,0.823,-0.244,0.122
1668255051275,2022-11-12T14:10:51.275,503.720,0.976,-0.701,0.122
1668255051315,2022-11-12T14:10:51.315,503.760,0.884,-0.366,-0.091
1668255051355,2022-11-12T14:10:51.355,503.800,0.579,-0.183,0.030
1668255051395,2022-11-12T14:10:51.395,503.840,1.159,-0.030,0.000
1668255051435,2022-11-12T14:10:51.435,503.880,1.037,-0.122,0.000
1668255051475,2022-11-12T14:10:51.475,503.920,0.823,-0.213,0.030
1668255051515,2022-11-12T14:10:51.515,503.960,0.793,-0.061,0.000
1668255051555,2022-11-12T14:10:51.555,504.000,0.579,-0.366,0.000
1668255051595,2022-11-12T14:10:51.595,504.040,0.884,-0.518,-0.091
1668255051635,2022-11-12T14:10:51.635,504.080,0.762,-0.152,-0.061
1668255051675,2022-11-12T14:10:51.675,504.120,0.579,0.061,0.091
1668255051715,2022-11-12T14:10:51.715,504.160,0.793,-0.152,0.030
1668255051755,2022-11-12T14:10:51.755,504.200,0.915,-0.335,-0.061
1668255051795,2022-11-12T14:10:51.795,504.240,0.854,-0.244,0.000
1668255051835,2022-11-12T14:10:51.835,504.280,0.854,-0.183,0.030
1668255051875,2022-11-12T14:10:51.875,504.320,0.915,-0.183,0.000
1668255051915,2022-11-12T14:10:51.915,504.360,0.915,-0.183,-0.122
1668255051955,2022-11-12T14:10:51.955,504.400,0.671,-0.152,0.091
1668255051995,2022-11-12T14:10:51.995,504.440,0.701,-0.183,0.061
1668255052035,2022-11-12T14:10:52.035,504.480,1.128,-0.183,-0.091
1668255052075,2022-11-12T14:10:52.075,504.520,0.945,-0.213,0.000
1668255052115,2022-11-12T14:10:52.115,504.560,0.732,-0.274,0.000
1668255052155,2022-11-12T14:10:52.155,504.600,0.976,-0.274,-0.061
1668255052195,2022-11-12T14:10:52.195,504.640,0.884,-0.335,0.000
1668255052235,2022-11-12T14:10:52.235,504.680,0.976,-0.152,0.030
1668255052275,2022-11-12T14:10:52.275,504.720,0.915,-0.183,-0.030
1668255052315,2022-11-12T14:10:52.315,504.760,0.884,-0.610,0.030
1668255052355,2022-11-12T14:10:52.355,504.800,1.037,-0.488,-0.122
1668255052395,2022-11-12T14:10:52.395,504.840,1.098,-0.335,0.000
1668255052435,2022-11-12T14:10:52.435,504.880,0.915,-0.488,0.152
1668255052475,2022-11-12T14:10:52.475,504.920,1.006,-0.457,-0.152
1668255052515,2022-11-12T14:10:52.515,504.960,0.793,-0.213,-0.030
1668255052555,2022-11-12T14:10:52.555,505.000,0.823,0.061,0.000
1668255052595,2022-11-12T14:10:52.595,505.040,1.098,-0.152,-0.122
1668255052635,2022-11-12T14:10:52.635,505.080,1.159,-0.305,-0.091
1668255052675,2022-11-12T14:10:52.675,505.120,1.006,-0.213,0.000
1668255052715,2022-11-12T14:10:52.715,505.160,0.915,-0.183,0.061
1668255052755,2022-11-12T14:10:52.755,505.200,0.884,-0.305,0.122
1668255052795,2022-11-12T14:10:52.795,505.240,0.884,-0.244,-0.030
1668255052835,2022-11-12T14:10:52.835,505.280,1.006,-0.152,-0.061
1668255052875,2022-11-12T14:10:52.875,505.320,1.159,-0.152,0.061
1668255052915,2022-11-12T14:10:52.915,505.360,1.433,-0.152,0.061
1668255052955,2022-11-12T14:10:52.955,505.400,1.433,-0.122,-0.061
1668255052995,2022-11-12T14:10:52.995,505.440,0.854,-0.091,-0.091
1668255053035,2022-11-12T14:10:53.035,505.480,0.854,-0.335,-0.030
1668255053075,2022-11-12T14:10:53.075,505.520,0.884,-0.457,0.000
1668255053115,2022-11-12T14:10:53.115,505.560,0.854,-0.396,-0.152
1668255053155,2022-11-12T14:10:53.155,505.600,0.671,-0.305,0.061
1668255053195,2022-11-12T14:10:53.195,505.640,0.610,-0.061,0.183
1668255053235,2022-11-12T14:10:53.235,505.680,0.915,-0.183,0.030
1668255053275,2022-11-12T14:10:53.275,505.720,1.280,-0.183,-0.030
1668255053315,2022-11-12T14:10:53.315,505.760,1.159,-0.061,0.152
1668255053355,2022-11-12T14:10:53.355,505.800,0.915,0.091,0.152
1668255053395,2022-11-12T14:10:53.395,505.840,1.006,0.274,0.061
1668255053435,2022-11-12T14:10:53.435,505.880,0.976,0.152,0.000
1668255053475,2022-11-12T14:10:53.475,505.920,0.610,-0.061,0.091
1668255053515,2022-11-12T14:10:53.515,505.960,0.762,-0.122,0.000
1668255053555,2022-11-12T14:10:53.555,506.000,0.976,-0.244,-0.061
1668255053595,2022-11-12T14:10:53.595,506.040,0.793,-0.305,0.061
1668255053635,2022-11-12T14:10:53.635,506.080,0.884,-0.152,-0.061
1668255053675,2022-11-12T14:10:53.675,506.120,0.823,0.030,0.000
1668255053715,2022-11-12T14:10:53.715,506.160,0.823,0.183,0.061
1668255053755,2022-11-12T14:10:53.755,506.200,0.671,0.061,0.122
1668255053795,2022-11-12T14:10:53.795,506.240,0.762,-0.396,0.061
1668255053835,2022-11-12T14:10:53.835,506.280,0.823,-0.274,-0.030
1668255053875,2022-11-12T14:10:53.875,506.320,0.854,-0.091,0.030
1668255053915,2022-11-12T14:10:53.915,506.360,0.793,-0.091,0.122
1668255053955,2022-11-12T14:10:53.955,506.400,1.037,-0.366,-0.061
1668255053995,2022-11-12T14:10:53.995,506.440,0.884,-0.152,-0.061
1668255054035,2022-11-12T14:10:54.035,506.480,0.762,-0.274,0.061
1668255054075,2022-11-12T14:10:54.075,506.520,1.067,-0.335,-0.030
1668255054115,2022-11-12T14:10:54.115,506.560,0.945,-0.061,-0.061
1668255054155,2022-11-12T14:10:54.155,506.600,0.488,-0.244,0.183
1668255054195,2022-11-12T14:10:54.195,506.640,0.701,-0.213,0.122
1668255054235,2022-11-12T14:10:54.235,506.680,0.854,-0.122,-0.091
1668255054275,2022-11-12T14:10:54.275,506.720,0.579,0.000,0.030
1668255054315,2022-11-12T14:10:54.315,506.760,0.671,0.000,0.061
1668255054355,2022-11-12T14:10:54.355,506.800,1.006,-0.213,0.000
1668255054395,2022-11-12T14:10:54.395,506.840,0.915,-0.122,-0.030
1668255054435,2022-11-12T14:10:54.435,506.880,0.610,-0.213,0.091
1668255054475,2022-11-12T14:10:54.475,506.920,0.610,-0.457,0.030
1668255054515,2022-11-12T14:10:54.515,506.960,0.793,-0.305,-0.183
1668255054555,2022-11-12T14:10:54.555,507.000,0.610,-0.152,-0.030
1668255054595,2022-11-12T14:10:54.595,507.040,0.640,-0.061,0.122
1668255054635,2022-11-12T14:10:54.635,507.080,0.976,-0.183,-0.061
1668255054675,2022-11-12T14:10:54.675,507.120,0.701,-0.122,-0.030
1668255054715,2022-11-12T14:10:54.715,507.160,0.488,0.122,0.061
1668255054755,2022-11-12T14:10:54.755,507.200,0.854,-0.061,-0.122
1668255054795,2022-11-12T14:10:54.795,507.240,0.762,-0.152,-0.061
1668255054835,2022-11-12T14:10:54.835,507.280,0.701,-0.152,0.030
1668255054875,2022-11-12T14:10:54.875,507.320,0.701,-0.274,0.091
1668255054915,2022-11-12T14:10:54.915,507.360,0.823,-0.213,-0.030
1668255054955,2022-11-12T14:10:54.955,507.400,1.280,-0.274,-0.061
1668255054995,2022-11-12T14:10:54.995,507.440,0.854,-0.152,0.122
1668255055035,2022-11-12T14:10:55.035,507.480,0.854,-0.244,0.091
1668255055075,2022-11-12T14:10:55.075,507.520,1.189,0.030,-0.244
1668255055115,2022-11-12T14:10:55.115,507.560,0.793,0.030,-0.122
1668255055155,2022-11-12T14:10:55.155,507.600,0.610,-0.244,0.030
1668255055195,2022-11-12T14:10:55.195,507.640,0.457,-0.396,0.152
1668255055235,2022-11-12T14:10:55.235,507.680,0.518,-0.396,0.122
1668255055275,2022-11-12T14:10:55.275,507.720,0.732,-0.091,0.030
1668255055315,2022-11-12T14:10:55.315,507.760,0.732,-0.030,-0.030
1668255055355,2022-11-12T14:10:55.355,507.800,0.976,-0.030,-0.122
1668255055395,2022-11-12T14:10:55.395,507.840,1.067,-0.305,0.000
1668255055435,2022-11-12T14:10:55.435,507.880,0.732,-0.213,0.122
1668255055475,2022-11-12T14:10:55.475,507.920,0.762,-0.030,0.061
1668255055515,2022-11-12T14:10:55.515,507.960,0.732,-0.213,0.061
1668255055555,2022-11-12T14:10:55.555,508.000,0.732,-0.122,0.000
1668255055595,2022-11-12T14:10:55.595,508.040,0.945,-0.274,0.000
1668255055635,2022-11-12T14:10:55.635,508.080,0.854,-0.152,0.091
1668255055675,2022-11-12T14:10:55.675,508.120,0.671,0.061,-0.030
1668255055715,2022-11-12T14:10:55.715,508.160,0.823,-0.030,0.000
1668255055755,2022-11-12T14:10:55.755,508.200,0.732,-0.274,0.061
1668255055795,2022-11-12T14:10:55.795,508.240,0.884,-0.305,-0.091
1668255055835,2022-11-12T14:10:55.835,508.280,0.732,-0.305,-0.030
1668255055875,2022-11-12T14:10:55.875,508.320,0.640,-0.152,0.061
1668255055915,2022-11-12T14:10:55.915,508.360,0.762,0.000,-0.061
1668255055955,2022-11-12T14:10:55.955,508.400,0.732,-0.518,0.030
1668255055995,2022-11-12T14:10:55.995,508.440,0.915,-0.549,0.000
1668255056035,2022-11-12T14:10:56.035,508.480,1.006,-0.305,-0.061
1668255056075,2022-11-12T14:10:56.075,508.520,0.610,-0.213,0.122
1668255056115,2022-11-12T14:10:56.115,508.560,0.701,-0.152,0.000
1668255056155,2022-11-12T14:10:56.155,508.600,0.976,-0.305,-0.152
1668255056195,2022-11-12T14:10:56.195,508.640,0.701,-0.152,0.000
1668255056235,2022-11-12T14:10:56.235,508.680,0.732,-0.244,0.000
1668255056275,2022-11-12T14:10:56.275,508.720,0.884,-0.244,-0.061
1668255056315,2022-11-12T14:10:56.315,508.760,0.884,-0.152,-0.122
1668255056355,2022-11-12T14:10:56.355,508.800,0.793,-0.274,0.030
1668255056395,2022-11-12T14:10:56.395,508.840,0.640,-0.213,0.122
1668255056435,2022-11-12T14:10:56.435,508.880,0.854,-0.152,-0.122
1668255056475,2022-11-12T14:10:56.475,508.920,0.884,-0.213,-0.061
1668255056515,2022-11-12T14:10:56.515,508.960,0.915,-0.274,0.030
1668255056555,2022-11-12T14:10:56.555,509.000,1.037,-0.244,-0.030
1668255056595,2022-11-12T14:10:56.595,509.040,1.006,-0.305,0.000
1668255056635,2022-11-12T14:10:56.635,509.080,0.976,-0.183,-0.122
1668255056675,2022-11-12T14:10:56.675,509.120,1.098,-0.122,-0.152
1668255056715,2022-11-12T14:10:56.715,509.160,0.701,-0.335,0.122
1668255056755,2022-11-12T14:10:56.755,509.200,0.884,-0.518,-0.061
1668255056795,2022-11-12T14:10:56.795,509.240,0.915,-0.305,-0.091
1668255056835,2022-11-12T14:10:56.835,509.280,0.732,-0.152,0.061
1668255056875,2022-11-12T14:10:56.875,509.320,0.823,-0.122,0.061
1668255056915,2022-11-12T14:10:56.915,509.360,0.884,-0.274,-0.061
1668255056955,2022-11-12T14:10:56.955,509.400,0.884,-0.213,0.030
1668255056995,2022-11-12T14:10:56.995,509.440,1.006,-0.396,0.061
1668255057035,2022-11-12T14:10:57.035,509.480,0.915,-0.305,0.000
1668255057075,2022-11-12T14:10:57.075,509.520,0.732,-0.091,-0.030
1668255057115,2022-11-12T14:10:57.115,509.560,0.762,-0.183,0.183
1668255057155,2022-11-12T14:10:57.155,509.600,0.854,-0.122,0.091
1668255057195,2022-11-12T14:10:57.195,509.640,1.037,-0.091,-0.122
1668255057235,2022-11-12T14:10:57.235,509.680,0.762,-0.152,0.061
1668255057275,2022-11-12T14:10:57.275,509.720,0.732,-0.091,0.091
1668255057315,2022-11-12T14:10:57.315,509.760,0.915,-0.152,-0.091
1668255057355,2022-11-12T14:10:57.355,509.800,0.945,-0.274,0.030
1668255057395,2022-11-12T14:10:57.395,509.840,0.976,-0.030,0.244
1668255057435,2022-11-12T14:10:57.435,509.880,0.579,0.030,0.457
1668255057475,2022-11-12T14:10:57.475,509.920,0.854,-0.427,0.030
1668255057515,2022-11-12T14:10:57.515,509.960,1.006,-0.488,-0.335
1668255057555,2022-11-12T14:10:57.555,510.000,0.610,-0.183,0.000
1668255057595,2022-11-12T14:10:57.595,510.040,0.518,0.122,0.091
1668255057635,2022-11-12T14:10:57.635,510.080,0.854,-0.213,-0.183
1668255057675,2022-11-12T14:10:57.675,510.120,0.793,-0.244,-0.122
1668255057715,2022-11-12T14:10:57.715,510.160,0.671,-0.091,0.122
1668255057755,2022-11-12T14:10:57.755,510.200,0.793,-0.213,0.091
1668255057795,2022-11-12T14:10:57.795,510.240,0.976,-0.183,-0.152
1668255057835,2022-11-12T14:10:57.835,510.280,1.128,-0.244,0.152
1668255057875,2022-11-12T14:10:57.875,510.320,0.945,-0.335,0.579
1668255057915,2022-11-12T14:10:57.915,510.360,1.189,-0.427,0.122
1668255057955,2022-11-12T14:10:57.955,510.400,1.159,-0.305,-0.213
1668255057995,2022-11-12T14:10:57.995,510.440,0.671,-0.061,0.183
1668255058035,2022-11-12T14:10:58.035,510.480,0.671,-0.030,0.091
1668255058075,2022-11-12T14:10:58.075,510.520,0.915,-0.183,-0.152
1668255058115,2022-11-12T14:10:58.115,510.560,0.854,-0.152,-0.061
1668255058155,2022-11-12T14:10:58.155,510.600,0.823,0.000,-0.030
1668255058195,2022-11-12T14:10:58.195,510.640,0.701,-0.030,-0.030
1668255058235,2022-11-12T14:10:58.235,510.680,0.762,-0.091,-0.091
1668255058275,2022-11-12T14:10:58.275,510.720,0.884,-0.335,-0.030
1668255058315,2022-11-12T14:10:58.315,510.760,0.671,-0.305,0.030
1668255058355,2022-11-12T14:10:58.355,510.800,0.854,-0.152,-0.152
1668255058395,2022-11-12T14:10:58.395,510.840,0.732,-0.061,0.000
1668255058435,2022-11-12T14:10:58.435,510.880,0.732,-0.030,0.030
1668255058475,2022-11-12T14:10:58.475,510.920,0.793,-0.213,0.000
1668255058515,2022-11-12T14:10:58.515,510.960,0.793,-0.030,0.030
1668255058555,2022-11-12T14:10:58.555,511.000,0.884,-0.030,-0.122
1668255058595,2022-11-12T14:10:58.595,511.040,0.793,-0.091,0.000
1668255058635,2022-11-12T14:10:58.635,511.080,0.823,-0.091,0.061
1668255058675,2022-11-12T14:10:58.675,511.120,0.793,-0.213,0.061
1668255058715,2022-11-12T14:10:58.715,511.160,0.579,-0.122,0.152
1668255058755,2022-11-12T14:10:58.755,511.200,0.854,-0.152,-0.122
1668255058795,2022-11-12T14:10:58.795,511.240,0.823,-0.152,-0.183
1668255058835,2022-11-12T14:10:58.835,511.280,0.701,-0.183,0.061
1668255058875,2022-11-12T14:10:58.875,511.320,0.915,-0.061,-0.030
1668255058915,2022-11-12T14:10:58.915,511.360,0.854,-0.091,-0.030
1668255058955,2022-11-12T14:10:58.955,511.400,0.732,-0.183,0.061
1668255058995,2022-11-12T14:10:58.995,511.440,0.854,-0.122,-0.030
1668255059035,2022-11-12T14:10:59.035,511.480,0.762,-0.091,-0.030
1668255059075,2022-11-12T14:10:59.075,511.520,0.884,-0.091,-0.030
1668255059115,2022-11-12T14:10:59.115,511.560,0.793,0.000,-0.061
1668255059155,2022-11-12T14:10:59.155,511.600,0.518,-0.366,0.091
1668255059195,2022-11-12T14:10:59.195,511.640,0.854,-0.396,-0.061
1668255059235,2022-11-12T14:10:59.235,511.680,0.915,-0.183,-0.122
1668255059275,2022-11-12T14:10:59.275,511.720,0.549,0.030,0.091
1668255059315,2022-11-12T14:10:59.315,511.760,0.854,0.000,0.061
1668255059355,2022-11-12T14:10:59.355,511.800,1.037,-0.305,-0.091
1668255059395,2022-11-12T14:10:59.395,511.840,0.640,-0.122,0.030
1668255059435,2022-11-12T14:10:59.435,511.880,0.762,-0.030,0.000
1668255059475,2022-11-12T14:10:59.475,511.920,0.823,-0.183,0.000
1668255059515,2022-11-12T14:10:59.515,511.960,0.732,-0.091,-0.091
1668255059555,2022-11-12T14:10:59.555,512.000,0.701,-0.091,0.000
1668255059595,2022-11-12T14:10:59.595,512.040,0.610,-0.030,0.091
1668255059635,2022-11-12T14:10:59.635,512.080,0.976,-0.213,-0.122
1668255059675,2022-11-12T14:10:59.675,512.120,0.976,-0.335,-0.091
1668255059715,2022-11-12T14:10:59.715,512.160,0.793,-0.244,0.030
1668255059755,2022-11-12T14:10:59.755,512.200,0.793,-0.030,0.061
1668255059795,2022-11-12T14:10:59.795,512.240,0.884,-0.091,-0.030
1668255059835,2022-11-12T14:10:59.835,512.280,0.915,-0.305,-0.030
1668255059875,2022-11-12T14:10:59.875,512.320,0.732,-0.183,0.000
1668255059915,2022-11-12T14:10:59.915,512.360,0.823,-0.152,-0.061
1668255059955,2022-11-12T14:10:59.955,512.400,0.915,-0.030,-0.061
1668255059995,2022-11-12T14:10:59.995,512.440,0.732,-0.305,0.030
1668255060035,2022-11-12T14:11:00.035,512.480,0.823,-0.457,0.000
1668255060075,2022-11-12T14:11:00.075,512.520,1.006,-0.122,-0.183
1668255060115,2022-11-12T14:11:00.115,512.560,0.640,-0.091,0.091
1668255060155,2022-11-12T14:11:00.155,512.600,0.732,-0.122,0.030
1668255060195,2022-11-12T14:11:00.195,512.640,0.976,-0.274,-0.152
1668255060235,2022-11-12T14:11:00.235,512.680,0.488,-0.244,0.091
1668255060275,2022-11-12T14:11:00.275,512.720,0.549,-0.183,0.122
1668255060315,2022-11-12T14:11:00.315,512.760,1.006,-0.244,-0.091
1668255060355,2022-11-12T14:11:00.355,512.800,1.098,-0.122,-0.122
1668255060395,2022-11-12T14:11:00.395,512.840,1.098,-0.213,-0.030
1668255060435,2022-11-12T14:11:00.435,512.880,0.793,-0.183,0.091
1668255060475,2022-11-12T14:11:00.475,512.920,0.915,-0.244,-0.091
1668255060515,2022-11-12T14:11:00.515,512.960,1.037,-0.244,-0.091
1668255060555,2022-11-12T14:11:00.555,513.000,0.823,-0.091,0.030
1668255060595,2022-11-12T14:11:00.595,513.040,0.732,-0.213,-0.030
1668255060635,2022-11-12T14:11:00.635,513.080,0.945,-0.366,-0.091
1668255060675,2022-11-12T14:11:00.675,513.120,1.159,-0.305,-0.061
1668255060715,2022-11-12T14:11:00.715,513.160,0.823,-0.213,0.000
1668255060755,2022-11-12T14:11:00.755,513.200,0.762,-0.091,0.000
1668255060795,2022-11-12T14:11:00.795,513.240,0.823,-0.183,-0.061
1668255060835,2022-11-12T14:11:00.835,513.280,0.640,-0.335,-0.030
1668255060875,2022-11-12T14:11:00.875,513.320,0.732,-0.366,-0.061
1668255060915,2022-11-12T14:11:00.915,513.360,0.732,-0.549,0.091
1668255060955,2022-11-12T14:11:00.955,513.400,0.671,-0.183,0.122
1668255060995,2022-11-12T14:11:00.995,513.440,0.732,-0.213,0.000
1668255061035,2022-11-12T14:11:01.035,513.480,0.671,-0.183,-0.061
1668255061075,2022-11-12T14:11:01.075,513.520,0.671,0.000,-0.030
1668255061115,2022-11-12T14:11:01.115,513.560,0.793,-0.091,-0.061
1668255061155,2022-11-12T14:11:01.155,513.600,0.915,-0.061,0.000
1668255061195,2022-11-12T14:11:01.195,513.640,2.012,0.274,0.274
1668255061235,2022-11-12T14:11:01.235,513.680,1.250,0.274,0.488
1668255061275,2022-11-12T14:11:01.275,513.720,0.671,-0.213,0.091
1668255061315,2022-11-12T14:11:01.315,513.760,0.854,-0.305,-0.152
1668255061355,2022-11-12T14:11:01.355,513.800,0.610,-0.183,-0.030
1668255061395,2022-11-12T14:11:01.395,513.840,0.549,-0.244,0.061
1668255061435,2022-11-12T14:11:01.435,513.880,0.701,-0.152,-0.061
1668255061475,2022-11-12T14:11:01.475,513.920,0.671,-0.122,0.000
1668255061515,2022-11-12T14:11:01.515,513.960,0.671,-0.122,0.061
1668255061555,2022-11-12T14:11:01.555,514.000,0.640,-0.152,0.091
1668255061595,2022-11-12T14:11:01.595,514.040,0.610,-0.396,-0.061
1668255061635,2022-11-12T14:11:01.635,514.080,0.579,-0.213,-0.091
1668255061675,2022-11-12T14:11:01.675,514.120,0.671,0.000,0.030
1668255061715,2022-11-12T14:11:01.715,514.160,0.640,-0.061,0.091
1668255061755,2022-11-12T14:11:01.755,514.200,0.701,-0.152,0.030
1668255061795,2022-11-12T14:11:01.795,514.240,0.701,0.061,0.030
1668255061835,2022-11-12T14:11:01.835,514.280,0.640,0.152,0.000
1668255061875,2022-11-12T14:11:01.875,514.320,0.915,-0.122,-0.030
1668255061915,2022-11-12T14:11:01.915,514.360,0.793,0.122,-0.061
1668255061955,2022-11-12T14:11:01.955,514.400,0.640,0.091,0.030
1668255061995,2022-11-12T14:11:01.995,514.440,0.396,0.274,0.152
1668255062035,2022-11-12T14:11:02.035,514.480,0.732,0.030,-0.061
1668255062075,2022-11-12T14:11:02.075,514.520,0.884,-0.091,-0.152
1668255062115,2022-11-12T14:11:02.115,514.560,0.549,0.274,0.091
1668255062155,2022-11-12T14:11:02.155,514.600,0.793,0.000,0.091
1668255062195,2022-11-12T14:11:02.195,514.640,0.793,-0.152,0.000
1668255062235,2022-11-12T14:11:02.235,514.680,0.640,0.091,-0.061
1668255062275,2022-11-12T14:11:02.275,514.720,0.457,0.396,-0.030
1668255062315,2022-11-12T14:11:02.315,514.760,0.488,0.091,0.091
1668255062355,2022-11-12T14:11:02.355,514.800,0.915,-0.366,-0.091
1668255062395,2022-11-12T14:11:02.395,514.840,0.793,-0.244,-0.122
1668255062435,2022-11-12T14:11:02.435,514.880,0.579,-0.091,0.091
1668255062475,2022-11-12T14:11:02.475,514.920,0.762,0.091,0.000
1668255062515,2022-11-12T14:11:02.515,514.960,0.884,-0.122,-0.030
1668255062555,2022-11-12T14:11:02.555,515.000,0.793,-0.061,0.061
1668255062595,2022-11-12T14:11:02.595,515.040,0.701,0.000,0.061
1668255062635,2022-11-12T14:11:02.635,515.080,0.732,-0.152,0.091
1668255062675,2022-11-12T14:11:02.675,515.120,1.128,-0.244,-0.061
1668255062715,2022-11-12T14:11:02.715,515.160,1.067,-0.335,0.030
1668255062755,2022-11-12T14:11:02.755,515.200,0.854,-0.305,0.274
1668255062795,2022-11-12T14:11:02.795,515.240,1.159,-0.366,-0.091
1668255062835,2022-11-12T14:11:02.835,515.280,0.945,-0.366,-0.152
1668255062875,2022-11-12T14:11:02.875,515.320,0.732,-0.244,0.000
1668255062915,2022-11-12T14:11:02.915,515.360,0.854,-0.244,0.000
1668255062955,2022-11-12T14:11:02.955,515.400,0.732,-0.183,-0.030
1668255062995,2022-11-12T14:11:02.995,515.440,0.854,-0.122,-0.122
1668255063035,2022-11-12T14:11:03.035,515.480,0.701,-0.030,0.000
1668255063075,2022-11-12T14:11:03.075,515.520,0.671,-0.396,0.122
1668255063115,2022-11-12T14:11:03.115,515.560,1.067,-0.579,-0.061
1668255063155,2022-11-12T14:11:03.155,515.600,0.976,-0.396,-0.030
1668255063195,2022-11-12T14:11:03.195,515.640,0.488,-0.091,0.122
1668255063235,2022-11-12T14:11:03.235,515.680,0.701,-0.122,-0.061
1668255063275,2022-11-12T14:11:03.275,515.720,0.793,-0.366,-0.061
1668255063315,2022-11-12T14:11:03.315,515.760,0.518,-0.213,0.000
1668255063355,2022-11-12T14:11:03.355,515.800,0.762,-0.152,-0.061
1668255063395,2022-11-12T14:11:03.395,515.840,0.732,-0.091,0.091
1668255063435,2022-11-12T14:11:03.435,515.880,0.701,-0.091,0.000
1668255063475,2022-11-12T14:11:03.475,515.920,0.762,-0.183,-0.061
1668255063515,2022-11-12T14:11:03.515,515.960,0.762,-0.213,0.030
1668255063555,2022-11-12T14:11:03.555,516.000,0.976,-0.183,-0.122
1668255063595,2022-11-12T14:11:03.595,516.040,0.793,-0.122,0.000
1668255063635,2022-11-12T14:11:03.635,516.080,0.671,-0.061,0.000
1668255063675,2022-11-12T14:11:03.675,516.120,0.854,-0.305,-0.030
1668255063715,2022-11-12T14:11:03.715,516.160,0.823,-0.183,-0.061
1668255063755,2022-11-12T14:11:03.755,516.200,0.823,-0.213,0.000
1668255063795,2022-11-12T14:11:03.795,516.240,0.884,-0.030,-0.061
1668255063835,2022-11-12T14:11:03.835,516.280,0.762,-0.183,-0.030
1668255063875,2022-11-12T14:11:03.875,516.320,0.823,-0.427,0.030
1668255063915,2022-11-12T14:11:03.915,516.360,0.945,-0.183,-0.061
1668255063955,2022-11-12T14:11:03.955,516.400,0.793,0.061,0.000
1668255063995,2022-11-12T14:11:03.995,516.440,0.945,0.061,0.000
1668255064035,2022-11-12T14:11:04.035,516.480,1.098,-0.152,-0.091
1668255064075,2022-11-12T14:11:04.075,516.520,0.732,-0.244,0.030
1668255064115,2022-11-12T14:11:04.115,516.560,0.762,-0.213,0.061
1668255064155,2022-11-12T14:11:04.155,516.600,0.945,-0.396,0.000
1668255064195,2022-11-12T14:11:04.195,516.640,0.884,-0.335,-0.030
1668255064235,2022-11-12T14:11:04.235,516.680,0.945,-0.305,0.030
1668255064275,2022-11-12T14:11:04.275,516.720,0.793,-0.213,0.122
1668255064315,2022-11-12T14:11:04.315,516.760,0.884,-0.183,0.000
1668255064355,2022-11-12T14:11:04.355,516.800,0.854,-0.183,-0.091
1668255064395,2022-11-12T14:11:04.395,516.840,0.762,-0.213,0.061
1668255064435,2022-11-12T14:11:04.435,516.880,0.884,-0.274,0.000
1668255064475,2022-11-12T14:11:04.475,516.920,0.945,-0.244,-0.030
1668255064515,2022-11-12T14:11:04.515,516.960,0.976,-0.274,-0.091
1668255064555,2022-11-12T14:11:04.555,517.000,0.854,-0.213,-0.030
1668255064595,2022-11-12T14:11:04.595,517.040,1.128,0.061,-0.152
1668255064635,2022-11-12T14:11:04.635,517.080,1.402,0.183,-0.335
1668255064675,2022-11-12T14:11:04.675,517.120,1.220,-0.549,-0.183
1668255064715,2022-11-12T14:11:04.715,517.160,1.067,-0.518,-0.244
1668255064755,2022-11-12T14:11:04.755,517.200,0.793,-0.274,0.000
1668255064795,2022-11-12T14:11:04.795,517.240,0.610,-0.274,0.305
1668255064835,2022-11-12T14:11:04.835,517.280,0.823,-0.396,0.091
1668255064875,2022-11-12T14:11:04.875,517.320,0.884,-0.396,0.030
1668255064915,2022-11-12T14:11:04.915,517.360,0.823,-0.274,0.183
1668255064955,2022-11-12T14:11:04.955,517.400,0.884,-0.213,0.122
1668255064995,2022-11-12T14:11:04.995,517.440,0.732,-0.152,0.061
1668255065035,2022-11-12T14:11:05.035,517.480,0.976,-0.305,0.030
1668255065075,2022-11-12T14:11:05.075,517.520,0.701,-0.244,0.091
1668255065115,2022-11-12T14:11:05.115,517.560,0.610,-0.091,0.091
1668255065155,2022-11-12T14:11:05.155,517.600,0.854,-0.152,-0.061
1668255065195,2022-11-12T14:11:05.195,517.640,0.793,-0.091,0.030
1668255065235,2022-11-12T14:11:05.235,517.680,0.854,-0.152,-0.030
1668255065275,2022-11-12T14:11:05.275,517.720,0.884,-0.244,-0.091
1668255065315,2022-11-12T14:11:05.315,517.760,1.006,-0.274,-0.061
1668255065355,2022-11-12T14:11:05.355,517.800,0.854,-0.183,-0.030
1668255065395,2022-11-12T14:11:05.395,517.840,0.671,-0.061,0.091
1668255065435,2022-11-12T14:11:05.435,517.880,0.823,-0.427,-0.030
1668255065475,2022-11-12T14:11:05.475,517.920,0.884,-0.457,-0.122
1668255065515,2022-11-12T14:11:05.515,517.960,0.640,-0.122,0.030
1668255065555,2022-11-12T14:11:05.555,518.000,0.640,0.061,0.122
1668255065595,2022-11-12T14:11:05.595,518.040,0.701,-0.122,0.000
1668255065635,2022-11-12T14:11:05.635,518.080,0.671,-0.213,0.091
1668255065675,2022-11-12T14:11:05.675,518.120,0.701,-0.091,0.091
1668255065715,2022-11-12T14:11:05.715,518.160,0.823,-0.152,-0.030
1668255065755,2022-11-12T14:11:05.755,518.200,0.976,-0.183,-0.213
1668255065795,2022-11-12T14:11:05.795,518.240,0.793,-0.213,-0.061
1668255065835,2022-11-12T14:11:05.835,518.280,0.579,-0.122,0.122
1668255065875,2022-11-12T14:11:05.875,518.320,0.701,-0.152,0.091
1668255065915,2022-11-12T14:11:05.915,518.360,0.945,-0.213,-0.122
1668255065955,2022-11-12T14:11:05.955,518.400,0.701,-0.183,0.091
1668255065995,2022-11-12T14:11:05.995,518.440,0.823,-0.244,0.091
1668255066035,2022-11-12T14:11:06.035,518.480,0.976,-0.244,-0.122
1668255066075,2022-11-12T14:11:06.075,518.520,0.823,-0.213,0.000
1668255066115,2022-11-12T14:11:06.115,518.560,0.823,-0.030,0.030
1668255066155,2022-11-12T14:11:06.155,518.600,0.732,-0.091,0.091
1668255066195,2022-11-12T14:11:06.195,518.640,0.732,-0.396,0.061
1668255066235,2022-11-12T14:11:06.235,518.680,0.915,-0.335,-0.122
1668255066275,2022-11-12T14:11:06.275,518.720,0.762,-0.091,0.000
1668255066315,2022-11-12T14:11:06.315,518.760,0.732,-0.030,0.061
1668255066355,2022-11-12T14:11:06.355,518.800,0.915,-0.274,-0.091
1668255066395,2022-11-12T14:11:06.395,518.840,0.762,-0.183,0.000
1668255066435,2022-11-12T14:11:06.435,518.880,0.823,-0.030,-0.030
1668255066475,2022-11-12T14:11:06.475,518.920,0.976,-0.305,0.000
1668255066515,2022-11-12T14:11:06.515,518.960,0.823,-0.061,-0.091
1668255066555,2022-11-12T14:11:06.555,519.000,0.884,0.061,-0.061
1668255066595,2022-11-12T14:11:06.595,519.040,0.610,-0.091,0.244
1668255066635,2022-11-12T14:11:06.635,519.080,0.549,-0.305,0.030
1668255066675,2022-11-12T14:11:06.675,519.120,0.427,-0.091,-0.061
1668255066715,2022-11-12T14:11:06.715,519.160,0.457,-0.152,0.152
1668255066755,2022-11-12T14:11:06.755,519.200,0.762,-0.396,0.061
1668255066795,2022-11-12T14:11:06.795,519.240,0.976,-0.183,-0.122
1668255066835,2022-11-12T14:11:06.835,519.280,1.006,-0.091,-0.030
1668255066875,2022-11-12T14:11:06.875,519.320,0.854,0.030,0.000
1668255066915,2022-11-12T14:11:06.915,519.360,0.854,0.061,-0.091
1668255066955,2022-11-12T14:11:06.955,519.400,0.915,-0.335,-0.061
1668255066995,2022-11-12T14:11:06.995,519.440,0.823,-0.305,0.030
1668255067035,2022-11-12T14:11:07.035,519.480,0.671,-0.213,0.061
1668255067075,2022-11-12T14:11:07.075,519.520,0.671,-0.183,0.061
1668255067115,2022-11-12T14:11:07.115,519.560,1.006,-0.213,-0.091
1668255067155,2022-11-12T14:11:07.155,519.600,1.037,-0.183,-0.030
1668255067195,2022-11-12T14:11:07.195,519.640,0.762,0.000,0.000
1668255067235,2022-11-12T14:11:07.235,519.680,0.854,-0.152,0.000
1668255067275,2022-11-12T14:11:07.275,519.720,0.976,-0.152,0.000
1668255067315,2022-11-12T14:11:07.315,519.760,0.793,-0.122,0.000
1668255067355,2022-11-12T14:11:07.355,519.800,0.793,-0.244,0.061
1668255067395,2022-11-12T14:11:07.395,519.840,0.945,-0.244,-0.030
1668255067435,2022-11-12T14:11:07.435,519.880,0.823,-0.152,0.000
1668255067475,2022-11-12T14:11:07.475,519.920,0.793,-0.122,0.091
1668255067515,2022-11-12T14:11:07.515,519.960,1.006,-0.244,0.000
1668255067555,2022-11-12T14:11:07.555,520.000,0.945,-0.335,0.000
1668255067595,2022-11-12T14:11:07.595,520.040,0.976,-0.183,0.000
1668255067635,2022-11-12T14:11:07.635,520.080,0.762,-0.030,0.030
1668255067675,2022-11-12T14:11:07.675,520.120,0.762,-0.030,0.000
1668255067715,2022-11-12T14:11:07.715,520.160,0.854,-0.152,0.030
1668255067755,2022-11-12T14:11:07.755,520.200,0.884,-0.488,0.061
1668255067795,2022-11-12T14:11:07.795,520.240,0.915,-0.366,-0.091
1668255067835,2022-11-12T14:11:07.835,520.280,0.945,-0.213,-0.091
1668255067875,2022-11-12T14:11:07.875,520.320,0.854,-0.244,0.091
1668255067915,2022-11-12T14:11:07.915,520.360,1.006,-0.244,-0.030
1668255067955,2022-11-12T14:11:07.955,520.400,0.915,-0.122,-0.061
1668255067995,2022-11-12T14:11:07.995,520.440,0.793,-0.183,0.061
1668255068035,2022-11-12T14:11:08.035,520.480,0.915,-0.244,-0.030
1668255068075,2022-11-12T14:11:08.075,520.520,0.823,0.000,-0.061
1668255068115,2022-11-12T14:11:08.115,520.560,0.854,-0.091,0.000
1668255068155,2022-11-12T14:11:08.155,520.600,0.701,-0.244,0.183
1668255068195,2022-11-12T14:11:08.195,520.640,0.854,-0.183,-0.030
1668255068235,2022-11-12T14:11:08.235,520.680,1.037,-0.305,-0.091
1668255068275,2022-11-12T14:11:08.275,520.720,0.884,-0.274,0.091
1668255068315,2022-11-12T14:11:08.315,520.760,0.945,-0.183,-0.091
1668255068355,2022-11-12T14:11:08.355,520.800,1.037,-0.305,0.000
1668255068395,2022-11-12T14:11:08.395,520.840,0.915,-0.305,0.030
1668255068435,2022-11-12T14:11:08.435,520.880,0.823,-0.213,0.000
1668255068475,2022-11-12T14:11:08.475,520.920,0.854,-0.213,-0.030
1668255068515,2022-11-12T14:11:08.515,520.960,0.884,-0.213,-0.091
1668255068555,2022-11-12T14:11:08.555,521.000,0.762,-0.305,0.091
1668255068595,2022-11-12T14:11:08.595,521.040,0.793,-0.457,0.122
1668255068635,2022-11-12T14:11:08.635,521.080,0.915,-0.335,-0.030
1668255068675,2022-11-12T14:11:08.675,521.120,0.915,-0.030,-0.061
1668255068715,2022-11-12T14:11:08.715,521.160,0.762,-0.061,0.030
1668255068755,2022-11-12T14:11:08.755,521.200,0.945,-0.396,-0.061
1668255068795,2022-11-12T14:11:08.795,521.240,1.067,-0.396,-0.366
1668255068835,2022-11-12T14:11:08.835,521.280,1.220,-0.762,-0.366
1668255068875,2022-11-12T14:11:08.875,521.320,0.854,-0.671,0.061
1668255068915,2022-11-12T14:11:08.915,521.360,0.732,-0.274,0.061
1668255068955,2022-11-12T14:11:08.955,521.400,0.640,-0.122,0.000
1668255068995,2022-11-12T14:11:08.995,521.440,0.610,-0.061,0.091
1668255069035,2022-11-12T14:11:09.035,521.480,0.884,0.000,-0.091
1668255069075,2022-11-12T14:11:09.075,521.520,0.793,-0.091,-0.030
1668255069115,2022-11-12T14:11:09.115,521.560,0.823,-0.061,0.061
1668255069155,2022-11-12T14:11:09.155,521.600,0.945,-0.061,-0.122
1668255069195,2022-11-12T14:11:09.195,521.640,0.671,0.061,0.061
1668255069235,2022-11-12T14:11:09.235,521.680,0.701,0.122,0.091
1668255069275,2022-11-12T14:11:09.275,521.720,0.671,0.091,0.000
1668255069315,2022-11-12T14:11:09.315,521.760,0.671,-0.274,0.061
1668255069355,2022-11-12T14:11:09.355,521.800,0.823,-0.335,0.000
1668255069395,2022-11-12T14:11:09.395,521.840,0.823,-0.122,0.030
1668255069435,2022-11-12T14:11:09.435,521.880,0.762,-0.091,0.122
1668255069475,2022-11-12T14:11:09.475,521.920,0.884,-0.152,0.122
1668255069515,2022-11-12T14:11:09.515,521.960,0.854,-0.274,0.213
1668255069555,2022-11-12T14:11:09.555,522.000,0.762,-0.091,0.122
1668255069595,2022-11-12T14:11:09.595,522.040,0.823,-0.183,0.000
1668255069635,2022-11-12T14:11:09.635,522.080,0.671,-0.061,0.091
1668255069675,2022-11-12T14:11:09.675,522.120,0.915,-0.122,-0.030
1668255069715,2022-11-12T14:11:09.715,522.160,0.732,-0.122,0.061
1668255069755,2022-11-12T14:11:09.755,522.200,0.762,0.000,-0.061
1668255069795,2022-11-12T14:11:09.795,522.240,1.006,-0.152,-0.061
1668255069835,2022-11-12T14:11:09.835,522.280,0.793,-0.183,0.000
1668255069875,2022-11-12T14:11:09.875,522.320,0.854,-0.152,-0.030
1668255069915,2022-11-12T14:11:09.915,522.360,0.762,-0.091,0.000
1668255069955,2022-11-12T14:11:09.955,522.400,0.701,-0.091,-0.030
1668255069995,2022-11-12T14:11:09.995,522.440,0.793,-0.122,-0.061
1668255070035,2022-11-12T14:11:10.035,522.480,0.671,-0.122,0.000
1668255070075,2022-11-12T14:11:10.075,522.520,0.793,-0.335,-0.061
1668255070115,2022-11-12T14:11:10.115,522.560,0.823,-0.274,-0.061
1668255070155,2022-11-12T14:11:10.155,522.600,0.915,-0.183,-0.030
1668255070195,2022-11-12T14:11:10.195,522.640,0.762,-0.091,0.061
1668255070235,2022-11-12T14:11:10.235,522.680,0.732,-0.183,0.000
1668255070275,2022-11-12T14:11:10.275,522.720,0.884,-0.152,-0.030
1668255070315,2022-11-12T14:11:10.315,522.760,0.823,-0.091,0.000
1668255070355,2022-11-12T14:11:10.355,522.800,0.640,0.000,0.030
1668255070395,2022-11-12T14:11:10.395,522.840,0.854,-0.030,0.030
1668255070435,2022-11-12T14:11:10.435,522.880,0.915,-0.122,0.000
1668255070475,2022-11-12T14:11:10.475,522.920,0.579,-0.091,0.122
1668255070515,2022-11-12T14:11:10.515,522.960,0.793,-0.183,0.030
1668255070555,2022-11-12T14:11:10.555,523.000,1.006,-0.274,-0.091
1668255070595,2022-11-12T14:11:10.595,523.040,0.854,-0.244,0.000
1668255070635,2022-11-12T14:11:10.635,523.080,0.915,-0.274,0.030
1668255070675,2022-11-12T14:11:10.675,523.120,0.884,-0.122,0.000
1668255070715,2022-11-12T14:11:10.715,523.160,0.915,-0.091,-0.122
1668255070755,2022-11-12T14:11:10.755,523.200,0.762,-0.183,0.000
1668255070795,2022-11-12T14:11:10.795,523.240,0.854,-0.488,0.000
1668255070835,2022-11-12T14:11:10.835,523.280,0.945,-0.366,-0.122
1668255070875,2022-11-12T14:11:10.875,523.320,0.762,-0.183,-0.061
1668255070915,2022-11-12T14:11:10.915,523.360,0.762,-0.091,0.000
1668255070955,2022-11-12T14:11:10.955,523.400,0.915,-0.152,0.000
1668255070995,2022-11-12T14:11:10.995,523.440,0.884,-0.244,0.061
1668255071035,2022-11-12T14:11:11.035,523.480,0.854,-0.213,0.030
1668255071075,2022-11-12T14:11:11.075,523.520,0.854,-0.305,0.030
1668255071115,2022-11-12T14:11:11.115,523.560,0.854,-0.213,0.061
1668255071155,2022-11-12T14:11:11.155,523.600,0.976,-0.213,-0.030
1668255071195,2022-11-12T14:11:11.195,523.640,0.793,-0.335,0.122
1668255071235,2022-11-12T14:11:11.235,523.680,0.732,-0.274,0.061
1668255071275,2022-11-12T14:11:11.275,523.720,0.366,-0.457,-0.061
1668255071315,2022-11-12T14:11:11.315,523.760,0.671,-0.396,0.000
1668255071355,2022-11-12T14:11:11.355,523.800,0.945,-0.152,-0.030
1668255071395,2022-11-12T14:11:11.395,523.840,1.006,-0.061,-0.030
1668255071435,2022-11-12T14:11:11.435,523.880,1.037,-0.122,-0.030
1668255071475,2022-11-12T14:11:11.475,523.920,1.098,-0.183,-0.061
1668255071515,2022-11-12T14:11:11.515,523.960,0.945,-0.274,0.000
1668255071555,2022-11-12T14:11:11.555,524.000,0.976,-0.549,0.000
1668255071595,2022-11-12T14:11:11.595,524.040,1.128,-0.488,-0.152
1668255071635,2022-11-12T14:11:11.635,524.080,0.793,-0.213,0.000
1668255071675,2022-11-12T14:11:11.675,524.120,0.579,0.000,0.122
1668255071715,2022-11-12T14:11:11.715,524.160,1.006,-0.396,-0.061
1668255071755,2022-11-12T14:11:11.755,524.200,0.854,-0.213,-0.030
1668255071795,2022-11-12T14:11:11.795,524.240,0.884,-0.122,0.000
1668255071835,2022-11-12T14:11:11.835,524.280,0.945,-0.244,0.061
1668255071875,2022-11-12T14:11:11.875,524.320,0.884,-0.122,-0.061
1668255071915,2022-11-12T14:11:11.915,524.360,0.976,-0.244,-0.061
1668255071955,2022-11-12T14:11:11.955,524.400,0.671,-0.274,0.244
1668255071995,2022-11-12T14:11:11.995,524.440,0.823,-0.213,0.030
1668255072035,2022-11-12T14:11:12.035,524.480,0.976,-0.274,-0.061
1668255072075,2022-11-12T14:11:12.075,524.520,0.823,-0.274,0.091
1668255072115,2022-11-12T14:11:12.115,524.560,0.915,-0.335,-0.030
1668255072155,2022-11-12T14:11:12.155,524.600,0.915,-0.274,-0.061
1668255072195,2022-11-12T14:11:12.195,524.640,1.006,-0.152,-0.030
1668255072235,2022-11-12T14:11:12.235,524.680,0.976,-0.366,0.030
1668255072275,2022-11-12T14:11:12.275,524.720,0.945,-0.396,-0.061
1668255072315,2022-11-12T14:11:12.315,524.760,0.762,-0.213,-0.061
1668255072355,2022-11-12T14:11:12.355,524.800,0.671,-0.061,0.061
1668255072395,2022-11-12T14:11:12.395,524.840,0.945,-0.183,-0.030
1668255072435,2022-11-12T14:11:12.435,524.880,1.037,-0.335,-0.122
1668255072475,2022-11-12T14:11:12.475,524.920,0.671,-0.030,0.030
1668255072515,2022-11-12T14:11:12.515,524.960,0.732,-0.122,0.030
1668255072555,2022-11-12T14:11:12.555,525.000,0.854,-0.061,-0.061
1668255072595,2022-11-12T14:11:12.595,525.040,0.762,-0.091,-0.091
1668255072635,2022-11-12T14:11:12.635,525.080,0.732,-0.244,0.122
1668255072675,2022-11-12T14:11:12.675,525.120,0.671,-0.213,0.000
1668255072715,2022-11-12T14:11:12.715,525.160,0.823,-0.244,-0.213
1668255072755,2022-11-12T14:11:12.755,525.200,0.976,-0.274,-0.091
1668255072795,2022-11-12T14:11:12.795,525.240,0.701,-0.183,0.061
1668255072835,2022-11-12T14:11:12.835,525.280,0.793,-0.061,0.000
1668255072875,2022-11-12T14:11:12.875,525.320,0.823,0.061,-0.061
1668255072915,2022-11-12T14:11:12.915,525.360,0.854,-0.244,0.061
1668255072955,2022-11-12T14:11:12.955,525.400,0.915,-0.335,-0.030
1668255072995,2022-11-12T14:11:12.995,525.440,0.823,-0.183,-0.061
1668255073035,2022-11-12T14:11:13.035,525.480,0.671,-0.122,0.152
1668255073075,2022-11-12T14:11:13.075,525.520,0.793,-0.152,0.091
1668255073115,2022-11-12T14:11:13.115,525.560,0.945,-0.335,-0.091
1668255073155,2022-11-12T14:11:13.155,525.600,0.640,-0.061,0.061
1668255073195,2022-11-12T14:11:13.195,525.640,0.701,-0.061,0.030
1668255073235,2022-11-12T14:11:13.235,525.680,0.884,-0.244,0.000
1668255073275,2022-11-12T14:11:13.275,525.720,0.945,-0.213,0.000
1668255073315,2022-11-12T14:11:13.315,525.760,0.823,-0.274,0.030
1668255073355,2022-11-12T14:11:13.355,525.800,0.579,-0.091,0.122
1668255073395,2022-11-12T14:11:13.395,525.840,0.732,-0.091,-0.061
1668255073435,2022-11-12T14:11:13.435,525.880,0.884,-0.213,-0.091
1668255073475,2022-11-12T14:11:13.475,525.920,0.701,-0.122,0.122
1668255073515,2022-11-12T14:11:13.515,525.960,0.854,-0.122,0.000
1668255073555,2022-11-12T14:11:13.555,526.000,0.945,-0.213,-0.091
1668255073595,2022-11-12T14:11:13.595,526.040,0.945,-0.152,-0.030
1668255073635,2022-11-12T14:11:13.635,526.080,0.976,-0.061,0.000
1668255073675,2022-11-12T14:11:13.675,526.120,0.793,-0.396,0.030
1668255073715,2022-11-12T14:11:13.715,526.160,0.884,-0.396,-0.152
1668255073755,2022-11-12T14:11:13.755,526.200,0.823,-0.183,-0.061
1668255073795,2022-11-12T14:11:13.795,526.240,0.671,-0.122,0.183
1668255073835,2022-11-12T14:11:13.835,526.280,0.884,-0.213,-0.091
1668255073875,2022-11-12T14:11:13.875,526.320,1.006,-0.335,-0.061
1668255073915,2022-11-12T14:11:13.915,526.360,0.884,-0.122,0.091
1668255073955,2022-11-12T14:11:13.955,526.400,0.945,-0.274,0.000
1668255073995,2022-11-12T14:11:13.995,526.440,0.762,-0.305,0.030
1668255074035,2022-11-12T14:11:14.035,526.480,0.854,-0.122,-0.091
1668255074075,2022-11-12T14:11:14.075,526.520,0.610,-0.122,0.091
1668255074115,2022-11-12T14:11:14.115,526.560,0.793,-0.152,0.030
1668255074155,2022-11-12T14:11:14.155,526.600,0.884,-0.122,-0.122
1668255074195,2022-11-12T14:11:14.195,526.640,0.854,-0.152,0.000
1668255074235,2022-11-12T14:11:14.235,526.680,0.915,-0.183,0.000
1668255074275,2022-11-12T14:11:14.275,526.720,0.976,-0.244,-0.030
1668255074315,2022-11-12T14:11:14.315,526.760,0.976,-0.213,0.030
1668255074355,2022-11-12T14:11:14.355,526.800,0.945,-0.152,0.030
1668255074395,2022-11-12T14:11:14.395,526.840,0.732,-0.061,-0.091
1668255074435,2022-11-12T14:11:14.435,526.880,0.732,-0.274,0.030
1668255074475,2022-11-12T14:11:14.475,526.920,0.793,-0.488,0.030
1668255074515,2022-11-12T14:11:14.515,526.960,0.823,-0.183,-0.122
1668255074555,2022-11-12T14:11:14.555,527.000,0.915,-0.183,-0.061
1668255074595,2022-11-12T14:11:14.595,527.040,0.793,-0.183,0.061
1668255074635,2022-11-12T14:11:14.635,527.080,0.945,-0.244,-0.061
1668255074675,2022-11-12T14:11:14.675,527.120,0.762,-0.274,0.030
1668255074715,2022-11-12T14:11:14.715,527.160,0.823,-0.122,0.000
1668255074755,2022-11-12T14:11:14.755,527.200,0.915,-0.213,-0.030
1668255074795,2022-11-12T14:11:14.795,527.240,0.823,-0.213,0.030
1668255074835,2022-11-12T14:11:14.835,527.280,0.823,-0.183,-0.061
1668255074875,2022-11-12T14:11:14.875,527.320,0.701,-0.152,0.030
1668255074915,2022-11-12T14:11:14.915,527.360,0.823,-0.274,-0.061
1668255074955,2022-11-12T14:11:14.955,527.400,0.823,-0.213,-0.091
1668255074995,2022-11-12T14:11:14.995,527.440,0.762,-0.152,0.030
1668255075035,2022-11-12T14:11:15.035,527.480,0.854,-0.183,0.000
1668255075075,2022-11-12T14:11:15.075,527.520,0.915,-0.244,0.000
1668255075115,2022-11-12T14:11:15.115,527.560,0.945,-0.274,-0.030
1668255075155,2022-11-12T14:11:15.155,527.600,0.732,-0.152,0.000
1668255075195,2022-11-12T14:11:15.195,527.640,0.854,-0.061,-0.122
1668255075235,2022-11-12T14:11:15.235,527.680,0.793,-0.152,-0.030
1668255075275,2022-11-12T14:11:15.275,527.720,0.793,-0.396,0.061
1668255075315,2022-11-12T14:11:15.315,527.760,0.854,-0.305,-0.030
1668255075355,2022-11-12T14:11:15.355,527.800,0.884,-0.152,0.091
1668255075395,2022-11-12T14:11:15.395,527.840,0.884,-0.213,0.122
1668255075435,2022-11-12T14:11:15.435,527.880,0.762,-0.427,0.244
1668255075475,2022-11-12T14:11:15.475,527.920,0.793,-0.244,0.122
1668255075515,2022-11-12T14:11:15.515,527.960,0.854,0.000,-0.152
1668255075555,2022-11-12T14:11:15.555,528.000,0.793,-0.061,0.000
1668255075595,2022-11-12T14:11:15.595,528.040,1.006,-0.152,0.000
1668255075635,2022-11-12T14:11:15.635,528.080,0.915,-0.244,0.000
1668255075675,2022-11-12T14:11:15.675,528.120,0.610,-0.213,0.183
1668255075715,2022-11-12T14:11:15.715,528.160,0.762,-0.091,0.000
1668255075755,2022-11-12T14:11:15.755,528.200,0.854,-0.061,-0.091
1668255075795,2022-11-12T14:11:15.795,528.240,0.793,-0.091,-0.030
1668255075835,2022-11-12T14:11:15.835,528.280,0.884,-0.213,-0.061
1668255075875,2022-11-12T14:11:15.875,528.320,0.976,-0.213,-0.122
1668255075915,2022-11-12T14:11:15.915,528.360,0.732,-0.030,-0.091
1668255075955,2022-11-12T14:11:15.955,528.400,0.610,0.091,0.000
1668255075995,2022-11-12T14:11:15.995,528.440,0.732,-0.213,0.061
1668255076035,2022-11-12T14:11:16.035,528.480,0.823,-0.518,-0.030
1668255076075,2022-11-12T14:11:16.075,528.520,0.854,-0.305,-0.183
1668255076115,2022-11-12T14:11:16.115,528.560,0.793,-0.122,0.061
1668255076155,2022-11-12T14:11:16.155,528.600,0.793,-0.061,0.000
1668255076195,2022-11-12T14:11:16.195,528.640,0.945,-0.213,-0.091
1668255076235,2022-11-12T14:11:16.235,528.680,0.823,-0.152,0.091
1668255076275,2022-11-12T14:11:16.275,528.720,0.793,-0.091,0.000
1668255076315,2022-11-12T14:11:16.315,528.760,0.701,-0.152,-0.061
1668255076355,2022-11-12T14:11:16.355,528.800,0.823,-0.183,-0.061
1668255076395,2022-11-12T14:11:16.395,528.840,0.732,-0.213,0.030
1668255076435,2022-11-12T14:11:16.435,528.880,0.640,-0.122,0.122
1668255076475,2022-11-12T14:11:16.475,528.920,0.976,-0.213,-0.091
1668255076515,2022-11-12T14:11:16.515,528.960,0.854,-0.244,-0.030
1668255076555,2022-11-12T14:11:16.555,529.000,0.640,-0.122,0.122
1668255076595,2022-11-12T14:11:16.595,529.040,0.854,-0.213,0.000
1668255076635,2022-11-12T14:11:16.635,529.080,0.762,-0.122,0.000
1668255076675,2022-11-12T14:11:16.675,529.120,0.793,-0.091,0.000
1668255076715,2022-11-12T14:11:16.715,529.160,0.884,-0.305,0.000
1668255076755,2022-11-12T14:11:16.755,529.200,0.640,-0.305,0.061
1668255076795,2022-11-12T14:11:16.795,529.240,0.945,-0.335,-0.091
1668255076835,2022-11-12T14:11:16.835,529.280,0.854,-0.244,-0.091
1668255076875,2022-11-12T14:11:16.875,529.320,0.610,0.000,0.000
1668255076915,2022-11-12T14:11:16.915,529.360,0.823,-0.091,-0.030
1668255076955,2022-11-12T14:11:16.955,529.400,0.823,-0.213,0.000
1668255076995,2022-11-12T14:11:16.995,529.440,0.793,-0.122,0.000
1668255077035,2022-11-12T14:11:17.035,529.480,0.732,0.000,-0.030
1668255077075,2022-11-12T14:11:17.075,529.520,0.793,-0.152,0.122
1668255077115,2022-11-12T14:11:17.115,529.560,1.098,-0.305,0.000
1668255077155,2022-11-12T14:11:17.155,529.600,0.976,-0.305,0.000
1668255077195,2022-11-12T14:11:17.195,529.640,0.671,-0.152,0.091
1668255077235,2022-11-12T14:11:17.235,529.680,0.976,-0.152,-0.122
1668255077275,2022-11-12T14:11:17.275,529.720,0.793,-0.152,-0.061
1668255077315,2022-11-12T14:11:17.315,529.760,0.671,-0.061,0.091
1668255077355,2022-11-12T14:11:17.355,529.800,0.884,-0.213,-0.030
1668255077395,2022-11-12T14:11:17.395,529.840,0.762,-0.183,-0.030
1668255077435,2022-11-12T14:11:17.435,529.880,0.884,-0.061,-0.030
1668255077475,2022-11-12T14:11:17.475,529.920,0.854,-0.061,-0.030
1668255077515,2022-11-12T14:11:17.515,529.960,0.610,-0.030,0.061
1668255077555,2022-11-12T14:11:17.555,530.000,0.823,-0.396,0.000
1668255077595,2022-11-12T14:11:17.595,530.040,0.854,-0.366,0.000
1668255077635,2022-11-12T14:11:17.635,530.080,0.976,-0.244,-0.030
1668255077675,2022-11-12T14:11:17.675,530.120,0.701,-0.152,0.030
1668255077715,2022-11-12T14:11:17.715,530.160,0.945,-0.244,-0.091
1668255077755,2022-11-12T14:11:17.755,530.200,0.884,-0.244,-0.061
1668255077795,2022-11-12T14:11:17.795,530.240,0.732,-0.122,0.122
1668255077835,2022-11-12T14:11:17.835,530.280,0.915,-0.305,-0.030
1668255077875,2022-11-12T14:11:17.875,530.320,0.854,-0.305,0.000
1668255077915,2022-11-12T14:11:17.915,530.360,0.854,-0.183,-0.061
1668255077955,2022-11-12T14:11:17.955,530.400,0.762,-0.274,0.122
1668255077995,2022-11-12T14:11:17.995,530.440,0.945,-0.274,-0.091
1668255078035,2022-11-12T14:11:18.035,530.480,1.006,-0.183,-0.152
1668255078075,2022-11-12T14:11:18.075,530.520,0.823,-0.152,0.122
1668255078115,2022-11-12T14:11:18.115,530.560,0.884,-0.305,0.000
1668255078155,2022-11-12T14:11:18.155,530.600,1.006,-0.305,-0.061
1668255078195,2022-11-12T14:11:18.195,530.640,0.884,-0.244,0.061
1668255078235,2022-11-12T14:11:18.235,530.680,0.793,-0.091,-0.030
1668255078275,2022-11-12T14:11:18.275,530.720,0.854,-0.183,-0.061
1668255078315,2022-11-12T14:11:18.315,530.760,1.037,-0.488,-0.061
1668255078355,2022-11-12T14:11:18.355,530.800,0.823,-0.335,-0.030
1668255078395,2022-11-12T14:11:18.395,530.840,0.884,-0.213,-0.030
1668255078435,2022-11-12T14:11:18.435,530.880,0.854,-0.244,-0.061
1668255078475,2022-11-12T14:11:18.475,530.920,0.915,-0.335,-0.061
1668255078515,2022-11-12T14:11:18.515,530.960,0.915,-0.244,0.000
1668255078555,2022-11-12T14:11:18.555,531.000,0.823,-0.244,0.183
1668255078595,2022-11-12T14:11:18.595,531.040,0.884,-0.335,0.000
1668255078635,2022-11-12T14:11:18.635,531.080,1.037,-0.122,-0.030
1668255078675,2022-11-12T14:11:18.675,531.120,0.823,-0.213,0.091
1668255078715,2022-11-12T14:11:18.715,531.160,0.640,-0.274,0.122
1668255078755,2022-11-12T14:11:18.755,531.200,0.945,-0.305,-0.061
1668255078795,2022-11-12T14:11:18.795,531.240,0.945,-0.488,-0.030
1668255078835,2022-11-12T14:11:18.835,531.280,0.915,-0.457,0.000
1668255078875,2022-11-12T14:11:18.875,531.320,1.006,-0.122,-0.244
1668255078915,2022-11-12T14:11:18.915,531.360,0.793,0.061,-0.030
1668255078955,2022-11-12T14:11:18.955,531.400,0.762,-0.091,0.183
1668255078995,2022-11-12T14:11:18.995,531.440,0.976,-0.457,-0.091
1668255079035,2022-11-12T14:11:19.035,531.480,0.884,-0.305,-0.061
1668255079075,2022-11-12T14:11:19.075,531.520,0.701,-0.091,0.091
1668255079115,2022-11-12T14:11:19.115,531.560,0.701,0.000,0.061
1668255079155,2022-11-12T14:11:19.155,531.600,0.945,-0.244,-0.061
1668255079195,2022-11-12T14:11:19.195,531.640,0.915,-0.244,-0.091
1668255079235,2022-11-12T14:11:19.235,531.680,0.671,-0.122,0.061
1668255079275,2022-11-12T14:11:19.275,531.720,0.976,-0.122,0.000
1668255079315,2022-11-12T14:11:19.315,531.760,1.006,-0.030,-0.061
1668255079355,2022-11-12T14:11:19.355,531.800,0.732,-0.213,0.213
1668255079395,2022-11-12T14:11:19.395,531.840,0.701,-0.213,0.213
1668255079435,2022-11-12T14:11:19.435,531.880,0.976,-0.366,-0.030
1668255079475,2022-11-12T14:11:19.475,531.920,1.037,-0.305,0.000
1668255079515,2022-11-12T14:11:19.515,531.960,0.640,-0.061,0.091
1668255079555,2022-11-12T14:11:19.555,532.000,0.762,-0.152,-0.030
1668255079595,2022-11-12T14:11:19.595,532.040,0.854,-0.183,0.000
1668255079635,2022-11-12T14:11:19.635,532.080,0.762,-0.366,0.030
1668255079675,2022-11-12T14:11:19.675,532.120,0.976,-0.366,-0.061
1668255079715,2022-11-12T14:11:19.715,532.160,0.884,-0.091,-0.030
1668255079755,2022-11-12T14:11:19.755,532.200,0.762,0.030,-0.030
1668255079795,2022-11-12T14:11:19.795,532.240,0.854,-0.183,-0.030
1668255079835,2022-11-12T14:11:19.835,532.280,0.915,-0.152,0.000
1668255079875,2022-11-12T14:11:19.875,532.320,0.854,-0.122,0.061
1668255079915,2022-11-12T14:11:19.915,532.360,0.854,-0.305,0.030
1668255079955,2022-11-12T14:11:19.955,532.400,0.976,-0.152,-0.091
1668255079995,2022-11-12T14:11:19.995,532.440,0.945,-0.122,0.091
1668255080035,2022-11-12T14:11:20.035,532.480,0.793,-0.213,0.244
1668255080075,2022-11-12T14:11:20.075,532.520,0.854,-0.274,0.000
1668255080115,2022-11-12T14:11:20.115,532.560,1.098,-0.305,-0.213
1668255080155,2022-11-12T14:11:20.155,532.600,0.671,-0.091,-0.091
1668255080195,2022-11-12T14:11:20.195,532.640,0.549,0.122,-0.061
1668255080235,2022-11-12T14:11:20.235,532.680,0.915,-0.183,-0.061
1668255080275,2022-11-12T14:11:20.275,532.720,0.945,-0.457,-0.061
1668255080315,2022-11-12T14:11:20.315,532.760,0.945,-0.244,-0.152
1668255080355,2022-11-12T14:11:20.355,532.800,0.701,-0.061,0.091
1668255080395,2022-11-12T14:11:20.395,532.840,0.732,-0.030,0.061
1668255080435,2022-11-12T14:11:20.435,532.880,0.854,-0.122,0.122
1668255080475,2022-11-12T14:11:20.475,532.920,0.793,-0.122,0.152
1668255080515,2022-11-12T14:11:20.515,532.960,0.854,-0.091,0.030
1668255080555,2022-11-12T14:11:20.555,533.000,0.915,-0.152,0.122
1668255080595,2022-11-12T14:11:20.595,533.040,0.823,-0.183,0.061
1668255080635,2022-11-12T14:11:20.635,533.080,0.640,-0.061,-0.030
1668255080675,2022-11-12T14:11:20.675,533.120,0.701,-0.061,0.122
1668255080715,2022-11-12T14:11:20.715,533.160,0.701,-0.244,0.091
1668255080755,2022-11-12T14:11:20.755,533.200,0.915,-0.213,-0.152
1668255080795,2022-11-12T14:11:20.795,533.240,0.915,-0.122,-0.030
1668255080835,2022-11-12T14:11:20.835,533.280,0.793,-0.030,0.000
1668255080875,2022-11-12T14:11:20.875,533.320,0.732,-0.244,0.091
1668255080915,2022-11-12T14:11:20.915,533.360,0.762,-0.305,0.030
1668255080955,2022-11-12T14:11:20.955,533.400,0.823,-0.183,-0.061
1668255080995,2022-11-12T14:11:20.995,533.440,0.762,-0.091,0.122
1668255081035,2022-11-12T14:11:21.035,533.480,0.854,-0.030,-0.030
1668255081075,2022-11-12T14:11:21.075,533.520,0.854,-0.244,-0.030
1668255081115,2022-11-12T14:11:21.115,533.560,0.671,-0.183,0.122
1668255081155,2022-11-12T14:11:21.155,533.600,0.671,-0.122,0.152
1668255081195,2022-11-12T14:11:21.195,533.640,0.549,-0.244,0.061
1668255081235,2022-11-12T14:11:21.235,533.680,0.854,-0.061,-0.091
1668255081275,2022-11-12T14:11:21.275,533.720,0.671,0.091,0.122
1668255081315,2022-11-12T14:11:21.315,533.760,0.701,-0.152,0.183
1668255081355,2022-11-12T14:11:21.355,533.800,1.128,-0.396,-0.213
1668255081395,2022-11-12T14:11:21.395,533.840,1.128,-0.213,-0.213
1668255081435,2022-11-12T14:11:21.435,533.880,0.671,-0.061,0.122
1668255081475,2022-11-12T14:11:21.475,533.920,0.671,-0.030,-0.030
1668255081515,2022-11-12T14:11:21.515,533.960,0.915,-0.366,-0.061
1668255081555,2022-11-12T14:11:21.555,534.000,0.701,-0.305,0.091
1668255081595,2022-11-12T14:11:21.595,534.040,0.640,0.000,0.091
1668255081635,2022-11-12T14:11:21.635,534.080,0.732,-0.122,0.030
1668255081675,2022-11-12T14:11:21.675,534.120,0.915,-0.244,-0.030
1668255081715,2022-11-12T14:11:21.715,534.160,0.945,-0.305,-0.030
1668255081755,2022-11-12T14:11:21.755,534.200,0.732,-0.122,0.091
1668255081795,2022-11-12T14:11:21.795,534.240,0.854,-0.061,0.000
1668255081835,2022-11-12T14:11:21.835,534.280,0.945,-0.213,0.030
1668255081875,2022-11-12T14:11:21.875,534.320,0.976,-0.305,0.000
1668255081915,2022-11-12T14:11:21.915,534.360,0.701,-0.183,0.061
1668255081955,2022-11-12T14:11:21.955,534.400,0.732,-0.244,0.091
1668255081995,2022-11-12T14:11:21.995,534.440,1.037,-0.335,-0.061
1668255082035,2022-11-12T14:11:22.035,534.480,0.945,-0.183,-0.091
1668255082075,2022-11-12T14:11:22.075,534.520,0.854,-0.183,0.061
1668255082115,2022-11-12T14:11:22.115,534.560,0.884,-0.183,0.030
1668255082155,2022-11-12T14:11:22.155,534.600,0.945,-0.152,-0.122
1668255082195,2022-11-12T14:11:22.195,534.640,0.732,0.122,0.030
1668255082235,2022-11-12T14:11:22.235,534.680,0.671,0.000,0.152
1668255082275,2022-11-12T14:11:22.275,534.720,0.701,-0.305,0.030
1668255082315,2022-11-12T14:11:22.315,534.760,0.793,-0.213,-0.122
1668255082355,2022-11-12T14:11:22.355,534.800,0.701,-0.091,0.030
1668255082395,2022-11-12T14:11:22.395,534.840,0.854,-0.030,0.091
1668255082435,2022-11-12T14:11:22.435,534.880,1.159,-0.274,-0.030
1668255082475,2022-11-12T14:11:22.475,534.920,1.037,-0.305,-0.030
1668255082515,2022-11-12T14:11:22.515,534.960,1.006,-0.335,0.000
1668255082555,2022-11-12T14:11:22.555,535.000,0.884,-0.305,0.183
1668255082595,2022-11-12T14:11:22.595,535.040,0.762,-0.122,0.091
1668255082635,2022-11-12T14:11:22.635,535.080,0.823,-0.305,0.030
1668255082675,2022-11-12T14:11:22.675,535.120,0.915,-0.244,0.061
1668255082715,2022-11-12T14:11:22.715,535.160,0.945,-0.122,-0.030
1668255082755,2022-11-12T14:11:22.755,535.200,1.098,-0.244,-0.183
1668255082795,2022-11-12T14:11:22.795,535.240,1.067,-0.305,-0.030
1668255082835,2022-11-12T14:11:22.835,535.280,0.915,-0.335,0.061
1668255082875,2022-11-12T14:11:22.875,535.320,0.884,-0.335,0.000
1668255082915,2022-11-12T14:11:22.915,535.360,0.915,-0.122,-0.091
1668255082955,2022-11-12T14:11:22.955,535.400,0.915,-0.152,0.061
1668255082995,2022-11-12T14:11:22.995,535.440,0.945,-0.396,0.122
1668255083035,2022-11-12T14:11:23.035,535.480,0.945,-0.549,0.030
1668255083075,2022-11-12T14:11:23.075,535.520,1.159,-0.396,-0.091
1668255083115,2022-11-12T14:11:23.115,535.560,0.976,-0.030,0.000
1668255083155,2022-11-12T14:11:23.155,535.600,0.854,-0.152,0.091
1668255083195,2022-11-12T14:11:23.195,535.640,0.915,-0.366,0.061
1668255083235,2022-11-12T14:11:23.235,535.680,0.793,-0.091,0.000
1668255083275,2022-11-12T14:11:23.275,535.720,0.915,-0.152,0.000
1668255083315,2022-11-12T14:11:23.315,535.760,1.037,-0.213,-0.030
1668255083355,2022-11-12T14:11:23.355,535.800,0.945,-0.091,-0.030
1668255083395,2022-11-12T14:11:23.395,535.840,0.854,-0.061,0.122
1668255083435,2022-11-12T14:11:23.435,535.880,1.037,-0.030,0.152
1668255083475,2022-11-12T14:11:23.475,535.920,1.311,-0.030,-0.030
1668255083515,2022-11-12T14:11:23.515,535.960,0.762,-0.183,0.061
1668255083555,2022-11-12T14:11:23.555,536.000,0.884,-0.305,0.030
1668255083595,2022-11-12T14:11:23.595,536.040,1.098,-0.274,-0.091
1668255083635,2022-11-12T14:11:23.635,536.080,0.732,-0.091,-0.030
1668255083675,2022-11-12T14:11:23.675,536.120,0.854,0.091,-0.061
1668255083715,2022-11-12T14:11:23.715,536.160,0.884,-0.183,0.000
1668255083755,2022-11-12T14:11:23.755,536.200,0.793,-0.305,-0.061
1668255083795,2022-11-12T14:11:23.795,536.240,0.823,-0.091,-0.122
1668255083835,2022-11-12T14:11:23.835,536.280,0.671,-0.030,0.061
1668255083875,2022-11-12T14:11:23.875,536.320,0.732,-0.152,0.000
1668255083915,2022-11-12T14:11:23.915,536.360,0.854,-0.213,-0.122
1668255083955,2022-11-12T14:11:23.955,536.400,0.671,-0.030,-0.030
1668255083995,2022-11-12T14:11:23.995,536.440,0.640,-0.183,0.000
1668255084035,2022-11-12T14:11:24.035,536.480,0.976,-0.213,-0.091
1668255084075,2022-11-12T14:11:24.075,536.520,0.915,-0.213,-0.030
1668255084115,2022-11-12T14:11:24.115,536.560,0.610,-0.152,0.183
1668255084155,2022-11-12T14:11:24.155,536.600,0.915,-0.091,0.030
1668255084195,2022-11-12T14:11:24.195,536.640,0.945,-0.244,-0.152
1668255084235,2022-11-12T14:11:24.235,536.680,0.732,-0.213,0.030
1668255084275,2022-11-12T14:11:24.275,536.720,0.854,-0.091,-0.030
1668255084315,2022-11-12T14:11:24.315,536.760,0.854,-0.274,-0.061
1668255084355,2022-11-12T14:11:24.355,536.800,0.518,-0.030,0.000
1668255084395,2022-11-12T14:11:24.395,536.840,0.793,-0.152,0.061
1668255084435,2022-11-12T14:11:24.435,536.880,0.884,-0.396,0.000
1668255084475,2022-11-12T14:11:24.475,536.920,0.945,-0.305,-0.030
1668255084515,2022-11-12T14:11:24.515,536.960,0.762,-0.061,-0.030
1668255084555,2022-11-12T14:11:24.555,537.000,0.610,-0.061,0.030
1668255084595,2022-11-12T14:11:24.595,537.040,0.945,-0.335,-0.061
1668255084635,2022-11-12T14:11:24.635,537.080,0.793,-0.183,0.061
1668255084675,2022-11-12T14:11:24.675,537.120,0.701,-0.152,0.122
1668255084715,2022-11-12T14:11:24.715,537.160,0.610,-0.183,0.061
1668255084755,2022-11-12T14:11:24.755,537.200,0.579,0.000,-0.030
1668255084795,2022-11-12T14:11:24.795,537.240,0.579,-0.061,0.091
1668255084835,2022-11-12T14:11:24.835,537.280,0.732,-0.183,0.152
1668255084875,2022-11-12T14:11:24.875,537.320,1.067,-0.183,-0.122
1668255084915,2022-11-12T14:11:24.915,537.360,0.884,-0.122,-0.091
1668255084955,2022-11-12T14:11:24.955,537.400,0.762,-0.183,0.061
1668255084995,2022-11-12T14:11:24.995,537.440,0.945,-0.244,-0.030
1668255085035,2022-11-12T14:11:25.035,537.480,0.854,-0.152,0.000
1668255085075,2022-11-12T14:11:25.075,537.520,0.823,0.000,-0.061
1668255085115,2022-11-12T14:11:25.115,537.560,0.793,-0.213,0.030
1668255085155,2022-11-12T14:11:25.155,537.600,0.762,-0.457,0.030
1668255085195,2022-11-12T14:11:25.195,537.640,0.884,-0.213,-0.091
1668255085235,2022-11-12T14:11:25.235,537.680,0.884,0.000,-0.061
1668255085275,2022-11-12T14:11:25.275,537.720,0.823,-0.091,0.000
1668255085315,2022-11-12T14:11:25.315,537.760,0.823,-0.244,-0.030
1668255085355,2022-11-12T14:11:25.355,537.800,0.732,-0.091,0.030
1668255085395,2022-11-12T14:11:25.395,537.840,0.701,-0.122,-0.061
1668255085435,2022-11-12T14:11:25.435,537.880,0.793,-0.183,0.000
1668255085475,2022-11-12T14:11:25.475,537.920,0.915,-0.122,-0.061
1668255085515,2022-11-12T14:11:25.515,537.960,0.976,-0.305,0.061
1668255085555,2022-11-12T14:11:25.555,538.000,0.762,-0.244,0.152
1668255085595,2022-11-12T14:11:25.595,538.040,0.945,-0.183,-0.061
1668255085635,2022-11-12T14:11:25.635,538.080,0.823,-0.183,0.061
1668255085675,2022-11-12T14:11:25.675,538.120,0.610,-0.122,0.122
1668255085715,2022-11-12T14:11:25.715,538.160,0.915,-0.213,0.000
1668255085755,2022-11-12T14:11:25.755,538.200,0.884,-0.244,-0.030
1668255085795,2022-11-12T14:11:25.795,538.240,0.640,-0.122,-0.030
1668255085835,2022-11-12T14:11:25.835,538.280,0.701,0.000,-0.030
1668255085875,2022-11-12T14:11:25.875,538.320,0.854,-0.305,0.000
1668255085915,2022-11-12T14:11:25.915,538.360,0.793,-0.396,-0.091
1668255085955,2022-11-12T14:11:25.955,538.400,0.884,-0.152,-0.152
1668255085995,2022-11-12T14:11:25.995,538.440,0.915,-0.122,0.030
1668255086035,2022-11-12T14:11:26.035,538.480,1.006,-0.122,-0.061
1668255086075,2022-11-12T14:11:26.075,538.520,1.037,-0.305,-0.061
1668255086115,2022-11-12T14:11:26.115,538.560,0.701,-0.183,0.091
1668255086155,2022-11-12T14:11:26.155,538.600,0.915,-0.274,0.061
1668255086195,2022-11-12T14:11:26.195,538.640,0.915,-0.335,0.061
1668255086235,2022-11-12T14:11:26.235,538.680,0.945,-0.396,0.061
1668255086275,2022-11-12T14:11:26.275,538.720,0.762,-0.366,0.183
1668255086315,2022-11-12T14:11:26.315,538.760,0.610,-0.244,0.244
1668255086355,2022-11-12T14:11:26.355,538.800,1.067,-0.274,-0.122
1668255086395,2022-11-12T14:11:26.395,538.840,0.884,-0.213,-0.122
1668255086435,2022-11-12T14:11:26.435,538.880,0.701,-0.152,-0.061
1668255086475,2022-11-12T14:11:26.475,538.920,0.732,-0.152,0.000
1668255086515,2022-11-12T14:11:26.515,538.960,1.006,-0.335,-0.061
1668255086555,2022-11-12T14:11:26.555,539.000,0.945,-0.244,-0.091
1668255086595,2022-11-12T14:11:26.595,539.040,0.823,-0.091,-0.091
1668255086635,2022-11-12T14:11:26.635,539.080,0.732,-0.213,-0.030
1668255086675,2022-11-12T14:11:26.675,539.120,0.945,-0.549,-0.091
1668255086715,2022-11-12T14:11:26.715,539.160,1.098,-0.457,-0.122
1668255086755,2022-11-12T14:11:26.755,539.200,1.067,-0.213,0.000
1668255086795,2022-11-12T14:11:26.795,539.240,0.823,-0.122,0.000
1668255086835,2022-11-12T14:11:26.835,539.280,1.098,-0.305,-0.091
1668255086875,2022-11-12T14:11:26.875,539.320,1.037,-0.213,-0.030
1668255086915,2022-11-12T14:11:26.915,539.360,0.945,-0.122,0.061
1668255086955,2022-11-12T14:11:26.955,539.400,1.037,-0.244,-0.061
1668255086995,2022-11-12T14:11:26.995,539.440,0.945,-0.152,-0.091
1668255087035,2022-11-12T14:11:27.035,539.480,0.976,-0.244,0.030
1668255087075,2022-11-12T14:11:27.075,539.520,0.762,-0.213,0.122
1668255087115,2022-11-12T14:11:27.115,539.560,0.976,-0.274,-0.091
1668255087155,2022-11-12T14:11:27.155,539.600,1.037,-0.213,-0.091
1668255087195,2022-11-12T14:11:27.195,539.640,0.945,-0.061,0.061
1668255087235,2022-11-12T14:11:27.235,539.680,1.006,-0.152,-0.030
1668255087275,2022-11-12T14:11:27.275,539.720,0.823,-0.183,-0.091
1668255087315,2022-11-12T14:11:27.315,539.760,0.854,0.061,-0.061
1668255087355,2022-11-12T14:11:27.355,539.800,0.915,0.183,0.000
1668255087395,2022-11-12T14:11:27.395,539.840,0.915,-0.122,0.183
1668255087435,2022-11-12T14:11:27.435,539.880,1.189,-0.549,0.061
1668255087475,2022-11-12T14:11:27.475,539.920,1.189,-0.366,-0.091
1668255087515,2022-11-12T14:11:27.515,539.960,0.701,0.000,0.091
1668255087555,2022-11-12T14:11:27.555,540.000,0.671,0.000,0.091
1668255087595,2022-11-12T14:11:27.595,540.040,0.854,-0.091,-0.061
1668255087635,2022-11-12T14:11:27.635,540.080,0.488,0.396,-0.061
1668255087675,2022-11-12T14:11:27.675,540.120,0.305,0.549,0.000
1668255087715,2022-11-12T14:11:27.715,540.160,0.671,-0.091,0.000
1668255087755,2022-11-12T14:11:27.755,540.200,0.945,-0.183,-0.061
1668255087795,2022-11-12T14:11:27.795,540.240,1.006,-0.396,0.030
1668255087835,2022-11-12T14:11:27.835,540.280,0.823,-0.396,0.213
1668255087875,2022-11-12T14:11:27.875,540.320,1.037,-0.274,-0.091
1668255087915,2022-11-12T14:11:27.915,540.360,0.793,-0.122,-0.091
1668255087955,2022-11-12T14:11:27.955,540.400,0.640,-0.122,0.122
1668255087995,2022-11-12T14:11:27.995,540.440,0.671,0.213,0.030
1668255088035,2022-11-12T14:11:28.035,540.480,-0.579,2.287,-0.152
1668255088075,2022-11-12T14:11:28.075,540.520,-1.372,3.018,0.305
1668255088115,2022-11-12T14:11:28.115,540.560,0.213,0.945,0.518
1668255088155,2022-11-12T14:11:28.155,540.600,0.793,0.152,0.427
1668255088195,2022-11-12T14:11:28.195,540.640,1.433,-1.098,-0.152
1668255088235,2022-11-12T14:11:28.235,540.680,1.341,-1.189,0.030
1668255088275,2022-11-12T14:11:28.275,540.720,1.433,-1.037,-0.152
1668255088315,2022-11-12T14:11:28.315,540.760,1.372,-0.915,-0.091
1668255088355,2022-11-12T14:11:28.355,540.800,0.305,0.366,0.183
1668255088395,2022-11-12T14:11:28.395,540.840,0.122,0.579,0.152
1668255088435,2022-11-12T14:11:28.435,540.880,0.976,-0.274,-0.061
1668255088475,2022-11-12T14:11:28.475,540.920,1.159,-0.366,-0.213
1668255088515,2022-11-12T14:11:28.515,540.960,1.037,-0.549,0.122
1668255088555,2022-11-12T14:11:28.555,541.000,1.006,-0.579,0.122
1668255088595,2022-11-12T14:11:28.595,541.040,1.250,-0.457,-0.183
1668255088635,2022-11-12T14:11:28.635,541.080,0.884,-0.213,0.030
1668255088675,2022-11-12T14:11:28.675,541.120,0.945,-0.305,0.061
1668255088715,2022-11-12T14:11:28.715,541.160,1.037,-0.335,-0.122
1668255088755,2022-11-12T14:11:28.755,541.200,0.793,-0.122,-0.030
1668255088795,2022-11-12T14:11:28.795,541.240,0.854,-0.152,0.061
1668255088835,2022-11-12T14:11:28.835,541.280,0.884,-0.457,0.030
1668255088875,2022-11-12T14:11:28.875,541.320,1.037,-0.457,-0.061
1668255088915,2022-11-12T14:11:28.915,541.360,0.884,-0.183,-0.030
1668255088955,2022-11-12T14:11:28.955,541.400,0.732,-0.061,0.091
1668255088995,2022-11-12T14:11:28.995,541.440,0.915,-0.244,-0.091
1668255089035,2022-11-12T14:11:29.035,541.480,0.915,-0.305,0.030
1668255089075,2022-11-12T14:11:29.075,541.520,0.945,-0.183,0.061
1668255089115,2022-11-12T14:11:29.115,541.560,1.037,-0.427,0.000
1668255089155,2022-11-12T14:11:29.155,541.600,1.037,-0.305,0.030
1668255089195,2022-11-12T14:11:29.195,541.640,1.006,-0.274,0.030
1668255089235,2022-11-12T14:11:29.235,541.680,0.671,-0.213,0.183
1668255089275,2022-11-12T14:11:29.275,541.720,0.854,-0.152,-0.030
1668255089315,2022-11-12T14:11:29.315,541.760,1.037,-0.213,-0.091
1668255089355,2022-11-12T14:11:29.355,541.800,0.823,-0.274,0.091
1668255089395,2022-11-12T14:11:29.395,541.840,0.823,-0.244,-0.030
1668255089435,2022-11-12T14:11:29.435,541.880,0.915,-0.183,-0.030
1668255089475,2022-11-12T14:11:29.475,541.920,0.884,-0.091,-0.061
1668255089515,2022-11-12T14:11:29.515,541.960,0.732,-0.244,0.091
1668255089555,2022-11-12T14:11:29.555,542.000,0.945,-0.457,0.030
1668255089595,2022-11-12T14:11:29.595,542.040,1.098,-0.335,-0.122
1668255089635,2022-11-12T14:11:29.635,542.080,0.854,-0.183,0.000
1668255089675,2022-11-12T14:11:29.675,542.120,0.793,-0.122,0.061
1668255089715,2022-11-12T14:11:29.715,542.160,0.884,-0.274,0.000
1668255089755,2022-11-12T14:11:29.755,542.200,0.793,-0.213,0.030
1668255089795,2022-11-12T14:11:29.795,542.240,0.854,-0.213,-0.030
1668255089835,2022-11-12T14:11:29.835,542.280,0.915,-0.274,-0.030
1668255089875,2022-11-12T14:11:29.875,542.320,1.006,-0.152,-0.122
1668255089915,2022-11-12T14:11:29.915,542.360,0.884,-0.244,0.030
1668255089955,2022-11-12T14:11:29.955,542.400,0.732,-0.244,0.091
1668255089995,2022-11-12T14:11:29.995,542.440,0.945,-0.213,-0.152
1668255090035,2022-11-12T14:11:30.035,542.480,0.854,-0.183,-0.061
1668255090075,2022-11-12T14:11:30.075,542.520,0.854,-0.335,0.091
1668255090115,2022-11-12T14:11:30.115,542.560,0.976,-0.274,-0.061
1668255090155,2022-11-12T14:11:30.155,542.600,0.854,-0.183,-0.091
1668255090195,2022-11-12T14:11:30.195,542.640,0.884,-0.061,-0.091
1668255090235,2022-11-12T14:11:30.235,542.680,0.732,-0.213,0.030
1668255090275,2022-11-12T14:11:30.275,542.720,0.945,-0.518,0.000
1668255090315,2022-11-12T14:11:30.315,542.760,1.006,-0.335,-0.122
1668255090355,2022-11-12T14:11:30.355,542.800,0.732,-0.183,-0.061
1668255090395,2022-11-12T14:11:30.395,542.840,0.762,-0.122,0.030
1668255090435,2022-11-12T14:11:30.435,542.880,1.128,-0.244,-0.030
1668255090475,2022-11-12T14:11:30.475,542.920,0.823,-0.274,0.030
1668255090515,2022-11-12T14:11:30.515,542.960,0.823,-0.244,0.061
1668255090555,2022-11-12T14:11:30.555,543.000,0.976,-0.305,-0.061
1668255090595,2022-11-12T14:11:30.595,543.040,0.945,-0.213,-0.030
1668255090635,2022-11-12T14:11:30.635,543.080,0.823,-0.213,0.091
1668255090675,2022-11-12T14:11:30.675,543.120,0.854,-0.274,0.091
1668255090715,2022-11-12T14:11:30.715,543.160,0.976,-0.183,-0.061
1668255090755,2022-11-12T14:11:30.755,543.200,0.945,-0.183,0.000
1668255090795,2022-11-12T14:11:30.795,543.240,0.793,-0.061,0.061
1668255090835,2022-11-12T14:11:30.835,543.280,0.732,-0.030,-0.091
1668255090875,2022-11-12T14:11:30.875,543.320,0.305,0.244,-0.213
1668255090915,2022-11-12T14:11:30.915,543.360,0.091,0.579,-0.335
1668255090955,2022-11-12T14:11:30.955,543.400,0.030,0.305,-0.274
1668255090995,2022-11-12T14:11:30.995,543.440,0.701,-0.305,-0.061
1668255091035,2022-11-12T14:11:31.035,543.480,1.037,-0.244,-0.091
1668255091075,2022-11-12T14:11:31.075,543.520,0.732,-0.061,0.091
1668255091115,2022-11-12T14:11:31.115,543.560,0.823,-0.122,0.152
1668255091155,2022-11-12T14:11:31.155,543.600,1.067,-0.366,0.000
1668255091195,2022-11-12T14:11:31.195,543.640,0.823,-0.244,0.061
1668255091235,2022-11-12T14:11:31.235,543.680,0.701,-0.152,0.030
1668255091275,2022-11-12T14:11:31.275,543.720,0.884,-0.122,-0.061
1668255091315,2022-11-12T14:11:31.315,543.760,1.067,-0.274,0.000
1668255091355,2022-11-12T14:11:31.355,543.800,0.732,-0.244,0.183
1668255091395,2022-11-12T14:11:31.395,543.840,0.762,-0.183,0.091
1668255091435,2022-11-12T14:11:31.435,543.880,0.945,-0.183,-0.061
1668255091475,2022-11-12T14:11:31.475,543.920,0.610,-0.122,0.122
1668255091515,2022-11-12T14:11:31.515,543.960,0.335,-0.213,0.305
1668255091555,2022-11-12T14:11:31.555,544.000,0.457,-0.274,0.122
1668255091595,2022-11-12T14:11:31.595,544.040,0.732,-0.091,-0.183
1668255091635,2022-11-12T14:11:31.635,544.080,0.671,0.030,-0.061
1668255091675,2022-11-12T14:11:31.675,544.120,0.762,-0.366,0.061
1668255091715,2022-11-12T14:11:31.715,544.160,1.006,-0.366,-0.091
1668255091755,2022-11-12T14:11:31.755,544.200,0.915,-0.030,-0.122
1668255091795,2022-11-12T14:11:31.795,544.240,0.732,-0.091,0.091
1668255091835,2022-11-12T14:11:31.835,544.280,1.006,-0.183,-0.061
1668255091875,2022-11-12T14:11:31.875,544.320,0.945,-0.244,-0.061
1668255091915,2022-11-12T14:11:31.915,544.360,0.732,-0.061,0.091
1668255091955,2022-11-12T14:11:31.955,544.400,0.854,-0.152,-0.030
1668255091995,2022-11-12T14:11:31.995,544.440,0.945,-0.244,-0.030
1668255092035,2022-11-12T14:11:32.035,544.480,0.915,-0.152,-0.091
1668255092075,2022-11-12T14:11:32.075,544.520,0.732,-0.122,0.091
1668255092115,2022-11-12T14:11:32.115,544.560,0.854,-0.244,0.061
1668255092155,2022-11-12T14:11:32.155,544.600,1.128,-0.244,-0.091
1668255092195,2022-11-12T14:11:32.195,544.640,0.915,-0.122,0.091
1668255092235,2022-11-12T14:11:32.235,544.680,0.762,-0.122,0.122
1668255092275,2022-11-12T14:11:32.275,544.720,0.976,-0.244,-0.061
1668255092315,2022-11-12T14:11:32.315,544.760,0.915,-0.183,-0.091
1668255092355,2022-11-12T14:11:32.355,544.800,0.762,-0.091,0.000
1668255092395,2022-11-12T14:11:32.395,544.840,0.701,-0.213,0.122
1668255092435,2022-11-12T14:11:32.435,544.880,0.793,-0.427,0.000
1668255092475,2022-11-12T14:11:32.475,544.920,0.976,-0.244,-0.122
1668255092515,2022-11-12T14:11:32.515,544.960,0.793,-0.061,0.030
1668255092555,2022-11-12T14:11:32.555,545.000,0.610,-0.122,0.122
1668255092595,2022-11-12T14:11:32.595,545.040,0.854,-0.183,-0.030
1668255092635,2022-11-12T14:11:32.635,545.080,0.854,-0.061,0.061
1668255092675,2022-11-12T14:11:32.675,545.120,0.915,-0.213,-0.030
1668255092715,2022-11-12T14:11:32.715,545.160,1.037,-0.488,-0.030
1668255092755,2022-11-12T14:11:32.755,545.200,0.793,-0.244,-0.061
1668255092795,2022-11-12T14:11:32.795,545.240,0.671,-0.122,0.091
1668255092835,2022-11-12T14:11:32.835,545.280,0.671,-0.183,0.152
1668255092875,2022-11-12T14:11:32.875,545.320,0.884,-0.274,-0.091
1668255092915,2022-11-12T14:11:32.915,545.360,1.067,-0.274,-0.091
1668255092955,2022-11-12T14:11:32.955,545.400,1.098,-0.305,0.030
1668255092995,2022-11-12T14:11:32.995,545.440,0.823,-0.122,-0.030
1668255093035,2022-11-12T14:11:33.035,545.480,0.732,-0.213,-0.030
1668255093075,2022-11-12T14:11:33.075,545.520,0.976,-0.457,0.030
1668255093115,2022-11-12T14:11:33.115,545.560,0.823,-0.244,0.000
1668255093155,2022-11-12T14:11:33.155,545.600,0.884,-0.030,-0.152
1668255093195,2022-11-12T14:11:33.195,545.640,0.793,-0.122,0.000
1668255093235,2022-11-12T14:11:33.235,545.680,0.884,-0.488,-0.061
1668255093275,2022-11-12T14:11:33.275,545.720,0.915,-0.366,-0.152
1668255093315,2022-11-12T14:11:33.315,545.760,0.793,-0.152,0.000
1668255093355,2022-11-12T14:11:33.355,545.800,0.793,-0.183,0.030
1668255093395,2022-11-12T14:11:33.395,545.840,0.854,-0.305,0.000
1668255093435,2022-11-12T14:11:33.435,545.880,1.006,-0.366,-0.030
1668255093475,2022-11-12T14:11:33.475,545.920,0.976,-0.457,-0.030
1668255093515,2022-11-12T14:11:33.515,545.960,0.915,-0.335,-0.061
1668255093555,2022-11-12T14:11:33.555,546.000,1.037,-0.274,0.000
1668255093595,2022-11-12T14:11:33.595,546.040,0.884,-0.396,0.091
1668255093635,2022-11-12T14:11:33.635,546.080,0.701,-0.335,0.122
1668255093675,2022-11-12T14:11:33.675,546.120,0.884,-0.305,-0.061
1668255093715,2022-11-12T14:11:33.715,546.160,0.945,-0.244,0.000
1668255093755,2022-11-12T14:11:33.755,546.200,0.915,-0.305,0.061
1668255093795,2022-11-12T14:11:33.795,546.240,1.616,-0.488,-0.122
1668255093835,2022-11-12T14:11:33.835,546.280,1.494,-0.610,-0.091
1668255093875,2022-11-12T14:11:33.875,546.320,1.067,-0.488,0.030
1668255093915,2022-11-12T14:11:33.915,546.360,0.976,-0.152,-0.091
1668255093955,2022-11-12T14:11:33.955,546.400,0.884,-0.396,0.030
1668255093995,2022-11-12T14:11:33.995,546.440,1.067,-0.518,-0.091
1668255094035,2022-11-12T14:11:34.035,546.480,0.945,-0.335,-0.152
1668255094075,2022-11-12T14:11:34.075,546.520,0.823,-0.152,0.061
1668255094115,2022-11-12T14:11:34.115,546.560,1.067,-0.335,-0.030
1668255094155,2022-11-12T14:11:34.155,546.600,1.006,-0.518,-0.061
1668255094195,2022-11-12T14:11:34.195,546.640,1.189,-0.427,0.000
1668255094235,2022-11-12T14:11:34.235,546.680,1.159,-0.671,0.000
1668255094275,2022-11-12T14:11:34.275,546.720,1.280,-0.488,-0.091
1668255094315,2022-11-12T14:11:34.315,546.760,0.976,-0.213,-0.030
1668255094355,2022-11-12T14:11:34.355,546.800,0.488,-0.122,0.061
1668255094395,2022-11-12T14:11:34.395,546.840,0.854,-0.244,0.000
1668255094435,2022-11-12T14:11:34.435,546.880,0.915,-0.030,-0.213
1668255094475,2022-11-12T14:11:34.475,546.920,0.579,0.000,0.030
1668255094515,2022-11-12T14:11:34.515,546.960,0.762,-0.122,0.061
1668255094555,2022-11-12T14:11:34.555,547.000,0.732,0.061,-0.091
1668255094595,2022-11-12T14:11:34.595,547.040,0.671,0.091,-0.091
1668255094635,2022-11-12T14:11:34.635,547.080,0.518,0.061,0.152
1668255094675,2022-11-12T14:11:34.675,547.120,0.732,-0.213,-0.030
1668255094715,2022-11-12T14:11:34.715,547.160,0.854,-0.488,-0.213
1668255094755,2022-11-12T14:11:34.755,547.200,0.610,-0.244,-0.213
1668255094795,2022-11-12T14:11:34.795,547.240,0.671,0.061,-0.061
1668255094835,2022-11-12T14:11:34.835,547.280,0.640,0.000,0.244
1668255094875,2022-11-12T14:11:34.875,547.320,0.762,0.030,0.000
1668255094915,2022-11-12T14:11:34.915,547.360,0.976,-0.030,-0.183
1668255094955,2022-11-12T14:11:34.955,547.400,0.732,-0.152,0.244
1668255094995,2022-11-12T14:11:34.995,547.440,0.793,-0.122,0.091
1668255095035,2022-11-12T14:11:35.035,547.480,0.732,-0.061,0.091
1668255095075,2022-11-12T14:11:35.075,547.520,0.701,-0.122,0.274
1668255095115,2022-11-12T14:11:35.115,547.560,0.823,-0.152,-0.030
1668255095155,2022-11-12T14:11:35.155,547.600,0.823,-0.122,-0.061
1668255095195,2022-11-12T14:11:35.195,547.640,0.823,-0.061,0.091
1668255095235,2022-11-12T14:11:35.235,547.680,0.793,0.030,0.091
1668255095275,2022-11-12T14:11:35.275,547.720,0.732,0.122,0.000
1668255095315,2022-11-12T14:11:35.315,547.760,0.762,-0.030,0.000
1668255095355,2022-11-12T14:11:35.355,547.800,0.854,-0.305,-0.030
1668255095395,2022-11-12T14:11:35.395,547.840,0.854,-0.274,-0.122
1668255095435,2022-11-12T14:11:35.435,547.880,0.640,-0.030,-0.030
1668255095475,2022-11-12T14:11:35.475,547.920,0.762,-0.091,-0.030
1668255095515,2022-11-12T14:11:35.515,547.960,0.762,-0.213,0.030
1668255095555,2022-11-12T14:11:35.555,548.000,0.762,-0.061,0.000
1668255095595,2022-11-12T14:11:35.595,548.040,0.762,-0.061,0.000
1668255095635,2022-11-12T14:11:35.635,548.080,0.823,-0.213,0.030
1668255095675,2022-11-12T14:11:35.675,548.120,0.793,-0.091,-0.061
1668255095715,2022-11-12T14:11:35.715,548.160,0.732,-0.061,0.000
1668255095755,2022-11-12T14:11:35.755,548.200,0.610,-0.061,0.122
1668255095795,2022-11-12T14:11:35.795,548.240,0.823,-0.183,-0.061
1668255095835,2022-11-12T14:11:35.835,548.280,0.945,-0.183,-0.122
1668255095875,2022-11-12T14:11:35.875,548.320,0.854,-0.152,0.030
1668255095915,2022-11-12T14:11:35.915,548.360,0.915,-0.244,-0.030
1668255095955,2022-11-12T14:11:35.955,548.400,0.793,-0.152,-0.091
1668255095995,2022-11-12T14:11:35.995,548.440,0.762,-0.091,0.000
1668255096035,2022-11-12T14:11:36.035,548.480,0.671,-0.061,0.061
1668255096075,2022-11-12T14:11:36.075,548.520,0.915,-0.366,-0.061
1668255096115,2022-11-12T14:11:36.115,548.560,1.006,-0.366,-0.030
1668255096155,2022-11-12T14:11:36.155,548.600,0.854,-0.122,0.061
1668255096195,2022-11-12T14:11:36.195,548.640,0.701,-0.122,0.061
1668255096235,2022-11-12T14:11:36.235,548.680,0.884,-0.244,-0.061
1668255096275,2022-11-12T14:11:36.275,548.720,0.884,-0.183,-0.030
1668255096315,2022-11-12T14:11:36.315,548.760,0.762,-0.122,0.091
1668255096355,2022-11-12T14:11:36.355,548.800,0.854,-0.183,-0.030
1668255096395,2022-11-12T14:11:36.395,548.840,0.854,-0.183,-0.061
1668255096435,2022-11-12T14:11:36.435,548.880,0.884,-0.244,-0.030
1668255096475,2022-11-12T14:11:36.475,548.920,0.640,-0.244,0.122
1668255096515,2022-11-12T14:11:36.515,548.960,0.701,-0.183,0.091
1668255096555,2022-11-12T14:11:36.555,549.000,0.945,-0.305,-0.061
1668255096595,2022-11-12T14:11:36.595,549.040,0.854,-0.213,0.000
1668255096635,2022-11-12T14:11:36.635,549.080,0.762,-0.091,0.061
1668255096675,2022-11-12T14:11:36.675,549.120,0.793,-0.244,0.061
1668255096715,2022-11-12T14:11:36.715,549.160,0.945,-0.335,-0.091
1668255096755,2022-11-12T14:11:36.755,549.200,0.762,-0.152,-0.061
1668255096795,2022-11-12T14:11:36.795,549.240,0.671,-0.030,0.030
1668255096835,2022-11-12T14:11:36.835,549.280,0.701,-0.335,-0.030
1668255096875,2022-11-12T14:11:36.875,549.320,1.006,-0.549,-0.152
1668255096915,2022-11-12T14:11:36.915,549.360,0.854,-0.274,-0.061
1668255096955,2022-11-12T14:11:36.955,549.400,0.732,-0.122,0.000
1668255096995,2022-11-12T14:11:36.995,549.440,0.915,-0.274,0.000
1668255097035,2022-11-12T14:11:37.035,549.480,0.915,-0.305,0.000
1668255097075,2022-11-12T14:11:37.075,549.520,0.762,-0.122,0.000
1668255097115,2022-11-12T14:11:37.115,549.560,0.823,-0.183,0.061
1668255097155,2022-11-12T14:11:37.155,549.600,0.945,-0.213,-0.030
1668255097195,2022-11-12T14:11:37.195,549.640,0.976,-0.305,-0.030
1668255097235,2022-11-12T14:11:37.235,549.680,0.823,-0.274,0.152
1668255097275,2022-11-12T14:11:37.275,549.720,0.854,-0.274,0.000
1668255097315,2022-11-12T14:11:37.315,549.760,1.006,-0.305,-0.091
1668255097355,2022-11-12T14:11:37.355,549.800,0.823,-0.122,0.061
1668255097395,2022-11-12T14:11:37.395,549.840,0.854,-0.213,0.091
1668255097435,2022-11-12T14:11:37.435,549.880,0.945,-0.366,-0.030
1668255097475,2022-11-12T14:11:37.475,549.920,0.823,-0.274,-0.030
1668255097515,2022-11-12T14:11:37.515,549.960,0.884,-0.122,-0.091
1668255097555,2022-11-12T14:11:37.555,550.000,0.854,-0.091,0.061
1668255097595,2022-11-12T14:11:37.595,550.040,0.854,-0.457,0.030
1668255097635,2022-11-12T14:11:37.635,550.080,0.915,-0.457,-0.091
1668255097675,2022-11-12T14:11:37.675,550.120,0.793,-0.183,0.061
1668255097715,2022-11-12T14:11:37.715,550.160,0.732,-0.061,0.122
1668255097755,2022-11-12T14:11:37.755,550.200,0.854,-0.244,-0.030
1668255097795,2022-11-12T14:11:37.795,550.240,0.915,-0.152,0.000
1668255097835,2022-11-12T14:11:37.835,550.280,0.823,0.061,0.030
1668255097875,2022-11-12T14:11:37.875,550.320,0.732,-0.091,0.061
1668255097915,2022-11-12T14:11:37.915,550.360,0.823,-0.030,0.000
1668255097955,2022-11-12T14:11:37.955,550.400,0.823,-0.091,0.061
1668255097995,2022-11-12T14:11:37.995,550.440,0.579,-0.183,0.244
1668255098035,2022-11-12T14:11:38.035,550.480,0.793,-0.122,0.030
1668255098075,2022-11-12T14:11:38.075,550.520,0.884,-0.091,-0.122
1668255098115,2022-11-12T14:11:38.115,550.560,0.732,-0.213,0.152
1668255098155,2022-11-12T14:11:38.155,550.600,0.762,-0.183,0.122
1668255098195,2022-11-12T14:11:38.195,550.640,0.823,0.122,-0.091
1668255098235,2022-11-12T14:11:38.235,550.680,0.976,0.152,-0.122
1668255098275,2022-11-12T14:11:38.275,550.720,0.793,-0.152,0.061
1668255098315,2022-11-12T14:11:38.315,550.760,0.945,-0.335,0.000
1668255098355,2022-11-12T14:11:38.355,550.800,0.823,-0.274,-0.030
1668255098395,2022-11-12T14:11:38.395,550.840,0.610,-0.152,0.152
1668255098435,2022-11-12T14:11:38.435,550.880,0.732,-0.061,0.091
1668255098475,2022-11-12T14:11:38.475,550.920,0.915,-0.183,-0.030
1668255098515,2022-11-12T14:11:38.515,550.960,0.671,-0.122,0.030
1668255098555,2022-11-12T14:11:38.555,551.000,0.762,-0.244,0.030
1668255098595,2022-11-12T14:11:38.595,551.040,0.762,-0.183,-0.091
1668255098635,2022-11-12T14:11:38.635,551.080,0.854,-0.152,0.000
1668255098675,2022-11-12T14:11:38.675,551.120,0.640,-0.030,0.183
1668255098715,2022-11-12T14:11:38.715,551.160,0.671,-0.122,0.183
1668255098755,2022-11-12T14:11:38.755,551.200,0.976,-0.152,-0.091
1668255098795,2022-11-12T14:11:38.795,551.240,0.884,-0.091,-0.091
1668255098835,2022-11-12T14:11:38.835,551.280,0.701,-0.183,0.061
1668255098875,2022-11-12T14:11:38.875,551.320,0.701,-0.244,-0.152
1668255098915,2022-11-12T14:11:38.915,551.360,0.823,-0.244,-0.152
1668255098955,2022-11-12T14:11:38.955,551.400,0.732,-0.305,0.183
1668255098995,2022-11-12T14:11:38.995,551.440,0.701,-0.152,0.213
1668255099035,2022-11-12T14:11:39.035,551.480,1.006,-0.122,-0.122
1668255099075,2022-11-12T14:11:39.075,551.520,0.976,-0.152,-0.152
1668255099115,2022-11-12T14:11:39.115,551.560,0.762,-0.152,0.061
1668255099155,2022-11-12T14:11:39.155,551.600,0.976,-0.061,0.000
1668255099195,2022-11-12T14:11:39.195,551.640,0.945,-0.091,0.091
1668255099235,2022-11-12T14:11:39.235,551.680,0.884,0.061,0.122
1668255099275,2022-11-12T14:11:39.275,551.720,0.823,-0.030,0.061
1668255099315,2022-11-12T14:11:39.315,551.760,0.976,-0.244,0.030
1668255099355,2022-11-12T14:11:39.355,551.800,1.006,-0.244,0.030
1668255099395,2022-11-12T14:11:39.395,551.840,0.732,-0.213,0.091
1668255099435,2022-11-12T14:11:39.435,551.880,0.732,-0.030,0.030
1668255099475,2022-11-12T14:11:39.475,551.920,0.793,-0.152,-0.061
1668255099515,2022-11-12T14:11:39.515,551.960,0.793,-0.244,-0.030
1668255099555,2022-11-12T14:11:39.555,552.000,0.762,-0.244,0.000
1668255099595,2022-11-12T14:11:39.595,552.040,0.823,-0.305,0.000
1668255099635,2022-11-12T14:11:39.635,552.080,0.854,-0.091,0.000
1668255099675,2022-11-12T14:11:39.675,552.120,0.823,-0.122,-0.030
1668255099715,2022-11-12T14:11:39.715,552.160,0.884,-0.213,-0.061
1668255099755,2022-11-12T14:11:39.755,552.200,0.854,-0.061,-0.030
1668255099795,2022-11-12T14:11:39.795,552.240,0.945,-0.274,0.030
1668255099835,2022-11-12T14:11:39.835,552.280,1.006,-0.213,-0.122
1668255099875,2022-11-12T14:11:39.875,552.320,0.976,-0.061,-0.122
1668255099915,2022-11-12T14:11:39.915,552.360,0.793,-0.152,0.030
1668255099955,2022-11-12T14:11:39.955,552.400,0.793,-0.335,0.000
1668255099995,2022-11-12T14:11:39.995,552.440,0.793,-0.305,-0.030
1668255100035,2022-11-12T14:11:40.035,552.480,0.488,-0.091,0.183
1668255100075,2022-11-12T14:11:40.075,552.520,0.732,-0.213,0.000
1668255100115,2022-11-12T14:11:40.115,552.560,0.793,-0.122,-0.183
1668255100155,2022-11-12T14:11:40.155,552.600,0.793,-0.427,0.091
1668255100195,2022-11-12T14:11:40.195,552.640,0.701,-0.244,0.213
1668255100235,2022-11-12T14:11:40.235,552.680,0.976,-0.152,-0.122
1668255100275,2022-11-12T14:11:40.275,552.720,1.159,-0.335,-0.122
1668255100315,2022-11-12T14:11:40.315,552.760,0.915,-0.274,0.061
1668255100355,2022-11-12T14:11:40.355,552.800,0.854,-0.366,-0.030
1668255100395,2022-11-12T14:11:40.395,552.840,0.915,-0.366,0.000
1668255100435,2022-11-12T14:11:40.435,552.880,0.823,-0.183,0.000
1668255100475,2022-11-12T14:11:40.475,552.920,0.854,0.030,-0.030
1668255100515,2022-11-12T14:11:40.515,552.960,0.732,-0.030,0.122
1668255100555,2022-11-12T14:11:40.555,553.000,1.159,-0.305,-0.335
1668255100595,2022-11-12T14:11:40.595,553.040,0.884,-0.366,-0.305
1668255100635,2022-11-12T14:11:40.635,553.080,0.427,0.000,0.183
1668255100675,2022-11-12T14:11:40.675,553.120,0.518,0.030,0.183
1668255100715,2022-11-12T14:11:40.715,553.160,0.854,-0.213,0.000
1668255100755,2022-11-12T14:11:40.755,553.200,0.945,-0.244,0.030
1668255100795,2022-11-12T14:11:40.795,553.240,0.640,-0.091,0.335
1668255100835,2022-11-12T14:11:40.835,553.280,0.945,-0.244,0.244
1668255100875,2022-11-12T14:11:40.875,553.320,1.280,-0.152,-0.244
1668255100915,2022-11-12T14:11:40.915,553.360,1.037,-0.122,0.030
1668255100955,2022-11-12T14:11:40.955,553.400,0.823,-0.244,0.305
1668255100995,2022-11-12T14:11:40.995,553.440,1.189,-0.488,-0.030
1668255101035,2022-11-12T14:11:41.035,553.480,1.037,-0.396,-0.152
1668255101075,2022-11-12T14:11:41.075,553.520,0.945,-0.244,0.091
1668255101115,2022-11-12T14:11:41.115,553.560,1.006,-0.396,0.122
1668255101155,2022-11-12T14:11:41.155,553.600,0.945,-0.274,0.091
1668255101195,2022-11-12T14:11:41.195,553.640,0.732,0.000,0.122
1668255101235,2022-11-12T14:11:41.235,553.680,0.610,-0.244,0.122
1668255101275,2022-11-12T14:11:41.275,553.720,0.884,-0.244,-0.152
1668255101315,2022-11-12T14:11:41.315,553.760,0.945,-0.091,-0.122
1668255101355,2022-11-12T14:11:41.355,553.800,0.579,-0.091,0.122
1668255101395,2022-11-12T14:11:41.395,553.840,0.823,0.000,-0.122
1668255101435,2022-11-12T14:11:41.435,553.880,0.915,-0.183,-0.061
1668255101475,2022-11-12T14:11:41.475,553.920,0.701,-0.061,0.061
1668255101515,2022-11-12T14:11:41.515,553.960,0.884,-0.061,0.000
1668255101555,2022-11-12T14:11:41.555,554.000,0.976,-0.183,-0.061
1668255101595,2022-11-12T14:11:41.595,554.040,1.037,-0.213,-0.061
1668255101635,2022-11-12T14:11:41.635,554.080,0.671,-0.122,0.091
1668255101675,2022-11-12T14:11:41.675,554.120,0.640,-0.122,0.091
1668255101715,2022-11-12T14:11:41.715,554.160,0.884,-0.213,-0.122
1668255101755,2022-11-12T14:11:41.755,554.200,0.793,-0.213,-0.030
1668255101795,2022-11-12T14:11:41.795,554.240,0.762,-0.122,0.122
1668255101835,2022-11-12T14:11:41.835,554.280,0.854,-0.213,-0.061
1668255101875,2022-11-12T14:11:41.875,554.320,0.640,-0.030,-0.152
1668255101915,2022-11-12T14:11:41.915,554.360,0.671,-0.122,0.030
1668255101955,2022-11-12T14:11:41.955,554.400,0.854,-0.457,0.030
1668255101995,2022-11-12T14:11:41.995,554.440,0.854,-0.274,-0.122
1668255102035,2022-11-12T14:11:42.035,554.480,0.823,-0.061,-0.091
1668255102075,2022-11-12T14:11:42.075,554.520,0.762,-0.061,0.061
1668255102115,2022-11-12T14:11:42.115,554.560,0.701,-0.274,0.091
1668255102155,2022-11-12T14:11:42.155,554.600,0.762,-0.213,0.030
1668255102195,2022-11-12T14:11:42.195,554.640,0.854,-0.244,0.091
1668255102235,2022-11-12T14:11:42.235,554.680,0.732,-0.213,0.091
1668255102275,2022-11-12T14:11:42.275,554.720,0.854,-0.061,-0.091
1668255102315,2022-11-12T14:11:42.315,554.760,0.854,-0.091,0.030
1668255102355,2022-11-12T14:11:42.355,554.800,0.701,-0.152,0.122
1668255102395,2022-11-12T14:11:42.395,554.840,0.854,-0.213,-0.030
1668255102435,2022-11-12T14:11:42.435,554.880,0.793,-0.152,0.000
1668255102475,2022-11-12T14:11:42.475,554.920,0.732,-0.183,0.091
1668255102515,2022-11-12T14:11:42.515,554.960,0.793,-0.244,-0.030
1668255102555,2022-11-12T14:11:42.555,555.000,0.823,-0.061,-0.091
1668255102595,2022-11-12T14:11:42.595,555.040,0.732,-0.152,0.091
1668255102635,2022-11-12T14:11:42.635,555.080,0.762,-0.335,0.000
1668255102675,2022-11-12T14:11:42.675,555.120,1.006,-0.335,-0.122
1668255102715,2022-11-12T14:11:42.715,555.160,0.701,-0.183,0.061
1668255102755,2022-11-12T14:11:42.755,555.200,0.610,0.030,0.061
1668255102795,2022-11-12T14:11:42.795,555.240,0.945,-0.274,-0.091
1668255102835,2022-11-12T14:11:42.835,555.280,0.823,-0.366,0.091
1668255102875,2022-11-12T14:11:42.875,555.320,0.854,-0.091,0.000
1668255102915,2022-11-12T14:11:42.915,555.360,0.701,-0.213,0.061
1668255102955,2022-11-12T14:11:42.955,555.400,0.884,-0.274,-0.030
1668255102995,2022-11-12T14:11:42.995,555.440,0.854,-0.122,-0.061
1668255103035,2022-11-12T14:11:43.035,555.480,0.610,-0.061,0.122
1668255103075,2022-11-12T14:11:43.075,555.520,0.915,-0.213,-0.061
1668255103115,2022-11-12T14:11:43.115,555.560,1.067,-0.213,-0.152
1668255103155,2022-11-12T14:11:43.155,555.600,0.701,-0.122,0.122
1668255103195,2022-11-12T14:11:43.195,555.640,0.793,-0.183,0.000
1668255103235,2022-11-12T14:11:43.235,555.680,0.823,-0.183,-0.030
1668255103275,2022-11-12T14:11:43.275,555.720,0.854,-0.122,-0.030
1668255103315,2022-11-12T14:11:43.315,555.760,0.579,-0.244,0.152
1668255103355,2022-11-12T14:11:43.355,555.800,0.915,-0.427,-0.061
1668255103395,2022-11-12T14:11:43.395,555.840,0.915,-0.335,-0.122
1668255103435,2022-11-12T14:11:43.435,555.880,0.610,-0.061,0.091
1668255103475,2022-11-12T14:11:43.475,555.920,0.762,-0.061,0.061
1668255103515,2022-11-12T14:11:43.515,555.960,0.976,-0.244,-0.030
1668255103555,2022-11-12T14:11:43.555,556.000,0.701,-0.122,0.000
1668255103595,2022-11-12T14:11:43.595,556.040,0.823,-0.122,-0.061
1668255103635,2022-11-12T14:11:43.635,556.080,0.793,-0.152,0.030
1668255103675,2022-11-12T14:11:43.675,556.120,0.915,-0.183,-0.091
1668255103715,2022-11-12T14:11:43.715,556.160,0.762,-0.122,-0.030
1668255103755,2022-11-12T14:11:43.755,556.200,0.518,0.000,0.030
1668255103795,2022-11-12T14:11:43.795,556.240,0.915,-0.183,-0.061
1668255103835,2022-11-12T14:11:43.835,556.280,0.976,-0.244,-0.061
1668255103875,2022-11-12T14:11:43.875,556.320,0.823,-0.244,0.061
1668255103915,2022-11-12T14:11:43.915,556.360,0.884,-0.183,-0.061
1668255103955,2022-11-12T14:11:43.955,556.400,0.823,-0.152,-0.122
1668255103995,2022-11-12T14:11:43.995,556.440,0.793,-0.122,-0.030
1668255104035,2022-11-12T14:11:44.035,556.480,0.701,-0.183,0.091
1668255104075,2022-11-12T14:11:44.075,556.520,0.915,-0.518,0.030
1668255104115,2022-11-12T14:11:44.115,556.560,0.976,-0.366,-0.152
1668255104155,2022-11-12T14:11:44.155,556.600,0.854,-0.152,-0.030
1668255104195,2022-11-12T14:11:44.195,556.640,0.762,-0.091,0.030
1668255104235,2022-11-12T14:11:44.235,556.680,0.976,-0.213,-0.091
1668255104275,2022-11-12T14:11:44.275,556.720,1.037,-0.366,-0.030
1668255104315,2022-11-12T14:11:44.315,556.760,0.793,-0.274,0.122
1668255104355,2022-11-12T14:11:44.355,556.800,0.732,-0.152,0.000
1668255104395,2022-11-12T14:11:44.395,556.840,0.976,-0.274,-0.030
1668255104435,2022-11-12T14:11:44.435,556.880,0.945,-0.274,0.061
1668255104475,2022-11-12T14:11:44.475,556.920,0.884,-0.244,0.152
1668255104515,2022-11-12T14:11:44.515,556.960,1.006,-0.335,0.030
1668255104555,2022-11-12T14:11:44.555,557.000,1.128,-0.366,-0.152
1668255104595,2022-11-12T14:11:44.595,557.040,1.037,-0.335,-0.061
1668255104635,2022-11-12T14:11:44.635,557.080,1.006,-0.366,0.000
1668255104675,2022-11-12T14:11:44.675,557.120,0.976,-0.366,-0.061
1668255104715,2022-11-12T14:11:44.715,557.160,0.884,-0.244,-0.061
1668255104755,2022-11-12T14:11:44.755,557.200,0.945,-0.305,0.000
1668255104795,2022-11-12T14:11:44.795,557.240,1.128,-0.854,0.152
1668255104835,2022-11-12T14:11:44.835,557.280,1.494,-1.006,-0.213
1668255104875,2022-11-12T14:11:44.875,557.320,1.037,-0.396,-0.183
1668255104915,2022-11-12T14:11:44.915,557.360,0.610,-0.091,0.183
1668255104955,2022-11-12T14:11:44.955,557.400,0.976,-0.183,-0.183
1668255104995,2022-11-12T14:11:44.995,557.440,0.976,-0.244,-0.122
1668255105035,2022-11-12T14:11:45.035,557.480,0.732,-0.091,0.000
1668255105075,2022-11-12T14:11:45.075,557.520,0.884,-0.091,0.030
1668255105115,2022-11-12T14:11:45.115,557.560,0.762,-0.061,0.122
1668255105155,2022-11-12T14:11:45.155,557.600,0.854,-0.091,-0.030
1668255105195,2022-11-12T14:11:45.195,557.640,0.671,-0.030,0.152
1668255105235,2022-11-12T14:11:45.235,557.680,0.579,0.030,0.152
1668255105275,2022-11-12T14:11:45.275,557.720,1.037,-0.305,-0.122
1668255105315,2022-11-12T14:11:45.315,557.760,0.854,-0.152,-0.091
1668255105355,2022-11-12T14:11:45.355,557.800,0.549,0.061,0.000
1668255105395,2022-11-12T14:11:45.395,557.840,0.854,0.030,-0.152
1668255105435,2022-11-12T14:11:45.435,557.880,0.518,0.091,0.061
1668255105475,2022-11-12T14:11:45.475,557.920,0.701,-0.213,0.000
1668255105515,2022-11-12T14:11:45.515,557.960,0.762,-0.152,-0.061
1668255105555,2022-11-12T14:11:45.555,558.000,0.610,0.030,0.061
1668255105595,2022-11-12T14:11:45.595,558.040,0.732,0.000,0.030
1668255105635,2022-11-12T14:11:45.635,558.080,0.762,-0.091,0.000
1668255105675,2022-11-12T14:11:45.675,558.120,0.762,-0.122,0.030
1668255105715,2022-11-12T14:11:45.715,558.160,0.823,-0.030,0.000
1668255105755,2022-11-12T14:11:45.755,558.200,0.793,-0.091,0.000
1668255105795,2022-11-12T14:11:45.795,558.240,0.884,-0.091,0.000
1668255105835,2022-11-12T14:11:45.835,558.280,0.762,-0.183,0.091
1668255105875,2022-11-12T14:11:45.875,558.320,0.610,-0.152,0.152
1668255105915,2022-11-12T14:11:45.915,558.360,0.915,-0.152,-0.030
1668255105955,2022-11-12T14:11:45.955,558.400,0.884,-0.183,-0.122
1668255105995,2022-11-12T14:11:45.995,558.440,0.793,-0.183,0.000
1668255106035,2022-11-12T14:11:46.035,558.480,0.915,-0.152,-0.091
1668255106075,2022-11-12T14:11:46.075,558.520,0.793,-0.061,-0.030
1668255106115,2022-11-12T14:11:46.115,558.560,0.701,-0.091,0.030
1668255106155,2022-11-12T14:11:46.155,558.600,0.854,-0.396,0.030
1668255106195,2022-11-12T14:11:46.195,558.640,0.915,-0.305,0.000
1668255106235,2022-11-12T14:11:46.235,558.680,0.793,-0.122,-0.061
1668255106275,2022-11-12T14:11:46.275,558.720,0.762,-0.122,0.091
1668255106315,2022-11-12T14:11:46.315,558.760,0.854,-0.213,0.000
1668255106355,2022-11-12T14:11:46.355,558.800,0.701,-0.152,0.030
1668255106395,2022-11-12T14:11:46.395,558.840,0.762,-0.122,0.091
1668255106435,2022-11-12T14:11:46.435,558.880,0.762,-0.274,-0.061
1668255106475,2022-11-12T14:11:46.475,558.920,0.793,-0.061,-0.030
1668255106515,2022-11-12T14:11:46.515,558.960,0.884,-0.152,0.061
1668255106555,2022-11-12T14:11:46.555,559.000,0.671,-0.213,0.183
1668255106595,2022-11-12T14:11:46.595,559.040,0.884,-0.152,-0.091
1668255106635,2022-11-12T14:11:46.635,559.080,0.854,-0.244,-0.122
1668255106675,2022-11-12T14:11:46.675,559.120,0.640,-0.274,0.091
1668255106715,2022-11-12T14:11:46.715,559.160,0.823,-0.152,-0.030
1668255106755,2022-11-12T14:11:46.755,559.200,0.884,-0.061,-0.091
1668255106795,2022-11-12T14:11:46.795,559.240,0.793,-0.183,0.030
1668255106835,2022-11-12T14:11:46.835,559.280,0.762,-0.305,0.091
1668255106875,2022-11-12T14:11:46.875,559.320,0.823,-0.305,-0.061
1668255106915,2022-11-12T14:11:46.915,559.360,0.854,-0.091,-0.030
1668255106955,2022-11-12T14:11:46.955,559.400,0.671,0.061,0.061
1668255106995,2022-11-12T14:11:46.995,559.440,0.854,-0.122,-0.122
1668255107035,2022-11-12T14:11:47.035,559.480,0.884,-0.335,-0.030
1668255107075,2022-11-12T14:11:47.075,559.520,0.762,-0.122,0.122
1668255107115,2022-11-12T14:11:47.115,559.560,0.854,-0.152,0.030
1668255107155,2022-11-12T14:11:47.155,559.600,0.915,-0.244,0.000
1668255107195,2022-11-12T14:11:47.195,559.640,0.945,-0.152,-0.091
1668255107235,2022-11-12T14:11:47.235,559.680,0.762,-0.091,0.091
1668255107275,2022-11-12T14:11:47.275,559.720,0.762,-0.213,0.061
1668255107315,2022-11-12T14:11:47.315,559.760,1.067,-0.305,-0.183
1668255107355,2022-11-12T14:11:47.355,559.800,0.884,-0.183,-0.030
1668255107395,2022-11-12T14:11:47.395,559.840,0.732,-0.213,0.122
1668255107435,2022-11-12T14:11:47.435,559.880,0.945,-0.335,-0.061
1668255107475,2022-11-12T14:11:47.475,559.920,0.945,-0.274,-0.091
1668255107515,2022-11-12T14:11:47.515,559.960,0.823,-0.122,0.000
1668255107555,2022-11-12T14:11:47.555,560.000,0.762,-0.213,0.030
1668255107595,2022-11-12T14:11:47.595,560.040,0.915,-0.549,-0.061
1668255107635,2022-11-12T14:11:47.635,560.080,0.976,-0.305,-0.152
1668255107675,2022-11-12T14:11:47.675,560.120,0.793,-0.122,0.030
1668255107715,2022-11-12T14:11:47.715,560.160,0.854,-0.152,0.030
1668255107755,2022-11-12T14:11:47.755,560.200,0.915,-0.244,-0.061
1668255107795,2022-11-12T14:11:47.795,560.240,0.762,-0.213,0.000
1668255107835,2022-11-12T14:11:47.835,560.280,0.732,-0.152,-0.030
1668255107875,2022-11-12T14:11:47.875,560.320,0.854,-0.244,0.061
1668255107915,2022-11-12T14:11:47.915,560.360,0.945,-0.183,-0.091
1668255107955,2022-11-12T14:11:47.955,560.400,0.823,-0.213,0.061
1668255107995,2022-11-12T14:11:47.995,560.440,0.701,-0.122,0.152
1668255108035,2022-11-12T14:11:48.035,560.480,0.793,-0.213,-0.061
1668255108075,2022-11-12T14:11:48.075,560.520,0.945,-0.244,-0.030
1668255108115,2022-11-12T14:11:48.115,560.560,0.793,-0.274,0.030
1668255108155,2022-11-12T14:11:48.155,560.600,0.915,-0.274,0.030
1668255108195,2022-11-12T14:11:48.195,560.640,0.976,-0.213,-0.091
1668255108235,2022-11-12T14:11:48.235,560.680,0.762,-0.122,-0.061
1668255108275,2022-11-12T14:11:48.275,560.720,0.762,-0.061,0.030
1668255108315,2022-11-12T14:11:48.315,560.760,0.854,-0.366,0.061
1668255108355,2022-11-12T14:11:48.355,560.800,1.067,-0.488,-0.061
1668255108395,2022-11-12T14:11:48.395,560.840,0.854,-0.152,0.000
1668255108435,2022-11-12T14:11:48.435,560.880,0.793,-0.122,0.091
1668255108475,2022-11-12T14:11:48.475,560.920,0.976,-0.305,-0.030
1668255108515,2022-11-12T14:11:48.515,560.960,0.854,-0.213,0.000
1668255108555,2022-11-12T14:11:48.555,561.000,0.732,0.000,0.091
1668255108595,2022-11-12T14:11:48.595,561.040,0.884,-0.244,0.061
1668255108635,2022-11-12T14:11:48.635,561.080,0.976,-0.183,-0.091
1668255108675,2022-11-12T14:11:48.675,561.120,0.793,-0.061,0.000
1668255108715,2022-11-12T14:11:48.715,561.160,0.610,-0.122,0.183
1668255108755,2022-11-12T14:11:48.755,561.200,0.854,-0.183,-0.030
1668255108795,2022-11-12T14:11:48.795,561.240,0.945,-0.152,-0.152
1668255108835,2022-11-12T14:11:48.835,561.280,0.732,-0.152,0.030
1668255108875,2022-11-12T14:11:48.875,561.320,0.823,-0.061,-0.122
1668255108915,2022-11-12T14:11:48.915,561.360,0.915,-0.091,-0.152
1668255108955,2022-11-12T14:11:48.955,561.400,0.915,0.030,-0.061
1668255108995,2022-11-12T14:11:48.995,561.440,0.701,-0.091,-0.030
1668255109035,2022-11-12T14:11:49.035,561.480,0.793,-0.488,0.000
1668255109075,2022-11-12T14:11:49.075,561.520,0.732,-0.213,0.091
1668255109115,2022-11-12T14:11:49.115,561.560,0.549,0.030,0.061
1668255109155,2022-11-12T14:11:49.155,561.600,0.732,-0.061,0.030
1668255109195,2022-11-12T14:11:49.195,561.640,1.037,-0.274,-0.061
1668255109235,2022-11-12T14:11:49.235,561.680,0.854,-0.122,0.030
1668255109275,2022-11-12T14:11:49.275,561.720,0.793,-0.122,0.152
1668255109315,2022-11-12T14:11:49.315,561.760,0.884,-0.244,0.000
1668255109355,2022-11-12T14:11:49.355,561.800,0.915,-0.152,-0.091
1668255109395,2022-11-12T14:11:49.395,561.840,0.732,-0.152,0.152
1668255109435,2022-11-12T14:11:49.435,561.880,0.732,-0.183,0.152
1668255109475,2022-11-12T14:11:49.475,561.920,0.915,-0.213,-0.122
1668255109515,2022-11-12T14:11:49.515,561.960,0.854,-0.152,-0.030
1668255109555,2022-11-12T14:11:49.555,562.000,0.762,-0.183,0.061
1668255109595,2022-11-12T14:11:49.595,562.040,0.762,-0.152,0.000
1668255109635,2022-11-12T14:11:49.635,562.080,0.793,-0.061,-0.091
1668255109675,2022-11-12T14:11:49.675,562.120,0.793,0.000,0.030
1668255109715,2022-11-12T14:11:49.715,562.160,0.854,-0.244,0.000
1668255109755,2022-11-12T14:11:49.755,562.200,0.915,-0.488,-0.091
1668255109795,2022-11-12T14:11:49.795,562.240,0.762,-0.274,0.000
1668255109835,2022-11-12T14:11:49.835,562.280,0.579,-0.061,0.061
1668255109875,2022-11-12T14:11:49.875,562.320,0.762,-0.122,-0.030
1668255109915,2022-11-12T14:11:49.915,562.360,0.884,-0.244,-0.061
1668255109955,2022-11-12T14:11:49.955,562.400,0.793,-0.091,-0.030
1668255109995,2022-11-12T14:11:49.995,562.440,0.762,-0.061,0.061
1668255110035,2022-11-12T14:11:50.035,562.480,0.823,-0.122,0.030
1668255110075,2022-11-12T14:11:50.075,562.520,0.854,0.122,-0.152
1668255110115,2022-11-12T14:11:50.115,562.560,0.640,0.183,0.061
1668255110155,2022-11-12T14:11:50.155,562.600,0.701,-0.183,0.061
1668255110195,2022-11-12T14:11:50.195,562.640,0.976,0.000,-0.152
1668255110235,2022-11-12T14:11:50.235,562.680,0.762,0.213,0.000
1668255110275,2022-11-12T14:11:50.275,562.720,0.640,0.152,0.091
1668255110315,2022-11-12T14:11:50.315,562.760,0.762,0.122,-0.122
1668255110355,2022-11-12T14:11:50.355,562.800,0.762,0.061,-0.091
1668255110395,2022-11-12T14:11:50.395,562.840,0.793,-0.061,0.000
1668255110435,2022-11-12T14:11:50.435,562.880,0.640,-0.335,0.122
1668255110475,2022-11-12T14:11:50.475,562.920,0.945,-0.640,-0.030
1668255110515,2022-11-12T14:11:50.515,562.960,0.976,-0.335,-0.122
1668255110555,2022-11-12T14:11:50.555,563.000,0.549,-0.122,0.061
1668255110595,2022-11-12T14:11:50.595,563.040,0.396,-0.122,0.152
1668255110635,2022-11-12T14:11:50.635,563.080,0.884,-0.335,0.000
1668255110675,2022-11-12T14:11:50.675,563.120,0.762,-0.335,0.061
1668255110715,2022-11-12T14:11:50.715,563.160,0.884,-0.152,0.000
1668255110755,2022-11-12T14:11:50.755,563.200,0.793,-0.213,0.061
1668255110795,2022-11-12T14:11:50.795,563.240,0.915,-0.244,-0.030
1668255110835,2022-11-12T14:11:50.835,563.280,0.823,-0.152,-0.061
1668255110875,2022-11-12T14:11:50.875,563.320,0.579,-0.122,0.183
1668255110915,2022-11-12T14:11:50.915,563.360,0.823,-0.183,-0.061
1668255110955,2022-11-12T14:11:50.955,563.400,0.976,-0.183,-0.122
1668255110995,2022-11-12T14:11:50.995,563.440,0.793,-0.152,0.091
1668255111035,2022-11-12T14:11:51.035,563.480,0.762,-0.152,0.152
1668255111075,2022-11-12T14:11:51.075,563.520,0.884,-0.152,0.061
1668255111115,2022-11-12T14:11:51.115,563.560,0.823,-0.244,0.091
1668255111155,2022-11-12T14:11:51.155,563.600,0.793,-0.183,0.030
1668255111195,2022-11-12T14:11:51.195,563.640,0.884,-0.274,0.061
1668255111235,2022-11-12T14:11:51.235,563.680,0.793,-0.457,0.000
1668255111275,2022-11-12T14:11:51.275,563.720,0.915,-0.305,-0.091
1668255111315,2022-11-12T14:11:51.315,563.760,0.854,-0.213,-0.030
1668255111355,2022-11-12T14:11:51.355,563.800,0.610,-0.061,0.061
1668255111395,2022-11-12T14:11:51.395,563.840,1.006,-0.274,0.000
1668255111435,2022-11-12T14:11:51.435,563.880,0.854,-0.213,-0.061
1668255111475,2022-11-12T14:11:51.475,563.920,0.793,-0.030,0.000
1668255111515,2022-11-12T14:11:51.515,563.960,0.915,-0.152,0.030
1668255111555,2022-11-12T14:11:51.555,564.000,0.915,-0.183,-0.091
1668255111595,2022-11-12T14:11:51.595,564.040,0.793,-0.213,0.061
1668255111635,2022-11-12T14:11:51.635,564.080,0.732,-0.244,0.213
1668255111675,2022-11-12T14:11:51.675,564.120,0.915,-0.213,-0.061
1668255111715,2022-11-12T14:11:51.715,564.160,0.945,-0.213,-0.061
1668255111755,2022-11-12T14:11:51.755,564.200,0.945,-0.335,0.183
1668255111795,2022-11-12T14:11:51.795,564.240,1.098,-0.366,0.091
1668255111835,2022-11-12T14:11:51.835,564.280,0.793,-0.091,-0.091
1668255111875,2022-11-12T14:11:51.875,564.320,0.884,-0.122,0.000
1668255111915,2022-11-12T14:11:51.915,564.360,0.854,-0.335,0.122
1668255111955,2022-11-12T14:11:51.955,564.400,1.037,-0.488,-0.030
1668255111995,2022-11-12T14:11:51.995,564.440,0.945,-0.305,-0.061
1668255112035,2022-11-12T14:11:52.035,564.480,0.793,-0.091,0.000
1668255112075,2022-11-12T14:11:52.075,564.520,0.793,-0.061,0.000
1668255112115,2022-11-12T14:11:52.115,564.560,1.006,-0.335,-0.061
1668255112155,2022-11-12T14:11:52.155,564.600,0.854,-0.183,-0.030
1668255112195,2022-11-12T14:11:52.195,564.640,0.823,-0.152,0.030
1668255112235,2022-11-12T14:11:52.235,564.680,0.915,-0.274,-0.030
1668255112275,2022-11-12T14:11:52.275,564.720,0.884,-0.152,-0.091
1668255112315,2022-11-12T14:11:52.315,564.760,0.732,-0.152,0.122
1668255112355,2022-11-12T14:11:52.355,564.800,0.701,-0.091,0.091
1668255112395,2022-11-12T14:11:52.395,564.840,0.945,-0.183,-0.122
1668255112435,2022-11-12T14:11:52.435,564.880,0.945,-0.213,-0.061
1668255112475,2022-11-12T14:11:52.475,564.920,0.762,-0.152,-0.091
1668255112515,2022-11-12T14:11:52.515,564.960,0.640,0.030,-0.061
1668255112555,2022-11-12T14:11:52.555,565.000,0.762,0.091,-0.122
1668255112595,2022-11-12T14:11:52.595,565.040,0.732,-0.213,0.061
1668255112635,2022-11-12T14:11:52.635,565.080,0.884,-0.366,-0.030
1668255112675,2022-11-12T14:11:52.675,565.120,0.823,-0.091,-0.091
1668255112715,2022-11-12T14:11:52.715,565.160,0.610,0.030,0.061
1668255112755,2022-11-12T14:11:52.755,565.200,0.793,-0.091,-0.030
1668255112795,2022-11-12T14:11:52.795,565.240,0.854,-0.305,-0.030
1668255112835,2022-11-12T14:11:52.835,565.280,0.671,-0.030,0.061
1668255112875,2022-11-12T14:11:52.875,565.320,0.732,-0.122,0.030
1668255112915,2022-11-12T14:11:52.915,565.360,0.823,-0.152,0.000
1668255112955,2022-11-12T14:11:52.955,565.400,0.854,-0.030,-0.091
1668255112995,2022-11-12T14:11:52.995,565.440,0.732,-0.183,0.152
1668255113035,2022-11-12T14:11:53.035,565.480,0.884,-0.274,0.152
1668255113075,2022-11-12T14:11:53.075,565.520,0.884,-0.183,-0.122
1668255113115,2022-11-12T14:11:53.115,565.560,0.732,-0.091,0.000
1668255113155,2022-11-12T14:11:53.155,565.600,0.732,-0.213,0.061
1668255113195,2022-11-12T14:11:53.195,565.640,0.884,-0.183,-0.030
1668255113235,2022-11-12T14:11:53.235,565.680,0.823,0.030,-0.030
1668255113275,2022-11-12T14:11:53.275,565.720,0.640,-0.152,0.091
1668255113315,2022-11-12T14:11:53.315,565.760,0.884,-0.427,-0.030
1668255113355,2022-11-12T14:11:53.355,565.800,0.884,-0.244,-0.091
1668255113395,2022-11-12T14:11:53.395,565.840,0.640,-0.030,0.091
1668255113435,2022-11-12T14:11:53.435,565.880,0.671,-0.091,0.000
1668255113475,2022-11-12T14:11:53.475,565.920,0.854,-0.274,-0.030
1668255113515,2022-11-12T14:11:53.515,565.960,0.732,-0.122,0.091
1668255113555,2022-11-12T14:11:53.555,566.000,0.732,-0.061,0.030
1668255113595,2022-11-12T14:11:53.595,566.040,0.945,-0.335,0.000
1668255113635,2022-11-12T14:11:53.635,566.080,0.884,-0.152,-0.061
1668255113675,2022-11-12T14:11:53.675,566.120,0.793,-0.183,0.030
1668255113715,2022-11-12T14:11:53.715,566.160,0.610,-0.183,0.244
1668255113755,2022-11-12T14:11:53.755,566.200,0.915,-0.152,-0.061
1668255113795,2022-11-12T14:11:53.795,566.240,0.884,-0.244,-0.061
1668255113835,2022-11-12T14:11:53.835,566.280,0.610,-0.244,0.091
1668255113875,2022-11-12T14:11:53.875,566.320,0.854,-0.183,-0.061
1668255113915,2022-11-12T14:11:53.915,566.360,0.762,-0.061,-0.122
1668255113955,2022-11-12T14:11:53.955,566.400,0.640,0.091,0.030
1668255113995,2022-11-12T14:11:53.995,566.440,0.854,-0.274,0.030
1668255114035,2022-11-12T14:11:54.035,566.480,0.854,-0.366,-0.030
1668255114075,2022-11-12T14:11:54.075,566.520,0.823,-0.152,-0.122
1668255114115,2022-11-12T14:11:54.115,566.560,0.701,-0.091,0.000
1668255114155,2022-11-12T14:11:54.155,566.600,0.915,-0.183,0.030
1668255114195,2022-11-12T14:11:54.195,566.640,0.823,-0.305,0.061
1668255114235,2022-11-12T14:11:54.235,566.680,0.701,-0.030,0.061
1668255114275,2022-11-12T14:11:54.275,566.720,0.915,-0.213,-0.030
1668255114315,2022-11-12T14:11:54.315,566.760,0.884,-0.244,0.061
1668255114355,2022-11-12T14:11:54.355,566.800,0.915,-0.213,-0.030
1668255114395,2022-11-12T14:11:54.395,566.840,0.732,-0.274,0.091
1668255114435,2022-11-12T14:11:54.435,566.880,0.793,-0.244,0.030
1668255114475,2022-11-12T14:11:54.475,566.920,1.006,-0.274,-0.183
1668255114515,2022-11-12T14:11:54.515,566.960,0.945,-0.335,0.030
1668255114555,2022-11-12T14:11:54.555,567.000,1.006,-0.396,0.000
1668255114595,2022-11-12T14:11:54.595,567.040,1.006,-0.366,0.000
1668255114635,2022-11-12T14:11:54.635,567.080,0.854,-0.213,-0.061
1668255114675,2022-11-12T14:11:54.675,567.120,0.701,-0.122,-0.061
1668255114715,2022-11-12T14:11:54.715,567.160,0.762,-0.488,0.091
1668255114755,2022-11-12T14:11:54.755,567.200,1.006,-0.366,-0.091
1668255114795,2022-11-12T14:11:54.795,567.240,0.823,-0.213,-0.061
1668255114835,2022-11-12T14:11:54.835,567.280,0.671,-0.122,0.091
1668255114875,2022-11-12T14:11:54.875,567.320,0.884,-0.122,0.000
1668255114915,2022-11-12T14:11:54.915,567.360,0.945,-0.274,0.000
1668255114955,2022-11-12T14:11:54.955,567.400,0.549,-0.091,0.091
1668255114995,2022-11-12T14:11:54.995,567.440,0.762,-0.366,0.091
1668255115035,2022-11-12T14:11:55.035,567.480,0.945,-0.335,-0.091
1668255115075,2022-11-12T14:11:55.075,567.520,0.915,-0.213,-0.030
1668255115115,2022-11-12T14:11:55.115,567.560,0.945,-0.335,0.152
1668255115155,2022-11-12T14:11:55.155,567.600,0.945,-0.366,0.061
1668255115195,2022-11-12T14:11:55.195,567.640,1.159,-0.396,-0.091
1668255115235,2022-11-12T14:11:55.235,567.680,0.945,-0.274,0.000
1668255115275,2022-11-12T14:11:55.275,567.720,0.915,-0.213,0.061
1668255115315,2022-11-12T14:11:55.315,567.760,1.037,-0.244,-0.122
1668255115355,2022-11-12T14:11:55.355,567.800,0.854,-0.091,-0.061
1668255115395,2022-11-12T14:11:55.395,567.840,0.762,-0.244,0.122
1668255115435,2022-11-12T14:11:55.435,567.880,0.915,-0.488,0.000
1668255115475,2022-11-12T14:11:55.475,567.920,1.037,-0.335,-0.091
1668255115515,2022-11-12T14:11:55.515,567.960,0.823,-0.244,0.122
1668255115555,2022-11-12T14:11:55.555,568.000,0.823,-0.183,0.122
1668255115595,2022-11-12T14:11:55.595,568.040,0.915,-0.274,-0.061
1668255115635,2022-11-12T14:11:55.635,568.080,0.762,-0.061,0.061
1668255115675,2022-11-12T14:11:55.675,568.120,0.884,-0.122,0.061
1668255115715,2022-11-12T14:11:55.715,568.160,0.915,-0.152,-0.030
1668255115755,2022-11-12T14:11:55.755,568.200,1.006,-0.183,-0.061
1668255115795,2022-11-12T14:11:55.795,568.240,0.732,-0.122,0.091
1668255115835,2022-11-12T14:11:55.835,568.280,0.518,0.061,0.122
1668255115875,2022-11-12T14:11:55.875,568.320,0.976,-0.152,-0.183
1668255115915,2022-11-12T14:11:55.915,568.360,0.762,-0.183,-0.061
1668255115955,2022-11-12T14:11:55.955,568.400,0.640,-0.030,0.061
1668255115995,2022-11-12T14:11:55.995,568.440,0.854,-0.061,-0.183
1668255116035,2022-11-12T14:11:56.035,568.480,0.701,0.061,-0.091
1668255116075,2022-11-12T14:11:56.075,568.520,0.488,-0.091,-0.061
1668255116115,2022-11-12T14:11:56.115,568.560,0.671,-0.335,-0.152
1668255116155,2022-11-12T14:11:56.155,568.600,0.457,0.061,-0.305
1668255116195,2022-11-12T14:11:56.195,568.640,0.366,0.061,0.000
1668255116235,2022-11-12T14:11:56.235,568.680,0.945,-0.244,0.091
1668255116275,2022-11-12T14:11:56.275,568.720,1.067,-0.305,0.000
1668255116315,2022-11-12T14:11:56.315,568.760,0.762,-0.122,0.122
1668255116355,2022-11-12T14:11:56.355,568.800,0.732,-0.152,0.030
1668255116395,2022-11-12T14:11:56.395,568.840,0.915,-0.183,-0.030
1668255116435,2022-11-12T14:11:56.435,568.880,0.915,-0.091,0.000
1668255116475,2022-11-12T14:11:56.475,568.920,0.640,-0.061,0.183
1668255116515,2022-11-12T14:11:56.515,568.960,0.793,-0.213,0.030
1668255116555,2022-11-12T14:11:56.555,569.000,0.884,-0.091,-0.213
1668255116595,2022-11-12T14:11:56.595,569.040,0.610,-0.061,0.030
1668255116635,2022-11-12T14:11:56.635,569.080,0.549,0.061,-0.061
1668255116675,2022-11-12T14:11:56.675,569.120,0.549,0.183,-0.244
1668255116715,2022-11-12T14:11:56.715,569.160,0.610,0.061,-0.030
1668255116755,2022-11-12T14:11:56.755,569.200,0.549,-0.183,0.030
1668255116795,2022-11-12T14:11:56.795,569.240,0.884,-0.335,-0.091
1668255116835,2022-11-12T14:11:56.835,569.280,0.945,-0.305,0.000
1668255116875,2022-11-12T14:11:56.875,569.320,0.793,-0.091,0.061
1668255116915,2022-11-12T14:11:56.915,569.360,0.854,-0.091,0.000
1668255116955,2022-11-12T14:11:56.955,569.400,0.945,-0.366,0.030
1668255116995,2022-11-12T14:11:56.995,569.440,0.762,-0.152,0.030
1668255117035,2022-11-12T14:11:57.035,569.480,0.823,-0.122,0.030
1668255117075,2022-11-12T14:11:57.075,569.520,0.884,-0.305,0.061
1668255117115,2022-11-12T14:11:57.115,569.560,0.884,-0.244,-0.030
1668255117155,2022-11-12T14:11:57.155,569.600,0.884,-0.152,0.091
1668255117195,2022-11-12T14:11:57.195,569.640,0.823,-0.244,0.122
1668255117235,2022-11-12T14:11:57.235,569.680,1.037,-0.274,-0.091
1668255117275,2022-11-12T14:11:57.275,569.720,0.854,-0.152,-0.030
1668255117315,2022-11-12T14:11:57.315,569.760,0.701,-0.152,0.091
1668255117355,2022-11-12T14:11:57.355,569.800,0.915,-0.213,0.000
1668255117395,2022-11-12T14:11:57.395,569.840,0.884,-0.030,-0.091
1668255117435,2022-11-12T14:11:57.435,569.880,0.701,-0.091,0.122
1668255117475,2022-11-12T14:11:57.475,569.920,0.732,-0.366,0.091
1668255117515,2022-11-12T14:11:57.515,569.960,0.945,-0.366,-0.091
1668255117555,2022-11-12T14:11:57.555,570.000,0.945,-0.274,-0.061
1668255117595,2022-11-12T14:11:57.595,570.040,0.701,-0.152,0.030
1668255117635,2022-11-12T14:11:57.635,570.080,0.915,-0.152,-0.091
1668255117675,2022-11-12T14:11:57.675,570.120,0.854,-0.335,0.091
1668255117715,2022-11-12T14:11:57.715,570.160,0.732,-0.183,0.091
1668255117755,2022-11-12T14:11:57.755,570.200,1.006,-0.274,-0.091
1668255117795,2022-11-12T14:11:57.795,570.240,0.854,-0.366,0.061
1668255117835,2022-11-12T14:11:57.835,570.280,0.884,-0.213,-0.030
1668255117875,2022-11-12T14:11:57.875,570.320,0.823,-0.183,0.000
1668255117915,2022-11-12T14:11:57.915,570.360,0.793,-0.213,0.030
1668255117955,2022-11-12T14:11:57.955,570.400,1.037,-0.305,-0.030
1668255117995,2022-11-12T14:11:57.995,570.440,0.945,-0.152,-0.030
1668255118035,2022-11-12T14:11:58.035,570.480,0.854,-0.091,0.061
1668255118075,2022-11-12T14:11:58.075,570.520,0.793,-0.183,0.030
1668255118115,2022-11-12T14:11:58.115,570.560,0.884,-0.213,-0.122
1668255118155,2022-11-12T14:11:58.155,570.600,0.884,-0.152,-0.030
1668255118195,2022-11-12T14:11:58.195,570.640,0.640,-0.396,0.122
1668255118235,2022-11-12T14:11:58.235,570.680,0.915,-0.488,-0.061
1668255118275,2022-11-12T14:11:58.275,570.720,0.945,-0.244,-0.122
1668255118315,2022-11-12T14:11:58.315,570.760,0.823,-0.183,0.061
1668255118355,2022-11-12T14:11:58.355,570.800,0.945,-0.244,-0.030
1668255118395,2022-11-12T14:11:58.395,570.840,0.915,-0.335,-0.091
1668255118435,2022-11-12T14:11:58.435,570.880,0.793,-0.213,0.061
1668255118475,2022-11-12T14:11:58.475,570.920,0.854,-0.213,0.030
1668255118515,2022-11-12T14:11:58.515,570.960,1.037,-0.335,0.000
1668255118555,2022-11-12T14:11:58.555,571.000,0.915,-0.335,0.000
1668255118595,2022-11-12T14:11:58.595,571.040,0.732,-0.213,0.122
1668255118635,2022-11-12T14:11:58.635,571.080,0.762,-0.122,0.061
1668255118675,2022-11-12T14:11:58.675,571.120,0.945,-0.244,-0.061
1668255118715,2022-11-12T14:11:58.715,571.160,0.976,-0.335,0.030
1668255118755,2022-11-12T14:11:58.755,571.200,0.884,-0.274,0.030
1668255118795,2022-11-12T14:11:58.795,571.240,0.854,-0.183,-0.030
1668255118835,2022-11-12T14:11:58.835,571.280,0.793,-0.030,0.000
1668255118875,2022-11-12T14:11:58.875,571.320,0.793,-0.183,0.061
1668255118915,2022-11-12T14:11:58.915,571.360,0.976,-0.457,0.030
1668255118955,2022-11-12T14:11:58.955,571.400,0.884,-0.152,-0.061
1668255118995,2022-11-12T14:11:58.995,571.440,0.610,0.091,0.000
1668255119035,2022-11-12T14:11:59.035,571.480,0.732,-0.061,0.030
1668255119075,2022-11-12T14:11:59.075,571.520,0.976,-0.244,-0.061
1668255119115,2022-11-12T14:11:59.115,571.560,0.823,-0.152,0.091
1668255119155,2022-11-12T14:11:59.155,571.600,0.793,-0.152,0.030
1668255119195,2022-11-12T14:11:59.195,571.640,0.854,-0.091,-0.030
1668255119235,2022-11-12T14:11:59.235,571.680,0.884,-0.091,-0.122
1668255119275,2022-11-12T14:11:59.275,571.720,0.549,-0.061,0.091
1668255119315,2022-11-12T14:11:59.315,571.760,0.732,-0.122,0.091
1668255119355,2022-11-12T14:11:59.355,571.800,1.006,-0.213,-0.091
1668255119395,2022-11-12T14:11:59.395,571.840,0.793,-0.091,0.030
1668255119435,2022-11-12T14:11:59.435,571.880,0.701,-0.091,0.000
1668255119475,2022-11-12T14:11:59.475,571.920,0.793,-0.030,-0.091
1668255119515,2022-11-12T14:11:59.515,571.960,0.793,-0.030,0.030
1668255119555,2022-11-12T14:11:59.555,572.000,0.793,-0.305,0.152
1668255119595,2022-11-12T14:11:59.595,572.040,0.854,-0.427,-0.061
1668255119635,2022-11-12T14:11:59.635,572.080,0.793,-0.091,-0.122
1668255119675,2022-11-12T14:11:59.675,572.120,0.671,0.091,0.061
1668255119715,2022-11-12T14:11:59.715,572.160,0.762,-0.152,0.091
1668255119755,2022-11-12T14:11:59.755,572.200,0.915,-0.213,-0.030
1668255119795,2022-11-12T14:11:59.795,572.240,0.762,-0.183,0.030
1668255119835,2022-11-12T14:11:59.835,572.280,0.610,-0.213,0.091
1668255119875,2022-11-12T14:11:59.875,572.320,1.006,-0.213,-0.030
1668255119915,2022-11-12T14:11:59.915,572.360,0.945,-0.152,0.000
1668255119955,2022-11-12T14:11:59.955,572.400,0.701,-0.213,0.152
1668255119995,2022-11-12T14:11:59.995,572.440,0.823,-0.152,0.030
1668255120035,2022-11-12T14:12:00.035,572.480,1.006,-0.152,-0.152
1668255120075,2022-11-12T14:12:00.075,572.520,0.854,-0.152,-0.030
1668255120115,2022-11-12T14:12:00.115,572.560,0.762,-0.122,0.030
1668255120155,2022-11-12T14:12:00.155,572.600,0.854,-0.122,-0.061
1668255120195,2022-11-12T14:12:00.195,572.640,0.793,-0.122,0.000
1668255120235,2022-11-12T14:12:00.235,572.680,0.701,-0.061,0.030
1668255120275,2022-11-12T14:12:00.275,572.720,0.732,-0.305,0.091
1668255120315,2022-11-12T14:12:00.315,572.760,0.823,-0.457,0.000
1668255120355,2022-11-12T14:12:00.355,572.800,0.793,-0.183,-0.122
1668255120395,2022-11-12T14:12:00.395,572.840,0.732,-0.091,-0.030
1668255120435,2022-11-12T14:12:00.435,572.880,0.823,-0.122,0.000
1668255120475,2022-11-12T14:12:00.475,572.920,0.915,-0.244,-0.091
1668255120515,2022-11-12T14:12:00.515,572.960,0.671,-0.061,0.030
1668255120555,2022-11-12T14:12:00.555,573.000,0.762,-0.091,-0.061
1668255120595,2022-11-12T14:12:00.595,573.040,0.976,-0.274,-0.061
1668255120635,2022-11-12T14:12:00.635,573.080,0.854,-0.305,0.030
1668255120675,2022-11-12T14:12:00.675,573.120,0.762,-0.213,0.122
1668255120715,2022-11-12T14:12:00.715,573.160,0.732,-0.030,0.061
1668255120755,2022-11-12T14:12:00.755,573.200,0.915,-0.183,-0.030
1668255120795,2022-11-12T14:12:00.795,573.240,0.854,-0.244,0.030
1668255120835,2022-11-12T14:12:00.835,573.280,0.793,-0.274,0.030
1668255120875,2022-11-12T14:12:00.875,573.320,0.823,-0.183,0.000
1668255120915,2022-11-12T14:12:00.915,573.360,0.854,-0.122,-0.091
1668255120955,2022-11-12T14:12:00.955,573.400,0.671,-0.061,-0.061
1668255120995,2022-11-12T14:12:00.995,573.440,0.793,-0.366,0.000
1668255121035,2022-11-12T14:12:01.035,573.480,0.945,-0.488,-0.122
1668255121075,2022-11-12T14:12:01.075,573.520,0.884,-0.274,-0.091
1668255121115,2022-11-12T14:12:01.115,573.560,0.732,-0.183,0.000
1668255121155,2022-11-12T14:12:01.155,573.600,0.854,-0.244,-0.030
1668255121195,2022-11-12T14:12:01.195,573.640,1.037,-0.457,-0.030
1668255121235,2022-11-12T14:12:01.235,573.680,0.762,-0.213,0.061
1668255121275,2022-11-12T14:12:01.275,573.720,0.823,-0.122,-0.061
1668255121315,2022-11-12T14:12:01.315,573.760,0.823,-0.305,-0.030
1668255121355,2022-11-12T14:12:01.355,573.800,0.976,-0.213,-0.061
1668255121395,2022-11-12T14:12:01.395,573.840,0.884,-0.244,0.030
1668255121435,2022-11-12T14:12:01.435,573.880,0.732,-0.213,0.091
1668255121475,2022-11-12T14:12:01.475,573.920,1.006,-0.152,-0.122
1668255121515,2022-11-12T14:12:01.515,573.960,0.976,-0.244,-0.091
1668255121555,2022-11-12T14:12:01.555,574.000,0.884,-0.213,0.061
1668255121595,2022-11-12T14:12:01.595,574.040,0.976,-0.213,-0.030
1668255121635,2022-11-12T14:12:01.635,574.080,0.793,-0.122,-0.030
1668255121675,2022-11-12T14:12:01.675,574.120,0.762,-0.091,-0.030
1668255121715,2022-11-12T14:12:01.715,574.160,0.732,-0.335,0.061
1668255121755,2022-11-12T14:12:01.755,574.200,0.945,-0.427,-0.061
1668255121795,2022-11-12T14:12:01.795,574.240,0.945,-0.183,-0.091
1668255121835,2022-11-12T14:12:01.835,574.280,0.762,-0.061,0.030
1668255121875,2022-11-12T14:12:01.875,574.320,0.854,-0.183,0.000
1668255121915,2022-11-12T14:12:01.915,574.360,0.976,-0.305,-0.061
1668255121955,2022-11-12T14:12:01.955,574.400,0.671,-0.030,0.061
1668255121995,2022-11-12T14:12:01.995,574.440,0.884,-0.183,0.030
1668255122035,2022-11-12T14:12:02.035,574.480,0.976,-0.213,-0.061
1668255122075,2022-11-12T14:12:02.075,574.520,0.854,-0.091,0.030
1668255122115,2022-11-12T14:12:02.115,574.560,0.793,-0.213,0.122
1668255122155,2022-11-12T14:12:02.155,574.600,0.823,-0.213,0.030
1668255122195,2022-11-12T14:12:02.195,574.640,0.976,-0.244,-0.091
1668255122235,2022-11-12T14:12:02.235,574.680,0.884,-0.183,0.061
1668255122275,2022-11-12T14:12:02.275,574.720,0.915,-0.213,0.030
1668255122315,2022-11-12T14:12:02.315,574.760,0.823,-0.122,-0.122
1668255122355,2022-11-12T14:12:02.355,574.800,0.762,0.000,-0.030
1668255122395,2022-11-12T14:12:02.395,574.840,0.732,-0.183,0.091
1668255122435,2022-11-12T14:12:02.435,574.880,0.884,-0.427,-0.091
1668255122475,2022-11-12T14:12:02.475,574.920,1.006,-0.213,-0.122
1668255122515,2022-11-12T14:12:02.515,574.960,0.701,0.061,0.061
1668255122555,2022-11-12T14:12:02.555,575.000,0.701,-0.061,0.000
1668255122595,2022-11-12T14:12:02.595,575.040,0.915,-0.305,-0.091
1668255122635,2022-11-12T14:12:02.635,575.080,0.762,-0.061,0.030
1668255122675,2022-11-12T14:12:02.675,575.120,0.854,-0.274,0.091
1668255122715,2022-11-12T14:12:02.715,575.160,0.976,-0.244,0.030
1668255122755,2022-11-12T14:12:02.755,575.200,0.854,-0.091,-0.061
1668255122795,2022-11-12T14:12:02.795,575.240,0.579,-0.091,0.152
1668255122835,2022-11-12T14:12:02.835,575.280,0.793,-0.091,-0.061
1668255122875,2022-11-12T14:12:02.875,575.320,0.915,-0.183,-0.091
1668255122915,2022-11-12T14:12:02.915,575.360,0.793,-0.152,0.091
1668255122955,2022-11-12T14:12:02.955,575.400,0.762,-0.061,0.000
1668255122995,2022-11-12T14:12:02.995,575.440,0.854,-0.091,-0.030
1668255123035,2022-11-12T14:12:03.035,575.480,0.732,-0.030,0.000
1668255123075,2022-11-12T14:12:03.075,575.520,0.762,-0.305,0.152
1668255123115,2022-11-12T14:12:03.115,575.560,1.006,-0.518,0.061
1668255123155,2022-11-12T14:12:03.155,575.600,0.945,-0.274,-0.030
1668255123195,2022-11-12T14:12:03.195,575.640,0.610,-0.030,0.030
1668255123235,2022-11-12T14:12:03.235,575.680,0.732,-0.091,0.030
1668255123275,2022-11-12T14:12:03.275,575.720,0.884,-0.244,-0.061
1668255123315,2022-11-12T14:12:03.315,575.760,0.701,-0.122,0.061
1668255123355,2022-11-12T14:12:03.355,575.800,0.701,-0.244,0.091
1668255123395,2022-11-12T14:12:03.395,575.840,0.945,-0.335,-0.061
1668255123435,2022-11-12T14:12:03.435,575.880,1.037,-0.122,-0.030
1668255123475,2022-11-12T14:12:03.475,575.920,0.701,-0.030,0.122
1668255123515,2022-11-12T14:12:03.515,575.960,0.823,-0.244,0.091
1668255123555,2022-11-12T14:12:03.555,576.000,1.067,-0.274,-0.152
1668255123595,2022-11-12T14:12:03.595,576.040,0.732,-0.122,-0.030
1668255123635,2022-11-12T14:12:03.635,576.080,0.732,-0.183,0.030
1668255123675,2022-11-12T14:12:03.675,576.120,0.884,-0.213,-0.061
1668255123715,2022-11-12T14:12:03.715,576.160,0.884,-0.091,-0.030
1668255123755,2022-11-12T14:12:03.755,576.200,0.610,-0.030,0.061
1668255123795,2022-11-12T14:12:03.795,576.240,0.671,-0.305,0.091
1668255123835,2022-11-12T14:12:03.835,576.280,1.037,-0.213,-0.183
1668255123875,2022-11-12T14:12:03.875,576.320,0.793,-0.061,-0.061
1668255123915,2022-11-12T14:12:03.915,576.360,0.671,-0.091,0.122
1668255123955,2022-11-12T14:12:03.955,576.400,0.976,-0.213,-0.091
1668255123995,2022-11-12T14:12:03.995,576.440,0.823,-0.213,0.030
1668255124035,2022-11-12T14:12:04.035,576.480,0.762,-0.152,0.091
1668255124075,2022-11-12T14:12:04.075,576.520,0.884,-0.274,0.000
1668255124115,2022-11-12T14:12:04.115,576.560,0.823,-0.122,-0.030
1668255124155,2022-11-12T14:12:04.155,576.600,0.823,-0.122,-0.030
1668255124195,2022-11-12T14:12:04.195,576.640,0.762,-0.305,0.122
1668255124235,2022-11-12T14:12:04.235,576.680,0.915,-0.213,-0.091
1668255124275,2022-11-12T14:12:04.275,576.720,0.823,-0.213,-0.030
1668255124315,2022-11-12T14:12:04.315,576.760,0.701,-0.213,0.152
1668255124355,2022-11-12T14:12:04.355,576.800,0.915,-0.213,-0.061
1668255124395,2022-11-12T14:12:04.395,576.840,0.915,-0.213,0.000
1668255124435,2022-11-12T14:12:04.435,576.880,0.823,-0.122,0.000
1668255124475,2022-11-12T14:12:04.475,576.920,0.823,-0.061,-0.091
1668255124515,2022-11-12T14:12:04.515,576.960,0.823,-0.518,0.122
1668255124555,2022-11-12T14:12:04.555,577.000,0.976,-0.518,-0.061
1668255124595,2022-11-12T14:12:04.595,577.040,0.915,-0.152,-0.122
1668255124635,2022-11-12T14:12:04.635,577.080,0.793,-0.244,0.122
1668255124675,2022-11-12T14:12:04.675,577.120,1.006,-0.274,-0.030
1668255124715,2022-11-12T14:12:04.715,577.160,0.945,-0.366,-0.030
1668255124755,2022-11-12T14:12:04.755,577.200,0.732,-0.183,0.091
1668255124795,2022-11-12T14:12:04.795,577.240,1.006,-0.244,0.030
1668255124835,2022-11-12T14:12:04.835,577.280,0.945,-0.305,-0.030
1668255124875,2022-11-12T14:12:04.875,577.320,0.854,-0.183,0.000
1668255124915,2022-11-12T14:12:04.915,577.360,0.762,-0.183,0.030
1668255124955,2022-11-12T14:12:04.955,577.400,0.701,-0.183,0.030
1668255124995,2022-11-12T14:12:04.995,577.440,1.006,-0.213,-0.152
1668255125035,2022-11-12T14:12:05.035,577.480,0.915,-0.213,-0.030
1668255125075,2022-11-12T14:12:05.075,577.520,0.762,-0.183,0.091
1668255125115,2022-11-12T14:12:05.115,577.560,1.037,-0.183,-0.030
1668255125155,2022-11-12T14:12:05.155,577.600,0.945,-0.274,0.030
1668255125195,2022-11-12T14:12:05.195,577.640,0.762,-0.152,0.061
1668255125235,2022-11-12T14:12:05.235,577.680,0.854,-0.061,-0.091
1668255125275,2022-11-12T14:12:05.275,577.720,0.854,-0.244,0.030
1668255125315,2022-11-12T14:12:05.315,577.760,0.976,-0.518,-0.061
1668255125355,2022-11-12T14:12:05.355,577.800,0.823,-0.244,-0.091
1668255125395,2022-11-12T14:12:05.395,577.840,0.793,-0.152,0.000
1668255125435,2022-11-12T14:12:05.435,577.880,0.854,-0.244,0.000
1668255125475,2022-11-12T14:12:05.475,577.920,1.006,-0.366,0.000
1668255125515,2022-11-12T14:12:05.515,577.960,0.793,-0.091,0.000
1668255125555,2022-11-12T14:12:05.555,578.000,0.823,-0.183,-0.030
1668255125595,2022-11-12T14:12:05.595,578.040,0.976,-0.335,0.000
1668255125635,2022-11-12T14:12:05.635,578.080,0.945,-0.274,-0.030
1668255125675,2022-11-12T14:12:05.675,578.120,0.762,-0.244,0.152
1668255125715,2022-11-12T14:12:05.715,578.160,0.762,-0.122,0.061
1668255125755,2022-11-12T14:12:05.755,578.200,0.915,-0.152,-0.061
1668255125795,2022-11-12T14:12:05.795,578.240,0.823,-0.183,0.000
1668255125835,2022-11-12T14:12:05.835,578.280,0.884,-0.152,-0.030
1668255125875,2022-11-12T14:12:05.875,578.320,0.762,-0.213,-0.030
1668255125915,2022-11-12T14:12:05.915,578.360,0.732,-0.030,-0.061
1668255125955,2022-11-12T14:12:05.955,578.400,0.762,0.030,0.030
1668255125995,2022-11-12T14:12:05.995,578.440,0.732,-0.396,0.030
1668255126035,2022-11-12T14:12:06.035,578.480,0.854,-0.366,-0.091
1668255126075,2022-11-12T14:12:06.075,578.520,0.701,-0.030,0.000
1668255126115,2022-11-12T14:12:06.115,578.560,0.610,-0.030,0.122
1668255126155,2022-11-12T14:12:06.155,578.600,0.915,-0.152,-0.061
1668255126195,2022-11-12T14:12:06.195,578.640,0.884,-0.183,-0.091
1668255126235,2022-11-12T14:12:06.235,578.680,0.610,-0.122,0.122
1668255126275,2022-11-12T14:12:06.275,578.720,0.762,-0.183,0.030
1668255126315,2022-11-12T14:12:06.315,578.760,0.945,-0.061,-0.122
1668255126355,2022-11-12T14:12:06.355,578.800,0.823,-0.122,0.000
1668255126395,2022-11-12T14:12:06.395,578.840,0.671,-0.122,0.213
1668255126435,2022-11-12T14:12:06.435,578.880,0.884,-0.274,0.030
1668255126475,2022-11-12T14:12:06.475,578.920,0.945,-0.183,-0.122
1668255126515,2022-11-12T14:12:06.515,578.960,0.762,-0.122,0.091
1668255126555,2022-11-12T14:12:06.555,579.000,0.823,-0.122,0.030
1668255126595,2022-11-12T14:12:06.595,579.040,0.915,-0.091,-0.091
1668255126635,2022-11-12T14:12:06.635,579.080,0.793,0.030,-0.030
1668255126675,2022-11-12T14:12:06.675,579.120,0.518,0.213,0.030
1668255126715,2022-11-12T14:12:06.715,579.160,0.366,-0.091,0.030
1668255126755,2022-11-12T14:12:06.755,579.200,0.884,-0.244,-0.122
1668255126795,2022-11-12T14:12:06.795,579.240,1.006,-0.335,-0.030
1668255126835,2022-11-12T14:12:06.835,579.280,0.915,-0.396,0.061
1668255126875,2022-11-12T14:12:06.875,579.320,1.098,-0.396,-0.122
1668255126915,2022-11-12T14:12:06.915,579.360,0.762,-0.183,0.030
1668255126955,2022-11-12T14:12:06.955,579.400,0.793,-0.183,0.030
1668255126995,2022-11-12T14:12:06.995,579.440,0.915,-0.305,-0.030
1668255127035,2022-11-12T14:12:07.035,579.480,0.762,-0.213,0.030
1668255127075,2022-11-12T14:12:07.075,579.520,0.884,-0.244,-0.061
1668255127115,2022-11-12T14:12:07.115,579.560,0.671,-0.335,0.091
1668255127155,2022-11-12T14:12:07.155,579.600,0.671,-0.183,0.000
1668255127195,2022-11-12T14:12:07.195,579.640,0.915,-0.152,-0.091
1668255127235,2022-11-12T14:12:07.235,579.680,0.823,-0.244,0.061
1668255127275,2022-11-12T14:12:07.275,579.720,0.793,-0.274,0.000
1668255127315,2022-11-12T14:12:07.315,579.760,0.915,-0.122,-0.061
1668255127355,2022-11-12T14:12:07.355,579.800,0.793,-0.122,0.000
1668255127395,2022-11-12T14:12:07.395,579.840,0.793,-0.122,-0.030
1668255127435,2022-11-12T14:12:07.435,579.880,0.762,-0.274,-0.030
1668255127475,2022-11-12T14:12:07.475,579.920,0.884,-0.396,-0.030
1668255127515,2022-11-12T14:12:07.515,579.960,0.915,-0.244,-0.091
1668255127555,2022-11-12T14:12:07.555,580.000,0.701,-0.091,0.061
1668255127595,2022-11-12T14:12:07.595,580.040,0.854,-0.122,0.000
1668255127635,2022-11-12T14:12:07.635,580.080,0.884,-0.213,0.000
1668255127675,2022-11-12T14:12:07.675,580.120,0.610,-0.122,0.061
1668255127715,2022-11-12T14:12:07.715,580.160,0.823,-0.152,-0.091
1668255127755,2022-11-12T14:12:07.755,580.200,0.884,-0.183,0.030
1668255127795,2022-11-12T14:12:07.795,580.240,0.854,-0.152,0.000
1668255127835,2022-11-12T14:12:07.835,580.280,0.732,-0.122,0.091
1668255127875,2022-11-12T14:12:07.875,580.320,0.793,-0.122,0.030
1668255127915,2022-11-12T14:12:07.915,580.360,0.945,-0.244,-0.122
1668255127955,2022-11-12T14:12:07.955,580.400,0.793,-0.213,0.061
1668255127995,2022-11-12T14:12:07.995,580.440,0.854,-0.213,0.030
1668255128035,2022-11-12T14:12:08.035,580.480,0.793,-0.213,0.030
1668255128075,2022-11-12T14:12:08.075,580.520,0.823,-0.152,0.000
1668255128115,2022-11-12T14:12:08.115,580.560,0.854,-0.122,-0.030
1668255128155,2022-11-12T14:12:08.155,580.600,0.793,0.000,-0.030
1668255128195,2022-11-12T14:12:08.195,580.640,0.854,-0.274,0.061
1668255128235,2022-11-12T14:12:08.235,580.680,0.915,-0.488,0.030
1668255128275,2022-11-12T14:12:08.275,580.720,0.915,-0.244,-0.091
1668255128315,2022-11-12T14:12:08.315,580.760,0.762,-0.122,0.030
1668255128355,2022-11-12T14:12:08.355,580.800,0.915,-0.213,0.091
1668255128395,2022-11-12T14:12:08.395,580.840,1.067,-0.366,-0.061
1668255128435,2022-11-12T14:12:08.435,580.880,0.640,-0.122,0.030
1668255128475,2022-11-12T14:12:08.475,580.920,0.762,-0.274,-0.030
1668255128515,2022-11-12T14:12:08.515,580.960,0.945,-0.366,-0.091
1668255128555,2022-11-12T14:12:08.555,581.000,0.915,-0.122,-0.091
1668255128595,2022-11-12T14:12:08.595,581.040,0.732,-0.152,0.091
1668255128635,2022-11-12T14:12:08.635,581.080,0.732,-0.183,0.061
1668255128675,2022-11-12T14:12:08.675,581.120,0.976,-0.213,-0.152
1668255128715,2022-11-12T14:12:08.715,581.160,0.915,-0.305,0.061
1668255128755,2022-11-12T14:12:08.755,581.200,0.793,-0.274,0.152
1668255128795,2022-11-12T14:12:08.795,581.240,1.067,-0.305,0.000
1668255128835,2022-11-12T14:12:08.835,581.280,0.976,-0.244,-0.030
1668255128875,2022-11-12T14:12:08.875,581.320,0.762,-0.122,-0.030
1668255128915,2022-11-12T14:12:08.915,581.360,0.945,-0.091,-0.122
1668255128955,2022-11-12T14:12:08.955,581.400,0.762,-0.152,-0.030
1668255128995,2022-11-12T14:12:08.995,581.440,0.884,-0.366,-0.061
1668255129035,2022-11-12T14:12:09.035,581.480,0.976,-0.396,-0.122
1668255129075,2022-11-12T14:12:09.075,581.520,0.823,-0.122,-0.030
1668255129115,2022-11-12T14:12:09.115,581.560,0.793,-0.091,0.000
1668255129155,2022-11-12T14:12:09.155,581.600,0.945,-0.244,-0.061
1668255129195,2022-11-12T14:12:09.195,581.640,0.915,-0.213,-0.061
1668255129235,2022-11-12T14:12:09.235,581.680,0.762,-0.122,0.061
1668255129275,2022-11-12T14:12:09.275,581.720,1.067,-0.396,0.061
1668255129315,2022-11-12T14:12:09.315,581.760,0.915,-0.213,-0.091
1668255129355,2022-11-12T14:12:09.355,581.800,0.854,-0.152,-0.061
1668255129395,2022-11-12T14:12:09.395,581.840,0.823,-0.183,0.152
1668255129435,2022-11-12T14:12:09.435,581.880,0.793,-0.122,0.000
1668255129475,2022-11-12T14:12:09.475,581.920,0.945,-0.213,0.030
1668255129515,2022-11-12T14:12:09.515,581.960,1.006,-0.183,0.091
1668255129555,2022-11-12T14:12:09.555,582.000,1.006,-0.091,0.000
1668255129595,2022-11-12T14:12:09.595,582.040,0.915,-0.061,-0.030
1668255129635,2022-11-12T14:12:09.635,582.080,0.732,-0.152,-0.030
1668255129675,2022-11-12T14:12:09.675,582.120,0.732,0.030,-0.061
1668255129715,2022-11-12T14:12:09.715,582.160,0.640,-0.091,-0.030
1668255129755,2022-11-12T14:12:09.755,582.200,0.976,-0.457,-0.030
1668255129795,2022-11-12T14:12:09.795,582.240,1.037,-0.061,-0.061
1668255129835,2022-11-12T14:12:09.835,582.280,0.610,0.061,0.061
1668255129875,2022-11-12T14:12:09.875,582.320,0.915,-0.152,0.061
1668255129915,2022-11-12T14:12:09.915,582.360,1.006,-0.274,0.030
1668255129955,2022-11-12T14:12:09.955,582.400,0.793,-0.152,0.091
1668255129995,2022-11-12T14:12:09.995,582.440,0.884,-0.183,0.000
1668255130035,2022-11-12T14:12:10.035,582.480,0.884,-0.122,-0.061
1668255130075,2022-11-12T14:12:10.075,582.520,0.793,-0.091,-0.030
1668255130115,2022-11-12T14:12:10.115,582.560,0.549,-0.152,0.213
1668255130155,2022-11-12T14:12:10.155,582.600,0.732,-0.274,0.030
1668255130195,2022-11-12T14:12:10.195,582.640,0.976,-0.213,-0.152
1668255130235,2022-11-12T14:12:10.235,582.680,0.732,-0.122,0.091
1668255130275,2022-11-12T14:12:10.275,582.720,0.732,-0.152,0.030
1668255130315,2022-11-12T14:12:10.315,582.760,0.854,-0.213,-0.091
1668255130355,2022-11-12T14:12:10.355,582.800,0.884,-0.213,-0.030
1668255130395,2022-11-12T14:12:10.395,582.840,0.762,-0.030,0.000
1668255130435,2022-11-12T14:12:10.435,582.880,0.823,-0.183,0.030
1668255130475,2022-11-12T14:12:10.475,582.920,0.915,-0.549,-0.061
1668255130515,2022-11-12T14:12:10.515,582.960,0.854,-0.274,-0.091
1668255130555,2022-11-12T14:12:10.555,583.000,0.671,-0.030,0.000
1668255130595,2022-11-12T14:12:10.595,583.040,0.732,-0.030,0.000
1668255130635,2022-11-12T14:12:10.635,583.080,0.915,-0.183,-0.091
1668255130675,2022-11-12T14:12:10.675,583.120,0.701,-0.183,0.061
1668255130715,2022-11-12T14:12:10.715,583.160,0.732,-0.030,-0.061
1668255130755,2022-11-12T14:12:10.755,583.200,0.762,-0.061,-0.091
1668255130795,2022-11-12T14:12:10.795,583.240,0.854,0.000,0.000
1668255130835,2022-11-12T14:12:10.835,583.280,0.915,-0.122,0.030
1668255130875,2022-11-12T14:12:10.875,583.320,0.610,-0.244,0.183
1668255130915,2022-11-12T14:12:10.915,583.360,0.915,-0.183,-0.183
1668255130955,2022-11-12T14:12:10.955,583.400,0.976,-0.152,-0.091
1668255130995,2022-11-12T14:12:10.995,583.440,0.732,-0.152,0.091
1668255131035,2022-11-12T14:12:11.035,583.480,0.762,-0.152,0.030
1668255131075,2022-11-12T14:12:11.075,583.520,0.732,-0.213,0.061
1668255131115,2022-11-12T14:12:11.115,583.560,0.915,-0.274,0.061
1668255131155,2022-11-12T14:12:11.155,583.600,0.823,-0.152,-0.030
1668255131195,2022-11-12T14:12:11.195,583.640,0.823,-0.030,-0.061
1668255131235,2022-11-12T14:12:11.235,583.680,0.732,-0.244,0.061
1668255131275,2022-11-12T14:12:11.275,583.720,0.884,-0.427,0.000
1668255131315,2022-11-12T14:12:11.315,583.760,0.915,-0.274,-0.061
1668255131355,2022-11-12T14:12:11.355,583.800,0.701,-0.122,0.030
1668255131395,2022-11-12T14:12:11.395,583.840,0.701,0.000,0.030
1668255131435,2022-11-12T14:12:11.435,583.880,0.915,-0.213,0.000
1668255131475,2022-11-12T14:12:11.475,583.920,0.793,-0.244,0.122
1668255131515,2022-11-12T14:12:11.515,583.960,0.976,-0.274,0.061
1668255131555,2022-11-12T14:12:11.555,584.000,0.915,-0.335,0.061
1668255131595,2022-11-12T14:12:11.595,584.040,0.823,-0.091,-0.091
1668255131635,2022-11-12T14:12:11.635,584.080,0.823,-0.213,0.030
1668255131675,2022-11-12T14:12:11.675,584.120,0.701,-0.152,0.152
1668255131715,2022-11-12T14:12:11.715,584.160,0.945,-0.122,-0.122
1668255131755,2022-11-12T14:12:11.755,584.200,0.915,-0.244,-0.061
1668255131795,2022-11-12T14:12:11.795,584.240,0.793,-0.152,0.061
1668255131835,2022-11-12T14:12:11.835,584.280,0.945,-0.183,0.000
1668255131875,2022-11-12T14:12:11.875,584.320,0.884,-0.305,0.000
1668255131915,2022-11-12T14:12:11.915,584.360,0.701,-0.122,-0.030
1668255131955,2022-11-12T14:12:11.955,584.400,0.762,0.000,-0.061
1668255131995,2022-11-12T14:12:11.995,584.440,0.701,-0.061,-0.030
1668255132035,2022-11-12T14:12:12.035,584.480,0.762,-0.274,0.030
1668255132075,2022-11-12T14:12:12.075,584.520,1.006,-0.305,-0.030
1668255132115,2022-11-12T14:12:12.115,584.560,0.854,-0.183,-0.061
1668255132155,2022-11-12T14:12:12.155,584.600,0.762,-0.183,0.061
1668255132195,2022-11-12T14:12:12.195,584.640,0.823,-0.061,-0.030
1668255132235,2022-11-12T14:12:12.235,584.680,0.823,-0.274,0.091
1668255132275,2022-11-12T14:12:12.275,584.720,0.732,-0.152,0.000
1668255132315,2022-11-12T14:12:12.315,584.760,0.884,-0.183,-0.030
1668255132355,2022-11-12T14:12:12.355,584.800,0.793,-0.183,0.091
1668255132395,2022-11-12T14:12:12.395,584.840,0.945,-0.030,-0.091
1668255132435,2022-11-12T14:12:12.435,584.880,0.640,-0.183,0.061
1668255132475,2022-11-12T14:12:12.475,584.920,0.762,-0.274,0.061
1668255132515,2022-11-12T14:12:12.515,584.960,0.976,-0.274,-0.183
1668255132555,2022-11-12T14:12:12.555,585.000,0.793,-0.305,0.000
1668255132595,2022-11-12T14:12:12.595,585.040,0.854,-0.335,0.091
1668255132635,2022-11-12T14:12:12.635,585.080,0.884,-0.213,0.030
1668255132675,2022-11-12T14:12:12.675,585.120,1.006,-0.274,0.000
1668255132715,2022-11-12T14:12:12.715,585.160,0.915,-0.213,-0.030
1668255132755,2022-11-12T14:12:12.755,585.200,0.793,-0.091,-0.030
1668255132795,2022-11-12T14:12:12.795,585.240,0.884,-0.183,0.030
1668255132835,2022-11-12T14:12:12.835,585.280,0.945,-0.488,-0.091
1668255132875,2022-11-12T14:12:12.875,585.320,0.823,-0.305,-0.061
1668255132915,2022-11-12T14:12:12.915,585.360,0.854,-0.213,-0.030
1668255132955,2022-11-12T14:12:12.955,585.400,0.701,-0.244,0.061
1668255132995,2022-11-12T14:12:12.995,585.440,0.823,-0.244,-0.061
1668255133035,2022-11-12T14:12:13.035,585.480,0.854,-0.305,-0.061
1668255133075,2022-11-12T14:12:13.075,585.520,0.640,-0.152,0.061
1668255133115,2022-11-12T14:12:13.115,585.560,0.945,-0.183,-0.091
1668255133155,2022-11-12T14:12:13.155,585.600,0.854,-0.213,-0.030
1668255133195,2022-11-12T14:12:13.195,585.640,0.854,-0.183,-0.030
1668255133235,2022-11-12T14:12:13.235,585.680,0.793,-0.244,0.061
1668255133275,2022-11-12T14:12:13.275,585.720,0.793,-0.183,0.091
1668255133315,2022-11-12T14:12:13.315,585.760,0.976,-0.244,-0.091
1668255133355,2022-11-12T14:12:13.355,585.800,0.762,-0.305,0.000
1668255133395,2022-11-12T14:12:13.395,585.840,0.732,-0.244,0.061
1668255133435,2022-11-12T14:12:13.435,585.880,0.854,-0.305,0.000
1668255133475,2022-11-12T14:12:13.475,585.920,0.854,-0.183,-0.061
1668255133515,2022-11-12T14:12:13.515,585.960,0.854,-0.061,-0.061
1668255133555,2022-11-12T14:12:13.555,586.000,0.854,-0.152,0.030
1668255133595,2022-11-12T14:12:13.595,586.040,0.823,-0.335,0.061
1668255133635,2022-11-12T14:12:13.635,586.080,0.945,-0.274,-0.122
1668255133675,2022-11-12T14:12:13.675,586.120,0.854,-0.152,0.061
1668255133715,2022-11-12T14:12:13.715,586.160,0.793,0.000,0.061
1668255133755,2022-11-12T14:12:13.755,586.200,0.884,-0.091,-0.061
1668255133795,2022-11-12T14:12:13.795,586.240,0.854,-0.274,-0.030
1668255133835,2022-11-12T14:12:13.835,586.280,0.762,-0.091,0.030
1668255133875,2022-11-12T14:12:13.875,586.320,0.823,-0.091,-0.030
1668255133915,2022-11-12T14:12:13.915,586.360,0.854,-0.152,-0.030
1668255133955,2022-11-12T14:12:13.955,586.400,0.884,-0.183,-0.030
1668255133995,2022-11-12T14:12:13.995,586.440,0.610,-0.152,0.213
1668255134035,2022-11-12T14:12:14.035,586.480,0.762,-0.152,0.030
1668255134075,2022-11-12T14:12:14.075,586.520,0.976,-0.213,-0.122
1668255134115,2022-11-12T14:12:14.115,586.560,0.793,-0.183,0.091
1668255134155,2022-11-12T14:12:14.155,586.600,0.793,-0.183,0.061
1668255134195,2022-11-12T14:12:14.195,586.640,0.854,-0.274,-0.030
1668255134235,2022-11-12T14:12:14.235,586.680,0.732,-0.122,-0.030
1668255134275,2022-11-12T14:12:14.275,586.720,0.762,-0.030,-0.030
1668255134315,2022-11-12T14:12:14.315,586.760,0.732,-0.152,0.030
1668255134355,2022-11-12T14:12:14.355,586.800,0.915,-0.457,0.000
1668255134395,2022-11-12T14:12:14.395,586.840,0.884,-0.274,-0.061
1668255134435,2022-11-12T14:12:14.435,586.880,0.701,-0.091,0.000
1668255134475,2022-11-12T14:12:14.475,586.920,0.732,-0.091,0.030
1668255134515,2022-11-12T14:12:14.515,586.960,0.854,-0.274,-0.061
1668255134555,2022-11-12T14:12:14.555,587.000,0.793,-0.213,0.030
1668255134595,2022-11-12T14:12:14.595,587.040,0.762,-0.061,0.030
1668255134635,2022-11-12T14:12:14.635,587.080,0.854,-0.183,-0.030
1668255134675,2022-11-12T14:12:14.675,587.120,0.884,-0.152,-0.030
1668255134715,2022-11-12T14:12:14.715,587.160,0.732,-0.152,0.030
1668255134755,2022-11-12T14:12:14.755,587.200,0.671,-0.244,0.152
1668255134795,2022-11-12T14:12:14.795,587.240,0.915,-0.274,-0.061
1668255134835,2022-11-12T14:12:14.835,587.280,0.854,-0.122,-0.091
1668255134875,2022-11-12T14:12:14.875,587.320,0.823,-0.122,0.030
1668255134915,2022-11-12T14:12:14.915,587.360,0.793,-0.244,-0.030
1668255134955,2022-11-12T14:12:14.955,587.400,0.884,-0.183,-0.030
1668255134995,2022-11-12T14:12:14.995,587.440,0.732,-0.122,0.000
1668255135035,2022-11-12T14:12:15.035,587.480,0.488,-0.183,0.061
1668255135075,2022-11-12T14:12:15.075,587.520,0.610,-0.366,0.122
1668255135115,2022-11-12T14:12:15.115,587.560,0.793,-0.335,0.000
1668255135155,2022-11-12T14:12:15.155,587.600,0.915,-0.335,-0.091
1668255135195,2022-11-12T14:12:15.195,587.640,0.976,-0.183,-0.061
1668255135235,2022-11-12T14:12:15.235,587.680,0.945,0.030,-0.030
1668255135275,2022-11-12T14:12:15.275,587.720,1.067,-0.091,0.000
1668255135315,2022-11-12T14:12:15.315,587.760,1.159,-0.152,0.030
1668255135355,2022-11-12T14:12:15.355,587.800,1.006,-0.091,-0.061
1668255135395,2022-11-12T14:12:15.395,587.840,1.006,-0.244,0.000
1668255135435,2022-11-12T14:12:15.435,587.880,0.976,-0.122,-0.030
1668255135475,2022-11-12T14:12:15.475,587.920,0.945,-0.061,0.091
1668255135515,2022-11-12T14:12:15.515,587.960,0.610,-0.061,0.396
1668255135555,2022-11-12T14:12:15.555,588.000,0.579,-0.213,0.274
1668255135595,2022-11-12T14:12:15.595,588.040,1.159,-0.366,-0.122
1668255135635,2022-11-12T14:12:15.635,588.080,0.823,-0.274,0.122
1668255135675,2022-11-12T14:12:15.675,588.120,0.854,-0.305,0.152
1668255135715,2022-11-12T14:12:15.715,588.160,0.945,-0.396,-0.091
1668255135755,2022-11-12T14:12:15.755,588.200,1.128,-0.549,-0.091
1668255135795,2022-11-12T14:12:15.795,588.240,1.189,-0.305,-0.061
1668255135835,2022-11-12T14:12:15.835,588.280,1.037,0.091,0.000
1668255135875,2022-11-12T14:12:15.875,588.320,1.067,-0.274,-0.335
1668255135915,2022-11-12T14:12:15.915,588.360,0.640,-0.732,-0.305
1668255135955,2022-11-12T14:12:15.955,588.400,0.671,-0.732,-0.061
1668255135995,2022-11-12T14:12:15.995,588.440,0.396,-0.244,0.183
1668255136035,2022-11-12T14:12:16.035,588.480,1.555,-0.396,-0.488
1668255136075,2022-11-12T14:12:16.075,588.520,2.134,-0.915,-0.671
1668255136115,2022-11-12T14:12:16.115,588.560,1.341,-0.518,0.030
1668255136155,2022-11-12T14:12:16.155,588.600,1.341,-0.030,-0.427
1668255136195,2022-11-12T14:12:16.195,588.640,1.220,-0.244,-0.183
1668255136235,2022-11-12T14:12:16.235,588.680,0.823,-0.274,0.030
1668255136275,2022-11-12T14:12:16.275,588.720,1.128,-0.427,-0.030
1668255136315,2022-11-12T14:12:16.315,588.760,0.640,-0.274,0.274
1668255136355,2022-11-12T14:12:16.355,588.800,0.762,-0.091,0.122
1668255136395,2022-11-12T14:12:16.395,588.840,0.671,-0.061,-0.335
1668255136435,2022-11-12T14:12:16.435,588.880,-0.274,-0.518,-1.067
1668255136475,2022-11-12T14:12:16.475,588.920,1.555,-1.585,-2.195
1668255136515,2022-11-12T14:12:16.515,588.960,1.646,-0.701,-1.402
1668255136555,2022-11-12T14:12:16.555,589.000,0.823,0.274,0.244
1668255136595,2022-11-12T14:12:16.595,589.040,0.579,0.122,0.762
1668255136635,2022-11-12T14:12:16.635,589.080,1.707,-0.183,-0.274
1668255136675,2022-11-12T14:12:16.675,589.120,1.921,-0.091,-0.274
1668255136715,2022-11-12T14:12:16.715,589.160,0.671,0.000,1.067
1668255136755,2022-11-12T14:12:16.755,589.200,0.671,0.122,1.006
1668255136795,2022-11-12T14:12:16.795,589.240,1.311,-0.122,0.274
1668255136835,2022-11-12T14:12:16.835,589.280,1.707,-0.518,0.061
1668255136875,2022-11-12T14:12:16.875,589.320,1.463,-0.366,0.488
1668255136915,2022-11-12T14:12:16.915,589.360,0.732,0.183,0.579
1668255136955,2022-11-12T14:12:16.955,589.400,-0.091,0.213,0.640
1668255136995,2022-11-12T14:12:16.995,589.440,1.768,-1.006,-0.610
1668255137035,2022-11-12T14:12:17.035,589.480,1.220,-0.640,-0.732
1668255137075,2022-11-12T14:12:17.075,589.520,0.457,0.183,-0.091
1668255137115,2022-11-12T14:12:17.115,589.560,0.579,0.396,0.030
1668255137155,2022-11-12T14:12:17.155,589.600,0.793,0.183,-0.183
1668255137195,2022-11-12T14:12:17.195,589.640,0.823,0.213,-0.274
1668255137235,2022-11-12T14:12:17.235,589.680,0.610,0.518,-0.366
1668255137275,2022-11-12T14:12:17.275,589.720,0.335,0.183,0.061
1668255137315,2022-11-12T14:12:17.315,589.760,0.579,-0.396,-0.183
1668255137355,2022-11-12T14:12:17.355,589.800,0.701,0.061,-0.793
1668255137395,2022-11-12T14:12:17.395,589.840,1.037,0.427,-0.579
1668255137435,2022-11-12T14:12:17.435,589.880,1.037,0.152,-0.366
1668255137475,2022-11-12T14:12:17.475,589.920,0.762,0.000,-0.579
1668255137515,2022-11-12T14:12:17.515,589.960,1.250,0.152,-0.823
1668255137555,2022-11-12T14:12:17.555,590.000,1.067,-0.274,-0.183
1668255137595,2022-11-12T14:12:17.595,590.040,0.122,-0.061,0.518
1668255137635,2022-11-12T14:12:17.635,590.080,0.549,0.183,0.061
1668255137675,2022-11-12T14:12:17.675,590.120,0.854,0.061,-0.244
1668255137715,2022-11-12T14:12:17.715,590.160,0.427,-0.274,0.427
1668255137755,2022-11-12T14:12:17.755,590.200,0.335,-0.457,0.457
1668255137795,2022-11-12T14:12:17.795,590.240,0.671,0.030,-0.061
1668255137835,2022-11-12T14:12:17.835,590.280,0.884,0.061,-0.213
1668255137875,2022-11-12T14:12:17.875,590.320,0.518,-0.244,0.305
1668255137915,2022-11-12T14:12:17.915,590.360,0.274,-0.183,0.122
1668255137955,2022-11-12T14:12:17.955,590.400,0.610,0.213,-0.122
1668255137995,2022-11-12T14:12:17.995,590.440,0.732,0.549,-0.183
1668255138035,2022-11-12T14:12:18.035,590.480,0.183,0.640,-0.091
1668255138075,2022-11-12T14:12:18.075,590.520,0.335,0.549,-0.091
1668255138115,2022-11-12T14:12:18.115,590.560,0.762,-0.030,-0.122
1668255138155,2022-11-12T14:12:18.155,590.600,0.518,0.061,0.183
1668255138195,2022-11-12T14:12:18.195,590.640,0.457,0.427,0.030
1668255138235,2022-11-12T14:12:18.235,590.680,0.762,0.061,-0.030
1668255138275,2022-11-12T14:12:18.275,590.720,0.823,-0.122,-0.091
1668255138315,2022-11-12T14:12:18.315,590.760,0.793,-0.183,0.183
1668255138355,2022-11-12T14:12:18.355,590.800,0.671,-0.122,0.244
1668255138395,2022-11-12T14:12:18.395,590.840,0.762,-0.244,0.152
1668255138435,2022-11-12T14:12:18.435,590.880,1.067,-0.427,0.091
1668255138475,2022-11-12T14:12:18.475,590.920,1.128,-0.335,0.061
1668255138515,2022-11-12T14:12:18.515,590.960,0.976,-0.427,0.213
1668255138555,2022-11-12T14:12:18.555,591.000,0.732,-0.335,0.244
1668255138595,2022-11-12T14:12:18.595,591.040,0.884,-0.213,0.030
1668255138635,2022-11-12T14:12:18.635,591.080,0.793,-0.213,-0.030
1668255138675,2022-11-12T14:12:18.675,591.120,0.671,-0.183,-0.244
1668255138715,2022-11-12T14:12:18.715,591.160,0.701,-0.671,-0.244
1668255138755,2022-11-12T14:12:18.755,591.200,0.854,-0.549,-0.366
1668255138795,2022-11-12T14:12:18.795,591.240,0.152,0.061,0.030
1668255138835,2022-11-12T14:12:18.835,591.280,0.335,-0.122,0.305
1668255138875,2022-11-12T14:12:18.875,591.320,0.366,-0.122,0.122
1668255138915,2022-11-12T14:12:18.915,591.360,0.183,0.305,0.244
1668255138955,2022-11-12T14:12:18.955,591.400,0.610,0.366,0.061
1668255138995,2022-11-12T14:12:18.995,591.440,0.823,0.274,-0.457
1668255139035,2022-11-12T14:12:19.035,591.480,0.701,0.000,0.061
1668255139075,2022-11-12T14:12:19.075,591.520,0.213,0.274,0.488
1668255139115,2022-11-12T14:12:19.115,591.560,0.427,-0.244,0.274
1668255139155,2022-11-12T14:12:19.155,591.600,0.884,-1.006,0.152
1668255139195,2022-11-12T14:12:19.195,591.640,0.854,-0.457,-0.183
1668255139235,2022-11-12T14:12:19.235,591.680,0.884,0.091,-0.335
1668255139275,2022-11-12T14:12:19.275,591.720,0.274,0.122,0.274
1668255139315,2022-11-12T14:12:19.315,591.760,-0.274,-0.091,0.640
1668255139355,2022-11-12T14:12:19.355,591.800,0.335,0.030,0.122
1668255139395,2022-11-12T14:12:19.395,591.840,0.854,0.091,-0.061
1668255139435,2022-11-12T14:12:19.435,591.880,0.396,-0.061,-0.030
1668255139475,2022-11-12T14:12:19.475,591.920,0.732,-0.091,-0.335
1668255139515,2022-11-12T14:12:19.515,591.960,0.732,0.000,-0.152
1668255139555,2022-11-12T14:12:19.555,592.000,0.030,-0.396,0.549
1668255139595,2022-11-12T14:12:19.595,592.040,0.518,-1.250,-0.091
1668255139635,2022-11-12T14:12:19.635,592.080,1.037,-1.037,-0.732
1668255139675,2022-11-12T14:12:19.675,592.120,0.762,-0.305,-0.030
1668255139715,2022-11-12T14:12:19.715,592.160,0.579,0.091,0.549
1668255139755,2022-11-12T14:12:19.755,592.200,0.732,0.122,0.396
1668255139795,2022-11-12T14:12:19.795,592.240,1.280,-0.274,-0.152
1668255139835,2022-11-12T14:12:19.835,592.280,0.671,-0.122,0.030
1668255139875,2022-11-12T14:12:19.875,592.320,1.128,0.244,-0.213
1668255139915,2022-11-12T14:12:19.915,592.360,1.189,0.244,0.152
1668255139955,2022-11-12T14:12:19.955,592.400,1.250,-0.427,-0.091
1668255139995,2022-11-12T14:12:19.995,592.440,1.646,-0.701,-0.213
1668255140035,2022-11-12T14:12:20.035,592.480,1.799,-0.640,0.091
1668255140075,2022-11-12T14:12:20.075,592.520,0.457,-0.244,0.244
1668255140115,2022-11-12T14:12:20.115,592.560,0.640,-0.244,-0.061
1668255140155,2022-11-12T14:12:20.155,592.600,1.067,-0.213,0.183
1668255140195,2022-11-12T14:12:20.195,592.640,0.366,0.183,0.762
1668255140235,2022-11-12T14:12:20.235,592.680,1.433,-0.335,0.152
1668255140275,2022-11-12T14:12:20.275,592.720,2.104,-1.067,-0.579
1668255140315,2022-11-12T14:12:20.315,592.760,1.494,-0.884,-0.396
1668255140355,2022-11-12T14:12:20.355,592.800,0.884,-0.183,0.091
1668255140395,2022-11-12T14:12:20.395,592.840,0.793,0.091,0.061
1668255140435,2022-11-12T14:12:20.435,592.880,0.518,-0.213,0.427
1668255140475,2022-11-12T14:12:20.475,592.920,1.220,-0.366,-0.244
1668255140515,2022-11-12T14:12:20.515,592.960,1.341,-0.579,-0.366
1668255140555,2022-11-12T14:12:20.555,593.000,0.579,-0.823,0.427
1668255140595,2022-11-12T14:12:20.595,593.040,0.793,-1.037,0.579
1668255140635,2022-11-12T14:12:20.635,593.080,1.128,-0.945,0.061
1668255140675,2022-11-12T14:12:20.675,593.120,1.280,-0.854,-0.457
1668255140715,2022-11-12T14:12:20.715,593.160,1.006,-0.335,-0.122
1668255140755,2022-11-12T14:12:20.755,593.200,0.244,0.122,0.640
1668255140795,2022-11-12T14:12:20.795,593.240,0.488,0.183,0.427
1668255140835,2022-11-12T14:12:20.835,593.280,1.585,-0.518,-0.335
1668255140875,2022-11-12T14:12:20.875,593.320,0.152,-0.213,0.213
1668255140915,2022-11-12T14:12:20.915,593.360,0.396,0.091,0.152
1668255140955,2022-11-12T14:12:20.955,593.400,1.250,-0.335,-0.335
1668255140995,2022-11-12T14:12:20.995,593.440,0.640,-0.366,0.000
1668255141035,2022-11-12T14:12:21.035,593.480,0.823,0.091,0.122
1668255141075,2022-11-12T14:12:21.075,593.520,0.762,-0.091,0.152
1668255141115,2022-11-12T14:12:21.115,593.560,0.793,-0.152,-0.213
1668255141155,2022-11-12T14:12:21.155,593.600,0.976,-0.244,-0.213
1668255141195,2022-11-12T14:12:21.195,593.640,0.762,-0.396,0.335
1668255141235,2022-11-12T14:12:21.235,593.680,0.701,-0.213,0.152
1668255141275,2022-11-12T14:12:21.275,593.720,1.098,-0.274,-0.091
1668255141315,2022-11-12T14:12:21.315,593.760,1.098,-0.244,0.091
1668255141355,2022-11-12T14:12:21.355,593.800,1.006,-0.305,0.213
1668255141395,2022-11-12T14:12:21.395,593.840,1.402,-0.366,0.030
1668255141435,2022-11-12T14:12:21.435,593.880,1.372,-0.396,-0.030
1668255141475,2022-11-12T14:12:21.475,593.920,1.189,-0.335,-0.091
1668255141515,2022-11-12T14:12:21.515,593.960,1.159,-0.579,0.152
1668255141555,2022-11-12T14:12:21.555,594.000,0.976,-0.610,0.152
1668255141595,2022-11-12T14:12:21.595,594.040,0.762,-0.335,0.122
1668255141635,2022-11-12T14:12:21.635,594.080,0.976,-0.152,-0.030
1668255141675,2022-11-12T14:12:21.675,594.120,0.884,-0.305,0.030
1668255141715,2022-11-12T14:12:21.715,594.160,0.884,-0.488,0.213
1668255141755,2022-11-12T14:12:21.755,594.200,0.793,0.274,-0.091
1668255141795,2022-11-12T14:12:21.795,594.240,1.098,0.030,-0.091
1668255141835,2022-11-12T14:12:21.835,594.280,0.610,-0.274,0.305
1668255141875,2022-11-12T14:12:21.875,594.320,0.549,-0.244,0.335
1668255141915,2022-11-12T14:12:21.915,594.360,0.915,-0.579,0.030
1668255141955,2022-11-12T14:12:21.955,594.400,0.915,-0.366,-0.213
1668255141995,2022-11-12T14:12:21.995,594.440,0.945,-0.488,-0.122
1668255142035,2022-11-12T14:12:22.035,594.480,0.671,-0.640,0.061
1668255142075,2022-11-12T14:12:22.075,594.520,0.579,-0.274,-0.152
1668255142115,2022-11-12T14:12:22.115,594.560,1.098,0.000,-0.244
1668255142155,2022-11-12T14:12:22.155,594.600,0.671,0.000,0.274
1668255142195,2022-11-12T14:12:22.195,594.640,0.518,-0.488,0.457
1668255142235,2022-11-12T14:12:22.235,594.680,1.555,-0.518,-0.396
1668255142275,2022-11-12T14:12:22.275,594.720,1.006,-0.213,-0.183
1668255142315,2022-11-12T14:12:22.315,594.760,0.366,-0.030,0.366
1668255142355,2022-11-12T14:12:22.355,594.800,0.244,-0.091,0.427
1668255142395,2022-11-12T14:12:22.395,594.840,0.549,0.030,-0.091
1668255142435,2022-11-12T14:12:22.435,594.880,0.976,-0.427,-0.427
1668255142475,2022-11-12T14:12:22.475,594.920,0.488,-0.427,0.122
1668255142515,2022-11-12T14:12:22.515,594.960,0.427,-0.061,0.427
1668255142555,2022-11-12T14:12:22.555,595.000,0.884,-0.274,0.061
1668255142595,2022-11-12T14:12:22.595,595.040,1.067,-0.488,-0.610
1668255142635,2022-11-12T14:12:22.635,595.080,1.037,-0.457,-0.366
1668255142675,2022-11-12T14:12:22.675,595.120,0.366,-0.091,0.640
1668255142715,2022-11-12T14:12:22.715,595.160,0.030,0.427,0.732
1668255142755,2022-11-12T14:12:22.755,595.200,1.341,-0.244,-0.366
1668255142795,2022-11-12T14:12:22.795,595.240,1.372,-0.945,-0.366
1668255142835,2022-11-12T14:12:22.835,595.280,0.518,-1.006,0.030
1668255142875,2022-11-12T14:12:22.875,595.320,0.701,-0.366,0.030
1668255142915,2022-11-12T14:12:22.915,595.360,0.945,0.152,-0.122
1668255142955,2022-11-12T14:12:22.955,595.400,0.335,0.488,-0.152
1668255142995,2022-11-12T14:12:22.995,595.440,-0.061,0.579,0.183
1668255143035,2022-11-12T14:12:23.035,595.480,0.732,-0.061,-0.305
1668255143075,2022-11-12T14:12:23.075,595.520,0.579,-0.183,-0.335
1668255143115,2022-11-12T14:12:23.115,595.560,0.884,0.671,-0.122
1668255143155,2022-11-12T14:12:23.155,595.600,0.793,0.213,0.793
1668255143195,2022-11-12T14:12:23.195,595.640,0.061,-0.518,1.341
1668255143235,2022-11-12T14:12:23.235,595.680,0.610,0.000,-0.091
1668255143275,2022-11-12T14:12:23.275,595.720,1.860,0.091,-1.524
1668255143315,2022-11-12T14:12:23.315,595.760,1.402,-0.274,-0.915
1668255143355,2022-11-12T14:12:23.355,595.800,0.457,-0.061,0.518
1668255143395,2022-11-12T14:12:23.395,595.840,0.823,0.091,0.671
1668255143435,2022-11-12T14:12:23.435,595.880,0.579,-0.244,0.427
1668255143475,2022-11-12T14:12:23.475,595.920,0.640,-0.152,-0.183
1668255143515,2022-11-12T14:12:23.515,595.960,0.793,-0.122,-0.396
1668255143555,2022-11-12T14:12:23.555,596.000,0.091,0.122,0.183
1668255143595,2022-11-12T14:12:23.595,596.040,0.366,0.457,0.030
1668255143635,2022-11-12T14:12:23.635,596.080,0.793,0.549,-0.427
1668255143675,2022-11-12T14:12:23.675,596.120,0.549,0.701,-0.213
1668255143715,2022-11-12T14:12:23.715,596.160,0.274,0.427,0.152
1668255143755,2022-11-12T14:12:23.755,596.200,0.122,0.091,0.396
1668255143795,2022-11-12T14:12:23.795,596.240,0.030,0.396,0.366
1668255143835,2022-11-12T14:12:23.835,596.280,0.152,0.610,0.091
1668255143875,2022-11-12T14:12:23.875,596.320,0.518,-0.091,-0.305
1668255143915,2022-11-12T14:12:23.915,596.360,0.122,-0.457,0.030
1668255143955,2022-11-12T14:12:23.955,596.400,0.213,-0.061,0.427
1668255143995,2022-11-12T14:12:23.995,596.440,0.915,0.274,-0.091
1668255144035,2022-11-12T14:12:24.035,596.480,1.189,-0.030,-0.366
1668255144075,2022-11-12T14:12:24.075,596.520,1.402,-0.579,-0.244
1668255144115,2022-11-12T14:12:24.115,596.560,0.854,-0.518,0.152
1668255144155,2022-11-12T14:12:24.155,596.600,0.579,-0.274,0.183
1668255144195,2022-11-12T14:12:24.195,596.640,0.762,-0.061,-0.061
1668255144235,2022-11-12T14:12:24.235,596.680,0.701,0.122,-0.091
1668255144275,2022-11-12T14:12:24.275,596.720,0.671,-0.122,0.152
1668255144315,2022-11-12T14:12:24.315,596.760,0.518,-0.274,0.213
1668255144355,2022-11-12T14:12:24.355,596.800,0.823,-0.183,-0.030
1668255144395,2022-11-12T14:12:24.395,596.840,0.976,-0.030,-0.030
1668255144435,2022-11-12T14:12:24.435,596.880,1.006,-0.030,0.030
1668255144475,2022-11-12T14:12:24.475,596.920,1.037,-0.122,0.061
1668255144515,2022-11-12T14:12:24.515,596.960,0.854,0.427,0.122
1668255144555,2022-11-12T14:12:24.555,597.000,0.671,0.518,0.091
1668255144595,2022-11-12T14:12:24.595,597.040,0.579,0.030,0.122
1668255144635,2022-11-12T14:12:24.635,597.080,1.037,-0.518,-0.152
1668255144675,2022-11-12T14:12:24.675,597.120,0.854,-0.671,-0.122
1668255144715,2022-11-12T14:12:24.715,597.160,0.640,-0.244,-0.091
1668255144755,2022-11-12T14:12:24.755,597.200,0.488,-0.152,-0.183
1668255144795,2022-11-12T14:12:24.795,597.240,0.000,-0.427,-0.213
1668255144835,2022-11-12T14:12:24.835,597.280,0.793,-0.457,-0.640
1668255144875,2022-11-12T14:12:24.875,597.320,1.280,-0.457,-0.427
1668255144915,2022-11-12T14:12:24.915,597.360,0.366,-0.122,0.457
1668255144955,2022-11-12T14:12:24.955,597.400,0.945,-0.213,0.244
1668255144995,2022-11-12T14:12:24.995,597.440,1.220,-0.335,-0.091
1668255145035,2022-11-12T14:12:25.035,597.480,0.793,-0.030,0.061
1668255145075,2022-11-12T14:12:25.075,597.520,0.762,0.244,0.000
1668255145115,2022-11-12T14:12:25.115,597.560,0.579,0.244,0.091
1668255145155,2022-11-12T14:12:25.155,597.600,0.762,-0.122,0.000
1668255145195,2022-11-12T14:12:25.195,597.640,0.793,-0.152,0.030
1668255145235,2022-11-12T14:12:25.235,597.680,0.793,-0.061,0.183
1668255145275,2022-11-12T14:12:25.275,597.720,0.823,-0.183,0.091
1668255145315,2022-11-12T14:12:25.315,597.760,0.823,-0.305,-0.122
1668255145355,2022-11-12T14:12:25.355,597.800,0.823,-0.305,0.030
1668255145395,2022-11-12T14:12:25.395,597.840,0.915,-0.061,-0.030
1668255145435,2022-11-12T14:12:25.435,597.880,0.793,0.091,0.030
1668255145475,2022-11-12T14:12:25.475,597.920,0.915,-0.122,0.091
1668255145515,2022-11-12T14:12:25.515,597.960,0.884,-0.274,0.000
1668255145555,2022-11-12T14:12:25.555,598.000,0.854,0.000,-0.061
1668255145595,2022-11-12T14:12:25.595,598.040,0.915,0.000,0.030
1668255145635,2022-11-12T14:12:25.635,598.080,0.945,-0.183,0.122
1668255145675,2022-11-12T14:12:25.675,598.120,1.006,-0.183,-0.061
1668255145715,2022-11-12T14:12:25.715,598.160,0.854,-0.122,-0.061
1668255145755,2022-11-12T14:12:25.755,598.200,0.793,-0.274,0.061
1668255145795,2022-11-12T14:12:25.795,598.240,0.732,-0.152,0.061
1668255145835,2022-11-12T14:12:25.835,598.280,1.006,-0.244,-0.061
1668255145875,2022-11-12T14:12:25.875,598.320,0.671,-0.274,0.091
1668255145915,2022-11-12T14:12:25.915,598.360,0.762,-0.152,0.030
1668255145955,2022-11-12T14:12:25.955,598.400,0.884,-0.030,-0.091
1668255145995,2022-11-12T14:12:25.995,598.440,0.854,-0.183,0.000
1668255146035,2022-11-12T14:12:26.035,598.480,0.884,-0.152,-0.061
1668255146075,2022-11-12T14:12:26.075,598.520,0.701,0.030,-0.061
1668255146115,2022-11-12T14:12:26.115,598.560,0.671,-0.457,0.183
1668255146155,2022-11-12T14:12:26.155,598.600,0.823,-0.427,0.030
1668255146195,2022-11-12T14:12:26.195,598.640,1.067,-0.091,-0.183
1668255146235,2022-11-12T14:12:26.235,598.680,0.915,0.000,-0.030
1668255146275,2022-11-12T14:12:26.275,598.720,0.671,-0.030,0.030
1668255146315,2022-11-12T14:12:26.315,598.760,0.793,-0.213,0.000
1668255146355,2022-11-12T14:12:26.355,598.800,0.640,-0.244,0.061
1668255146395,2022-11-12T14:12:26.395,598.840,0.671,-0.152,0.091
1668255146435,2022-11-12T14:12:26.435,598.880,0.762,-0.030,0.000
1668255146475,2022-11-12T14:12:26.475,598.920,0.793,-0.122,-0.030
1668255146515,2022-11-12T14:12:26.515,598.960,0.762,-0.244,0.000
1668255146555,2022-11-12T14:12:26.555,599.000,0.671,-0.183,0.091
1668255146595,2022-11-12T14:12:26.595,599.040,0.854,-0.061,-0.061
1668255146635,2022-11-12T14:12:26.635,599.080,0.945,-0.183,-0.061
1668255146675,2022-11-12T14:12:26.675,599.120,0.793,-0.122,0.000
1668255146715,2022-11-12T14:12:26.715,599.160,0.701,-0.030,-0.183
1668255146755,2022-11-12T14:12:26.755,599.200,0.671,0.000,0.000
1668255146795,2022-11-12T14:12:26.795,599.240,0.671,-0.244,0.091
1668255146835,2022-11-12T14:12:26.835,599.280,0.884,-0.305,-0.091
1668255146875,2022-11-12T14:12:26.875,599.320,0.732,-0.091,-0.061
1668255146915,2022-11-12T14:12:26.915,599.360,0.610,-0.030,0.061
1668255146955,2022-11-12T14:12:26.955,599.400,0.762,-0.152,0.000
1668255146995,2022-11-12T14:12:26.995,599.440,0.762,-0.305,0.030
1668255147035,2022-11-12T14:12:27.035,599.480,0.793,-0.213,0.030
1668255147075,2022-11-12T14:12:27.075,599.520,0.945,-0.274,0.091
1668255147115,2022-11-12T14:12:27.115,599.560,0.976,-0.183,-0.030
1668255147155,2022-11-12T14:12:27.155,599.600,1.006,-0.213,-0.061
1668255147195,2022-11-12T14:12:27.195,599.640,0.701,-0.335,0.152
1668255147235,2022-11-12T14:12:27.235,599.680,0.793,-0.213,0.030
1668255147275,2022-11-12T14:12:27.275,599.720,0.823,0.030,-0.061
1668255147315,2022-11-12T14:12:27.315,599.760,0.640,-0.152,0.030
1668255147355,2022-11-12T14:12:27.355,599.800,0.793,-0.122,-0.091
1668255147395,2022-11-12T14:12:27.395,599.840,0.915,0.030,-0.091
1668255147435,2022-11-12T14:12:27.435,599.880,0.793,-0.091,0.000
1668255147475,2022-11-12T14:12:27.475,599.920,0.671,-0.305,0.061
1668255147515,2022-11-12T14:12:27.515,599.960,0.640,-0.305,-0.152
1668255147555,2022-11-12T14:12:27.555,600.000,0.762,-0.762,-0.244
1668255147595,2022-11-12T14:12:27.595,600.040,0.518,-0.640,-0.061
1668255147635,2022-11-12T14:12:27.635,600.080,0.335,-0.274,0.335
1668255147675,2022-11-12T14:12:27.675,600.120,0.427,0.122,0.152
1668255147715,2022-11-12T14:12:27.715,600.160,1.037,-0.030,-0.244
1668255147755,2022-11-12T14:12:27.755,600.200,1.037,-0.122,-0.152
1668255147795,2022-11-12T14:12:27.795,600.240,0.671,0.000,0.122
1668255147835,2022-11-12T14:12:27.835,600.280,1.067,-0.183,-0.091
1668255147875,2022-11-12T14:12:27.875,600.320,0.884,-0.274,0.030
1668255147915,2022-11-12T14:12:27.915,600.360,0.640,-0.091,0.122
1668255147955,2022-11-12T14:12:27.955,600.400,0.945,-0.122,0.000
1668255147995,2022-11-12T14:12:27.995,600.440,0.762,-0.122,0.030
1668255148035,2022-11-12T14:12:28.035,600.480,0.701,0.183,-0.030
1668255148075,2022-11-12T14:12:28.075,600.520,0.091,1.280,-0.091
1668255148115,2022-11-12T14:12:28.115,600.560,0.091,0.701,0.061
1668255148155,2022-11-12T14:12:28.155,600.600,0.732,-0.488,0.061
1668255148195,2022-11-12T14:12:28.195,600.640,1.037,-0.579,0.000
1668255148235,2022-11-12T14:12:28.235,600.680,1.128,-0.488,-0.030
1668255148275,2022-11-12T14:12:28.275,600.720,1.037,-0.518,0.091
1668255148315,2022-11-12T14:12:28.315,600.760,1.006,-0.244,0.030
1668255148355,2022-11-12T14:12:28.355,600.800,0.457,0.396,0.091
1668255148395,2022-11-12T14:12:28.395,600.840,0.579,0.244,0.091
1668255148435,2022-11-12T14:12:28.435,600.880,0.823,-0.244,0.030
1668255148475,2022-11-12T14:12:28.475,600.920,1.128,-0.335,-0.091
1668255148515,2022-11-12T14:12:28.515,600.960,0.854,-0.427,0.030
1668255148555,2022-11-12T14:12:28.555,601.000,0.762,-0.488,0.152
1668255148595,2022-11-12T14:12:28.595,601.040,1.037,-0.488,-0.030
1668255148635,2022-11-12T14:12:28.635,601.080,1.098,-0.396,-0.091
1668255148675,2022-11-12T14:12:28.675,601.120,0.945,-0.305,0.091
1668255148715,2022-11-12T14:12:28.715,601.160,1.067,-0.335,0.000
1668255148755,2022-11-12T14:12:28.755,601.200,1.067,-0.305,-0.152
1668255148795,2022-11-12T14:12:28.795,601.240,0.762,-0.091,-0.061
1668255148835,2022-11-12T14:12:28.835,601.280,0.762,-0.122,0.122
1668255148875,2022-11-12T14:12:28.875,601.320,0.976,-0.488,0.030
1668255148915,2022-11-12T14:12:28.915,601.360,1.128,-0.457,-0.091
1668255148955,2022-11-12T14:12:28.955,601.400,0.884,-0.091,-0.030
1668255148995,2022-11-12T14:12:28.995,601.440,0.823,-0.122,0.030
1668255149035,2022-11-12T14:12:29.035,601.480,0.915,-0.274,0.000
1668255149075,2022-11-12T14:12:29.075,601.520,0.915,-0.213,-0.030
1668255149115,2022-11-12T14:12:29.115,601.560,0.854,-0.244,0.091
1668255149155,2022-11-12T14:12:29.155,601.600,0.884,-0.305,0.122
1668255149195,2022-11-12T14:12:29.195,601.640,1.037,-0.305,-0.122
1668255149235,2022-11-12T14:12:29.235,601.680,0.945,-0.274,-0.030
1668255149275,2022-11-12T14:12:29.275,601.720,0.884,-0.213,0.152
1668255149315,2022-11-12T14:12:29.315,601.760,0.945,-0.274,0.000
1668255149355,2022-11-12T14:12:29.355,601.800,1.037,-0.366,-0.091
1668255149395,2022-11-12T14:12:29.395,601.840,0.945,-0.305,0.091
1668255149435,2022-11-12T14:12:29.435,601.880,0.884,-0.152,0.000
1668255149475,2022-11-12T14:12:29.475,601.920,0.945,-0.152,-0.061
1668255149515,2022-11-12T14:12:29.515,601.960,0.884,-0.183,0.091
1668255149555,2022-11-12T14:12:29.555,602.000,0.854,-0.396,0.061
1668255149595,2022-11-12T14:12:29.595,602.040,0.945,-0.427,-0.030
1668255149635,2022-11-12T14:12:29.635,602.080,1.006,-0.335,0.000
1668255149675,2022-11-12T14:12:29.675,602.120,0.854,-0.152,0.122
1668255149715,2022-11-12T14:12:29.715,602.160,0.915,-0.152,-0.030
1668255149755,2022-11-12T14:12:29.755,602.200,1.006,-0.183,-0.091
1668255149795,2022-11-12T14:12:29.795,602.240,0.701,-0.030,0.000
1668255149835,2022-11-12T14:12:29.835,602.280,0.793,-0.091,-0.030
1668255149875,2022-11-12T14:12:29.875,602.320,0.945,-0.183,-0.122
1668255149915,2022-11-12T14:12:29.915,602.360,0.823,-0.183,0.091
1668255149955,2022-11-12T14:12:29.955,602.400,0.671,-0.061,0.244
1668255149995,2022-11-12T14:12:29.995,602.440,1.128,-0.305,-0.122
1668255150035,2022-11-12T14:12:30.035,602.480,0.915,-0.305,-0.213
1668255150075,2022-11-12T14:12:30.075,602.520,0.640,-0.244,0.030
1668255150115,2022-11-12T14:12:30.115,602.560,0.640,-0.213,0.122
1668255150155,2022-11-12T14:12:30.155,602.600,0.823,0.030,-0.061
1668255150195,2022-11-12T14:12:30.195,602.640,0.854,-0.091,0.000
1668255150235,2022-11-12T14:12:30.235,602.680,0.823,-0.396,0.000
1668255150275,2022-11-12T14:12:30.275,602.720,0.823,-0.335,-0.030
1668255150315,2022-11-12T14:12:30.315,602.760,0.823,-0.152,-0.030
1668255150355,2022-11-12T14:12:30.355,602.800,0.793,-0.061,0.091
1668255150395,2022-11-12T14:12:30.395,602.840,0.732,-0.244,0.000
1668255150435,2022-11-12T14:12:30.435,602.880,0.671,-0.061,0.000
1668255150475,2022-11-12T14:12:30.475,602.920,0.762,-0.122,0.061
1668255150515,2022-11-12T14:12:30.515,602.960,0.823,-0.274,0.000
1668255150555,2022-11-12T14:12:30.555,603.000,0.793,-0.244,-0.030
1668255150595,2022-11-12T14:12:30.595,603.040,0.671,-0.152,0.091
1668255150635,2022-11-12T14:12:30.635,603.080,0.579,-0.122,0.122
1668255150675,2022-11-12T14:12:30.675,603.120,0.762,-0.152,-0.091
1668255150715,2022-11-12T14:12:30.715,603.160,0.732,-0.122,-0.061
1668255150755,2022-11-12T14:12:30.755,603.200,0.610,-0.091,0.061
1668255150795,2022-11-12T14:12:30.795,603.240,0.915,-0.152,-0.061
1668255150835,2022-11-12T14:12:30.835,603.280,0.823,-0.030,-0.091
1668255150875,2022-11-12T14:12:30.875,603.320,0.610,0.030,0.030
1668255150915,2022-11-12T14:12:30.915,603.360,0.823,-0.335,0.061
1668255150955,2022-11-12T14:12:30.955,603.400,0.854,-0.488,-0.030
1668255150995,2022-11-12T14:12:30.995,603.440,0.823,-0.305,-0.061
1668255151035,2022-11-12T14:12:31.035,603.480,0.732,-0.152,0.000
1668255151075,2022-11-12T14:12:31.075,603.520,0.732,-0.122,-0.030
1668255151115,2022-11-12T14:12:31.115,603.560,0.854,-0.152,-0.030
1668255151155,2022-11-12T14:12:31.155,603.600,0.671,-0.152,0.030
1668255151195,2022-11-12T14:12:31.195,603.640,0.732,-0.122,0.000
1668255151235,2022-11-12T14:12:31.235,603.680,0.854,-0.122,0.000
1668255151275,2022-11-12T14:12:31.275,603.720,0.915,-0.183,-0.061
1668255151315,2022-11-12T14:12:31.315,603.760,0.732,-0.183,0.061
1668255151355,2022-11-12T14:12:31.355,603.800,0.823,-0.030,0.000
1668255151395,2022-11-12T14:12:31.395,603.840,0.854,-0.183,-0.030
1668255151435,2022-11-12T14:12:31.435,603.880,0.823,-0.213,0.000
1668255151475,2022-11-12T14:12:31.475,603.920,0.793,-0.061,0.030
1668255151515,2022-11-12T14:12:31.515,603.960,0.793,-0.152,0.030
1668255151555,2022-11-12T14:12:31.555,604.000,0.854,-0.213,0.000
1668255151595,2022-11-12T14:12:31.595,604.040,0.823,-0.122,0.000
1668255151635,2022-11-12T14:12:31.635,604.080,0.884,-0.061,-0.091
1668255151675,2022-11-12T14:12:31.675,604.120,0.793,0.000,-0.091
1668255151715,2022-11-12T14:12:31.715,604.160,0.762,-0.305,0.061
1668255151755,2022-11-12T14:12:31.755,604.200,0.762,-0.396,0.000
1668255151795,2022-11-12T14:12:31.795,604.240,0.854,-0.152,-0.152
1668255151835,2022-11-12T14:12:31.835,604.280,0.793,-0.091,-0.061
1668255151875,2022-11-12T14:12:31.875,604.320,0.762,-0.152,0.030
1668255151915,2022-11-12T14:12:31.915,604.360,0.854,-0.274,0.030
1668255151955,2022-11-12T14:12:31.955,604.400,0.854,-0.213,0.000
1668255151995,2022-11-12T14:12:31.995,604.440,0.884,-0.213,0.030
1668255152035,2022-11-12T14:12:32.035,604.480,0.793,-0.213,0.061
1668255152075,2022-11-12T14:12:32.075,604.520,0.884,-0.213,-0.061
1668255152115,2022-11-12T14:12:32.115,604.560,0.854,-0.213,0.030
1668255152155,2022-11-12T14:12:32.155,604.600,0.915,-0.305,0.122
1668255152195,2022-11-12T14:12:32.195,604.640,1.037,-0.366,-0.030
1668255152235,2022-11-12T14:12:32.235,604.680,0.884,-0.244,-0.061
1668255152275,2022-11-12T14:12:32.275,604.720,0.854,-0.244,-0.030
1668255152315,2022-11-12T14:12:32.315,604.760,0.762,-0.244,0.030
1668255152355,2022-11-12T14:12:32.355,604.800,0.823,-0.061,-0.061
1668255152395,2022-11-12T14:12:32.395,604.840,0.854,-0.183,-0.030
1668255152435,2022-11-12T14:12:32.435,604.880,0.793,-0.274,0.122
1668255152475,2022-11-12T14:12:32.475,604.920,0.945,-0.183,-0.030
1668255152515,2022-11-12T14:12:32.515,604.960,0.945,-0.152,-0.183
1668255152555,2022-11-12T14:12:32.555,605.000,0.762,-0.122,0.000
1668255152595,2022-11-12T14:12:32.595,605.040,0.762,-0.213,0.061
1668255152635,2022-11-12T14:12:32.635,605.080,0.884,-0.457,-0.061
1668255152675,2022-11-12T14:12:32.675,605.120,0.884,-0.244,-0.061
1668255152715,2022-11-12T14:12:32.715,605.160,0.976,-0.213,-0.061
1668255152755,2022-11-12T14:12:32.755,605.200,0.701,-0.152,0.152
1668255152795,2022-11-12T14:12:32.795,605.240,0.915,-0.213,0.000
1668255152835,2022-11-12T14:12:32.835,605.280,0.823,-0.244,0.000
1668255152875,2022-11-12T14:12:32.875,605.320,0.793,-0.213,0.000
1668255152915,2022-11-12T14:12:32.915,605.360,0.915,-0.213,0.000
1668255152955,2022-11-12T14:12:32.955,605.400,0.945,-0.244,0.000
1668255152995,2022-11-12T14:12:32.995,605.440,0.854,-0.274,0.061
1668255153035,2022-11-12T14:12:33.035,605.480,0.701,-0.122,0.122
1668255153075,2022-11-12T14:12:33.075,605.520,0.976,-0.183,-0.030
1668255153115,2022-11-12T14:12:33.115,605.560,0.854,-0.244,-0.030
1668255153155,2022-11-12T14:12:33.155,605.600,0.732,-0.213,0.061
1668255153195,2022-11-12T14:12:33.195,605.640,0.854,-0.213,-0.030
1668255153235,2022-11-12T14:12:33.235,605.680,0.854,-0.091,-0.030
1668255153275,2022-11-12T14:12:33.275,605.720,0.823,-0.152,0.030
1668255153315,2022-11-12T14:12:33.315,605.760,0.793,-0.183,0.000
1668255153355,2022-11-12T14:12:33.355,605.800,0.823,-0.030,-0.091
1668255153395,2022-11-12T14:12:33.395,605.840,0.823,0.000,-0.030
1668255153435,2022-11-12T14:12:33.435,605.880,0.732,-0.183,0.122
1668255153475,2022-11-12T14:12:33.475,605.920,0.915,-0.488,-0.030
1668255153515,2022-11-12T14:12:33.515,605.960,0.884,-0.335,-0.030
1668255153555,2022-11-12T14:12:33.555,606.000,0.732,-0.122,0.061
1668255153595,2022-11-12T14:12:33.595,606.040,0.640,-0.061,0.000
1668255153635,2022-11-12T14:12:33.635,606.080,0.854,-0.183,-0.061
1668255153675,2022-11-12T14:12:33.675,606.120,0.701,-0.122,0.061
1668255153715,2022-11-12T14:12:33.715,606.160,0.793,-0.152,0.000
1668255153755,2022-11-12T14:12:33.755,606.200,0.823,-0.152,-0.030
1668255153795,2022-11-12T14:12:33.795,606.240,0.915,-0.152,-0.030
1668255153835,2022-11-12T14:12:33.835,606.280,0.823,-0.152,0.061
1668255153875,2022-11-12T14:12:33.875,606.320,0.732,-0.244,0.061
1668255153915,2022-11-12T14:12:33.915,606.360,0.884,-0.244,-0.091
1668255153955,2022-11-12T14:12:33.955,606.400,0.915,-0.152,-0.061
1668255153995,2022-11-12T14:12:33.995,606.440,0.793,-0.183,0.061
1668255154035,2022-11-12T14:12:34.035,606.480,0.762,-0.183,0.030
1668255154075,2022-11-12T14:12:34.075,606.520,0.854,-0.213,-0.091
1668255154115,2022-11-12T14:12:34.115,606.560,0.732,-0.213,0.030
1668255154155,2022-11-12T14:12:34.155,606.600,0.579,0.091,0.122
1668255154195,2022-11-12T14:12:34.195,606.640,0.305,0.518,0.152
1668255154235,2022-11-12T14:12:34.235,606.680,0.457,0.183,0.335
1668255154275,2022-11-12T14:12:34.275,606.720,0.762,-0.152,0.213
1668255154315,2022-11-12T14:12:34.315,606.760,1.098,-0.396,-0.152
1668255154355,2022-11-12T14:12:34.355,606.800,1.006,-0.396,-0.152
1668255154395,2022-11-12T14:12:34.395,606.840,0.671,-0.244,-0.091
1668255154435,2022-11-12T14:12:34.435,606.880,1.006,-0.335,-0.396
1668255154475,2022-11-12T14:12:34.475,606.920,0.701,-0.457,0.000
1668255154515,2022-11-12T14:12:34.515,606.960,0.640,-0.152,0.091
1668255154555,2022-11-12T14:12:34.555,607.000,0.884,-0.122,-0.030
1668255154595,2022-11-12T14:12:34.595,607.040,0.976,-0.244,0.000
1668255154635,2022-11-12T14:12:34.635,607.080,1.006,-0.152,-0.061
1668255154675,2022-11-12T14:12:34.675,607.120,0.671,-0.122,0.152
1668255154715,2022-11-12T14:12:34.715,607.160,0.854,-0.244,0.030
1668255154755,2022-11-12T14:12:34.755,607.200,1.006,-0.305,-0.122
1668255154795,2022-11-12T14:12:34.795,607.240,0.671,-0.244,0.091
1668255154835,2022-11-12T14:12:34.835,607.280,0.823,-0.213,0.061
1668255154875,2022-11-12T14:12:34.875,607.320,0.854,-0.183,-0.030
1668255154915,2022-11-12T14:12:34.915,607.360,0.884,-0.244,-0.030
1668255154955,2022-11-12T14:12:34.955,607.400,0.884,-0.213,0.061
1668255154995,2022-11-12T14:12:34.995,607.440,0.976,-0.244,0.061
1668255155035,2022-11-12T14:12:35.035,607.480,0.915,-0.091,-0.061
1668255155075,2022-11-12T14:12:35.075,607.520,0.854,-0.091,0.000
1668255155115,2022-11-12T14:12:35.115,607.560,0.762,-0.396,0.061
1668255155155,2022-11-12T14:12:35.155,607.600,0.854,-0.366,-0.061
1668255155195,2022-11-12T14:12:35.195,607.640,0.884,-0.183,-0.061
1668255155235,2022-11-12T14:12:35.235,607.680,0.640,-0.061,0.091
1668255155275,2022-11-12T14:12:35.275,607.720,0.915,-0.152,-0.030
1668255155315,2022-11-12T14:12:35.315,607.760,0.823,-0.213,0.000
1668255155355,2022-11-12T14:12:35.355,607.800,0.793,-0.091,0.061
1668255155395,2022-11-12T14:12:35.395,607.840,0.884,-0.183,-0.030
1668255155435,2022-11-12T14:12:35.435,607.880,0.915,-0.274,0.000
1668255155475,2022-11-12T14:12:35.475,607.920,0.945,-0.152,-0.061
1668255155515,2022-11-12T14:12:35.515,607.960,0.762,-0.061,0.091
1668255155555,2022-11-12T14:12:35.555,608.000,0.945,-0.213,0.000
1668255155595,2022-11-12T14:12:35.595,608.040,1.159,-0.274,-0.183
1668255155635,2022-11-12T14:12:35.635,608.080,0.823,-0.244,0.030
1668255155675,2022-11-12T14:12:35.675,608.120,0.823,-0.274,0.091
1668255155715,2022-11-12T14:12:35.715,608.160,0.823,-0.305,0.000
1668255155755,2022-11-12T14:12:35.755,608.200,0.884,-0.274,0.061
1668255155795,2022-11-12T14:12:35.795,608.240,0.976,-0.213,-0.091
1668255155835,2022-11-12T14:12:35.835,608.280,0.701,-0.122,0.000
1668255155875,2022-11-12T14:12:35.875,608.320,0.945,-0.122,-0.122
1668255155915,2022-11-12T14:12:35.915,608.360,0.793,-0.213,0.000
1668255155955,2022-11-12T14:12:35.955,608.400,0.884,-0.457,-0.030
1668255155995,2022-11-12T14:12:35.995,608.440,1.128,-0.396,-0.091
1668255156035,2022-11-12T14:12:36.035,608.480,0.823,-0.274,0.030
1668255156075,2022-11-12T14:12:36.075,608.520,0.884,-0.213,-0.030
1668255156115,2022-11-12T14:12:36.115,608.560,0.945,-0.366,-0.091
1668255156155,2022-11-12T14:12:36.155,608.600,0.884,-0.335,-0.030
1668255156195,2022-11-12T14:12:36.195,608.640,0.823,-0.122,-0.061
1668255156235,2022-11-12T14:12:36.235,608.680,0.732,-0.152,-0.030
1668255156275,2022-11-12T14:12:36.275,608.720,0.945,-0.061,-0.091
1668255156315,2022-11-12T14:12:36.315,608.760,0.823,-0.122,-0.030
1668255156355,2022-11-12T14:12:36.355,608.800,0.671,-0.152,0.152
1668255156395,2022-11-12T14:12:36.395,608.840,0.884,-0.244,0.030
1668255156435,2022-11-12T14:12:36.435,608.880,0.823,-0.244,-0.061
1668255156475,2022-11-12T14:12:36.475,608.920,0.854,-0.183,0.030
1668255156515,2022-11-12T14:12:36.515,608.960,0.854,-0.183,0.030
1668255156555,2022-11-12T14:12:36.555,609.000,0.793,-0.030,-0.030
1668255156595,2022-11-12T14:12:36.595,609.040,1.067,-0.061,0.030
1668255156635,2022-11-12T14:12:36.635,609.080,0.823,-0.061,0.152
1668255156675,2022-11-12T14:12:36.675,609.120,0.884,0.000,-0.030
1668255156715,2022-11-12T14:12:36.715,609.160,0.793,-0.061,0.030
1668255156755,2022-11-12T14:12:36.755,609.200,0.640,-0.244,0.122
1668255156795,2022-11-12T14:12:36.795,609.240,1.037,-0.274,-0.152
1668255156835,2022-11-12T14:12:36.835,609.280,0.640,-0.091,-0.030
1668255156875,2022-11-12T14:12:36.875,609.320,0.701,-0.091,0.030
1668255156915,2022-11-12T14:12:36.915,609.360,0.884,-0.244,-0.030
1668255156955,2022-11-12T14:12:36.955,609.400,0.854,-0.213,0.030
1668255156995,2022-11-12T14:12:36.995,609.440,0.793,-0.122,0.061
1668255157035,2022-11-12T14:12:37.035,609.480,0.854,-0.183,-0.061
1668255157075,2022-11-12T14:12:37.075,609.520,0.854,-0.244,-0.061
1668255157115,2022-11-12T14:12:37.115,609.560,0.915,-0.244,0.061
1668255157155,2022-11-12T14:12:37.155,609.600,0.610,-0.152,0.213
1668255157195,2022-11-12T14:12:37.195,609.640,0.701,-0.244,0.030
1668255157235,2022-11-12T14:12:37.235,609.680,1.006,-0.244,-0.152
1668255157275,2022-11-12T14:12:37.275,609.720,0.793,-0.213,0.030
1668255157315,2022-11-12T14:12:37.315,609.760,0.823,-0.244,0.030
1668255157355,2022-11-12T14:12:37.355,609.800,0.823,-0.152,-0.061
1668255157395,2022-11-12T14:12:37.395,609.840,0.732,-0.213,-0.030
1668255157435,2022-11-12T14:12:37.435,609.880,0.732,-0.061,0.000
1668255157475,2022-11-12T14:12:37.475,609.920,0.762,-0.030,-0.061
1668255157515,2022-11-12T14:12:37.515,609.960,0.732,-0.213,0.030
1668255157555,2022-11-12T14:12:37.555,610.000,0.854,-0.396,0.061
1668255157595,2022-11-12T14:12:37.595,610.040,0.823,-0.274,-0.030
1668255157635,2022-11-12T14:12:37.635,610.080,0.762,-0.152,-0.030
1668255157675,2022-11-12T14:12:37.675,610.120,0.732,-0.030,0.030
1668255157715,2022-11-12T14:12:37.715,610.160,0.823,-0.152,0.000
1668255157755,2022-11-12T14:12:37.755,610.200,0.793,-0.213,0.000
1668255157795,2022-11-12T14:12:37.795,610.240,0.793,-0.061,-0.061
1668255157835,2022-11-12T14:12:37.835,610.280,0.762,-0.213,0.000
1668255157875,2022-11-12T14:12:37.875,610.320,0.915,-0.152,-0.030
1668255157915,2022-11-12T14:12:37.915,610.360,0.762,-0.122,0.000
1668255157955,2022-11-12T14:12:37.955,610.400,0.640,-0.152,0.152
1668255157995,2022-11-12T14:12:37.995,610.440,0.823,-0.152,-0.061
1668255158035,2022-11-12T14:12:38.035,610.480,1.037,-0.213,-0.152
1668255158075,2022-11-12T14:12:38.075,610.520,0.854,-0.213,0.122
1668255158115,2022-11-12T14:12:38.115,610.560,0.823,-0.091,0.091
1668255158155,2022-11-12T14:12:38.155,610.600,0.976,-0.152,-0.030
1668255158195,2022-11-12T14:12:38.195,610.640,1.037,-0.152,-0.030
1668255158235,2022-11-12T14:12:38.235,610.680,1.006,-0.122,0.030
1668255158275,2022-11-12T14:12:38.275,610.720,0.945,-0.122,-0.030
1668255158315,2022-11-12T14:12:38.315,610.760,0.823,0.030,-0.030
1668255158355,2022-11-12T14:12:38.355,610.800,0.854,-0.213,0.030
1668255158395,2022-11-12T14:12:38.395,610.840,0.884,-0.396,0.061
1668255158435,2022-11-12T14:12:38.435,610.880,1.006,-0.183,-0.030
1668255158475,2022-11-12T14:12:38.475,610.920,0.884,-0.091,0.091
1668255158515,2022-11-12T14:12:38.515,610.960,0.732,-0.122,0.091
1668255158555,2022-11-12T14:12:38.555,611.000,0.915,-0.274,-0.030
1668255158595,2022-11-12T14:12:38.595,611.040,0.762,-0.122,0.000
1668255158635,2022-11-12T14:12:38.635,611.080,0.854,-0.152,0.000
1668255158675,2022-11-12T14:12:38.675,611.120,0.915,-0.274,0.000
1668255158715,2022-11-12T14:12:38.715,611.160,0.915,-0.122,0.000
1668255158755,2022-11-12T14:12:38.755,611.200,0.823,-0.030,0.030
1668255158795,2022-11-12T14:12:38.795,611.240,0.823,-0.183,0.122
1668255158835,2022-11-12T14:12:38.835,611.280,0.945,-0.274,-0.030
1668255158875,2022-11-12T14:12:38.875,611.320,0.945,-0.244,-0.061
1668255158915,2022-11-12T14:12:38.915,611.360,0.823,-0.183,0.030
1668255158955,2022-11-12T14:12:38.955,611.400,0.823,-0.091,0.061
1668255158995,2022-11-12T14:12:38.995,611.440,0.915,-0.091,-0.061
1668255159035,2022-11-12T14:12:39.035,611.480,0.945,-0.244,0.000
1668255159075,2022-11-12T14:12:39.075,611.520,0.884,-0.183,0.061
1668255159115,2022-11-12T14:12:39.115,611.560,0.854,-0.122,-0.030
1668255159155,2022-11-12T14:12:39.155,611.600,0.762,-0.030,-0.030
1668255159195,2022-11-12T14:12:39.195,611.640,0.732,-0.305,0.061
1668255159235,2022-11-12T14:12:39.235,611.680,0.823,-0.335,0.000
1668255159275,2022-11-12T14:12:39.275,611.720,0.823,-0.213,-0.091
1668255159315,2022-11-12T14:12:39.315,611.760,0.671,-0.213,0.000
1668255159355,2022-11-12T14:12:39.355,611.800,0.884,-0.335,-0.061
1668255159395,2022-11-12T14:12:39.395,611.840,0.945,-0.366,-0.030
1668255159435,2022-11-12T14:12:39.435,611.880,0.671,-0.030,0.122
1668255159475,2022-11-12T14:12:39.475,611.920,0.793,-0.152,0.061
1668255159515,2022-11-12T14:12:39.515,611.960,0.945,-0.366,0.000
1668255159555,2022-11-12T14:12:39.555,612.000,0.915,-0.183,-0.030
1668255159595,2022-11-12T14:12:39.595,612.040,0.732,-0.122,0.152
1668255159635,2022-11-12T14:12:39.635,612.080,0.823,-0.274,0.122
1668255159675,2022-11-12T14:12:39.675,612.120,1.006,-0.213,-0.152
1668255159715,2022-11-12T14:12:39.715,612.160,0.762,-0.122,0.000
1668255159755,2022-11-12T14:12:39.755,612.200,0.793,-0.213,0.030
1668255159795,2022-11-12T14:12:39.795,612.240,0.854,-0.366,-0.122
1668255159835,2022-11-12T14:12:39.835,612.280,0.762,-0.305,0.000
1668255159875,2022-11-12T14:12:39.875,612.320,0.793,-0.213,0.030
1668255159915,2022-11-12T14:12:39.915,612.360,0.854,-0.335,-0.030
1668255159955,2022-11-12T14:12:39.955,612.400,0.854,-0.244,-0.091
1668255159995,2022-11-12T14:12:39.995,612.440,1.524,-0.488,-0.244
1668255160035,2022-11-12T14:12:40.035,612.480,2.439,-1.341,-0.091
1668255160075,2022-11-12T14:12:40.075,612.520,1.585,-0.854,-0.061
1668255160115,2022-11-12T14:12:40.115,612.560,0.854,-0.305,-0.152
1668255160155,2022-11-12T14:12:40.155,612.600,0.579,-0.183,0.091
1668255160195,2022-11-12T14:12:40.195,612.640,0.366,0.091,0.061
1668255160235,2022-11-12T14:12:40.235,612.680,0.396,0.000,-0.030
1668255160275,2022-11-12T14:12:40.275,612.720,0.427,-0.061,0.091
1668255160315,2022-11-12T14:12:40.315,612.760,0.579,0.000,0.030
1668255160355,2022-11-12T14:12:40.355,612.800,0.701,-0.152,-0.030
1668255160395,2022-11-12T14:12:40.395,612.840,0.823,-0.244,0.030
1668255160435,2022-11-12T14:12:40.435,612.880,0.732,-0.183,0.000
1668255160475,2022-11-12T14:12:40.475,612.920,0.610,-0.244,0.183
1668255160515,2022-11-12T14:12:40.515,612.960,0.884,-0.396,0.030
1668255160555,2022-11-12T14:12:40.555,613.000,0.915,-0.213,-0.061
1668255160595,2022-11-12T14:12:40.595,613.040,0.762,-0.183,0.091
1668255160635,2022-11-12T14:12:40.635,613.080,0.915,-0.335,0.030
1668255160675,2022-11-12T14:12:40.675,613.120,0.945,-0.183,-0.061
1668255160715,2022-11-12T14:12:40.715,613.160,0.793,-0.244,0.122
1668255160755,2022-11-12T14:12:40.755,613.200,0.793,-0.183,0.030
1668255160795,2022-11-12T14:12:40.795,613.240,0.884,0.030,0.000
1668255160835,2022-11-12T14:12:40.835,613.280,0.793,-0.152,0.122
1668255160875,2022-11-12T14:12:40.875,613.320,0.854,-0.457,0.091
1668255160915,2022-11-12T14:12:40.915,613.360,0.976,-0.305,-0.152
1668255160955,2022-11-12T14:12:40.955,613.400,0.671,-0.030,0.030
1668255160995,2022-11-12T14:12:40.995,613.440,0.701,-0.122,0.061
1668255161035,2022-11-12T14:12:41.035,613.480,0.854,-0.335,0.000
1668255161075,2022-11-12T14:12:41.075,613.520,0.793,-0.244,0.061
1668255161115,2022-11-12T14:12:41.115,613.560,0.945,-0.213,0.030
1668255161155,2022-11-12T14:12:41.155,613.600,0.823,-0.274,-0.061
1668255161195,2022-11-12T14:12:41.195,613.640,0.884,-0.152,-0.030
1668255161235,2022-11-12T14:12:41.235,613.680,0.823,-0.122,0.030
1668255161275,2022-11-12T14:12:41.275,613.720,0.610,-0.183,0.152
1668255161315,2022-11-12T14:12:41.315,613.760,0.884,-0.213,-0.030
1668255161355,2022-11-12T14:12:41.355,613.800,0.884,-0.244,-0.091
1668255161395,2022-11-12T14:12:41.395,613.840,0.793,-0.183,0.000
1668255161435,2022-11-12T14:12:41.435,613.880,0.823,-0.213,-0.030
1668255161475,2022-11-12T14:12:41.475,613.920,0.793,-0.305,-0.030
1668255161515,2022-11-12T14:12:41.515,613.960,0.976,-0.335,-0.061
1668255161555,2022-11-12T14:12:41.555,614.000,0.671,-0.183,0.000
1668255161595,2022-11-12T14:12:41.595,614.040,0.762,-0.061,-0.030
1668255161635,2022-11-12T14:12:41.635,614.080,0.823,-0.396,0.000
1668255161675,2022-11-12T14:12:41.675,614.120,0.762,-0.396,0.030
1668255161715,2022-11-12T14:12:41.715,614.160,0.884,-0.122,-0.122
1668255161755,2022-11-12T14:12:41.755,614.200,0.762,-0.091,0.030
1668255161795,2022-11-12T14:12:41.795,614.240,0.640,-0.152,0.030
1668255161835,2022-11-12T14:12:41.835,614.280,0.671,-0.122,-0.091
1668255161875,2022-11-12T14:12:41.875,614.320,0.823,-0.213,-0.152
1668255161915,2022-11-12T14:12:41.915,614.360,0.640,-0.213,-0.061
1668255161955,2022-11-12T14:12:41.955,614.400,0.945,-0.274,-0.030
1668255161995,2022-11-12T14:12:41.995,614.440,0.823,-0.244,0.091
1668255162035,2022-11-12T14:12:42.035,614.480,0.854,-0.244,0.000
1668255162075,2022-11-12T14:12:42.075,614.520,0.793,-0.244,0.091
1668255162115,2022-11-12T14:12:42.115,614.560,0.793,-0.183,0.061
1668255162155,2022-11-12T14:12:42.155,614.600,1.037,-0.213,-0.091
1668255162195,2022-11-12T14:12:42.195,614.640,0.793,-0.183,0.061
1668255162235,2022-11-12T14:12:42.235,614.680,0.762,-0.213,0.091
1668255162275,2022-11-12T14:12:42.275,614.720,0.915,-0.244,-0.030
1668255162315,2022-11-12T14:12:42.315,614.760,0.945,-0.122,0.000
1668255162355,2022-11-12T14:12:42.355,614.800,0.884,0.030,-0.061
1668255162395,2022-11-12T14:12:42.395,614.840,0.701,-0.213,0.030
1668255162435,2022-11-12T14:12:42.435,614.880,0.671,-0.244,0.091
1668255162475,2022-11-12T14:12:42.475,614.920,0.915,-0.366,-0.091
1668255162515,2022-11-12T14:12:42.515,614.960,0.854,-0.274,-0.061
1668255162555,2022-11-12T14:12:42.555,615.000,0.762,-0.122,0.061
1668255162595,2022-11-12T14:12:42.595,615.040,0.793,-0.061,0.000
1668255162635,2022-11-12T14:12:42.635,615.080,0.823,-0.183,-0.030
1668255162675,2022-11-12T14:12:42.675,615.120,0.823,-0.366,0.061
1668255162715,2022-11-12T14:12:42.715,615.160,0.793,-0.122,0.030
1668255162755,2022-11-12T14:12:42.755,615.200,0.823,-0.244,0.000
1668255162795,2022-11-12T14:12:42.795,615.240,0.823,-0.183,-0.030
1668255162835,2022-11-12T14:12:42.835,615.280,0.823,-0.183,-0.030
1668255162875,2022-11-12T14:12:42.875,615.320,0.640,-0.335,0.213
1668255162915,2022-11-12T14:12:42.915,615.360,0.793,-0.244,0.000
1668255162955,2022-11-12T14:12:42.955,615.400,1.006,-0.213,-0.152
1668255162995,2022-11-12T14:12:42.995,615.440,0.823,-0.213,0.061
1668255163035,2022-11-12T14:12:43.035,615.480,0.823,-0.183,0.030
1668255163075,2022-11-12T14:12:43.075,615.520,0.854,-0.213,-0.061
1668255163115,2022-11-12T14:12:43.115,615.560,0.823,-0.183,0.030
1668255163155,2022-11-12T14:12:43.155,615.600,0.884,-0.274,0.030
1668255163195,2022-11-12T14:12:43.195,615.640,0.732,-0.579,-0.030
1668255163235,2022-11-12T14:12:43.235,615.680,0.823,-0.335,-0.061
1668255163275,2022-11-12T14:12:43.275,615.720,0.793,0.061,0.030
1668255163315,2022-11-12T14:12:43.315,615.760,0.823,-0.244,0.091
1668255163355,2022-11-12T14:12:43.355,615.800,0.976,-0.427,-0.122
1668255163395,2022-11-12T14:12:43.395,615.840,0.976,-0.213,-0.152
1668255163435,2022-11-12T14:12:43.435,615.880,0.854,-0.183,0.030
1668255163475,2022-11-12T14:12:43.475,615.920,0.701,-0.122,0.061
1668255163515,2022-11-12T14:12:43.515,615.960,0.945,-0.183,-0.122
1668255163555,2022-11-12T14:12:43.555,616.000,0.823,-0.183,-0.030
1668255163595,2022-11-12T14:12:43.595,616.040,0.793,-0.213,0.030
1668255163635,2022-11-12T14:12:43.635,616.080,1.067,-0.366,-0.091
1668255163675,2022-11-12T14:12:43.675,616.120,0.976,-0.213,-0.091
1668255163715,2022-11-12T14:12:43.715,616.160,0.884,-0.274,0.030
1668255163755,2022-11-12T14:12:43.755,616.200,0.762,-0.183,0.061
1668255163795,2022-11-12T14:12:43.795,616.240,0.945,-0.305,-0.091
1668255163835,2022-11-12T14:12:43.835,616.280,0.945,-0.244,-0.091
1668255163875,2022-11-12T14:12:43.875,616.320,0.823,-0.122,0.061
1668255163915,2022-11-12T14:12:43.915,616.360,0.732,-0.152,0.030
1668255163955,2022-11-12T14:12:43.955,616.400,0.945,-0.152,-0.091
1668255163995,2022-11-12T14:12:43.995,616.440,0.884,-0.305,0.030
1668255164035,2022-11-12T14:12:44.035,616.480,0.762,-0.213,0.091
1668255164075,2022-11-12T14:12:44.075,616.520,0.915,-0.213,-0.091
1668255164115,2022-11-12T14:12:44.115,616.560,0.823,-0.152,0.030
1668255164155,2022-11-12T14:12:44.155,616.600,0.823,-0.305,0.091
1668255164195,2022-11-12T14:12:44.195,616.640,1.006,-0.457,-0.061
1668255164235,2022-11-12T14:12:44.235,616.680,0.854,-0.213,0.030
1668255164275,2022-11-12T14:12:44.275,616.720,0.823,-0.061,0.061
1668255164315,2022-11-12T14:12:44.315,616.760,0.732,-0.091,0.091
1668255164355,2022-11-12T14:12:44.355,616.800,0.945,-0.183,0.000
1668255164395,2022-11-12T14:12:44.395,616.840,0.884,-0.030,-0.061
1668255164435,2022-11-12T14:12:44.435,616.880,0.732,-0.091,0.030
1668255164475,2022-11-12T14:12:44.475,616.920,0.976,-0.244,-0.091
1668255164515,2022-11-12T14:12:44.515,616.960,0.945,-0.213,-0.061
1668255164555,2022-11-12T14:12:44.555,617.000,0.610,-0.152,0.152
1668255164595,2022-11-12T14:12:44.595,617.040,0.671,-0.030,0.061
1668255164635,2022-11-12T14:12:44.635,617.080,0.945,-0.183,-0.122
1668255164675,2022-11-12T14:12:44.675,617.120,0.793,-0.152,-0.061
1668255164715,2022-11-12T14:12:44.715,617.160,0.854,-0.122,0.000
1668255164755,2022-11-12T14:12:44.755,617.200,0.854,-0.183,0.030
1668255164795,2022-11-12T14:12:44.795,617.240,0.915,-0.152,-0.061
1668255164835,2022-11-12T14:12:44.835,617.280,0.793,-0.061,-0.030
1668255164875,2022-11-12T14:12:44.875,617.320,0.610,-0.061,0.152
1668255164915,2022-11-12T14:12:44.915,617.360,0.793,-0.305,0.061
1668255164955,2022-11-12T14:12:44.955,617.400,0.793,-0.366,-0.030
1668255164995,2022-11-12T14:12:44.995,617.440,0.915,-0.183,-0.091
1668255165035,2022-11-12T14:12:45.035,617.480,0.610,-0.061,0.061
1668255165075,2022-11-12T14:12:45.075,617.520,0.823,-0.091,0.000
1668255165115,2022-11-12T14:12:45.115,617.560,0.915,-0.244,-0.030
1668255165155,2022-11-12T14:12:45.155,617.600,0.701,-0.122,0.061
1668255165195,2022-11-12T14:12:45.195,617.640,0.915,-0.152,-0.030
1668255165235,2022-11-12T14:12:45.235,617.680,0.823,-0.213,0.030
1668255165275,2022-11-12T14:12:45.275,617.720,0.884,-0.244,0.000
1668255165315,2022-11-12T14:12:45.315,617.760,0.732,-0.183,0.061
1668255165355,2022-11-12T14:12:45.355,617.800,0.579,-0.183,0.122
1668255165395,2022-11-12T14:12:45.395,617.840,1.006,-0.213,-0.152
1668255165435,2022-11-12T14:12:45.435,617.880,0.762,-0.183,0.030
1668255165475,2022-11-12T14:12:45.475,617.920,0.701,-0.183,0.030
1668255165515,2022-11-12T14:12:45.515,617.960,0.884,-0.213,-0.091
1668255165555,2022-11-12T14:12:45.555,618.000,0.671,-0.091,-0.030
1668255165595,2022-11-12T14:12:45.595,618.040,0.823,-0.030,-0.030
1668255165635,2022-11-12T14:12:45.635,618.080,0.945,-0.183,-0.061
1668255165675,2022-11-12T14:12:45.675,618.120,0.823,-0.396,0.061
1668255165715,2022-11-12T14:12:45.715,618.160,0.915,-0.244,-0.091
1668255165755,2022-11-12T14:12:45.755,618.200,0.762,-0.122,-0.061
1668255165795,2022-11-12T14:12:45.795,618.240,0.732,-0.122,0.030
1668255165835,2022-11-12T14:12:45.835,618.280,0.915,-0.183,-0.030
1668255165875,2022-11-12T14:12:45.875,618.320,0.823,-0.122,0.061
1668255165915,2022-11-12T14:12:45.915,618.360,0.732,-0.091,0.000
1668255165955,2022-11-12T14:12:45.955,618.400,0.823,-0.244,-0.061
1668255165995,2022-11-12T14:12:45.995,618.440,0.823,-0.244,-0.030
1668255166035,2022-11-12T14:12:46.035,618.480,0.793,-0.091,-0.030
1668255166075,2022-11-12T14:12:46.075,618.520,0.732,-0.244,0.061
1668255166115,2022-11-12T14:12:46.115,618.560,0.823,-0.305,-0.030
1668255166155,2022-11-12T14:12:46.155,618.600,0.945,-0.244,-0.030
1668255166195,2022-11-12T14:12:46.195,618.640,0.823,-0.183,0.030
1668255166235,2022-11-12T14:12:46.235,618.680,0.671,-0.244,0.061
1668255166275,2022-11-12T14:12:46.275,618.720,0.823,-0.213,-0.091
1668255166315,2022-11-12T14:12:46.315,618.760,0.579,0.091,-0.183
1668255166355,2022-11-12T14:12:46.355,618.800,0.488,0.213,-0.030
1668255166395,2022-11-12T14:12:46.395,618.840,0.976,-0.183,0.000
1668255166435,2022-11-12T14:12:46.435,618.880,0.945,-0.488,-0.091
1668255166475,2022-11-12T14:12:46.475,618.920,0.884,-0.244,-0.091
1668255166515,2022-11-12T14:12:46.515,618.960,0.793,-0.122,0.091
1668255166555,2022-11-12T14:12:46.555,619.000,0.671,-0.183,0.122
1668255166595,2022-11-12T14:12:46.595,619.040,0.976,-0.366,0.030
1668255166635,2022-11-12T14:12:46.635,619.080,0.793,-0.396,0.183
1668255166675,2022-11-12T14:12:46.675,619.120,0.701,-0.183,0.061
1668255166715,2022-11-12T14:12:46.715,619.160,0.762,-0.244,-0.122
1668255166755,2022-11-12T14:12:46.755,619.200,1.006,-0.305,0.000
1668255166795,2022-11-12T14:12:46.795,619.240,1.098,-0.305,-0.030
1668255166835,2022-11-12T14:12:46.835,619.280,0.915,-0.335,0.091
1668255166875,2022-11-12T14:12:46.875,619.320,1.037,-0.335,-0.061
1668255166915,2022-11-12T14:12:46.915,619.360,0.976,-0.213,-0.122
1668255166955,2022-11-12T14:12:46.955,619.400,0.823,-0.305,0.061
1668255166995,2022-11-12T14:12:46.995,619.440,0.579,-0.183,0.091
1668255167035,2022-11-12T14:12:47.035,619.480,0.610,-0.183,0.061
1668255167075,2022-11-12T14:12:47.075,619.520,0.823,-0.122,0.000
1668255167115,2022-11-12T14:12:47.115,619.560,0.915,0.000,-0.030
1668255167155,2022-11-12T14:12:47.155,619.600,1.067,-0.122,-0.030
1668255167195,2022-11-12T14:12:47.195,619.640,1.067,-0.518,-0.030
1668255167235,2022-11-12T14:12:47.235,619.680,0.976,-0.366,-0.091
1668255167275,2022-11-12T14:12:47.275,619.720,0.823,-0.152,0.030
1668255167315,2022-11-12T14:12:47.315,619.760,0.579,-0.183,0.152
1668255167355,2022-11-12T14:12:47.355,619.800,0.945,-0.396,0.000
1668255167395,2022-11-12T14:12:47.395,619.840,1.006,-0.213,0.000
1668255167435,2022-11-12T14:12:47.435,619.880,0.732,-0.091,0.152
1668255167475,2022-11-12T14:12:47.475,619.920,0.884,-0.305,0.122
1668255167515,2022-11-12T14:12:47.515,619.960,0.976,-0.274,-0.030
1668255167555,2022-11-12T14:12:47.555,620.000,1.006,-0.335,0.000
1668255167595,2022-11-12T14:12:47.595,620.040,0.793,-0.305,0.244
1668255167635,2022-11-12T14:12:47.635,620.080,1.311,-0.244,0.091
1668255167675,2022-11-12T14:12:47.675,620.120,1.677,-0.366,-0.152
1668255167715,2022-11-12T14:12:47.715,620.160,1.128,-0.396,0.061
1668255167755,2022-11-12T14:12:47.755,620.200,1.006,-0.244,0.000
1668255167795,2022-11-12T14:12:47.795,620.240,0.701,-0.091,0.000
1668255167835,2022-11-12T14:12:47.835,620.280,0.671,-0.061,0.061
1668255167875,2022-11-12T14:12:47.875,620.320,0.762,-0.274,0.061
1668255167915,2022-11-12T14:12:47.915,620.360,0.701,-0.274,0.030
1668255167955,2022-11-12T14:12:47.955,620.400,0.915,-0.183,0.000
1668255167995,2022-11-12T14:12:47.995,620.440,0.610,-0.061,0.122
1668255168035,2022-11-12T14:12:48.035,620.480,0.915,-0.152,-0.091
1668255168075,2022-11-12T14:12:48.075,620.520,0.823,-0.152,-0.061
1668255168115,2022-11-12T14:12:48.115,620.560,0.640,-0.091,0.030
1668255168155,2022-11-12T14:12:48.155,620.600,0.762,-0.213,0.030
1668255168195,2022-11-12T14:12:48.195,620.640,0.945,-0.152,-0.030
1668255168235,2022-11-12T14:12:48.235,620.680,0.976,-0.061,0.030
1668255168275,2022-11-12T14:12:48.275,620.720,0.671,-0.183,0.183
1668255168315,2022-11-12T14:12:48.315,620.760,0.732,-0.244,-0.030
1668255168355,2022-11-12T14:12:48.355,620.800,0.945,-0.183,-0.183
1668255168395,2022-11-12T14:12:48.395,620.840,0.732,-0.152,0.122
1668255168435,2022-11-12T14:12:48.435,620.880,0.854,-0.122,-0.030
1668255168475,2022-11-12T14:12:48.475,620.920,0.915,-0.152,-0.122
1668255168515,2022-11-12T14:12:48.515,620.960,0.823,-0.183,0.183
1668255168555,2022-11-12T14:12:48.555,621.000,1.098,-0.335,0.244
1668255168595,2022-11-12T14:12:48.595,621.040,0.854,-0.213,0.000
1668255168635,2022-11-12T14:12:48.635,621.080,0.732,-0.274,-0.061
1668255168675,2022-11-12T14:12:48.675,621.120,0.701,-0.152,-0.091
1668255168715,2022-11-12T14:12:48.715,621.160,0.701,-0.213,0.030
1668255168755,2022-11-12T14:12:48.755,621.200,0.701,-0.244,0.061
1668255168795,2022-11-12T14:12:48.795,621.240,0.762,-0.274,0.122
1668255168835,2022-11-12T14:12:48.835,621.280,0.976,-0.366,0.122
1668255168875,2022-11-12T14:12:48.875,621.320,0.823,-0.183,-0.122
1668255168915,2022-11-12T14:12:48.915,621.360,0.762,-0.183,0.000
1668255168955,2022-11-12T14:12:48.955,621.400,0.701,-0.122,0.030
1668255168995,2022-11-12T14:12:48.995,621.440,0.793,-0.183,-0.030
1668255169035,2022-11-12T14:12:49.035,621.480,0.945,-0.152,-0.122
1668255169075,2022-11-12T14:12:49.075,621.520,0.762,-0.152,0.000
1668255169115,2022-11-12T14:12:49.115,621.560,0.732,-0.244,0.000
1668255169155,2022-11-12T14:12:49.155,621.600,0.823,-0.091,-0.122
1668255169195,2022-11-12T14:12:49.195,621.640,0.579,-0.030,0.061
1668255169235,2022-11-12T14:12:49.235,621.680,0.732,-0.366,0.030
1668255169275,2022-11-12T14:12:49.275,621.720,0.976,-0.366,-0.091
1668255169315,2022-11-12T14:12:49.315,621.760,0.854,-0.183,-0.030
1668255169355,2022-11-12T14:12:49.355,621.800,0.915,-0.274,0.000
1668255169395,2022-11-12T14:12:49.395,621.840,1.067,-0.396,-0.061
1668255169435,2022-11-12T14:12:49.435,621.880,0.854,-0.305,0.091
1668255169475,2022-11-12T14:12:49.475,621.920,0.854,-0.091,-0.030
1668255169515,2022-11-12T14:12:49.515,621.960,0.762,-0.244,-0.091
1668255169555,2022-11-12T14:12:49.555,622.000,0.549,-0.335,0.091
1668255169595,2022-11-12T14:12:49.595,622.040,0.793,-0.183,-0.030
1668255169635,2022-11-12T14:12:49.635,622.080,0.610,-0.061,0.000
1668255169675,2022-11-12T14:12:49.675,622.120,0.640,-0.244,0.000
1668255169715,2022-11-12T14:12:49.715,622.160,1.006,-0.244,-0.122
1668255169755,2022-11-12T14:12:49.755,622.200,0.793,-0.183,0.091
1668255169795,2022-11-12T14:12:49.795,622.240,0.915,-0.274,0.061
1668255169835,2022-11-12T14:12:49.835,622.280,1.006,-0.122,-0.061
1668255169875,2022-11-12T14:12:49.875,622.320,0.854,-0.122,-0.061
1668255169915,2022-11-12T14:12:49.915,622.360,0.823,-0.183,-0.061
1668255169955,2022-11-12T14:12:49.955,622.400,0.610,-0.030,0.091
1668255169995,2022-11-12T14:12:49.995,622.440,0.762,-0.396,0.091
1668255170035,2022-11-12T14:12:50.035,622.480,0.793,-0.396,-0.030
1668255170075,2022-11-12T14:12:50.075,622.520,0.793,-0.152,-0.061
1668255170115,2022-11-12T14:12:50.115,622.560,0.854,-0.152,0.000
1668255170155,2022-11-12T14:12:50.155,622.600,1.006,-0.152,0.030
1668255170195,2022-11-12T14:12:50.195,622.640,1.006,-0.213,0.030
1668255170235,2022-11-12T14:12:50.235,622.680,0.945,-0.183,-0.030
1668255170275,2022-11-12T14:12:50.275,622.720,0.823,-0.305,-0.030
1668255170315,2022-11-12T14:12:50.315,622.760,0.732,-0.518,0.000
1668255170355,2022-11-12T14:12:50.355,622.800,0.610,-0.457,0.152
1668255170395,2022-11-12T14:12:50.395,622.840,0.640,0.000,0.122
1668255170435,2022-11-12T14:12:50.435,622.880,0.945,-0.152,-0.152
1668255170475,2022-11-12T14:12:50.475,622.920,1.128,-0.335,-0.152
1668255170515,2022-11-12T14:12:50.515,622.960,0.945,-0.244,0.000
1668255170555,2022-11-12T14:12:50.555,623.000,0.945,-0.244,0.061
1668255170595,2022-11-12T14:12:50.595,623.040,0.854,-0.183,0.000
1668255170635,2022-11-12T14:12:50.635,623.080,0.915,-0.244,-0.122
1668255170675,2022-11-12T14:12:50.675,623.120,0.793,-0.183,0.030
1668255170715,2022-11-12T14:12:50.715,623.160,0.823,-0.091,0.030
1668255170755,2022-11-12T14:12:50.755,623.200,0.884,-0.152,0.000
1668255170795,2022-11-12T14:12:50.795,623.240,0.945,-0.335,-0.030
1668255170835,2022-11-12T14:12:50.835,623.280,0.823,-0.305,-0.061
1668255170875,2022-11-12T14:12:50.875,623.320,0.549,-0.244,0.030
1668255170915,2022-11-12T14:12:50.915,623.360,0.518,-0.152,0.122
1668255170955,2022-11-12T14:12:50.955,623.400,0.945,-0.244,0.061
1668255170995,2022-11-12T14:12:50.995,623.440,1.006,-0.152,0.000
1668255171035,2022-11-12T14:12:51.035,623.480,1.037,-0.183,0.000
1668255171075,2022-11-12T14:12:51.075,623.520,0.976,-0.335,0.030
1668255171115,2022-11-12T14:12:51.115,623.560,1.006,-0.244,-0.061
1668255171155,2022-11-12T14:12:51.155,623.600,0.945,-0.183,0.030
1668255171195,2022-11-12T14:12:51.195,623.640,0.671,-0.213,0.244
1668255171235,2022-11-12T14:12:51.235,623.680,0.945,-0.305,0.030
1668255171275,2022-11-12T14:12:51.275,623.720,0.976,-0.335,-0.030
1668255171315,2022-11-12T14:12:51.315,623.760,0.823,-0.366,0.061
1668255171355,2022-11-12T14:12:51.355,623.800,0.793,-0.244,0.000
1668255171395,2022-11-12T14:12:51.395,623.840,0.640,-0.122,-0.061
1668255171435,2022-11-12T14:12:51.435,623.880,0.823,-0.061,-0.061
1668255171475,2022-11-12T14:12:51.475,623.920,0.915,-0.213,0.091
1668255171515,2022-11-12T14:12:51.515,623.960,0.762,-0.396,0.061
1668255171555,2022-11-12T14:12:51.555,624.000,1.067,-0.335,-0.122
1668255171595,2022-11-12T14:12:51.595,624.040,0.854,0.000,-0.030
1668255171635,2022-11-12T14:12:51.635,624.080,0.671,0.061,0.061
1668255171675,2022-11-12T14:12:51.675,624.120,0.884,-0.213,-0.030
1668255171715,2022-11-12T14:12:51.715,624.160,0.732,-0.183,-0.061
1668255171755,2022-11-12T14:12:51.755,624.200,0.732,-0.091,-0.030
1668255171795,2022-11-12T14:12:51.795,624.240,0.732,-0.122,0.030
1668255171835,2022-11-12T14:12:51.835,624.280,0.854,-0.030,-0.061
1668255171875,2022-11-12T14:12:51.875,624.320,0.884,-0.122,0.000
1668255171915,2022-11-12T14:12:51.915,624.360,0.640,-0.091,0.274
1668255171955,2022-11-12T14:12:51.955,624.400,0.915,0.000,-0.030
1668255171995,2022-11-12T14:12:51.995,624.440,1.067,-0.152,-0.183
1668255172035,2022-11-12T14:12:52.035,624.480,0.762,-0.183,0.030
1668255172075,2022-11-12T14:12:52.075,624.520,0.823,-0.244,0.030
1668255172115,2022-11-12T14:12:52.115,624.560,0.793,-0.152,0.000
1668255172155,2022-11-12T14:12:52.155,624.600,0.732,0.091,-0.061
1668255172195,2022-11-12T14:12:52.195,624.640,0.793,-0.061,-0.030
1668255172235,2022-11-12T14:12:52.235,624.680,0.701,-0.366,0.091
1668255172275,2022-11-12T14:12:52.275,624.720,0.915,-0.244,-0.091
1668255172315,2022-11-12T14:12:52.315,624.760,0.823,-0.061,-0.030
1668255172355,2022-11-12T14:12:52.355,624.800,0.518,0.000,0.183
1668255172395,2022-11-12T14:12:52.395,624.840,0.976,-0.213,-0.122
1668255172435,2022-11-12T14:12:52.435,624.880,0.793,-0.274,0.000
1668255172475,2022-11-12T14:12:52.475,624.920,0.793,-0.152,0.000
1668255172515,2022-11-12T14:12:52.515,624.960,0.823,-0.213,0.030
1668255172555,2022-11-12T14:12:52.555,625.000,0.884,-0.183,-0.030
1668255172595,2022-11-12T14:12:52.595,625.040,0.945,-0.152,-0.061
1668255172635,2022-11-12T14:12:52.635,625.080,0.640,-0.152,0.152
1668255172675,2022-11-12T14:12:52.675,625.120,0.854,-0.244,-0.061
1668255172715,2022-11-12T14:12:52.715,625.160,1.006,-0.305,-0.122
1668255172755,2022-11-12T14:12:52.755,625.200,0.762,-0.122,0.030
1668255172795,2022-11-12T14:12:52.795,625.240,0.854,-0.213,0.030
1668255172835,2022-11-12T14:12:52.835,625.280,0.945,-0.305,0.030
1668255172875,2022-11-12T14:12:52.875,625.320,0.884,-0.213,-0.122
1668255172915,2022-11-12T14:12:52.915,625.360,0.793,0.000,-0.061
1668255172955,2022-11-12T14:12:52.955,625.400,0.732,-0.030,0.091
1668255172995,2022-11-12T14:12:52.995,625.440,0.701,-0.427,0.030
1668255173035,2022-11-12T14:12:53.035,625.480,0.854,-0.244,-0.122
1668255173075,2022-11-12T14:12:53.075,625.520,0.610,-0.061,0.030
1668255173115,2022-11-12T14:12:53.115,625.560,0.701,-0.152,0.061
1668255173155,2022-11-12T14:12:53.155,625.600,0.854,-0.274,0.000
1668255173195,2022-11-12T14:12:53.195,625.640,0.701,-0.183,0.030
1668255173235,2022-11-12T14:12:53.235,625.680,0.762,-0.091,0.061
1668255173275,2022-11-12T14:12:53.275,625.720,0.945,-0.183,-0.091
1668255173315,2022-11-12T14:12:53.315,625.760,0.945,-0.274,-0.091
1668255173355,2022-11-12T14:12:53.355,625.800,0.793,-0.213,0.061
1668255173395,2022-11-12T14:12:53.395,625.840,0.701,-0.122,0.122
1668255173435,2022-11-12T14:12:53.435,625.880,0.762,-0.122,-0.030
1668255173475,2022-11-12T14:12:53.475,625.920,0.915,-0.213,-0.030
1668255173515,2022-11-12T14:12:53.515,625.960,0.793,-0.183,0.091
1668255173555,2022-11-12T14:12:53.555,626.000,0.793,-0.244,0.030
1668255173595,2022-11-12T14:12:53.595,626.040,0.976,-0.366,-0.091
1668255173635,2022-11-12T14:12:53.635,626.080,0.884,-0.213,-0.030
1668255173675,2022-11-12T14:12:53.675,626.120,1.037,-0.183,0.000
1668255173715,2022-11-12T14:12:53.715,626.160,0.854,-0.091,0.030
1668255173755,2022-11-12T14:12:53.755,626.200,0.854,-0.244,0.030
1668255173795,2022-11-12T14:12:53.795,626.240,0.915,-0.488,0.030
1668255173835,2022-11-12T14:12:53.835,626.280,0.823,-0.244,0.030
1668255173875,2022-11-12T14:12:53.875,626.320,0.945,-0.122,-0.061
1668255173915,2022-11-12T14:12:53.915,626.360,0.701,-0.122,0.061
1668255173955,2022-11-12T14:12:53.955,626.400,0.854,-0.305,0.000
1668255173995,2022-11-12T14:12:53.995,626.440,1.006,-0.274,-0.030
1668255174035,2022-11-12T14:12:54.035,626.480,0.884,-0.122,0.061
1668255174075,2022-11-12T14:12:54.075,626.520,0.915,-0.335,-0.061
1668255174115,2022-11-12T14:12:54.115,626.560,0.854,-0.274,-0.061
1668255174155,2022-11-12T14:12:54.155,626.600,0.915,-0.305,-0.030
1668255174195,2022-11-12T14:12:54.195,626.640,0.762,-0.244,0.091
1668255174235,2022-11-12T14:12:54.235,626.680,0.884,-0.213,-0.030
1668255174275,2022-11-12T14:12:54.275,626.720,1.098,-0.335,-0.122
1668255174315,2022-11-12T14:12:54.315,626.760,0.793,-0.213,0.091
1668255174355,2022-11-12T14:12:54.355,626.800,0.823,-0.244,0.030
1668255174395,2022-11-12T14:12:54.395,626.840,0.976,-0.213,-0.091
1668255174435,2022-11-12T14:12:54.435,626.880,0.762,-0.091,-0.030
1668255174475,2022-11-12T14:12:54.475,626.920,0.640,0.274,-0.152
1668255174515,2022-11-12T14:12:54.515,626.960,0.732,0.091,-0.030
1668255174555,2022-11-12T14:12:54.555,627.000,0.945,-0.457,0.030
1668255174595,2022-11-12T14:12:54.595,627.040,1.006,-0.457,-0.030
1668255174635,2022-11-12T14:12:54.635,627.080,0.854,-0.274,0.061
1668255174675,2022-11-12T14:12:54.675,627.120,0.823,-0.274,0.122
1668255174715,2022-11-12T14:12:54.715,627.160,0.884,-0.274,0.000
1668255174755,2022-11-12T14:12:54.755,627.200,0.884,-0.335,0.030
1668255174795,2022-11-12T14:12:54.795,627.240,0.884,-0.152,0.061
1668255174835,2022-11-12T14:12:54.835,627.280,0.884,-0.183,0.061
1668255174875,2022-11-12T14:12:54.875,627.320,0.915,-0.213,-0.061
1668255174915,2022-11-12T14:12:54.915,627.360,0.854,-0.213,-0.061
1668255174955,2022-11-12T14:12:54.955,627.400,0.732,-0.213,0.091
1668255174995,2022-11-12T14:12:54.995,627.440,0.823,-0.244,0.030
1668255175035,2022-11-12T14:12:55.035,627.480,0.915,-0.396,0.000
1668255175075,2022-11-12T14:12:55.075,627.520,0.915,-0.274,0.000
1668255175115,2022-11-12T14:12:55.115,627.560,0.823,-0.305,0.030
1668255175155,2022-11-12T14:12:55.155,627.600,0.762,-0.274,0.000
1668255175195,2022-11-12T14:12:55.195,627.640,0.854,-0.122,-0.061
1668255175235,2022-11-12T14:12:55.235,627.680,0.793,-0.030,0.061
1668255175275,2022-11-12T14:12:55.275,627.720,0.915,-0.274,0.061
1668255175315,2022-11-12T14:12:55.315,627.760,0.915,-0.366,-0.091
1668255175355,2022-11-12T14:12:55.355,627.800,0.884,-0.061,-0.030
1668255175395,2022-11-12T14:12:55.395,627.840,0.732,0.000,0.091
1668255175435,2022-11-12T14:12:55.435,627.880,0.884,-0.122,0.030
1668255175475,2022-11-12T14:12:55.475,627.920,0.823,-0.244,0.000
1668255175515,2022-11-12T14:12:55.515,627.960,0.762,-0.152,0.061
1668255175555,2022-11-12T14:12:55.555,628.000,0.884,-0.213,-0.030
1668255175595,2022-11-12T14:12:55.595,628.040,0.793,-0.213,-0.061
1668255175635,2022-11-12T14:12:55.635,628.080,0.884,-0.152,-0.030
1668255175675,2022-11-12T14:12:55.675,628.120,0.579,-0.091,0.213
1668255175715,2022-11-12T14:12:55.715,628.160,0.793,-0.091,-0.030
1668255175755,2022-11-12T14:12:55.755,628.200,1.098,-0.274,-0.213
1668255175795,2022-11-12T14:12:55.795,628.240,0.701,-0.183,0.091
1668255175835,2022-11-12T14:12:55.835,628.280,0.884,-0.244,0.061
1668255175875,2022-11-12T14:12:55.875,628.320,0.823,-0.152,0.030
1668255175915,2022-11-12T14:12:55.915,628.360,0.701,0.091,-0.061
1668255175955,2022-11-12T14:12:55.955,628.400,0.762,-0.152,0.061
1668255175995,2022-11-12T14:12:55.995,628.440,0.823,-0.488,0.061
1668255176035,2022-11-12T14:12:56.035,628.480,0.945,-0.183,-0.091
1668255176075,2022-11-12T14:12:56.075,628.520,0.793,-0.061,0.000
1668255176115,2022-11-12T14:12:56.115,628.560,0.671,-0.030,0.091
1668255176155,2022-11-12T14:12:56.155,628.600,0.976,-0.183,-0.030
1668255176195,2022-11-12T14:12:56.195,628.640,0.762,-0.122,0.000
1668255176235,2022-11-12T14:12:56.235,628.680,0.762,-0.183,0.061
1668255176275,2022-11-12T14:12:56.275,628.720,0.915,-0.274,0.000
1668255176315,2022-11-12T14:12:56.315,628.760,0.884,-0.152,-0.061
1668255176355,2022-11-12T14:12:56.355,628.800,0.793,-0.152,0.122
1668255176395,2022-11-12T14:12:56.395,628.840,0.671,-0.091,0.183
1668255176435,2022-11-12T14:12:56.435,628.880,1.037,-0.183,-0.152
1668255176475,2022-11-12T14:12:56.475,628.920,0.854,-0.183,-0.061
1668255176515,2022-11-12T14:12:56.515,628.960,0.701,-0.183,0.152
1668255176555,2022-11-12T14:12:56.555,629.000,0.915,-0.213,-0.091
1668255176595,2022-11-12T14:12:56.595,629.040,0.762,-0.122,-0.061
1668255176635,2022-11-12T14:12:56.635,629.080,0.823,-0.091,-0.061
1668255176675,2022-11-12T14:12:56.675,629.120,0.671,-0.305,0.122
1668255176715,2022-11-12T14:12:56.715,629.160,0.945,-0.427,0.000
1668255176755,2022-11-12T14:12:56.755,629.200,0.915,-0.183,-0.091
1668255176795,2022-11-12T14:12:56.795,629.240,0.640,-0.061,0.091
1668255176835,2022-11-12T14:12:56.835,629.280,0.823,-0.061,0.000
1668255176875,2022-11-12T14:12:56.875,629.320,0.793,-0.244,0.030
1668255176915,2022-11-12T14:12:56.915,629.360,0.701,-0.213,0.061
1668255176955,2022-11-12T14:12:56.955,629.400,0.854,-0.122,-0.030
1668255176995,2022-11-12T14:12:56.995,629.440,0.793,-0.152,0.030
1668255177035,2022-11-12T14:12:57.035,629.480,0.976,-0.122,-0.091
1668255177075,2022-11-12T14:12:57.075,629.520,0.701,-0.152,0.061
1668255177115,2022-11-12T14:12:57.115,629.560,0.671,-0.183,0.152
1668255177155,2022-11-12T14:12:57.155,629.600,0.945,-0.183,-0.091
1668255177195,2022-11-12T14:12:57.195,629.640,0.915,-0.183,-0.030
1668255177235,2022-11-12T14:12:57.235,629.680,0.762,-0.274,0.061
1668255177275,2022-11-12T14:12:57.275,629.720,0.762,-0.152,0.000
1668255177315,2022-11-12T14:12:57.315,629.760,0.854,-0.152,-0.091
1668255177355,2022-11-12T14:12:57.355,629.800,0.854,-0.152,0.000
1668255177395,2022-11-12T14:12:57.395,629.840,0.762,-0.030,0.061
1668255177435,2022-11-12T14:12:57.435,629.880,0.854,-0.335,0.030
1668255177475,2022-11-12T14:12:57.475,629.920,0.793,-0.305,-0.091
1668255177515,2022-11-12T14:12:57.515,629.960,0.793,-0.183,-0.091
1668255177555,2022-11-12T14:12:57.555,630.000,0.579,-0.061,0.061
1668255177595,2022-11-12T14:12:57.595,630.040,0.762,-0.122,0.000
1668255177635,2022-11-12T14:12:57.635,630.080,0.823,-0.183,0.000
1668255177675,2022-11-12T14:12:57.675,630.120,0.732,-0.152,0.000
1668255177715,2022-11-12T14:12:57.715,630.160,0.915,-0.183,-0.061
1668255177755,2022-11-12T14:12:57.755,630.200,0.823,-0.244,0.030
1668255177795,2022-11-12T14:12:57.795,630.240,0.884,-0.183,-0.030
1668255177835,2022-11-12T14:12:57.835,630.280,0.823,-0.183,0.091
1668255177875,2022-11-12T14:12:57.875,630.320,0.732,-0.213,0.091
1668255177915,2022-11-12T14:12:57.915,630.360,1.037,-0.244,-0.122
1668255177955,2022-11-12T14:12:57.955,630.400,0.793,-0.183,0.030
1668255177995,2022-11-12T14:12:57.995,630.440,0.671,-0.152,0.091
1668255178035,2022-11-12T14:12:58.035,630.480,0.915,-0.274,-0.061
1668255178075,2022-11-12T14:12:58.075,630.520,0.976,-0.366,-0.152
1668255178115,2022-11-12T14:12:58.115,630.560,0.854,-0.152,-0.061
1668255178155,2022-11-12T14:12:58.155,630.600,0.762,-0.152,0.091
1668255178195,2022-11-12T14:12:58.195,630.640,0.884,-0.457,0.030
1668255178235,2022-11-12T14:12:58.235,630.680,1.037,-0.305,-0.091
1668255178275,2022-11-12T14:12:58.275,630.720,0.976,-0.183,-0.030
1668255178315,2022-11-12T14:12:58.315,630.760,0.610,-0.091,0.152
1668255178355,2022-11-12T14:12:58.355,630.800,0.945,-0.213,-0.030
1668255178395,2022-11-12T14:12:58.395,630.840,0.854,-0.244,0.000
1668255178435,2022-11-12T14:12:58.435,630.880,0.701,-0.122,0.091
1668255178475,2022-11-12T14:12:58.475,630.920,0.915,-0.274,-0.030
1668255178515,2022-11-12T14:12:58.515,630.960,0.976,-0.335,-0.030
1668255178555,2022-11-12T14:12:58.555,631.000,0.945,-0.274,-0.030
1668255178595,2022-11-12T14:12:58.595,631.040,0.701,-0.213,0.183
1668255178635,2022-11-12T14:12:58.635,631.080,0.854,-0.183,0.030
1668255178675,2022-11-12T14:12:58.675,631.120,1.098,-0.305,-0.122
1668255178715,2022-11-12T14:12:58.715,631.160,0.732,-0.274,0.091
1668255178755,2022-11-12T14:12:58.755,631.200,0.884,-0.244,0.061
1668255178795,2022-11-12T14:12:58.795,631.240,0.915,-0.183,0.000
1668255178835,2022-11-12T14:12:58.835,631.280,0.701,-0.122,-0.030
1668255178875,2022-11-12T14:12:58.875,631.320,0.732,-0.030,0.091
1668255178915,2022-11-12T14:12:58.915,631.360,0.701,-0.244,0.152
1668255178955,2022-11-12T14:12:58.955,631.400,0.854,-0.427,-0.122
1668255178995,2022-11-12T14:12:58.995,631.440,0.854,-0.091,-0.274
1668255179035,2022-11-12T14:12:59.035,631.480,0.579,-0.061,0.000
1668255179075,2022-11-12T14:12:59.075,631.520,0.915,-0.305,-0.061
1668255179115,2022-11-12T14:12:59.115,631.560,0.976,-0.335,-0.030
1668255179155,2022-11-12T14:12:59.155,631.600,0.762,-0.091,0.030
1668255179195,2022-11-12T14:12:59.195,631.640,1.067,-0.244,-0.030
1668255179235,2022-11-12T14:12:59.235,631.680,0.915,-0.244,0.000
1668255179275,2022-11-12T14:12:59.275,631.720,1.006,-0.244,-0.030
1668255179315,2022-11-12T14:12:59.315,631.760,0.762,-0.213,0.183
1668255179355,2022-11-12T14:12:59.355,631.800,0.823,-0.183,0.122
1668255179395,2022-11-12T14:12:59.395,631.840,1.098,-0.244,-0.122
1668255179435,2022-11-12T14:12:59.435,631.880,0.884,-0.213,0.061
1668255179475,2022-11-12T14:12:59.475,631.920,0.854,-0.244,0.000
1668255179515,2022-11-12T14:12:59.515,631.960,0.457,-0.152,-0.213
1668255179555,2022-11-12T14:12:59.555,632.000,-0.122,0.030,-0.610
1668255179595,2022-11-12T14:12:59.595,632.040,0.671,-0.152,-1.067
1668255179635,2022-11-12T14:12:59.635,632.080,1.037,-0.427,-0.305
1668255179675,2022-11-12T14:12:59.675,632.120,0.213,-0.183,0.640
1668255179715,2022-11-12T14:12:59.715,632.160,1.006,-0.061,0.000
1668255179755,2022-11-12T14:12:59.755,632.200,1.189,-0.183,-0.152
1668255179795,2022-11-12T14:12:59.795,632.240,0.884,-0.122,0.152
1668255179835,2022-11-12T14:12:59.835,632.280,0.793,-0.061,0.305
1668255179875,2022-11-12T14:12:59.875,632.320,0.823,-0.152,0.091
1668255179915,2022-11-12T14:12:59.915,632.360,0.854,-0.335,-0.213
1668255179955,2022-11-12T14:12:59.955,632.400,0.457,-0.030,-0.183
1668255179995,2022-11-12T14:12:59.995,632.440,0.945,-0.122,-0.274
1668255180035,2022-11-12T14:13:00.035,632.480,0.549,-0.122,0.122
1668255180075,2022-11-12T14:13:00.075,632.520,0.732,-0.091,0.122
1668255180115,2022-11-12T14:13:00.115,632.560,1.098,-0.274,-0.061
1668255180155,2022-11-12T14:13:00.155,632.600,0.823,-0.183,0.061
1668255180195,2022-11-12T14:13:00.195,632.640,0.854,-0.152,0.152
1668255180235,2022-11-12T14:13:00.235,632.680,0.793,-0.122,0.091
1668255180275,2022-11-12T14:13:00.275,632.720,0.884,-0.091,-0.061
1668255180315,2022-11-12T14:13:00.315,632.760,0.823,-0.030,0.091
1668255180355,2022-11-12T14:13:00.355,632.800,0.823,-0.305,0.152
1668255180395,2022-11-12T14:13:00.395,632.840,0.915,-0.366,-0.030
1668255180435,2022-11-12T14:13:00.435,632.880,0.823,-0.122,-0.061
1668255180475,2022-11-12T14:13:00.475,632.920,0.732,-0.122,0.091
1668255180515,2022-11-12T14:13:00.515,632.960,0.793,-0.152,0.000
1668255180555,2022-11-12T14:13:00.555,633.000,0.884,-0.213,0.000
1668255180595,2022-11-12T14:13:00.595,633.040,0.732,-0.091,0.030
1668255180635,2022-11-12T14:13:00.635,633.080,0.762,-0.152,0.000
1668255180675,2022-11-12T14:13:00.675,633.120,0.915,-0.244,-0.030
1668255180715,2022-11-12T14:13:00.715,633.160,0.823,-0.122,-0.030
1668255180755,2022-11-12T14:13:00.755,633.200,0.762,-0.183,0.122
1668255180795,2022-11-12T14:13:00.795,633.240,0.701,-0.152,0.122
1668255180835,2022-11-12T14:13:00.835,633.280,0.945,-0.213,-0.091
1668255180875,2022-11-12T14:13:00.875,633.320,0.854,-0.213,0.000
1668255180915,2022-11-12T14:13:00.915,633.360,0.732,-0.152,0.122
1668255180955,2022-11-12T14:13:00.955,633.400,0.854,-0.274,0.000
1668255180995,2022-11-12T14:13:00.995,633.440,0.854,-0.213,-0.061
1668255181035,2022-11-12T14:13:01.035,633.480,0.823,-0.030,-0.061
1668255181075,2022-11-12T14:13:01.075,633.520,0.732,-0.122,0.091
1668255181115,2022-11-12T14:13:01.115,633.560,0.732,-0.366,0.091
1668255181155,2022-11-12T14:13:01.155,633.600,0.976,-0.274,-0.091
1668255181195,2022-11-12T14:13:01.195,633.640,0.762,-0.152,0.030
1668255181235,2022-11-12T14:13:01.235,633.680,0.579,-0.030,0.030
1668255181275,2022-11-12T14:13:01.275,633.720,0.854,-0.091,-0.061
1668255181315,2022-11-12T14:13:01.315,633.760,0.762,-0.122,0.091
1668255181355,2022-11-12T14:13:01.355,633.800,0.793,-0.091,-0.030
1668255181395,2022-11-12T14:13:01.395,633.840,0.823,-0.274,0.000
1668255181435,2022-11-12T14:13:01.435,633.880,0.915,-0.244,0.000
1668255181475,2022-11-12T14:13:01.475,633.920,0.976,-0.183,-0.061
1668255181515,2022-11-12T14:13:01.515,633.960,0.671,-0.122,0.091
1668255181555,2022-11-12T14:13:01.555,634.000,0.823,-0.091,-0.030
1668255181595,2022-11-12T14:13:01.595,634.040,0.945,-0.122,-0.152
1668255181635,2022-11-12T14:13:01.635,634.080,0.701,-0.152,0.030
1668255181675,2022-11-12T14:13:01.675,634.120,0.762,-0.305,0.030
1668255181715,2022-11-12T14:13:01.715,634.160,0.915,-0.244,-0.030
1668255181755,2022-11-12T14:13:01.755,634.200,0.823,-0.091,0.000
1668255181795,2022-11-12T14:13:01.795,634.240,0.823,-0.091,0.000
1668255181835,2022-11-12T14:13:01.835,634.280,0.823,-0.396,0.061
1668255181875,2022-11-12T14:13:01.875,634.320,0.915,-0.396,-0.091
1668255181915,2022-11-12T14:13:01.915,634.360,0.884,-0.213,-0.030
1668255181955,2022-11-12T14:13:01.955,634.400,0.701,-0.152,0.152
1668255181995,2022-11-12T14:13:01.995,634.440,0.915,-0.183,-0.030
1668255182035,2022-11-12T14:13:02.035,634.480,0.854,-0.274,0.030
1668255182075,2022-11-12T14:13:02.075,634.520,0.854,-0.091,0.030
1668255182115,2022-11-12T14:13:02.115,634.560,0.915,-0.183,-0.030
1668255182155,2022-11-12T14:13:02.155,634.600,0.976,-0.305,-0.030
1668255182195,2022-11-12T14:13:02.195,634.640,0.945,-0.152,0.000
1668255182235,2022-11-12T14:13:02.235,634.680,0.701,-0.213,0.122
1668255182275,2022-11-12T14:13:02.275,634.720,0.671,-0.213,0.213
1668255182315,2022-11-12T14:13:02.315,634.760,0.854,-0.213,0.091
1668255182355,2022-11-12T14:13:02.355,634.800,0.976,-0.274,-0.030
1668255182395,2022-11-12T14:13:02.395,634.840,0.854,-0.213,0.091
1668255182435,2022-11-12T14:13:02.435,634.880,0.823,-0.244,0.030
1668255182475,2022-11-12T14:13:02.475,634.920,0.793,-0.305,-0.122
1668255182515,2022-11-12T14:13:02.515,634.960,0.884,-0.183,-0.030
1668255182555,2022-11-12T14:13:02.555,635.000,0.854,-0.244,0.061
1668255182595,2022-11-12T14:13:02.595,635.040,0.945,-0.427,-0.030
1668255182635,2022-11-12T14:13:02.635,635.080,0.976,-0.305,-0.061
1668255182675,2022-11-12T14:13:02.675,635.120,0.793,-0.213,0.030
1668255182715,2022-11-12T14:13:02.715,635.160,0.976,-0.213,-0.030
1668255182755,2022-11-12T14:13:02.755,635.200,1.006,-0.244,-0.030
1668255182795,2022-11-12T14:13:02.795,635.240,0.854,-0.183,0.061
1668255182835,2022-11-12T14:13:02.835,635.280,1.006,-0.244,0.000
1668255182875,2022-11-12T14:13:02.875,635.320,0.976,-0.274,0.000
1668255182915,2022-11-12T14:13:02.915,635.360,1.037,-0.213,-0.061
1668255182955,2022-11-12T14:13:02.955,635.400,0.793,-0.213,0.122
1668255182995,2022-11-12T14:13:02.995,635.440,0.823,-0.183,0.061
1668255183035,2022-11-12T14:13:03.035,635.480,1.006,-0.274,-0.030
1668255183075,2022-11-12T14:13:03.075,635.520,0.854,-0.305,0.030
1668255183115,2022-11-12T14:13:03.115,635.560,0.945,-0.244,0.000
1668255183155,2022-11-12T14:13:03.155,635.600,0.915,-0.305,0.000
1668255183195,2022-11-12T14:13:03.195,635.640,0.793,-0.152,0.000
1668255183235,2022-11-12T14:13:03.235,635.680,0.915,-0.152,-0.030
1668255183275,2022-11-12T14:13:03.275,635.720,0.854,-0.396,-0.030
1668255183315,2022-11-12T14:13:03.315,635.760,0.854,-0.152,-0.061
1668255183355,2022-11-12T14:13:03.355,635.800,0.732,-0.061,0.061
1668255183395,2022-11-12T14:13:03.395,635.840,0.610,-0.061,0.061
1668255183435,2022-11-12T14:13:03.435,635.880,0.884,-0.244,-0.061
1668255183475,2022-11-12T14:13:03.475,635.920,0.793,-0.183,0.000
1668255183515,2022-11-12T14:13:03.515,635.960,0.854,-0.061,0.000
1668255183555,2022-11-12T14:13:03.555,636.000,0.823,-0.152,-0.061
1668255183595,2022-11-12T14:13:03.595,636.040,0.945,-0.213,-0.091
1668255183635,2022-11-12T14:13:03.635,636.080,0.762,-0.152,0.061
1668255183675,2022-11-12T14:13:03.675,636.120,0.701,-0.213,0.122
1668255183715,2022-11-12T14:13:03.715,636.160,1.006,-0.152,-0.122
1668255183755,2022-11-12T14:13:03.755,636.200,0.884,-0.213,-0.061
1668255183795,2022-11-12T14:13:03.795,636.240,0.823,-0.183,0.030
1668255183835,2022-11-12T14:13:03.835,636.280,0.732,-0.091,-0.030
1668255183875,2022-11-12T14:13:03.875,636.320,0.732,-0.061,-0.122
1668255183915,2022-11-12T14:13:03.915,636.360,0.762,-0.213,0.061
1668255183955,2022-11-12T14:13:03.955,636.400,0.762,-0.335,0.030
1668255183995,2022-11-12T14:13:03.995,636.440,0.976,-0.183,-0.122
1668255184035,2022-11-12T14:13:04.035,636.480,0.671,-0.030,0.030
1668255184075,2022-11-12T14:13:04.075,636.520,0.610,-0.061,0.061
1668255184115,2022-11-12T14:13:04.115,636.560,0.945,-0.305,-0.122
1668255184155,2022-11-12T14:13:04.155,636.600,0.701,-0.091,0.000
1668255184195,2022-11-12T14:13:04.195,636.640,0.823,-0.030,0.030
1668255184235,2022-11-12T14:13:04.235,636.680,0.762,-0.183,0.000
1668255184275,2022-11-12T14:13:04.275,636.720,0.884,-0.122,-0.091
1668255184315,2022-11-12T14:13:04.315,636.760,0.823,-0.152,0.030
1668255184355,2022-11-12T14:13:04.355,636.800,0.579,-0.122,0.213
1668255184395,2022-11-12T14:13:04.395,636.840,0.945,-0.152,-0.091
1668255184435,2022-11-12T14:13:04.435,636.880,0.915,-0.213,-0.091
1668255184475,2022-11-12T14:13:04.475,636.920,0.701,-0.122,0.061
1668255184515,2022-11-12T14:13:04.515,636.960,0.915,-0.061,-0.030
1668255184555,2022-11-12T14:13:04.555,637.000,0.793,-0.030,0.030
1668255184595,2022-11-12T14:13:04.595,637.040,0.793,-0.183,0.091
1668255184635,2022-11-12T14:13:04.635,637.080,0.701,-0.335,0.061
1668255184675,2022-11-12T14:13:04.675,637.120,0.884,-0.305,-0.122
1668255184715,2022-11-12T14:13:04.715,637.160,0.854,-0.122,-0.091
1668255184755,2022-11-12T14:13:04.755,637.200,0.610,0.030,0.061
1668255184795,2022-11-12T14:13:04.795,637.240,0.915,-0.183,-0.030
1668255184835,2022-11-12T14:13:04.835,637.280,0.823,-0.183,-0.030
1668255184875,2022-11-12T14:13:04.875,637.320,0.762,-0.061,0.061
1668255184915,2022-11-12T14:13:04.915,637.360,0.854,-0.244,0.030
1668255184955,2022-11-12T14:13:04.955,637.400,0.823,-0.183,0.000
1668255184995,2022-11-12T14:13:04.995,637.440,0.854,-0.091,0.000
1668255185035,2022-11-12T14:13:05.035,637.480,0.610,-0.152,0.152
1668255185075,2022-11-12T14:13:05.075,637.520,0.915,-0.213,-0.030
1668255185115,2022-11-12T14:13:05.115,637.560,0.976,-0.183,-0.091
1668255185155,2022-11-12T14:13:05.155,637.600,0.671,-0.183,0.122
1668255185195,2022-11-12T14:13:05.195,637.640,0.732,-0.244,0.061
1668255185235,2022-11-12T14:13:05.235,637.680,0.945,-0.274,-0.091
1668255185275,2022-11-12T14:13:05.275,637.720,0.823,-0.091,-0.030
1668255185315,2022-11-12T14:13:05.315,637.760,0.671,-0.091,0.122
1668255185355,2022-11-12T14:13:05.355,637.800,0.823,-0.427,0.030
1668255185395,2022-11-12T14:13:05.395,637.840,0.915,-0.305,-0.122
1668255185435,2022-11-12T14:13:05.435,637.880,0.854,-0.091,0.000
1668255185475,2022-11-12T14:13:05.475,637.920,0.732,-0.122,0.030
1668255185515,2022-11-12T14:13:05.515,637.960,0.823,-0.152,-0.061
1668255185555,2022-11-12T14:13:05.555,638.000,0.884,-0.274,-0.030
1668255185595,2022-11-12T14:13:05.595,638.040,0.762,-0.122,0.000
1668255185635,2022-11-12T14:13:05.635,638.080,0.854,-0.183,0.000
1668255185675,2022-11-12T14:13:05.675,638.120,0.915,-0.213,0.030
1668255185715,2022-11-12T14:13:05.715,638.160,0.945,-0.213,-0.122
1668255185755,2022-11-12T14:13:05.755,638.200,0.671,-0.183,0.061
1668255185795,2022-11-12T14:13:05.795,638.240,0.793,-0.213,0.000
1668255185835,2022-11-12T14:13:05.835,638.280,1.037,-0.213,-0.183
1668255185875,2022-11-12T14:13:05.875,638.320,0.854,-0.213,0.061
1668255185915,2022-11-12T14:13:05.915,638.360,0.793,-0.244,0.030
1668255185955,2022-11-12T14:13:05.955,638.400,1.006,-0.244,-0.061
1668255185995,2022-11-12T14:13:05.995,638.440,0.915,-0.152,-0.030
1668255186035,2022-11-12T14:13:06.035,638.480,0.884,-0.183,0.030
1668255186075,2022-11-12T14:13:06.075,638.520,0.854,-0.183,0.091
1668255186115,2022-11-12T14:13:06.115,638.560,0.915,-0.427,0.030
1668255186155,2022-11-12T14:13:06.155,638.600,0.823,-0.305,-0.061
1668255186195,2022-11-12T14:13:06.195,638.640,0.823,-0.122,-0.030
1668255186235,2022-11-12T14:13:06.235,638.680,0.854,-0.122,0.000
1668255186275,2022-11-12T14:13:06.275,638.720,0.854,-0.274,0.030
1668255186315,2022-11-12T14:13:06.315,638.760,0.854,-0.213,0.030
1668255186355,2022-11-12T14:13:06.355,638.800,0.915,-0.091,0.061
1668255186395,2022-11-12T14:13:06.395,638.840,0.701,-0.213,0.030
1668255186435,2022-11-12T14:13:06.435,638.880,0.976,-0.244,-0.122
1668255186475,2022-11-12T14:13:06.475,638.920,0.854,-0.213,0.061
1668255186515,2022-11-12T14:13:06.515,638.960,0.610,-0.183,0.213
1668255186555,2022-11-12T14:13:06.555,639.000,1.006,-0.183,-0.061
1668255186595,2022-11-12T14:13:06.595,639.040,0.945,-0.244,-0.091
1668255186635,2022-11-12T14:13:06.635,639.080,0.945,-0.274,0.030
1668255186675,2022-11-12T14:13:06.675,639.120,0.884,-0.213,0.000
1668255186715,2022-11-12T14:13:06.715,639.160,0.823,-0.122,-0.030
1668255186755,2022-11-12T14:13:06.755,639.200,0.915,0.000,0.061
1668255186795,2022-11-12T14:13:06.795,639.240,0.884,-0.274,0.061
1668255186835,2022-11-12T14:13:06.835,639.280,0.884,-0.366,-0.061
1668255186875,2022-11-12T14:13:06.875,639.320,0.732,-0.091,-0.030
1668255186915,2022-11-12T14:13:06.915,639.360,0.640,-0.030,0.152
1668255186955,2022-11-12T14:13:06.955,639.400,0.945,-0.244,-0.030
1668255186995,2022-11-12T14:13:06.995,639.440,0.793,-0.213,-0.030
1668255187035,2022-11-12T14:13:07.035,639.480,0.823,-0.030,0.000
1668255187075,2022-11-12T14:13:07.075,639.520,0.854,-0.152,0.061
1668255187115,2022-11-12T14:13:07.115,639.560,0.915,0.000,0.000
1668255187155,2022-11-12T14:13:07.155,639.600,0.915,-0.030,0.000
1668255187195,2022-11-12T14:13:07.195,639.640,0.488,-0.183,0.091
1668255187235,2022-11-12T14:13:07.235,639.680,0.854,-0.213,-0.122
1668255187275,2022-11-12T14:13:07.275,639.720,0.884,-0.122,-0.061
1668255187315,2022-11-12T14:13:07.315,639.760,0.793,-0.183,0.061
1668255187355,2022-11-12T14:13:07.355,639.800,0.884,-0.122,-0.091
1668255187395,2022-11-12T14:13:07.395,639.840,0.793,0.000,-0.061
1668255187435,2022-11-12T14:13:07.435,639.880,0.793,0.000,0.122
1668255187475,2022-11-12T14:13:07.475,639.920,0.793,-0.183,0.061
1668255187515,2022-11-12T14:13:07.515,639.960,0.945,-0.366,-0.091
1668255187555,2022-11-12T14:13:07.555,640.000,0.854,-0.091,-0.061
1668255187595,2022-11-12T14:13:07.595,640.040,0.610,-0.061,0.030
1668255187635,2022-11-12T14:13:07.635,640.080,0.915,-0.244,-0.030
1668255187675,2022-11-12T14:13:07.675,640.120,0.823,-0.183,0.000
1668255187715,2022-11-12T14:13:07.715,640.160,0.671,-0.061,0.091
1668255187755,2022-11-12T14:13:07.755,640.200,0.762,-0.244,0.061
1668255187795,2022-11-12T14:13:07.795,640.240,0.976,-0.152,-0.091
1668255187835,2022-11-12T14:13:07.835,640.280,0.854,-0.091,-0.061
1668255187875,2022-11-12T14:13:07.875,640.320,0.610,-0.183,0.183
1668255187915,2022-11-12T14:13:07.915,640.360,0.854,-0.213,-0.030
1668255187955,2022-11-12T14:13:07.955,640.400,0.915,-0.183,-0.122
1668255187995,2022-11-12T14:13:07.995,640.440,0.793,-0.152,0.061
1668255188035,2022-11-12T14:13:08.035,640.480,0.854,-0.152,0.000
1668255188075,2022-11-12T14:13:08.075,640.520,0.793,-0.152,-0.061
1668255188115,2022-11-12T14:13:08.115,640.560,0.732,-0.091,-0.030
1668255188155,2022-11-12T14:13:08.155,640.600,0.732,-0.091,0.000
1668255188195,2022-11-12T14:13:08.195,640.640,0.762,-0.335,0.091
1668255188235,2022-11-12T14:13:08.235,640.680,0.976,-0.244,-0.122
1668255188275,2022-11-12T14:13:08.275,640.720,0.793,-0.122,-0.091
1668255188315,2022-11-12T14:13:08.315,640.760,0.762,-0.091,0.030
1668255188355,2022-11-12T14:13:08.355,640.800,0.945,-0.152,-0.061
1668255188395,2022-11-12T14:13:08.395,640.840,0.671,-0.213,0.061
1668255188435,2022-11-12T14:13:08.435,640.880,0.793,-0.091,-0.030
1668255188475,2022-11-12T14:13:08.475,640.920,0.854,-0.152,-0.061
1668255188515,2022-11-12T14:13:08.515,640.960,0.793,-0.122,-0.030
1668255188555,2022-11-12T14:13:08.555,641.000,0.976,-0.152,-0.061
1668255188595,2022-11-12T14:13:08.595,641.040,0.640,-0.152,0.122
1668255188635,2022-11-12T14:13:08.635,641.080,0.884,-0.183,-0.061
1668255188675,2022-11-12T14:13:08.675,641.120,0.915,-0.213,-0.061
1668255188715,2022-11-12T14:13:08.715,641.160,0.701,-0.183,0.061
1668255188755,2022-11-12T14:13:08.755,641.200,0.945,-0.183,-0.030
1668255188795,2022-11-12T14:13:08.795,641.240,0.854,-0.244,0.000
1668255188835,2022-11-12T14:13:08.835,641.280,0.854,-0.091,-0.122
1668255188875,2022-11-12T14:13:08.875,641.320,0.640,0.030,-0.061
1668255188915,2022-11-12T14:13:08.915,641.360,0.732,-0.457,0.030
1668255188955,2022-11-12T14:13:08.955,641.400,0.915,-0.396,-0.061
1668255188995,2022-11-12T14:13:08.995,641.440,0.884,-0.213,0.000
1668255189035,2022-11-12T14:13:09.035,641.480,0.732,-0.122,0.122
1668255189075,2022-11-12T14:13:09.075,641.520,1.006,-0.213,-0.091
1668255189115,2022-11-12T14:13:09.115,641.560,1.037,-0.335,-0.061
1668255189155,2022-11-12T14:13:09.155,641.600,0.854,-0.152,0.091
1668255189195,2022-11-12T14:13:09.195,641.640,0.976,-0.335,-0.030
1668255189235,2022-11-12T14:13:09.235,641.680,1.006,-0.396,-0.030
1668255189275,2022-11-12T14:13:09.275,641.720,1.006,-0.274,0.061
1668255189315,2022-11-12T14:13:09.315,641.760,0.854,-0.274,0.152
1668255189355,2022-11-12T14:13:09.355,641.800,0.884,-0.305,0.061
1668255189395,2022-11-12T14:13:09.395,641.840,1.067,-0.396,-0.152
1668255189435,2022-11-12T14:13:09.435,641.880,0.854,-0.305,0.000
1668255189475,2022-11-12T14:13:09.475,641.920,0.915,-0.305,0.091
1668255189515,2022-11-12T14:13:09.515,641.960,0.884,-0.305,-0.030
1668255189555,2022-11-12T14:13:09.555,642.000,0.976,-0.213,-0.183
1668255189595,2022-11-12T14:13:09.595,642.040,0.884,-0.183,0.000
1668255189635,2022-11-12T14:13:09.635,642.080,0.884,-0.457,0.122
1668255189675,2022-11-12T14:13:09.675,642.120,1.006,-0.366,0.000
1668255189715,2022-11-12T14:13:09.715,642.160,0.915,-0.244,0.030
1668255189755,2022-11-12T14:13:09.755,642.200,0.732,-0.152,0.152
1668255189795,2022-11-12T14:13:09.795,642.240,0.884,-0.213,0.030
1668255189835,2022-11-12T14:13:09.835,642.280,0.976,-0.152,-0.091
1668255189875,2022-11-12T14:13:09.875,642.320,0.762,-0.030,0.061
1668255189915,2022-11-12T14:13:09.915,642.360,0.884,-0.183,0.030
1668255189955,2022-11-12T14:13:09.955,642.400,0.945,-0.152,-0.091
1668255189995,2022-11-12T14:13:09.995,642.440,0.701,-0.152,0.030
1668255190035,2022-11-12T14:13:10.035,642.480,0.701,-0.183,0.091
1668255190075,2022-11-12T14:13:10.075,642.520,0.732,-0.213,-0.061
1668255190115,2022-11-12T14:13:10.115,642.560,1.037,-0.274,-0.152
1668255190155,2022-11-12T14:13:10.155,642.600,0.945,-0.183,-0.030
1668255190195,2022-11-12T14:13:10.195,642.640,0.915,-0.152,-0.061
1668255190235,2022-11-12T14:13:10.235,642.680,0.945,-0.091,-0.091
1668255190275,2022-11-12T14:13:10.275,642.720,0.793,-0.152,0.122
1668255190315,2022-11-12T14:13:10.315,642.760,1.037,-0.579,0.061
1668255190355,2022-11-12T14:13:10.355,642.800,1.037,-0.488,-0.122
1668255190395,2022-11-12T14:13:10.395,642.840,0.518,-0.091,0.122
1668255190435,2022-11-12T14:13:10.435,642.880,0.610,0.030,0.152
1668255190475,2022-11-12T14:13:10.475,642.920,0.884,-0.183,-0.061
1668255190515,2022-11-12T14:13:10.515,642.960,0.762,-0.335,0.000
1668255190555,2022-11-12T14:13:10.555,643.000,0.915,-0.213,0.030
1668255190595,2022-11-12T14:13:10.595,643.040,0.884,-0.152,0.091
1668255190635,2022-11-12T14:13:10.635,643.080,1.037,-0.061,-0.091
1668255190675,2022-11-12T14:13:10.675,643.120,0.732,-0.091,0.091
1668255190715,2022-11-12T14:13:10.715,643.160,0.640,-0.305,0.122
1668255190755,2022-11-12T14:13:10.755,643.200,0.884,-0.366,-0.030
1668255190795,2022-11-12T14:13:10.795,643.240,0.854,-0.183,-0.030
1668255190835,2022-11-12T14:13:10.835,643.280,0.884,-0.091,0.030
1668255190875,2022-11-12T14:13:10.875,643.320,0.823,-0.122,-0.061
1668255190915,2022-11-12T14:13:10.915,643.360,0.793,-0.152,-0.091
1668255190955,2022-11-12T14:13:10.955,643.400,0.701,-0.305,0.091
1668255190995,2022-11-12T14:13:10.995,643.440,0.915,-0.396,-0.030
1668255191035,2022-11-12T14:13:11.035,643.480,1.006,-0.274,-0.122
1668255191075,2022-11-12T14:13:11.075,643.520,0.732,-0.030,0.030
1668255191115,2022-11-12T14:13:11.115,643.560,0.854,-0.091,-0.030
1668255191155,2022-11-12T14:13:11.155,643.600,0.854,-0.396,-0.061
1668255191195,2022-11-12T14:13:11.195,643.640,0.823,-0.183,-0.091
1668255191235,2022-11-12T14:13:11.235,643.680,0.854,-0.061,0.000
1668255191275,2022-11-12T14:13:11.275,643.720,0.762,-0.213,0.091
1668255191315,2022-11-12T14:13:11.315,643.760,0.854,-0.244,-0.061
1668255191355,2022-11-12T14:13:11.355,643.800,0.793,-0.183,0.030
1668255191395,2022-11-12T14:13:11.395,643.840,0.671,-0.030,0.122
1668255191435,2022-11-12T14:13:11.435,643.880,1.037,-0.061,-0.213
1668255191475,2022-11-12T14:13:11.475,643.920,0.945,-0.152,-0.061
1668255191515,2022-11-12T14:13:11.515,643.960,0.701,-0.091,0.091
1668255191555,2022-11-12T14:13:11.555,644.000,0.854,-0.061,-0.061
1668255191595,2022-11-12T14:13:11.595,644.040,0.732,-0.183,0.030
1668255191635,2022-11-12T14:13:11.635,644.080,0.854,-0.274,-0.061
1668255191675,2022-11-12T14:13:11.675,644.120,0.762,-0.122,-0.061
1668255191715,2022-11-12T14:13:11.715,644.160,0.701,-0.030,0.030
1668255191755,2022-11-12T14:13:11.755,644.200,0.762,-0.061,-0.030
1668255191795,2022-11-12T14:13:11.795,644.240,0.762,-0.183,0.000
1668255191835,2022-11-12T14:13:11.835,644.280,0.762,-0.091,0.000
1668255191875,2022-11-12T14:13:11.875,644.320,0.793,-0.122,0.030
1668255191915,2022-11-12T14:13:11.915,644.360,0.793,-0.183,0.000
1668255191955,2022-11-12T14:13:11.955,644.400,0.762,-0.152,-0.061
1668255191995,2022-11-12T14:13:11.995,644.440,0.640,-0.152,0.122
1668255192035,2022-11-12T14:13:12.035,644.480,0.762,-0.183,0.091
1668255192075,2022-11-12T14:13:12.075,644.520,0.884,-0.213,-0.030
1668255192115,2022-11-12T14:13:12.115,644.560,0.762,-0.091,-0.061
1668255192155,2022-11-12T14:13:12.155,644.600,0.854,-0.122,-0.061
1668255192195,2022-11-12T14:13:12.195,644.640,0.610,-0.061,0.030
1668255192235,2022-11-12T14:13:12.235,644.680,0.732,-0.213,0.061
1668255192275,2022-11-12T14:13:12.275,644.720,0.823,-0.335,-0.061
1668255192315,2022-11-12T14:13:12.315,644.760,0.762,-0.122,-0.061
1668255192355,2022-11-12T14:13:12.355,644.800,0.823,-0.152,-0.030
1668255192395,2022-11-12T14:13:12.395,644.840,0.762,-0.152,0.000
1668255192435,2022-11-12T14:13:12.435,644.880,0.884,-0.244,0.000
1668255192475,2022-11-12T14:13:12.475,644.920,0.701,-0.091,0.000
1668255192515,2022-11-12T14:13:12.515,644.960,0.762,-0.152,0.000
1668255192555,2022-11-12T14:13:12.555,645.000,0.884,-0.183,-0.030
1668255192595,2022-11-12T14:13:12.595,645.040,0.732,-0.122,0.000
1668255192635,2022-11-12T14:13:12.635,645.080,0.793,-0.183,0.030
1668255192675,2022-11-12T14:13:12.675,645.120,0.732,-0.122,0.091
1668255192715,2022-11-12T14:13:12.715,645.160,0.884,-0.244,-0.061
1668255192755,2022-11-12T14:13:12.755,645.200,0.976,-0.274,-0.061
1668255192795,2022-11-12T14:13:12.795,645.240,0.823,-0.183,0.030
1668255192835,2022-11-12T14:13:12.835,645.280,0.854,-0.091,-0.030
1668255192875,2022-11-12T14:13:12.875,645.320,0.732,0.030,-0.030
1668255192915,2022-11-12T14:13:12.915,645.360,0.701,-0.122,0.061
1668255192955,2022-11-12T14:13:12.955,645.400,0.884,-0.335,0.000
1668255192995,2022-11-12T14:13:12.995,645.440,0.854,-0.274,-0.091
1668255193035,2022-11-12T14:13:13.035,645.480,0.762,-0.213,0.000
1668255193075,2022-11-12T14:13:13.075,645.520,0.701,-0.091,0.030
1668255193115,2022-11-12T14:13:13.115,645.560,0.854,-0.213,-0.030
1668255193155,2022-11-12T14:13:13.155,645.600,0.793,-0.183,0.030
1668255193195,2022-11-12T14:13:13.195,645.640,0.823,-0.122,0.000
1668255193235,2022-11-12T14:13:13.235,645.680,1.006,-0.213,-0.061
1668255193275,2022-11-12T14:13:13.275,645.720,0.854,-0.213,-0.030
1668255193315,2022-11-12T14:13:13.315,645.760,0.915,-0.183,0.000
1668255193355,2022-11-12T14:13:13.355,645.800,0.854,-0.305,0.061
1668255193395,2022-11-12T14:13:13.395,645.840,0.854,-0.274,0.030
1668255193435,2022-11-12T14:13:13.435,645.880,0.976,-0.244,-0.030
1668255193475,2022-11-12T14:13:13.475,645.920,0.915,-0.274,0.030
1668255193515,2022-11-12T14:13:13.515,645.960,0.854,-0.335,0.061
1668255193555,2022-11-12T14:13:13.555,646.000,1.037,-0.274,-0.030
1668255193595,2022-11-12T14:13:13.595,646.040,1.006,-0.213,0.000
1668255193635,2022-11-12T14:13:13.635,646.080,0.915,-0.122,-0.030
1668255193675,2022-11-12T14:13:13.675,646.120,0.823,-0.213,0.030
1668255193715,2022-11-12T14:13:13.715,646.160,0.884,-0.518,0.000
1668255193755,2022-11-12T14:13:13.755,646.200,0.915,-0.305,-0.091
1668255193795,2022-11-12T14:13:13.795,646.240,0.854,-0.183,-0.030
1668255193835,2022-11-12T14:13:13.835,646.280,0.793,-0.122,0.030
1668255193875,2022-11-12T14:13:13.875,646.320,0.915,-0.213,0.000
1668255193915,2022-11-12T14:13:13.915,646.360,0.884,-0.244,-0.030
1668255193955,2022-11-12T14:13:13.955,646.400,0.915,-0.183,0.000
1668255193995,2022-11-12T14:13:13.995,646.440,0.915,-0.335,0.000
1668255194035,2022-11-12T14:13:14.035,646.480,1.006,-0.183,-0.061
1668255194075,2022-11-12T14:13:14.075,646.520,0.945,-0.152,0.000
1668255194115,2022-11-12T14:13:14.115,646.560,0.732,-0.213,0.152
1668255194155,2022-11-12T14:13:14.155,646.600,0.976,-0.274,0.030
1668255194195,2022-11-12T14:13:14.195,646.640,1.037,-0.335,-0.061
1668255194235,2022-11-12T14:13:14.235,646.680,0.823,-0.213,0.091
1668255194275,2022-11-12T14:13:14.275,646.720,1.037,-0.213,0.000
1668255194315,2022-11-12T14:13:14.315,646.760,0.976,-0.213,-0.061
1668255194355,2022-11-12T14:13:14.355,646.800,0.823,-0.183,0.030
1668255194395,2022-11-12T14:13:14.395,646.840,0.884,-0.030,0.030
1668255194435,2022-11-12T14:13:14.435,646.880,0.915,-0.213,0.061
1668255194475,2022-11-12T14:13:14.475,646.920,0.854,-0.366,0.000
1668255194515,2022-11-12T14:13:14.515,646.960,0.823,-0.122,-0.091
1668255194555,2022-11-12T14:13:14.555,647.000,0.701,0.030,0.061
1668255194595,2022-11-12T14:13:14.595,647.040,0.762,-0.030,0.061
1668255194635,2022-11-12T14:13:14.635,647.080,0.854,-0.152,-0.061
1668255194675,2022-11-12T14:13:14.675,647.120,0.732,-0.091,0.061
1668255194715,2022-11-12T14:13:14.715,647.160,0.884,-0.091,-0.091
1668255194755,2022-11-12T14:13:14.755,647.200,0.915,-0.122,-0.091
1668255194795,2022-11-12T14:13:14.795,647.240,0.823,-0.091,0.061
1668255194835,2022-11-12T14:13:14.835,647.280,0.732,-0.061,0.122
1668255194875,2022-11-12T14:13:14.875,647.320,0.701,-0.152,-0.030
1668255194915,2022-11-12T14:13:14.915,647.360,0.854,-0.183,-0.091
1668255194955,2022-11-12T14:13:14.955,647.400,0.823,-0.061,0.000
1668255194995,2022-11-12T14:13:14.995,647.440,0.884,-0.213,0.030
1668255195035,2022-11-12T14:13:15.035,647.480,0.854,-0.244,0.030
1668255195075,2022-11-12T14:13:15.075,647.520,0.762,-0.122,-0.061
1668255195115,2022-11-12T14:13:15.115,647.560,0.732,0.000,-0.030
1668255195155,2022-11-12T14:13:15.155,647.600,0.732,-0.091,0.061
1668255195195,2022-11-12T14:13:15.195,647.640,0.854,-0.396,-0.061
1668255195235,2022-11-12T14:13:15.235,647.680,0.884,-0.213,-0.061
1668255195275,2022-11-12T14:13:15.275,647.720,0.640,-0.030,0.122
1668255195315,2022-11-12T14:13:15.315,647.760,0.793,-0.122,0.000
1668255195355,2022-11-12T14:13:15.355,647.800,0.915,-0.183,0.030
1668255195395,2022-11-12T14:13:15.395,647.840,0.762,-0.091,0.030
1668255195435,2022-11-12T14:13:15.435,647.880,0.732,-0.152,0.061
1668255195475,2022-11-12T14:13:15.475,647.920,0.884,-0.213,-0.061
1668255195515,2022-11-12T14:13:15.515,647.960,0.884,-0.122,-0.030
1668255195555,2022-11-12T14:13:15.555,648.000,0.671,-0.152,0.091
1668255195595,2022-11-12T14:13:15.595,648.040,0.732,-0.183,0.091
1668255195635,2022-11-12T14:13:15.635,648.080,0.915,-0.213,-0.091
1668255195675,2022-11-12T14:13:15.675,648.120,0.640,-0.152,-0.061
1668255195715,2022-11-12T14:13:15.715,648.160,0.762,-0.244,-0.061
1668255195755,2022-11-12T14:13:15.755,648.200,0.823,-0.183,0.000
1668255195795,2022-11-12T14:13:15.795,648.240,0.823,-0.152,0.030
1668255195835,2022-11-12T14:13:15.835,648.280,0.793,-0.122,0.030
1668255195875,2022-11-12T14:13:15.875,648.320,0.854,-0.061,-0.061
1668255195915,2022-11-12T14:13:15.915,648.360,0.854,-0.335,0.030
1668255195955,2022-11-12T14:13:15.955,648.400,0.854,-0.366,0.000
1668255195995,2022-11-12T14:13:15.995,648.440,0.915,-0.122,-0.061
1668255196035,2022-11-12T14:13:16.035,648.480,0.762,0.030,0.030
1668255196075,2022-11-12T14:13:16.075,648.520,0.732,0.030,-0.061
1668255196115,2022-11-12T14:13:16.115,648.560,0.793,-0.213,-0.091
1668255196155,2022-11-12T14:13:16.155,648.600,0.762,-0.122,0.000
1668255196195,2022-11-12T14:13:16.195,648.640,0.762,-0.152,0.061
1668255196235,2022-11-12T14:13:16.235,648.680,0.823,-0.274,0.000
1668255196275,2022-11-12T14:13:16.275,648.720,0.884,-0.213,-0.061
1668255196315,2022-11-12T14:13:16.315,648.760,0.732,-0.213,0.091
1668255196355,2022-11-12T14:13:16.355,648.800,0.671,-0.122,0.061
1668255196395,2022-11-12T14:13:16.395,648.840,1.006,-0.183,-0.091
1668255196435,2022-11-12T14:13:16.435,648.880,0.976,-0.244,0.030
1668255196475,2022-11-12T14:13:16.475,648.920,0.823,-0.122,0.091
1668255196515,2022-11-12T14:13:16.515,648.960,0.884,-0.183,-0.030
1668255196555,2022-11-12T14:13:16.555,649.000,0.732,-0.122,0.030
1668255196595,2022-11-12T14:13:16.595,649.040,0.549,-0.061,0.091
1668255196635,2022-11-12T14:13:16.635,649.080,0.640,-0.091,-0.030
1668255196675,2022-11-12T14:13:16.675,649.120,0.854,-0.091,-0.122
1668255196715,2022-11-12T14:13:16.715,649.160,0.823,-0.152,0.000
1668255196755,2022-11-12T14:13:16.755,649.200,0.793,-0.396,0.091
1668255196795,2022-11-12T14:13:16.795,649.240,0.945,-0.396,-0.091
1668255196835,2022-11-12T14:13:16.835,649.280,0.884,-0.274,-0.091
1668255196875,2022-11-12T14:13:16.875,649.320,0.701,-0.122,0.000
1668255196915,2022-11-12T14:13:16.915,649.360,0.823,-0.213,-0.091
1668255196955,2022-11-12T14:13:16.955,649.400,0.854,-0.305,-0.091
1668255196995,2022-11-12T14:13:16.995,649.440,0.762,-0.091,0.000
1668255197035,2022-11-12T14:13:17.035,649.480,0.854,-0.183,0.000
1668255197075,2022-11-12T14:13:17.075,649.520,0.945,-0.213,0.000
1668255197115,2022-11-12T14:13:17.115,649.560,0.884,-0.183,-0.030
1668255197155,2022-11-12T14:13:17.155,649.600,0.671,-0.152,0.122
1668255197195,2022-11-12T14:13:17.195,649.640,0.793,-0.122,0.091
1668255197235,2022-11-12T14:13:17.235,649.680,0.976,-0.244,-0.091
1668255197275,2022-11-12T14:13:17.275,649.720,0.854,-0.152,0.061
1668255197315,2022-11-12T14:13:17.315,649.760,0.823,-0.213,0.030
1668255197355,2022-11-12T14:13:17.355,649.800,0.945,-0.213,0.000
1668255197395,2022-11-12T14:13:17.395,649.840,0.976,-0.244,0.000
1668255197435,2022-11-12T14:13:17.435,649.880,0.823,-0.244,0.061
1668255197475,2022-11-12T14:13:17.475,649.920,0.793,-0.213,-0.030
1668255197515,2022-11-12T14:13:17.515,649.960,0.945,-0.213,-0.091
1668255197555,2022-11-12T14:13:17.555,650.000,0.732,-0.091,0.061
1668255197595,2022-11-12T14:13:17.595,650.040,0.823,-0.335,0.091
1668255197635,2022-11-12T14:13:17.635,650.080,0.945,-0.335,-0.061
1668255197675,2022-11-12T14:13:17.675,650.120,0.884,-0.213,-0.061
1668255197715,2022-11-12T14:13:17.715,650.160,0.762,-0.061,0.030
1668255197755,2022-11-12T14:13:17.755,650.200,0.945,-0.183,-0.030
1668255197795,2022-11-12T14:13:17.795,650.240,0.884,-0.305,0.000
1668255197835,2022-11-12T14:13:17.835,650.280,0.762,-0.122,-0.030
1668255197875,2022-11-12T14:13:17.875,650.320,0.854,-0.213,-0.030
1668255197915,2022-11-12T14:13:17.915,650.360,0.945,-0.183,-0.061
1668255197955,2022-11-12T14:13:17.955,650.400,0.854,-0.152,0.000
1668255197995,2022-11-12T14:13:17.995,650.440,0.671,-0.183,0.152
1668255198035,2022-11-12T14:13:18.035,650.480,0.854,-0.305,0.030
1668255198075,2022-11-12T14:13:18.075,650.520,0.884,-0.244,-0.061
1668255198115,2022-11-12T14:13:18.115,650.560,0.945,-0.244,0.000
1668255198155,2022-11-12T14:13:18.155,650.600,0.793,-0.183,0.030
1668255198195,2022-11-12T14:13:18.195,650.640,0.915,-0.183,-0.030
1668255198235,2022-11-12T14:13:18.235,650.680,0.945,-0.213,-0.030
1668255198275,2022-11-12T14:13:18.275,650.720,0.854,-0.213,0.000
1668255198315,2022-11-12T14:13:18.315,650.760,0.854,-0.122,-0.030
1668255198355,2022-11-12T14:13:18.355,650.800,0.793,-0.091,-0.061
1668255198395,2022-11-12T14:13:18.395,650.840,0.579,-0.183,0.122
1668255198435,2022-11-12T14:13:18.435,650.880,0.823,-0.427,-0.061
1668255198475,2022-11-12T14:13:18.475,650.920,0.915,-0.274,0.000
1668255198515,2022-11-12T14:13:18.515,650.960,0.884,0.000,0.061
1668255198555,2022-11-12T14:13:18.555,651.000,0.854,-0.091,0.030
1668255198595,2022-11-12T14:13:18.595,651.040,0.945,-0.305,-0.061
1668255198635,2022-11-12T14:13:18.635,651.080,0.793,-0.183,0.000
1668255198675,2022-11-12T14:13:18.675,651.120,0.854,-0.091,0.030
1668255198715,2022-11-12T14:13:18.715,651.160,0.915,-0.183,0.000
1668255198755,2022-11-12T14:13:18.755,651.200,0.915,-0.091,-0.061
1668255198795,2022-11-12T14:13:18.795,651.240,0.732,-0.061,0.152
1668255198835,2022-11-12T14:13:18.835,651.280,0.549,0.091,0.122
1668255198875,2022-11-12T14:13:18.875,651.320,0.793,0.213,-0.122
1668255198915,2022-11-12T14:13:18.915,651.360,0.915,0.061,-0.091
1668255198955,2022-11-12T14:13:18.955,651.400,0.823,-0.122,0.061
1668255198995,2022-11-12T14:13:18.995,651.440,0.884,-0.396,0.061
1668255199035,2022-11-12T14:13:19.035,651.480,0.945,-0.305,-0.061
1668255199075,2022-11-12T14:13:19.075,651.520,0.854,-0.183,-0.030
1668255199115,2022-11-12T14:13:19.115,651.560,0.732,-0.122,0.030
1668255199155,2022-11-12T14:13:19.155,651.600,0.884,-0.091,0.000
1668255199195,2022-11-12T14:13:19.195,651.640,0.854,-0.305,0.061
1668255199235,2022-11-12T14:13:19.235,651.680,0.762,-0.274,0.030
1668255199275,2022-11-12T14:13:19.275,651.720,0.915,-0.183,-0.030
1668255199315,2022-11-12T14:13:19.315,651.760,0.762,-0.091,-0.030
1668255199355,2022-11-12T14:13:19.355,651.800,0.823,-0.152,-0.030
1668255199395,2022-11-12T14:13:19.395,651.840,0.762,-0.183,0.030
1668255199435,2022-11-12T14:13:19.435,651.880,0.671,-0.061,0.030
1668255199475,2022-11-12T14:13:19.475,651.920,0.915,-0.183,-0.030
1668255199515,2022-11-12T14:13:19.515,651.960,0.823,-0.122,0.000
1668255199555,2022-11-12T14:13:19.555,652.000,0.854,-0.091,0.000
1668255199595,2022-11-12T14:13:19.595,652.040,0.732,-0.122,0.091
1668255199635,2022-11-12T14:13:19.635,652.080,0.762,-0.152,0.091
1668255199675,2022-11-12T14:13:19.675,652.120,0.976,-0.183,-0.091
1668255199715,2022-11-12T14:13:19.715,652.160,0.823,-0.152,0.000
1668255199755,2022-11-12T14:13:19.755,652.200,0.823,-0.152,-0.030
1668255199795,2022-11-12T14:13:19.795,652.240,0.854,-0.183,-0.030
1668255199835,2022-11-12T14:13:19.835,652.280,0.823,-0.152,0.000
1668255199875,2022-11-12T14:13:19.875,652.320,0.823,-0.091,-0.091
1668255199915,2022-11-12T14:13:19.915,652.360,0.732,-0.061,0.000
1668255199955,2022-11-12T14:13:19.955,652.400,0.823,-0.396,0.061
1668255199995,2022-11-12T14:13:19.995,652.440,0.854,-0.396,0.000
1668255200035,2022-11-12T14:13:20.035,652.480,0.854,-0.183,-0.030
1668255200075,2022-11-12T14:13:20.075,652.520,0.701,-0.091,0.000
1668255200115,2022-11-12T14:13:20.115,652.560,0.823,-0.183,-0.091
1668255200155,2022-11-12T14:13:20.155,652.600,0.854,-0.335,0.000
1668255200195,2022-11-12T14:13:20.195,652.640,0.762,-0.152,0.061
1668255200235,2022-11-12T14:13:20.235,652.680,0.945,-0.183,0.000
1668255200275,2022-11-12T14:13:20.275,652.720,0.854,-0.244,0.030
1668255200315,2022-11-12T14:13:20.315,652.760,0.793,-0.183,-0.030
1668255200355,2022-11-12T14:13:20.355,652.800,0.701,-0.152,0.091
1668255200395,2022-11-12T14:13:20.395,652.840,0.823,-0.244,0.000
1668255200435,2022-11-12T14:13:20.435,652.880,0.915,-0.274,-0.122
1668255200475,2022-11-12T14:13:20.475,652.920,0.854,-0.152,0.000
1668255200515,2022-11-12T14:13:20.515,652.960,0.793,-0.213,0.091
1668255200555,2022-11-12T14:13:20.555,653.000,0.884,-0.213,0.000
1668255200595,2022-11-12T14:13:20.595,653.040,0.884,-0.152,-0.061
1668255200635,2022-11-12T14:13:20.635,653.080,0.793,-0.183,0.000
1668255200675,2022-11-12T14:13:20.675,653.120,0.793,-0.091,0.000
1668255200715,2022-11-12T14:13:20.715,653.160,0.762,-0.305,0.030
1668255200755,2022-11-12T14:13:20.755,653.200,0.823,-0.366,0.000
1668255200795,2022-11-12T14:13:20.795,653.240,0.884,-0.213,-0.091
1668255200835,2022-11-12T14:13:20.835,653.280,0.793,-0.183,0.030
1668255200875,2022-11-12T14:13:20.875,653.320,0.884,-0.091,-0.030
1668255200915,2022-11-12T14:13:20.915,653.360,0.915,-0.213,-0.030
1668255200955,2022-11-12T14:13:20.955,653.400,0.732,-0.152,0.122
1668255200995,2022-11-12T14:13:20.995,653.440,0.945,-0.183,-0.061
1668255201035,2022-11-12T14:13:21.035,653.480,0.793,-0.244,0.061
1668255201075,2022-11-12T14:13:21.075,653.520,0.915,-0.091,0.000
1668255201115,2022-11-12T14:13:21.115,653.560,0.823,-0.244,0.061
1668255201155,2022-11-12T14:13:21.155,653.600,0.701,-0.244,0.122
1668255201195,2022-11-12T14:13:21.195,653.640,1.067,-0.274,-0.152
1668255201235,2022-11-12T14:13:21.235,653.680,0.823,-0.152,0.061
1668255201275,2022-11-12T14:13:21.275,653.720,0.854,-0.244,0.061
1668255201315,2022-11-12T14:13:21.315,653.760,0.945,-0.274,-0.030
1668255201355,2022-11-12T14:13:21.355,653.800,0.823,-0.244,0.000
1668255201395,2022-11-12T14:13:21.395,653.840,0.945,-0.152,-0.030
1668255201435,2022-11-12T14:13:21.435,653.880,0.793,-0.122,0.000
1668255201475,2022-11-12T14:13:21.475,653.920,0.945,-0.152,-0.061
1668255201515,2022-11-12T14:13:21.515,653.960,0.823,-0.366,0.091
1668255201555,2022-11-12T14:13:21.555,654.000,0.915,-0.396,0.000
1668255201595,2022-11-12T14:13:21.595,654.040,0.915,-0.244,-0.091
1668255201635,2022-11-12T14:13:21.635,654.080,0.762,-0.152,0.061
1668255201675,2022-11-12T14:13:21.675,654.120,0.915,-0.213,0.000
1668255201715,2022-11-12T14:13:21.715,654.160,0.823,-0.274,0.061
1668255201755,2022-11-12T14:13:21.755,654.200,0.793,-0.183,0.061
1668255201795,2022-11-12T14:13:21.795,654.240,0.884,-0.244,-0.030
1668255201835,2022-11-12T14:13:21.835,654.280,0.884,-0.274,0.000
1668255201875,2022-11-12T14:13:21.875,654.320,0.945,-0.152,0.000
1668255201915,2022-11-12T14:13:21.915,654.360,0.823,-0.274,0.152
1668255201955,2022-11-12T14:13:21.955,654.400,0.823,-0.274,0.091
1668255201995,2022-11-12T14:13:21.995,654.440,1.037,-0.244,-0.091
1668255202035,2022-11-12T14:13:22.035,654.480,0.823,-0.152,0.030
1668255202075,2022-11-12T14:13:22.075,654.520,0.762,-0.244,0.091
1668255202115,2022-11-12T14:13:22.115,654.560,0.884,-0.335,-0.061
1668255202155,2022-11-12T14:13:22.155,654.600,0.884,-0.244,-0.030
1668255202195,2022-11-12T14:13:22.195,654.640,0.762,-0.152,0.030
1668255202235,2022-11-12T14:13:22.235,654.680,0.762,-0.091,0.030
1668255202275,2022-11-12T14:13:22.275,654.720,0.823,-0.305,0.030
1668255202315,2022-11-12T14:13:22.315,654.760,0.915,-0.427,0.000
1668255202355,2022-11-12T14:13:22.355,654.800,0.823,-0.122,0.000
1668255202395,2022-11-12T14:13:22.395,654.840,0.701,0.000,0.030
1668255202435,2022-11-12T14:13:22.435,654.880,0.823,-0.122,-0.030
1668255202475,2022-11-12T14:13:22.475,654.920,0.884,-0.213,-0.030
1668255202515,2022-11-12T14:13:22.515,654.960,0.701,-0.091,0.030
1668255202555,2022-11-12T14:13:22.555,655.000,0.854,-0.183,-0.030
1668255202595,2022-11-12T14:13:22.595,655.040,0.915,-0.244,-0.030
1668255202635,2022-11-12T14:13:22.635,655.080,0.945,-0.274,-0.030
1668255202675,2022-11-12T14:13:22.675,655.120,0.671,-0.152,0.152
1668255202715,2022-11-12T14:13:22.715,655.160,0.854,-0.183,0.061
1668255202755,2022-11-12T14:13:22.755,655.200,0.945,-0.244,-0.091
1668255202795,2022-11-12T14:13:22.795,655.240,0.793,-0.061,-0.030
1668255202835,2022-11-12T14:13:22.835,655.280,0.793,-0.152,0.030
1668255202875,2022-11-12T14:13:22.875,655.320,0.793,-0.213,0.000
1668255202915,2022-11-12T14:13:22.915,655.360,0.854,-0.152,-0.030
1668255202955,2022-11-12T14:13:22.955,655.400,0.762,-0.061,0.000
1668255202995,2022-11-12T14:13:22.995,655.440,0.823,-0.122,0.000
1668255203035,2022-11-12T14:13:23.035,655.480,0.793,-0.366,0.061
1668255203075,2022-11-12T14:13:23.075,655.520,0.854,-0.213,-0.030
1668255203115,2022-11-12T14:13:23.115,655.560,0.762,-0.061,-0.061
1668255203155,2022-11-12T14:13:23.155,655.600,0.640,0.000,0.030
1668255203195,2022-11-12T14:13:23.195,655.640,0.884,-0.183,-0.061
1668255203235,2022-11-12T14:13:23.235,655.680,0.793,-0.244,0.030
1668255203275,2022-11-12T14:13:23.275,655.720,0.762,-0.061,0.030
1668255203315,2022-11-12T14:13:23.315,655.760,0.915,-0.213,-0.061
1668255203355,2022-11-12T14:13:23.355,655.800,0.823,-0.183,0.000
1668255203395,2022-11-12T14:13:23.395,655.840,0.884,-0.152,-0.091
1668255203435,2022-11-12T14:13:23.435,655.880,0.549,-0.183,0.122
1668255203475,2022-11-12T14:13:23.475,655.920,0.854,-0.244,0.000
1668255203515,2022-11-12T14:13:23.515,655.960,1.006,-0.213,-0.122
1668255203555,2022-11-12T14:13:23.555,656.000,0.732,-0.152,0.122
1668255203595,2022-11-12T14:13:23.595,656.040,0.793,-0.122,0.030
1668255203635,2022-11-12T14:13:23.635,656.080,0.793,-0.183,-0.030
1668255203675,2022-11-12T14:13:23.675,656.120,0.854,-0.152,-0.030
1668255203715,2022-11-12T14:13:23.715,656.160,0.823,-0.122,-0.061
1668255203755,2022-11-12T14:13:23.755,656.200,0.854,-0.091,-0.061
1668255203795,2022-11-12T14:13:23.795,656.240,1.037,-0.152,-0.061
1668255203835,2022-11-12T14:13:23.835,656.280,0.823,-0.366,0.000
1668255203875,2022-11-12T14:13:23.875,656.320,0.762,-0.274,-0.030
1668255203915,2022-11-12T14:13:23.915,656.360,0.854,-0.183,-0.122
1668255203955,2022-11-12T14:13:23.955,656.400,0.762,-0.152,0.091
1668255203995,2022-11-12T14:13:23.995,656.440,0.884,-0.213,0.030
1668255204035,2022-11-12T14:13:24.035,656.480,0.793,-0.244,0.030
1668255204075,2022-11-12T14:13:24.075,656.520,0.762,-0.061,0.000
1668255204115,2022-11-12T14:13:24.115,656.560,0.793,-0.152,-0.061
1668255204155,2022-11-12T14:13:24.155,656.600,0.854,-0.244,0.000
1668255204195,2022-11-12T14:13:24.195,656.640,0.884,-0.183,-0.030
1668255204235,2022-11-12T14:13:24.235,656.680,0.762,-0.183,0.122
1668255204275,2022-11-12T14:13:24.275,656.720,0.884,-0.213,0.030
1668255204315,2022-11-12T14:13:24.315,656.760,0.976,-0.274,-0.061
1668255204355,2022-11-12T14:13:24.355,656.800,0.884,-0.213,0.000
1668255204395,2022-11-12T14:13:24.395,656.840,0.823,-0.122,-0.030
1668255204435,2022-11-12T14:13:24.435,656.880,0.854,-0.213,0.000
1668255204475,2022-11-12T14:13:24.475,656.920,0.854,-0.213,0.000
1668255204515,2022-11-12T14:13:24.515,656.960,0.915,-0.152,-0.030
1668255204555,2022-11-12T14:13:24.555,657.000,0.823,-0.183,0.030
1668255204595,2022-11-12T14:13:24.595,657.040,0.823,-0.061,-0.091
1668255204635,2022-11-12T14:13:24.635,657.080,0.823,-0.183,0.030
1668255204675,2022-11-12T14:13:24.675,657.120,0.793,-0.427,0.091
1668255204715,2022-11-12T14:13:24.715,657.160,0.976,-0.244,-0.152
1668255204755,2022-11-12T14:13:24.755,657.200,0.701,-0.152,0.000
1668255204795,2022-11-12T14:13:24.795,657.240,0.793,-0.091,0.000
1668255204835,2022-11-12T14:13:24.835,657.280,0.976,-0.274,-0.030
1668255204875,2022-11-12T14:13:24.875,657.320,0.793,-0.213,0.061
1668255204915,2022-11-12T14:13:24.915,657.360,0.976,-0.152,-0.061
1668255204955,2022-11-12T14:13:24.955,657.400,0.854,-0.305,0.000
1668255204995,2022-11-12T14:13:24.995,657.440,0.915,-0.213,-0.061
1668255205035,2022-11-12T14:13:25.035,657.480,0.854,-0.183,0.030
1668255205075,2022-11-12T14:13:25.075,657.520,0.793,-0.335,0.183
1668255205115,2022-11-12T14:13:25.115,657.560,0.976,-0.366,0.000
1668255205155,2022-11-12T14:13:25.155,657.600,0.976,-0.152,-0.091
1668255205195,2022-11-12T14:13:25.195,657.640,0.823,-0.183,0.000
1668255205235,2022-11-12T14:13:25.235,657.680,0.854,-0.183,0.000
1668255205275,2022-11-12T14:13:25.275,657.720,0.915,-0.183,0.030
1668255205315,2022-11-12T14:13:25.315,657.760,0.884,-0.213,0.000
1668255205355,2022-11-12T14:13:25.355,657.800,0.823,-0.244,0.000
1668255205395,2022-11-12T14:13:25.395,657.840,1.037,-0.244,-0.122
1668255205435,2022-11-12T14:13:25.435,657.880,0.976,-0.213,0.030
1668255205475,2022-11-12T14:13:25.475,657.920,0.884,-0.427,0.061
1668255205515,2022-11-12T14:13:25.515,657.960,0.915,-0.427,0.000
1668255205555,2022-11-12T14:13:25.555,658.000,0.823,-0.244,0.000
1668255205595,2022-11-12T14:13:25.595,658.040,0.945,-0.183,0.061
1668255205635,2022-11-12T14:13:25.635,658.080,0.884,-0.305,0.061
1668255205675,2022-11-12T14:13:25.675,658.120,0.945,-0.335,-0.030
1668255205715,2022-11-12T14:13:25.715,658.160,0.915,-0.091,-0.030
1668255205755,2022-11-12T14:13:25.755,658.200,0.793,-0.213,0.000
1668255205795,2022-11-12T14:13:25.795,658.240,0.945,-0.213,0.000
1668255205835,2022-11-12T14:13:25.835,658.280,0.793,-0.213,0.061
1668255205875,2022-11-12T14:13:25.875,658.320,0.671,-0.213,0.152
1668255205915,2022-11-12T14:13:25.915,658.360,0.915,-0.152,0.000
1668255205955,2022-11-12T14:13:25.955,658.400,0.915,-0.152,-0.152
1668255205995,2022-11-12T14:13:25.995,658.440,0.793,-0.152,0.030
1668255206035,2022-11-12T14:13:26.035,658.480,0.884,-0.213,0.000
1668255206075,2022-11-12T14:13:26.075,658.520,0.823,-0.152,0.000
1668255206115,2022-11-12T14:13:26.115,658.560,0.762,-0.030,-0.030
1668255206155,2022-11-12T14:13:26.155,658.600,0.793,0.061,0.000
1668255206195,2022-11-12T14:13:26.195,658.640,0.793,-0.213,0.061
1668255206235,2022-11-12T14:13:26.235,658.680,0.884,-0.335,-0.061
1668255206275,2022-11-12T14:13:26.275,658.720,0.762,-0.030,-0.030
1668255206315,2022-11-12T14:13:26.315,658.760,0.610,-0.061,0.091
1668255206355,2022-11-12T14:13:26.355,658.800,0.915,-0.091,-0.030
1668255206395,2022-11-12T14:13:26.395,658.840,0.823,-0.213,0.000
1668255206435,2022-11-12T14:13:26.435,658.880,0.671,-0.091,0.061
1668255206475,2022-11-12T14:13:26.475,658.920,0.793,-0.152,0.030
1668255206515,2022-11-12T14:13:26.515,658.960,0.854,-0.183,0.000
1668255206555,2022-11-12T14:13:26.555,659.000,0.823,-0.091,0.030
1668255206595,2022-11-12T14:13:26.595,659.040,0.701,-0.122,0.091
1668255206635,2022-11-12T14:13:26.635,659.080,0.701,-0.274,0.061
1668255206675,2022-11-12T14:13:26.675,659.120,0.884,-0.244,-0.030
1668255206715,2022-11-12T14:13:26.715,659.160,0.854,-0.274,0.091
1668255206755,2022-11-12T14:13:26.755,659.200,0.884,-0.305,0.122
1668255206795,2022-11-12T14:13:26.795,659.240,1.037,-0.244,-0.152
1668255206835,2022-11-12T14:13:26.835,659.280,0.884,-0.152,-0.152
1668255206875,2022-11-12T14:13:26.875,659.320,0.762,-0.091,0.030
1668255206915,2022-11-12T14:13:26.915,659.360,0.823,-0.396,0.091
1668255206955,2022-11-12T14:13:26.955,659.400,0.793,-0.457,-0.091
1668255206995,2022-11-12T14:13:26.995,659.440,0.762,-0.274,0.000
1668255207035,2022-11-12T14:13:27.035,659.480,0.854,-0.061,0.030
1668255207075,2022-11-12T14:13:27.075,659.520,1.006,0.030,-0.122
1668255207115,2022-11-12T14:13:27.115,659.560,1.128,-0.091,-0.122
1668255207155,2022-11-12T14:13:27.155,659.600,0.884,-0.030,0.000
1668255207195,2022-11-12T14:13:27.195,659.640,0.945,-0.183,-0.030
1668255207235,2022-11-12T14:13:27.235,659.680,0.915,-0.335,0.061
1668255207275,2022-11-12T14:13:27.275,659.720,0.793,-0.183,0.030
1668255207315,2022-11-12T14:13:27.315,659.760,0.732,-0.183,0.061
1668255207355,2022-11-12T14:13:27.355,659.800,0.732,-0.244,0.061
1668255207395,2022-11-12T14:13:27.395,659.840,0.884,-0.213,-0.122
1668255207435,2022-11-12T14:13:27.435,659.880,0.762,-0.183,0.030
1668255207475,2022-11-12T14:13:27.475,659.920,0.732,-0.122,0.091
1668255207515,2022-11-12T14:13:27.515,659.960,0.945,-0.152,-0.152
1668255207555,2022-11-12T14:13:27.555,660.000,0.884,-0.061,-0.061
1668255207595,2022-11-12T14:13:27.595,660.040,0.762,0.000,0.030
1668255207635,2022-11-12T14:13:27.635,660.080,0.823,-0.274,0.000
1668255207675,2022-11-12T14:13:27.675,660.120,0.884,-0.457,-0.061
1668255207715,2022-11-12T14:13:27.715,660.160,0.762,-0.213,0.000
1668255207755,2022-11-12T14:13:27.755,660.200,0.640,-0.061,0.091
1668255207795,2022-11-12T14:13:27.795,660.240,0.854,-0.244,0.000
1668255207835,2022-11-12T14:13:27.835,660.280,0.945,-0.274,-0.030
1668255207875,2022-11-12T14:13:27.875,660.320,0.823,-0.091,0.030
1668255207915,2022-11-12T14:13:27.915,660.360,0.915,-0.091,-0.030
1668255207955,2022-11-12T14:13:27.955,660.400,0.915,-0.122,-0.152
1668255207995,2022-11-12T14:13:27.995,660.440,0.915,-0.152,-0.030
1668255208035,2022-11-12T14:13:28.035,660.480,0.762,-0.122,0.122
1668255208075,2022-11-12T14:13:28.075,660.520,0.640,-0.274,0.091
1668255208115,2022-11-12T14:13:28.115,660.560,0.854,-0.335,-0.091
1668255208155,2022-11-12T14:13:28.155,660.600,0.823,-0.274,0.000
1668255208195,2022-11-12T14:13:28.195,660.640,0.823,-0.274,0.122
1668255208235,2022-11-12T14:13:28.235,660.680,0.884,-0.213,-0.030
1668255208275,2022-11-12T14:13:28.275,660.720,1.006,-0.152,-0.091
1668255208315,2022-11-12T14:13:28.315,660.760,0.884,-0.091,0.030
1668255208355,2022-11-12T14:13:28.355,660.800,0.884,-0.457,0.061
1668255208395,2022-11-12T14:13:28.395,660.840,1.067,-0.579,-0.091
1668255208435,2022-11-12T14:13:28.435,660.880,0.915,-0.366,-0.030
1668255208475,2022-11-12T14:13:28.475,660.920,0.732,-0.030,0.091
1668255208515,2022-11-12T14:13:28.515,660.960,0.976,-0.152,0.030
1668255208555,2022-11-12T14:13:28.555,661.000,1.250,-0.671,0.061
1668255208595,2022-11-12T14:13:28.595,661.040,1.006,-0.091,-0.030
1668255208635,2022-11-12T14:13:28.635,661.080,0.884,0.061,0.000
1668255208675,2022-11-12T14:13:28.675,661.120,0.915,-0.244,0.000
1668255208715,2022-11-12T14:13:28.715,661.160,0.884,-0.366,-0.030
1668255208755,2022-11-12T14:13:28.755,661.200,0.823,-0.305,0.091
1668255208795,2022-11-12T14:13:28.795,661.240,0.793,-0.366,0.091
1668255208835,2022-11-12T14:13:28.835,661.280,1.006,-0.244,-0.061
1668255208875,2022-11-12T14:13:28.875,661.320,1.006,-0.091,0.000
1668255208915,2022-11-12T14:13:28.915,661.360,0.945,-0.274,0.061
1668255208955,2022-11-12T14:13:28.955,661.400,1.006,-0.274,-0.061
1668255208995,2022-11-12T14:13:28.995,661.440,1.006,-0.152,-0.152
1668255209035,2022-11-12T14:13:29.035,661.480,0.854,-0.183,-0.030
1668255209075,2022-11-12T14:13:29.075,661.520,0.884,-0.335,0.061
1668255209115,2022-11-12T14:13:29.115,661.560,0.945,-0.305,-0.030
1668255209155,2022-11-12T14:13:29.155,661.600,0.915,-0.213,0.030
1668255209195,2022-11-12T14:13:29.195,661.640,0.793,-0.183,0.091
1668255209235,2022-11-12T14:13:29.235,661.680,0.945,-0.396,0.091
1668255209275,2022-11-12T14:13:29.275,661.720,1.006,-0.122,0.030
1668255209315,2022-11-12T14:13:29.315,661.760,0.762,-0.091,0.030
1668255209355,2022-11-12T14:13:29.355,661.800,0.823,-0.305,-0.061
1668255209395,2022-11-12T14:13:29.395,661.840,0.976,-0.183,-0.091
1668255209435,2022-11-12T14:13:29.435,661.880,0.762,-0.152,0.244
1668255209475,2022-11-12T14:13:29.475,661.920,0.640,-0.183,0.183
1668255209515,2022-11-12T14:13:29.515,661.960,0.915,-0.274,-0.122
1668255209555,2022-11-12T14:13:29.555,662.000,0.823,-0.213,0.000
1668255209595,2022-11-12T14:13:29.595,662.040,0.762,-0.091,0.030
1668255209635,2022-11-12T14:13:29.635,662.080,0.854,-0.091,-0.091
1668255209675,2022-11-12T14:13:29.675,662.120,0.854,0.000,-0.091
1668255209715,2022-11-12T14:13:29.715,662.160,0.762,-0.183,0.061
1668255209755,2022-11-12T14:13:29.755,662.200,0.823,-0.305,-0.061
1668255209795,2022-11-12T14:13:29.795,662.240,0.823,-0.122,-0.091
1668255209835,2022-11-12T14:13:29.835,662.280,0.640,-0.091,0.030
1668255209875,2022-11-12T14:13:29.875,662.320,0.671,-0.122,-0.030
1668255209915,2022-11-12T14:13:29.915,662.360,0.884,-0.183,-0.061
1668255209955,2022-11-12T14:13:29.955,662.400,0.732,-0.152,0.030
1668255209995,2022-11-12T14:13:29.995,662.440,0.762,-0.091,0.030
1668255210035,2022-11-12T14:13:30.035,662.480,0.823,-0.061,-0.061
1668255210075,2022-11-12T14:13:30.075,662.520,0.945,-0.091,-0.061
1668255210115,2022-11-12T14:13:30.115,662.560,0.671,-0.183,0.091
1668255210155,2022-11-12T14:13:30.155,662.600,0.671,-0.152,0.061
1668255210195,2022-11-12T14:13:30.195,662.640,0.823,-0.396,0.061
1668255210235,2022-11-12T14:13:30.235,662.680,0.976,-0.396,-0.030
1668255210275,2022-11-12T14:13:30.275,662.720,0.854,-0.183,0.030
1668255210315,2022-11-12T14:13:30.315,662.760,0.793,-0.183,0.000
1668255210355,2022-11-12T14:13:30.355,662.800,0.793,-0.122,-0.091
1668255210395,2022-11-12T14:13:30.395,662.840,0.701,-0.244,0.000
1668255210435,2022-11-12T14:13:30.435,662.880,0.732,-0.335,0.061
1668255210475,2022-11-12T14:13:30.475,662.920,0.793,-0.152,-0.030
1668255210515,2022-11-12T14:13:30.515,662.960,0.793,0.000,0.000
1668255210555,2022-11-12T14:13:30.555,663.000,0.762,0.000,0.030
1668255210595,2022-11-12T14:13:30.595,663.040,0.854,-0.244,0.000
1668255210635,2022-11-12T14:13:30.635,663.080,0.732,-0.305,0.000
1668255210675,2022-11-12T14:13:30.675,663.120,0.701,-0.152,0.030
1668255210715,2022-11-12T14:13:30.715,663.160,0.823,-0.244,0.000
1668255210755,2022-11-12T14:13:30.755,663.200,0.701,-0.244,0.061
1668255210795,2022-11-12T14:13:30.795,663.240,0.701,-0.183,0.061
1668255210835,2022-11-12T14:13:30.835,663.280,0.640,-0.122,0.061
1668255210875,2022-11-12T14:13:30.875,663.320,0.762,-0.030,-0.061
1668255210915,2022-11-12T14:13:30.915,663.360,0.945,0.000,-0.061
1668255210955,2022-11-12T14:13:30.955,663.400,0.762,-0.183,0.061
1668255210995,2022-11-12T14:13:30.995,663.440,0.945,-0.122,-0.030
1668255211035,2022-11-12T14:13:31.035,663.480,1.037,-0.122,-0.122
1668255211075,2022-11-12T14:13:31.075,663.520,0.640,-0.061,0.030
1668255211115,2022-11-12T14:13:31.115,663.560,0.854,-0.335,0.000
1668255211155,2022-11-12T14:13:31.155,663.600,0.854,-0.396,0.030
1668255211195,2022-11-12T14:13:31.195,663.640,0.793,-0.183,0.091
1668255211235,2022-11-12T14:13:31.235,663.680,0.793,-0.091,-0.030
1668255211275,2022-11-12T14:13:31.275,663.720,0.762,-0.213,-0.030
1668255211315,2022-11-12T14:13:31.315,663.760,0.945,-0.274,-0.091
1668255211355,2022-11-12T14:13:31.355,663.800,0.701,-0.122,0.000
1668255211395,2022-11-12T14:13:31.395,663.840,0.671,-0.183,0.030
1668255211435,2022-11-12T14:13:31.435,663.880,0.976,-0.244,-0.122
1668255211475,2022-11-12T14:13:31.475,663.920,0.823,-0.091,0.030
1668255211515,2022-11-12T14:13:31.515,663.960,0.793,-0.122,0.061
1668255211555,2022-11-12T14:13:31.555,664.000,0.854,-0.274,0.000
1668255211595,2022-11-12T14:13:31.595,664.040,0.823,-0.152,-0.061
1668255211635,2022-11-12T14:13:31.635,664.080,0.854,-0.152,0.000
1668255211675,2022-11-12T14:13:31.675,664.120,0.793,-0.244,0.061
1668255211715,2022-11-12T14:13:31.715,664.160,0.915,-0.244,-0.030
1668255211755,2022-11-12T14:13:31.755,664.200,0.854,-0.274,-0.030
1668255211795,2022-11-12T14:13:31.795,664.240,0.701,-0.122,0.030
1668255211835,2022-11-12T14:13:31.835,664.280,0.793,-0.213,0.030
1668255211875,2022-11-12T14:13:31.875,664.320,0.884,-0.518,-0.030
1668255211915,2022-11-12T14:13:31.915,664.360,0.854,-0.366,-0.061
1668255211955,2022-11-12T14:13:31.955,664.400,0.915,-0.183,-0.030
1668255211995,2022-11-12T14:13:31.995,664.440,0.884,-0.152,0.030
1668255212035,2022-11-12T14:13:32.035,664.480,0.823,-0.213,0.000
1668255212075,2022-11-12T14:13:32.075,664.520,0.915,-0.244,0.030
1668255212115,2022-11-12T14:13:32.115,664.560,0.854,-0.122,0.000
1668255212155,2022-11-12T14:13:32.155,664.600,0.854,-0.183,0.061
1668255212195,2022-11-12T14:13:32.195,664.640,1.006,-0.183,-0.061
1668255212235,2022-11-12T14:13:32.235,664.680,0.915,-0.183,0.000
1668255212275,2022-11-12T14:13:32.275,664.720,0.671,-0.244,0.122
1668255212315,2022-11-12T14:13:32.315,664.760,0.976,-0.213,-0.061
1668255212355,2022-11-12T14:13:32.355,664.800,0.945,-0.244,-0.030
1668255212395,2022-11-12T14:13:32.395,664.840,0.793,-0.305,0.061
1668255212435,2022-11-12T14:13:32.435,664.880,0.884,-0.274,0.000
1668255212475,2022-11-12T14:13:32.475,664.920,0.884,-0.244,-0.030
1668255212515,2022-11-12T14:13:32.515,664.960,0.945,-0.274,-0.061
1668255212555,2022-11-12T14:13:32.555,665.000,0.854,-0.122,0.000
1668255212595,2022-11-12T14:13:32.595,665.040,0.823,-0.305,0.122
1668255212635,2022-11-12T14:13:32.635,665.080,0.915,-0.518,0.030
1668255212675,2022-11-12T14:13:32.675,665.120,0.762,-0.305,-0.061
1668255212715,2022-11-12T14:13:32.715,665.160,0.793,-0.183,-0.030
1668255212755,2022-11-12T14:13:32.755,665.200,0.732,-0.274,0.030
1668255212795,2022-11-12T14:13:32.795,665.240,0.945,-0.427,-0.061
1668255212835,2022-11-12T14:13:32.835,665.280,0.854,-0.335,-0.244
1668255212875,2022-11-12T14:13:32.875,665.320,1.189,-0.335,-0.610
1668255212915,2022-11-12T14:13:32.915,665.360,0.884,-0.183,-0.213
1668255212955,2022-11-12T14:13:32.955,665.400,0.640,-0.152,0.244
1668255212995,2022-11-12T14:13:32.995,665.440,0.671,-0.213,0.122
1668255213035,2022-11-12T14:13:33.035,665.480,0.732,-0.274,0.091
1668255213075,2022-11-12T14:13:33.075,665.520,0.762,-0.274,0.061
1668255213115,2022-11-12T14:13:33.115,665.560,1.098,-0.244,-0.305
1668255213155,2022-11-12T14:13:33.155,665.600,1.159,0.000,-0.396
1668255213195,2022-11-12T14:13:33.195,665.640,0.701,0.122,0.061
1668255213235,2022-11-12T14:13:33.235,665.680,0.671,-0.122,0.000
1668255213275,2022-11-12T14:13:33.275,665.720,0.762,-0.152,0.030
1668255213315,2022-11-12T14:13:33.315,665.760,0.793,-0.366,0.061
1668255213355,2022-11-12T14:13:33.355,665.800,0.579,-0.183,0.152
1668255213395,2022-11-12T14:13:33.395,665.840,0.701,0.000,0.061
1668255213435,2022-11-12T14:13:33.435,665.880,0.884,-0.152,-0.030
1668255213475,2022-11-12T14:13:33.475,665.920,0.732,-0.244,0.030
1668255213515,2022-11-12T14:13:33.515,665.960,0.823,-0.244,0.030
1668255213555,2022-11-12T14:13:33.555,666.000,0.762,-0.030,0.061
1668255213595,2022-11-12T14:13:33.595,666.040,0.823,-0.152,0.061
1668255213635,2022-11-12T14:13:33.635,666.080,0.976,-0.091,-0.030
1668255213675,2022-11-12T14:13:33.675,666.120,1.006,-0.091,-0.061
1668255213715,2022-11-12T14:13:33.715,666.160,0.640,-0.122,0.152
1668255213755,2022-11-12T14:13:33.755,666.200,0.823,-0.152,0.061
1668255213795,2022-11-12T14:13:33.795,666.240,0.823,-0.152,-0.122
1668255213835,2022-11-12T14:13:33.835,666.280,0.701,-0.061,0.061
1668255213875,2022-11-12T14:13:33.875,666.320,0.793,-0.091,0.091
1668255213915,2022-11-12T14:13:33.915,666.360,0.823,-0.152,-0.091
1668255213955,2022-11-12T14:13:33.955,666.400,0.884,-0.091,-0.091
1668255213995,2022-11-12T14:13:33.995,666.440,0.701,0.000,0.152
1668255214035,2022-11-12T14:13:34.035,666.480,0.823,-0.213,0.030
1668255214075,2022-11-12T14:13:34.075,666.520,0.884,-0.274,-0.061
1668255214115,2022-11-12T14:13:34.115,666.560,0.640,-0.122,0.030
1668255214155,2022-11-12T14:13:34.155,666.600,0.793,0.061,-0.061
1668255214195,2022-11-12T14:13:34.195,666.640,0.823,-0.030,0.000
1668255214235,2022-11-12T14:13:34.235,666.680,0.793,-0.122,0.000
1668255214275,2022-11-12T14:13:34.275,666.720,0.762,-0.183,0.000
1668255214315,2022-11-12T14:13:34.315,666.760,0.732,-0.213,0.091
1668255214355,2022-11-12T14:13:34.355,666.800,0.732,-0.122,0.061
1668255214395,2022-11-12T14:13:34.395,666.840,0.823,-0.152,0.000
1668255214435,2022-11-12T14:13:34.435,666.880,0.579,-0.152,0.152
1668255214475,2022-11-12T14:13:34.475,666.920,0.701,-0.183,0.030
1668255214515,2022-11-12T14:13:34.515,666.960,0.915,-0.183,-0.091
1668255214555,2022-11-12T14:13:34.555,667.000,0.732,-0.213,0.030
1668255214595,2022-11-12T14:13:34.595,667.040,0.823,-0.152,-0.030
1668255214635,2022-11-12T14:13:34.635,667.080,0.915,-0.183,-0.091
1668255214675,2022-11-12T14:13:34.675,667.120,0.732,-0.061,-0.030
1668255214715,2022-11-12T14:13:34.715,667.160,0.793,-0.030,0.000
1668255214755,2022-11-12T14:13:34.755,667.200,0.732,-0.274,0.061
1668255214795,2022-11-12T14:13:34.795,667.240,0.854,-0.427,-0.061
1668255214835,2022-11-12T14:13:34.835,667.280,0.793,-0.183,-0.030
1668255214875,2022-11-12T14:13:34.875,667.320,0.610,-0.030,0.061
1668255214915,2022-11-12T14:13:34.915,667.360,0.915,-0.152,-0.061
1668255214955,2022-11-12T14:13:34.955,667.400,0.884,-0.274,0.030
1668255214995,2022-11-12T14:13:34.995,667.440,0.732,-0.030,0.030
1668255215035,2022-11-12T14:13:35.035,667.480,0.915,-0.152,0.000
1668255215075,2022-11-12T14:13:35.075,667.520,0.884,-0.244,0.061
1668255215115,2022-11-12T14:13:35.115,667.560,0.915,-0.122,-0.030
1668255215155,2022-11-12T14:13:35.155,667.600,0.701,-0.213,0.061
1668255215195,2022-11-12T14:13:35.195,667.640,0.732,-0.305,0.091
1668255215235,2022-11-12T14:13:35.235,667.680,1.037,-0.274,-0.183
1668255215275,2022-11-12T14:13:35.275,667.720,0.732,-0.244,0.061
1668255215315,2022-11-12T14:13:35.315,667.760,0.732,-0.152,0.061
1668255215355,2022-11-12T14:13:35.355,667.800,0.915,-0.335,-0.030
1668255215395,2022-11-12T14:13:35.395,667.840,0.884,-0.335,0.000
1668255215435,2022-11-12T14:13:35.435,667.880,0.884,-0.122,0.030
1668255215475,2022-11-12T14:13:35.475,667.920,0.793,-0.091,0.000
1668255215515,2022-11-12T14:13:35.515,667.960,0.823,-0.366,0.030
1668255215555,2022-11-12T14:13:35.555,668.000,0.945,-0.305,-0.091
1668255215595,2022-11-12T14:13:35.595,668.040,0.823,-0.152,-0.061
1668255215635,2022-11-12T14:13:35.635,668.080,0.823,-0.213,-0.061
1668255215675,2022-11-12T14:13:35.675,668.120,0.793,-0.183,-0.061
1668255215715,2022-11-12T14:13:35.715,668.160,0.823,-0.335,0.061
1668255215755,2022-11-12T14:13:35.755,668.200,0.793,-0.091,0.061
1668255215795,2022-11-12T14:13:35.795,668.240,0.915,-0.152,-0.030
1668255215835,2022-11-12T14:13:35.835,668.280,0.884,-0.213,0.061
1668255215875,2022-11-12T14:13:35.875,668.320,0.945,-0.183,-0.030
1668255215915,2022-11-12T14:13:35.915,668.360,0.854,-0.274,0.091
1668255215955,2022-11-12T14:13:35.955,668.400,0.793,-0.213,0.183
1668255215995,2022-11-12T14:13:35.995,668.440,1.006,-0.152,-0.030
1668255216035,2022-11-12T14:13:36.035,668.480,0.945,-0.213,0.000
1668255216075,2022-11-12T14:13:36.075,668.520,0.793,-0.305,0.061
1668255216115,2022-11-12T14:13:36.115,668.560,1.006,-0.305,-0.061
1668255216155,2022-11-12T14:13:36.155,668.600,0.915,-0.183,-0.030
1668255216195,2022-11-12T14:13:36.195,668.640,0.793,-0.091,0.030
1668255216235,2022-11-12T14:13:36.235,668.680,0.915,-0.122,0.061
1668255216275,2022-11-12T14:13:36.275,668.720,0.884,-0.396,0.061
1668255216315,2022-11-12T14:13:36.315,668.760,0.945,-0.457,-0.061
1668255216355,2022-11-12T14:13:36.355,668.800,0.854,-0.152,0.030
1668255216395,2022-11-12T14:13:36.395,668.840,0.793,-0.152,0.061
1668255216435,2022-11-12T14:13:36.435,668.880,1.067,-0.427,0.183
1668255216475,2022-11-12T14:13:36.475,668.920,0.915,-0.335,0.061
1668255216515,2022-11-12T14:13:36.515,668.960,0.854,-0.152,0.000
1668255216555,2022-11-12T14:13:36.555,669.000,0.854,-0.183,0.030
1668255216595,2022-11-12T14:13:36.595,669.040,0.762,-0.152,0.000
1668255216635,2022-11-12T14:13:36.635,669.080,0.762,-0.030,-0.061
1668255216675,2022-11-12T14:13:36.675,669.120,0.579,-0.030,0.122
1668255216715,2022-11-12T14:13:36.715,669.160,0.732,-0.122,0.030
1668255216755,2022-11-12T14:13:36.755,669.200,0.915,-0.152,-0.061
1668255216795,2022-11-12T14:13:36.795,669.240,0.793,-0.213,0.122
1668255216835,2022-11-12T14:13:36.835,669.280,0.854,-0.213,0.000
1668255216875,2022-11-12T14:13:36.875,669.320,0.823,-0.122,-0.183
1668255216915,2022-11-12T14:13:36.915,669.360,0.701,0.000,-0.030
1668255216955,2022-11-12T14:13:36.955,669.400,0.701,-0.183,0.122
1668255216995,2022-11-12T14:13:36.995,669.440,0.884,-0.366,0.000
1668255217035,2022-11-12T14:13:37.035,669.480,0.823,-0.274,-0.091
1668255217075,2022-11-12T14:13:37.075,669.520,0.671,-0.030,0.030
1668255217115,2022-11-12T14:13:37.115,669.560,0.823,-0.030,-0.030
1668255217155,2022-11-12T14:13:37.155,669.600,0.915,-0.183,0.000
1668255217195,2022-11-12T14:13:37.195,669.640,0.610,-0.061,0.061
1668255217235,2022-11-12T14:13:37.235,669.680,0.823,-0.213,0.000
1668255217275,2022-11-12T14:13:37.275,669.720,0.854,-0.244,-0.030
1668255217315,2022-11-12T14:13:37.315,669.760,0.793,-0.091,0.000
1668255217355,2022-11-12T14:13:37.355,669.800,0.701,-0.183,0.122
1668255217395,2022-11-12T14:13:37.395,669.840,0.732,-0.183,0.091
1668255217435,2022-11-12T14:13:37.435,669.880,0.976,-0.183,-0.152
1668255217475,2022-11-12T14:13:37.475,669.920,0.823,-0.213,0.030
1668255217515,2022-11-12T14:13:37.515,669.960,0.823,-0.244,0.000
1668255217555,2022-11-12T14:13:37.555,670.000,0.884,-0.213,-0.122
1668255217595,2022-11-12T14:13:37.595,670.040,0.701,-0.122,0.000
1668255217635,2022-11-12T14:13:37.635,670.080,0.793,-0.091,0.000
1668255217675,2022-11-12T14:13:37.675,670.120,0.732,-0.305,0.122
1668255217715,2022-11-12T14:13:37.715,670.160,0.854,-0.427,-0.061
1668255217755,2022-11-12T14:13:37.755,670.200,0.823,-0.213,-0.091
1668255217795,2022-11-12T14:13:37.795,670.240,0.640,-0.061,0.061
1668255217835,2022-11-12T14:13:37.835,670.280,0.884,-0.091,-0.030
1668255217875,2022-11-12T14:13:37.875,670.320,0.793,-0.274,0.000
1668255217915,2022-11-12T14:13:37.915,670.360,0.762,-0.152,0.061
1668255217955,2022-11-12T14:13:37.955,670.400,0.884,-0.213,-0.030
1668255217995,2022-11-12T14:13:37.995,670.440,0.823,-0.274,0.091
1668255218035,2022-11-12T14:13:38.035,670.480,0.976,-0.213,-0.061
1668255218075,2022-11-12T14:13:38.075,670.520,0.701,-0.183,0.122
1668255218115,2022-11-12T14:13:38.115,670.560,0.793,-0.152,0.091
1668255218155,2022-11-12T14:13:38.155,670.600,1.006,-0.152,-0.122
1668255218195,2022-11-12T14:13:38.195,670.640,0.701,-0.091,0.061
1668255218235,2022-11-12T14:13:38.235,670.680,0.854,-0.213,0.061
1668255218275,2022-11-12T14:13:38.275,670.720,0.793,-0.213,0.000
1668255218315,2022-11-12T14:13:38.315,670.760,0.854,-0.091,-0.091
1668255218355,2022-11-12T14:13:38.355,670.800,0.793,-0.030,-0.030
1668255218395,2022-11-12T14:13:38.395,670.840,0.732,-0.183,0.152
1668255218435,2022-11-12T14:13:38.435,670.880,0.884,-0.457,0.030
1668255218475,2022-11-12T14:13:38.475,670.920,0.915,-0.213,-0.091
1668255218515,2022-11-12T14:13:38.515,670.960,0.701,0.000,0.030
1668255218555,2022-11-12T14:13:38.555,671.000,0.854,-0.152,-0.030
1668255218595,2022-11-12T14:13:38.595,671.040,0.915,-0.274,-0.030
1668255218635,2022-11-12T14:13:38.635,671.080,0.640,-0.183,0.091
1668255218675,2022-11-12T14:13:38.675,671.120,0.945,-0.183,-0.091
1668255218715,2022-11-12T14:13:38.715,671.160,0.823,-0.213,0.000
1668255218755,2022-11-12T14:13:38.755,671.200,0.823,-0.122,0.000
1668255218795,2022-11-12T14:13:38.795,671.240,0.854,-0.213,0.000
1668255218835,2022-11-12T14:13:38.835,671.280,0.701,-0.213,0.122
1668255218875,2022-11-12T14:13:38.875,671.320,0.945,-0.183,-0.061
1668255218915,2022-11-12T14:13:38.915,671.360,0.945,-0.244,-0.030
1668255218955,2022-11-12T14:13:38.955,671.400,0.762,-0.244,0.091
1668255218995,2022-11-12T14:13:38.995,671.440,0.976,-0.274,-0.061
1668255219035,2022-11-12T14:13:39.035,671.480,0.762,-0.183,0.030
1668255219075,2022-11-12T14:13:39.075,671.520,0.854,-0.061,-0.091
1668255219115,2022-11-12T14:13:39.115,671.560,0.793,-0.152,0.000
1668255219155,2022-11-12T14:13:39.155,671.600,0.793,-0.396,0.091
1668255219195,2022-11-12T14:13:39.195,671.640,1.037,-0.274,-0.061
1668255219235,2022-11-12T14:13:39.235,671.680,0.762,-0.213,-0.030
1668255219275,2022-11-12T14:13:39.275,671.720,0.732,-0.152,0.061
1668255219315,2022-11-12T14:13:39.315,671.760,0.915,-0.183,-0.030
1668255219355,2022-11-12T14:13:39.355,671.800,0.793,-0.274,0.091
1668255219395,2022-11-12T14:13:39.395,671.840,0.762,-0.122,0.030
1668255219435,2022-11-12T14:13:39.435,671.880,1.006,-0.305,-0.030
1668255219475,2022-11-12T14:13:39.475,671.920,0.854,-0.244,0.061
1668255219515,2022-11-12T14:13:39.515,671.960,0.945,-0.213,-0.030
1668255219555,2022-11-12T14:13:39.555,672.000,0.793,-0.183,0.122
1668255219595,2022-11-12T14:13:39.595,672.040,0.854,-0.244,0.122
1668255219635,2022-11-12T14:13:39.635,672.080,1.006,-0.305,-0.030
1668255219675,2022-11-12T14:13:39.675,672.120,0.884,-0.305,0.030
1668255219715,2022-11-12T14:13:39.715,672.160,1.037,-0.366,0.000
1668255219755,2022-11-12T14:13:39.755,672.200,0.793,-0.274,0.030
1668255219795,2022-11-12T14:13:39.795,672.240,0.884,-0.122,0.000
1668255219835,2022-11-12T14:13:39.835,672.280,0.793,-0.244,0.061
1668255219875,2022-11-12T14:13:39.875,672.320,0.793,-0.427,0.061
1668255219915,2022-11-12T14:13:39.915,672.360,1.006,-0.213,-0.061
1668255219955,2022-11-12T14:13:39.955,672.400,0.793,0.000,0.152
1668255219995,2022-11-12T14:13:39.995,672.440,0.762,0.000,0.061
1668255220035,2022-11-12T14:13:40.035,672.480,1.006,-0.091,-0.030
1668255220075,2022-11-12T14:13:40.075,672.520,0.762,-0.091,0.030
1668255220115,2022-11-12T14:13:40.115,672.560,0.823,-0.152,-0.030
1668255220155,2022-11-12T14:13:40.155,672.600,0.915,-0.274,-0.091
1668255220195,2022-11-12T14:13:40.195,672.640,0.915,-0.091,0.000
1668255220235,2022-11-12T14:13:40.235,672.680,0.671,-0.061,0.152
1668255220275,2022-11-12T14:13:40.275,672.720,0.671,-0.152,0.091
1668255220315,2022-11-12T14:13:40.315,672.760,0.915,-0.152,-0.122
1668255220355,2022-11-12T14:13:40.355,672.800,0.854,0.000,0.030
1668255220395,2022-11-12T14:13:40.395,672.840,0.732,0.152,0.122
1668255220435,2022-11-12T14:13:40.435,672.880,0.823,0.091,-0.030
1668255220475,2022-11-12T14:13:40.475,672.920,0.823,0.030,0.030
1668255220515,2022-11-12T14:13:40.515,672.960,0.823,-0.091,0.152
1668255220555,2022-11-12T14:13:40.555,673.000,0.671,-0.305,0.030
1668255220595,2022-11-12T14:13:40.595,673.040,0.823,-0.305,-0.213
1668255220635,2022-11-12T14:13:40.635,673.080,0.701,-0.244,-0.061
1668255220675,2022-11-12T14:13:40.675,673.120,0.610,-0.061,0.061
1668255220715,2022-11-12T14:13:40.715,673.160,0.762,-0.091,-0.030
1668255220755,2022-11-12T14:13:40.755,673.200,0.823,-0.122,-0.061
1668255220795,2022-11-12T14:13:40.795,673.240,0.793,-0.122,0.000
1668255220835,2022-11-12T14:13:40.835,673.280,0.945,-0.030,-0.030
1668255220875,2022-11-12T14:13:40.875,673.320,0.823,-0.122,-0.061
1668255220915,2022-11-12T14:13:40.915,673.360,0.793,-0.152,0.061
1668255220955,2022-11-12T14:13:40.955,673.400,0.793,-0.152,0.122
1668255220995,2022-11-12T14:13:40.995,673.440,0.854,-0.152,0.000
1668255221035,2022-11-12T14:13:41.035,673.480,0.762,-0.122,-0.030
1668255221075,2022-11-12T14:13:41.075,673.520,0.793,-0.183,0.030
1668255221115,2022-11-12T14:13:41.115,673.560,0.701,-0.122,0.000
1668255221155,2022-11-12T14:13:41.155,673.600,0.640,-0.061,0.030
1668255221195,2022-11-12T14:13:41.195,673.640,0.701,-0.335,0.091
1668255221235,2022-11-12T14:13:41.235,673.680,0.793,-0.549,0.000
1668255221275,2022-11-12T14:13:41.275,673.720,0.945,-0.244,-0.122
1668255221315,2022-11-12T14:13:41.315,673.760,0.762,-0.091,0.030
1668255221355,2022-11-12T14:13:41.355,673.800,0.671,-0.213,0.061
1668255221395,2022-11-12T14:13:41.395,673.840,0.945,-0.305,-0.061
1668255221435,2022-11-12T14:13:41.435,673.880,0.762,-0.183,0.000
1668255221475,2022-11-12T14:13:41.475,673.920,0.701,0.091,0.061
1668255221515,2022-11-12T14:13:41.515,673.960,0.854,0.000,0.000
1668255221555,2022-11-12T14:13:41.555,674.000,0.854,-0.183,-0.061
1668255221595,2022-11-12T14:13:41.595,674.040,0.762,-0.152,0.000
1668255221635,2022-11-12T14:13:41.635,674.080,0.732,-0.061,0.091
1668255221675,2022-11-12T14:13:41.675,674.120,0.854,-0.183,-0.061
1668255221715,2022-11-12T14:13:41.715,674.160,0.915,-0.213,-0.091
1668255221755,2022-11-12T14:13:41.755,674.200,0.854,-0.152,0.030
1668255221795,2022-11-12T14:13:41.795,674.240,0.884,-0.213,0.000
1668255221835,2022-11-12T14:13:41.835,674.280,0.793,-0.152,-0.061
1668255221875,2022-11-12T14:13:41.875,674.320,0.671,0.000,0.000
1668255221915,2022-11-12T14:13:41.915,674.360,0.701,-0.091,0.061
1668255221955,2022-11-12T14:13:41.955,674.400,0.945,-0.305,-0.122
1668255221995,2022-11-12T14:13:41.995,674.440,0.854,-0.091,-0.030
1668255222035,2022-11-12T14:13:42.035,674.480,0.762,-0.091,0.061
1668255222075,2022-11-12T14:13:42.075,674.520,0.854,-0.183,-0.061
1668255222115,2022-11-12T14:13:42.115,674.560,0.823,-0.244,0.000
1668255222155,2022-11-12T14:13:42.155,674.600,0.793,-0.183,0.000
1668255222195,2022-11-12T14:13:42.195,674.640,0.823,-0.183,-0.061
1668255222235,2022-11-12T14:13:42.235,674.680,0.884,-0.183,0.000
1668255222275,2022-11-12T14:13:42.275,674.720,0.884,-0.152,0.000
1668255222315,2022-11-12T14:13:42.315,674.760,0.762,-0.183,0.000
1668255222355,2022-11-12T14:13:42.355,674.800,0.793,-0.183,0.030
1668255222395,2022-11-12T14:13:42.395,674.840,0.945,-0.122,-0.061
1668255222435,2022-11-12T14:13:42.435,674.880,0.915,-0.183,0.030
1668255222475,2022-11-12T14:13:42.475,674.920,0.854,-0.244,0.091
1668255222515,2022-11-12T14:13:42.515,674.960,0.915,-0.274,0.030
1668255222555,2022-11-12T14:13:42.555,675.000,0.915,-0.305,-0.061
1668255222595,2022-11-12T14:13:42.595,675.040,0.854,-0.274,-0.061
1668255222635,2022-11-12T14:13:42.635,675.080,0.945,-0.061,-0.030
1668255222675,2022-11-12T14:13:42.675,675.120,0.854,-0.305,0.091
1668255222715,2022-11-12T14:13:42.715,675.160,0.854,-0.549,0.000
1668255222755,2022-11-12T14:13:42.755,675.200,1.098,-0.274,-0.152
1668255222795,2022-11-12T14:13:42.795,675.240,0.640,-0.091,0.091
1668255222835,2022-11-12T14:13:42.835,675.280,0.823,-0.122,0.000
1668255222875,2022-11-12T14:13:42.875,675.320,0.945,-0.305,-0.061
1668255222915,2022-11-12T14:13:42.915,675.360,0.701,-0.213,0.030
1668255222955,2022-11-12T14:13:42.955,675.400,0.854,-0.061,-0.091
1668255222995,2022-11-12T14:13:42.995,675.440,0.884,-0.183,-0.061
1668255223035,2022-11-12T14:13:43.035,675.480,0.976,-0.335,-0.061
1668255223075,2022-11-12T14:13:43.075,675.520,0.823,-0.274,0.091
1668255223115,2022-11-12T14:13:43.115,675.560,0.671,-0.213,0.152
1668255223155,2022-11-12T14:13:43.155,675.600,1.037,-0.244,-0.091
1668255223195,2022-11-12T14:13:43.195,675.640,0.945,-0.244,-0.030
1668255223235,2022-11-12T14:13:43.235,675.680,0.823,-0.274,0.061
1668255223275,2022-11-12T14:13:43.275,675.720,0.976,-0.274,-0.030
1668255223315,2022-11-12T14:13:43.315,675.760,0.884,-0.274,-0.030
1668255223355,2022-11-12T14:13:43.355,675.800,0.884,-0.152,-0.030
1668255223395,2022-11-12T14:13:43.395,675.840,0.793,0.000,0.030
1668255223435,2022-11-12T14:13:43.435,675.880,0.884,-0.366,-0.091
1668255223475,2022-11-12T14:13:43.475,675.920,0.976,-0.366,-0.091
1668255223515,2022-11-12T14:13:43.515,675.960,0.823,-0.122,0.030
1668255223555,2022-11-12T14:13:43.555,676.000,0.762,-0.213,0.091
1668255223595,2022-11-12T14:13:43.595,676.040,0.945,-0.396,0.030
1668255223635,2022-11-12T14:13:43.635,676.080,0.884,-0.244,0.000
1668255223675,2022-11-12T14:13:43.675,676.120,0.854,-0.122,0.152
1668255223715,2022-11-12T14:13:43.715,676.160,0.884,-0.213,0.091
1668255223755,2022-11-12T14:13:43.755,676.200,0.854,-0.244,-0.030
1668255223795,2022-11-12T14:13:43.795,676.240,0.854,-0.152,-0.030
1668255223835,2022-11-12T14:13:43.835,676.280,0.640,-0.030,0.152
1668255223875,2022-11-12T14:13:43.875,676.320,0.854,-0.152,-0.061
1668255223915,2022-11-12T14:13:43.915,676.360,0.915,-0.183,-0.091
1668255223955,2022-11-12T14:13:43.955,676.400,0.793,-0.152,0.061
1668255223995,2022-11-12T14:13:43.995,676.440,0.823,-0.152,0.030
1668255224035,2022-11-12T14:13:44.035,676.480,0.884,-0.030,-0.030
1668255224075,2022-11-12T14:13:44.075,676.520,0.732,0.000,0.061
1668255224115,2022-11-12T14:13:44.115,676.560,0.732,-0.244,0.061
1668255224155,2022-11-12T14:13:44.155,676.600,0.823,-0.335,-0.122
1668255224195,2022-11-12T14:13:44.195,676.640,0.823,-0.091,-0.030
1668255224235,2022-11-12T14:13:44.235,676.680,0.793,-0.061,0.091
1668255224275,2022-11-12T14:13:44.275,676.720,0.793,-0.244,0.000
1668255224315,2022-11-12T14:13:44.315,676.760,0.823,-0.244,-0.061
1668255224355,2022-11-12T14:13:44.355,676.800,0.823,-0.091,0.030
1668255224395,2022-11-12T14:13:44.395,676.840,0.762,-0.244,0.000
1668255224435,2022-11-12T14:13:44.435,676.880,0.884,-0.244,-0.030
1668255224475,2022-11-12T14:13:44.475,676.920,0.823,-0.122,-0.061
1668255224515,2022-11-12T14:13:44.515,676.960,0.610,-0.152,0.152
1668255224555,2022-11-12T14:13:44.555,677.000,0.701,-0.183,0.000
1668255224595,2022-11-12T14:13:44.595,677.040,0.915,-0.213,-0.122
1668255224635,2022-11-12T14:13:44.635,677.080,0.762,-0.213,0.061
1668255224675,2022-11-12T14:13:44.675,677.120,0.793,-0.213,0.061
1668255224715,2022-11-12T14:13:44.715,677.160,0.884,-0.152,-0.091
1668255224755,2022-11-12T14:13:44.755,677.200,0.732,-0.030,-0.030
1668255224795,2022-11-12T14:13:44.795,677.240,0.671,-0.030,0.061
1668255224835,2022-11-12T14:13:44.835,677.280,0.854,-0.457,0.000
1668255224875,2022-11-12T14:13:44.875,677.320,0.854,-0.305,-0.030
1668255224915,2022-11-12T14:13:44.915,677.360,0.823,-0.061,-0.030
1668255224955,2022-11-12T14:13:44.955,677.400,0.610,-0.091,0.091
1668255224995,2022-11-12T14:13:44.995,677.440,1.006,-0.213,-0.030
1668255225035,2022-11-12T14:13:45.035,677.480,1.159,-0.122,0.000
1668255225075,2022-11-12T14:13:45.075,677.520,1.433,0.030,0.030
1668255225115,2022-11-12T14:13:45.115,677.560,1.128,-0.152,-0.030
1668255225155,2022-11-12T14:13:45.155,677.600,0.793,-0.152,-0.030
1668255225195,2022-11-12T14:13:45.195,677.640,0.671,-0.152,-0.091
1668255225235,2022-11-12T14:13:45.235,677.680,0.335,-0.183,0.183
1668255225275,2022-11-12T14:13:45.275,677.720,0.701,-0.122,-0.030
1668255225315,2022-11-12T14:13:45.315,677.760,0.732,-0.152,-0.091
1668255225355,2022-11-12T14:13:45.355,677.800,0.671,-0.183,0.030
1668255225395,2022-11-12T14:13:45.395,677.840,0.762,-0.213,0.030
1668255225435,2022-11-12T14:13:45.435,677.880,0.823,-0.183,-0.061
1668255225475,2022-11-12T14:13:45.475,677.920,0.640,0.061,-0.152
1668255225515,2022-11-12T14:13:45.515,677.960,-0.457,0.823,-0.457
1668255225555,2022-11-12T14:13:45.555,678.000,-0.335,0.427,-0.305
1668255225595,2022-11-12T14:13:45.595,678.040,0.945,-0.396,-0.122
1668255225635,2022-11-12T14:13:45.635,678.080,1.250,-0.427,0.000
1668255225675,2022-11-12T14:13:45.675,678.120,0.915,-0.335,0.152
1668255225715,2022-11-12T14:13:45.715,678.160,1.128,-0.457,0.091
1668255225755,2022-11-12T14:13:45.755,678.200,1.037,-0.518,0.152
1668255225795,2022-11-12T14:13:45.795,678.240,0.366,0.213,-0.244
1668255225835,2022-11-12T14:13:45.835,678.280,-0.030,0.427,-0.274
1668255225875,2022-11-12T14:13:45.875,678.320,0.793,-0.244,-0.091
1668255225915,2022-11-12T14:13:45.915,678.360,1.067,-0.366,-0.122
1668255225955,2022-11-12T14:13:45.955,678.400,0.671,-0.274,0.183
1668255225995,2022-11-12T14:13:45.995,678.440,0.976,-0.396,0.061
1668255226035,2022-11-12T14:13:46.035,678.480,1.067,-0.427,-0.061
1668255226075,2022-11-12T14:13:46.075,678.520,1.067,-0.366,0.030
1668255226115,2022-11-12T14:13:46.115,678.560,1.006,-0.396,0.061
1668255226155,2022-11-12T14:13:46.155,678.600,1.067,-0.396,0.091
1668255226195,2022-11-12T14:13:46.195,678.640,1.250,-0.427,0.000
1668255226235,2022-11-12T14:13:46.235,678.680,1.128,-0.335,0.122
1668255226275,2022-11-12T14:13:46.275,678.720,0.854,-0.152,0.000
1668255226315,2022-11-12T14:13:46.315,678.760,0.762,-0.335,0.061
1668255226355,2022-11-12T14:13:46.355,678.800,0.976,-0.427,0.000
1668255226395,2022-11-12T14:13:46.395,678.840,1.037,-0.213,-0.030
1668255226435,2022-11-12T14:13:46.435,678.880,0.854,-0.152,0.030
1668255226475,2022-11-12T14:13:46.475,678.920,0.976,-0.366,0.030
1668255226515,2022-11-12T14:13:46.515,678.960,1.098,-0.366,0.000
1668255226555,2022-11-12T14:13:46.555,679.000,1.006,-0.152,0.061
1668255226595,2022-11-12T14:13:46.595,679.040,1.006,-0.274,0.122
1668255226635,2022-11-12T14:13:46.635,679.080,0.945,-0.335,0.000
1668255226675,2022-11-12T14:13:46.675,679.120,0.976,-0.366,0.000
1668255226715,2022-11-12T14:13:46.715,679.160,0.732,-0.183,0.122
1668255226755,2022-11-12T14:13:46.755,679.200,0.854,-0.183,0.061
1668255226795,2022-11-12T14:13:46.795,679.240,1.006,-0.274,-0.091
1668255226835,2022-11-12T14:13:46.835,679.280,0.823,-0.183,0.000
1668255226875,2022-11-12T14:13:46.875,679.320,0.793,-0.122,-0.030
1668255226915,2022-11-12T14:13:46.915,679.360,0.793,-0.183,-0.061
1668255226955,2022-11-12T14:13:46.955,679.400,0.640,-0.061,-0.030
1668255226995,2022-11-12T14:13:46.995,679.440,0.762,-0.213,0.000
1668255227035,2022-11-12T14:13:47.035,679.480,0.762,-0.274,-0.030
1668255227075,2022-11-12T14:13:47.075,679.520,0.823,-0.122,-0.030
1668255227115,2022-11-12T14:13:47.115,679.560,0.640,0.091,0.091
1668255227155,2022-11-12T14:13:47.155,679.600,0.854,-0.030,0.000
1668255227195,2022-11-12T14:13:47.195,679.640,0.793,-0.183,-0.061
1668255227235,2022-11-12T14:13:47.235,679.680,0.701,-0.030,0.000
1668255227275,2022-11-12T14:13:47.275,679.720,0.823,-0.061,-0.030
1668255227315,2022-11-12T14:13:47.315,679.760,0.884,-0.152,-0.030
1668255227355,2022-11-12T14:13:47.355,679.800,0.823,-0.122,-0.030
1668255227395,2022-11-12T14:13:47.395,679.840,0.579,-0.030,0.152
1668255227435,2022-11-12T14:13:47.435,679.880,0.732,-0.122,0.000
1668255227475,2022-11-12T14:13:47.475,679.920,0.976,-0.183,-0.122
1668255227515,2022-11-12T14:13:47.515,679.960,0.854,-0.183,0.030
1668255227555,2022-11-12T14:13:47.555,680.000,0.793,-0.061,-0.030
1668255227595,2022-11-12T14:13:47.595,680.040,0.793,0.030,-0.061
1668255227635,2022-11-12T14:13:47.635,680.080,0.793,-0.213,0.091
1668255227675,2022-11-12T14:13:47.675,680.120,0.732,-0.366,-0.030
1668255227715,2022-11-12T14:13:47.715,680.160,0.823,-0.213,-0.061
1668255227755,2022-11-12T14:13:47.755,680.200,0.793,-0.091,0.091
1668255227795,2022-11-12T14:13:47.795,680.240,0.762,-0.091,0.091
1668255227835,2022-11-12T14:13:47.835,680.280,0.915,-0.152,-0.061
1668255227875,2022-11-12T14:13:47.875,680.320,0.854,-0.122,0.061
1668255227915,2022-11-12T14:13:47.915,680.360,0.823,-0.061,0.091
1668255227955,2022-11-12T14:13:47.955,680.400,0.823,-0.213,0.000
1668255227995,2022-11-12T14:13:47.995,680.440,0.884,-0.122,-0.122
1668255228035,2022-11-12T14:13:48.035,680.480,0.793,-0.061,0.000
1668255228075,2022-11-12T14:13:48.075,680.520,0.701,-0.030,0.061
1668255228115,2022-11-12T14:13:48.115,680.560,0.945,-0.213,-0.061
1668255228155,2022-11-12T14:13:48.155,680.600,0.915,-0.244,-0.030
1668255228195,2022-11-12T14:13:48.195,680.640,0.793,-0.213,0.091
1668255228235,2022-11-12T14:13:48.235,680.680,0.945,-0.152,-0.030
1668255228275,2022-11-12T14:13:48.275,680.720,0.884,-0.030,-0.061
1668255228315,2022-11-12T14:13:48.315,680.760,0.793,-0.183,0.122
1668255228355,2022-11-12T14:13:48.355,680.800,0.823,-0.457,0.061
1668255228395,2022-11-12T14:13:48.395,680.840,0.884,-0.183,-0.091
1668255228435,2022-11-12T14:13:48.435,680.880,0.762,-0.091,0.000
1668255228475,2022-11-12T14:13:48.475,680.920,0.854,-0.122,0.000
1668255228515,2022-11-12T14:13:48.515,680.960,0.884,-0.183,-0.030
1668255228555,2022-11-12T14:13:48.555,681.000,0.793,-0.183,0.030
1668255228595,2022-11-12T14:13:48.595,681.040,0.854,-0.122,0.000
1668255228635,2022-11-12T14:13:48.635,681.080,0.793,-0.244,0.061
1668255228675,2022-11-12T14:13:48.675,681.120,0.976,-0.244,0.000
1668255228715,2022-11-12T14:13:48.715,681.160,0.884,-0.183,0.061
1668255228755,2022-11-12T14:13:48.755,681.200,0.671,-0.183,0.122
1668255228795,2022-11-12T14:13:48.795,681.240,0.976,-0.213,-0.091
1668255228835,2022-11-12T14:13:48.835,681.280,0.823,-0.183,-0.091
1668255228875,2022-11-12T14:13:48.875,681.320,0.793,-0.152,0.000
1668255228915,2022-11-12T14:13:48.915,681.360,0.945,-0.213,-0.030
1668255228955,2022-11-12T14:13:48.955,681.400,0.793,-0.152,-0.061
1668255228995,2022-11-12T14:13:48.995,681.440,0.854,0.000,-0.061
1668255229035,2022-11-12T14:13:49.035,681.480,0.701,-0.183,0.061
1668255229075,2022-11-12T14:13:49.075,681.520,0.854,-0.366,-0.030
1668255229115,2022-11-12T14:13:49.115,681.560,0.854,-0.152,-0.091
1668255229155,2022-11-12T14:13:49.155,681.600,0.579,-0.122,0.061
1668255229195,2022-11-12T14:13:49.195,681.640,0.884,-0.152,-0.030
1668255229235,2022-11-12T14:13:49.235,681.680,0.854,-0.274,-0.030
1668255229275,2022-11-12T14:13:49.275,681.720,0.640,-0.152,0.061
1668255229315,2022-11-12T14:13:49.315,681.760,0.488,-0.061,-0.061
1668255229355,2022-11-12T14:13:49.355,681.800,0.915,-0.274,-0.335
1668255229395,2022-11-12T14:13:49.395,681.840,0.854,-0.183,-0.122
1668255229435,2022-11-12T14:13:49.435,681.880,0.701,-0.152,0.213
1668255229475,2022-11-12T14:13:49.475,681.920,0.915,-0.244,0.152
1668255229515,2022-11-12T14:13:49.515,681.960,1.098,-0.335,-0.030
1668255229555,2022-11-12T14:13:49.555,682.000,1.098,-0.305,-0.030
1668255229595,2022-11-12T14:13:49.595,682.040,0.823,-0.213,0.183
1668255229635,2022-11-12T14:13:49.635,682.080,0.915,-0.274,0.030
1668255229675,2022-11-12T14:13:49.675,682.120,0.915,-0.213,-0.061
1668255229715,2022-11-12T14:13:49.715,682.160,0.640,-0.061,-0.030
1668255229755,2022-11-12T14:13:49.755,682.200,0.701,-0.335,-0.030
1668255229795,2022-11-12T14:13:49.795,682.240,0.762,-0.457,-0.122
1668255229835,2022-11-12T14:13:49.835,682.280,1.128,-0.427,-0.274
1668255229875,2022-11-12T14:13:49.875,682.320,0.793,-0.305,0.274
1668255229915,2022-11-12T14:13:49.915,682.360,1.037,-0.244,0.183
1668255229955,2022-11-12T14:13:49.955,682.400,1.189,-0.427,-0.091
1668255229995,2022-11-12T14:13:49.995,682.440,0.976,-0.274,0.061
1668255230035,2022-11-12T14:13:50.035,682.480,1.098,-0.213,0.030
1668255230075,2022-11-12T14:13:50.075,682.520,0.884,-0.213,0.091
1668255230115,2022-11-12T14:13:50.115,682.560,1.037,-0.122,-0.030
1668255230155,2022-11-12T14:13:50.155,682.600,0.884,-0.213,0.030
1668255230195,2022-11-12T14:13:50.195,682.640,0.671,-0.213,0.183
1668255230235,2022-11-12T14:13:50.235,682.680,1.098,-0.305,-0.122
1668255230275,2022-11-12T14:13:50.275,682.720,0.945,-0.244,-0.030
1668255230315,2022-11-12T14:13:50.315,682.760,0.762,-0.274,0.152
1668255230355,2022-11-12T14:13:50.355,682.800,1.037,-0.335,-0.030
1668255230395,2022-11-12T14:13:50.395,682.840,0.915,-0.213,-0.091
1668255230435,2022-11-12T14:13:50.435,682.880,0.854,-0.122,0.030
1668255230475,2022-11-12T14:13:50.475,682.920,0.976,-0.335,0.122
1668255230515,2022-11-12T14:13:50.515,682.960,0.945,-0.518,-0.061
1668255230555,2022-11-12T14:13:50.555,683.000,0.945,-0.335,-0.061
1668255230595,2022-11-12T14:13:50.595,683.040,0.884,-0.122,0.030
1668255230635,2022-11-12T14:13:50.635,683.080,0.915,-0.213,0.030
1668255230675,2022-11-12T14:13:50.675,683.120,0.884,-0.305,0.000
1668255230715,2022-11-12T14:13:50.715,683.160,0.915,-0.122,0.000
1668255230755,2022-11-12T14:13:50.755,683.200,0.854,-0.274,0.061
1668255230795,2022-11-12T14:13:50.795,683.240,0.854,-0.274,0.000
1668255230835,2022-11-12T14:13:50.835,683.280,0.976,-0.213,-0.061
1668255230875,2022-11-12T14:13:50.875,683.320,0.640,-0.183,0.091
1668255230915,2022-11-12T14:13:50.915,683.360,0.793,-0.152,0.061
1668255230955,2022-11-12T14:13:50.955,683.400,0.976,-0.274,-0.061
1668255230995,2022-11-12T14:13:50.995,683.440,0.823,-0.213,0.061
1668255231035,2022-11-12T14:13:51.035,683.480,0.884,-0.122,0.000
1668255231075,2022-11-12T14:13:51.075,683.520,0.915,-0.152,-0.030
1668255231115,2022-11-12T14:13:51.115,683.560,0.762,-0.061,-0.030
1668255231155,2022-11-12T14:13:51.155,683.600,0.671,-0.213,0.061
1668255231195,2022-11-12T14:13:51.195,683.640,0.915,-0.427,-0.030
1668255231235,2022-11-12T14:13:51.235,683.680,0.854,-0.183,-0.061
1668255231275,2022-11-12T14:13:51.275,683.720,0.701,0.000,0.122
1668255231315,2022-11-12T14:13:51.315,683.760,0.823,-0.122,0.030
1668255231355,2022-11-12T14:13:51.355,683.800,0.854,-0.244,-0.061
1668255231395,2022-11-12T14:13:51.395,683.840,0.671,-0.030,0.000
1668255231435,2022-11-12T14:13:51.435,683.880,0.732,-0.122,0.061
1668255231475,2022-11-12T14:13:51.475,683.920,0.945,-0.213,-0.061
1668255231515,2022-11-12T14:13:51.515,683.960,0.823,-0.152,-0.030
1668255231555,2022-11-12T14:13:51.555,684.000,0.579,-0.152,0.152
1668255231595,2022-11-12T14:13:51.595,684.040,0.793,-0.183,-0.030
1668255231635,2022-11-12T14:13:51.635,684.080,0.976,-0.183,-0.122
1668255231675,2022-11-12T14:13:51.675,684.120,0.762,-0.122,0.061
1668255231715,2022-11-12T14:13:51.715,684.160,0.701,-0.122,0.061
1668255231755,2022-11-12T14:13:51.755,684.200,0.701,-0.030,-0.030
1668255231795,2022-11-12T14:13:51.795,684.240,0.701,0.030,0.030
1668255231835,2022-11-12T14:13:51.835,684.280,0.732,-0.305,0.152
1668255231875,2022-11-12T14:13:51.875,684.320,0.915,-0.427,0.030
1668255231915,2022-11-12T14:13:51.915,684.360,0.884,-0.183,-0.122
1668255231955,2022-11-12T14:13:51.955,684.400,0.732,-0.030,0.030
1668255231995,2022-11-12T14:13:51.995,684.440,0.762,-0.091,0.061
1668255232035,2022-11-12T14:13:52.035,684.480,0.854,-0.244,-0.030
1668255232075,2022-11-12T14:13:52.075,684.520,0.762,-0.122,0.061
1668255232115,2022-11-12T14:13:52.115,684.560,0.854,-0.152,0.030
1668255232155,2022-11-12T14:13:52.155,684.600,0.854,-0.213,-0.030
1668255232195,2022-11-12T14:13:52.195,684.640,0.854,-0.213,-0.061
1668255232235,2022-11-12T14:13:52.235,684.680,0.762,-0.091,0.030
1668255232275,2022-11-12T14:13:52.275,684.720,0.701,-0.152,0.091
1668255232315,2022-11-12T14:13:52.315,684.760,0.945,-0.213,-0.061
1668255232355,2022-11-12T14:13:52.355,684.800,0.884,-0.152,0.000
1668255232395,2022-11-12T14:13:52.395,684.840,0.701,-0.183,0.061
1668255232435,2022-11-12T14:13:52.435,684.880,0.884,-0.122,-0.061
1668255232475,2022-11-12T14:13:52.475,684.920,0.823,-0.030,-0.030
1668255232515,2022-11-12T14:13:52.515,684.960,0.762,0.000,0.030
1668255232555,2022-11-12T14:13:52.555,685.000,0.701,-0.244,0.061
1668255232595,2022-11-12T14:13:52.595,685.040,0.854,-0.366,-0.061
1668255232635,2022-11-12T14:13:52.635,685.080,0.854,-0.244,-0.030
1668255232675,2022-11-12T14:13:52.675,685.120,0.640,-0.122,0.091
1668255232715,2022-11-12T14:13:52.715,685.160,0.854,-0.061,-0.030
1668255232755,2022-11-12T14:13:52.755,685.200,0.823,-0.244,-0.061
1668255232795,2022-11-12T14:13:52.795,685.240,0.732,-0.091,0.030
1668255232835,2022-11-12T14:13:52.835,685.280,0.884,-0.091,-0.030
1668255232875,2022-11-12T14:13:52.875,685.320,0.762,-0.244,0.000
1668255232915,2022-11-12T14:13:52.915,685.360,0.945,-0.183,-0.061
1668255232955,2022-11-12T14:13:52.955,685.400,0.762,-0.183,0.091
1668255232995,2022-11-12T14:13:52.995,685.440,0.701,-0.213,0.122
1668255233035,2022-11-12T14:13:53.035,685.480,1.006,-0.152,-0.152
1668255233075,2022-11-12T14:13:53.075,685.520,0.793,-0.183,-0.030
1668255233115,2022-11-12T14:13:53.115,685.560,0.762,-0.244,0.061
1668255233155,2022-11-12T14:13:53.155,685.600,0.823,-0.183,0.000
1668255233195,2022-11-12T14:13:53.195,685.640,0.793,-0.183,0.030
1668255233235,2022-11-12T14:13:53.235,685.680,0.823,-0.244,0.030
1668255233275,2022-11-12T14:13:53.275,685.720,0.854,-0.213,-0.030
1668255233315,2022-11-12T14:13:53.315,685.760,0.884,-0.183,-0.183
1668255233355,2022-11-12T14:13:53.355,685.800,0.762,0.000,-0.030
1668255233395,2022-11-12T14:13:53.395,685.840,0.701,-0.122,0.152
1668255233435,2022-11-12T14:13:53.435,685.880,0.762,-0.518,0.061
1668255233475,2022-11-12T14:13:53.475,685.920,0.915,-0.396,-0.122
1668255233515,2022-11-12T14:13:53.515,685.960,0.823,-0.244,-0.030
1668255233555,2022-11-12T14:13:53.555,686.000,0.762,-0.183,0.122
1668255233595,2022-11-12T14:13:53.595,686.040,0.915,-0.244,-0.030
1668255233635,2022-11-12T14:13:53.635,686.080,0.823,-0.305,0.000
1668255233675,2022-11-12T14:13:53.675,686.120,0.854,-0.091,0.000
1668255233715,2022-11-12T14:13:53.715,686.160,0.884,-0.244,0.030
1668255233755,2022-11-12T14:13:53.755,686.200,1.006,-0.213,-0.061
1668255233795,2022-11-12T14:13:53.795,686.240,0.945,-0.061,-0.030
1668255233835,2022-11-12T14:13:53.835,686.280,0.762,-0.091,0.122
1668255233875,2022-11-12T14:13:53.875,686.320,0.854,-0.274,0.000
1668255233915,2022-11-12T14:13:53.915,686.360,0.976,-0.305,-0.091
1668255233955,2022-11-12T14:13:53.955,686.400,0.823,-0.244,0.030
1668255233995,2022-11-12T14:13:53.995,686.440,0.854,-0.213,0.000
1668255234035,2022-11-12T14:13:54.035,686.480,0.915,-0.213,-0.030
1668255234075,2022-11-12T14:13:54.075,686.520,0.854,-0.213,0.030
1668255234115,2022-11-12T14:13:54.115,686.560,0.884,-0.213,0.030
1668255234155,2022-11-12T14:13:54.155,686.600,0.945,-0.274,0.030
1668255234195,2022-11-12T14:13:54.195,686.640,0.823,-0.244,0.000
1668255234235,2022-11-12T14:13:54.235,686.680,0.823,-0.091,-0.030
1668255234275,2022-11-12T14:13:54.275,686.720,0.823,-0.122,0.000
1668255234315,2022-11-12T14:13:54.315,686.760,0.915,-0.427,0.030
1668255234355,2022-11-12T14:13:54.355,686.800,0.915,-0.457,-0.030
1668255234395,2022-11-12T14:13:54.395,686.840,0.823,-0.213,0.061
1668255234435,2022-11-12T14:13:54.435,686.880,0.793,-0.091,0.030
1668255234475,2022-11-12T14:13:54.475,686.920,0.854,-0.213,-0.061
1668255234515,2022-11-12T14:13:54.515,686.960,0.915,-0.274,0.000
1668255234555,2022-11-12T14:13:54.555,687.000,0.823,-0.122,0.061
1668255234595,2022-11-12T14:13:54.595,687.040,0.823,-0.152,0.030
1668255234635,2022-11-12T14:13:54.635,687.080,0.884,-0.244,-0.061
1668255234675,2022-11-12T14:13:54.675,687.120,0.793,-0.183,0.000
1668255234715,2022-11-12T14:13:54.715,687.160,0.640,-0.061,0.152
1668255234755,2022-11-12T14:13:54.755,687.200,0.884,-0.061,0.000
1668255234795,2022-11-12T14:13:54.795,687.240,0.976,-0.213,-0.061
1668255234835,2022-11-12T14:13:54.835,687.280,0.854,-0.183,0.030
1668255234875,2022-11-12T14:13:54.875,687.320,0.762,-0.061,0.030
1668255234915,2022-11-12T14:13:54.915,687.360,0.823,-0.183,-0.030
1668255234955,2022-11-12T14:13:54.955,687.400,0.793,-0.213,0.061
1668255234995,2022-11-12T14:13:54.995,687.440,0.823,-0.122,0.000
1668255235035,2022-11-12T14:13:55.035,687.480,0.793,-0.061,-0.061
1668255235075,2022-11-12T14:13:55.075,687.520,0.793,0.000,-0.091
1668255235115,2022-11-12T14:13:55.115,687.560,0.854,-0.274,-0.030
1668255235155,2022-11-12T14:13:55.155,687.600,0.732,-0.366,0.061
1668255235195,2022-11-12T14:13:55.195,687.640,0.823,-0.122,-0.030
1668255235235,2022-11-12T14:13:55.235,687.680,0.732,-0.061,0.000
1668255235275,2022-11-12T14:13:55.275,687.720,0.793,-0.122,0.000
1668255235315,2022-11-12T14:13:55.315,687.760,0.854,-0.244,0.061
1668255235355,2022-11-12T14:13:55.355,687.800,0.762,-0.122,0.030
1668255235395,2022-11-12T14:13:55.395,687.840,0.854,-0.091,-0.030
1668255235435,2022-11-12T14:13:55.435,687.880,0.915,-0.183,0.000
1668255235475,2022-11-12T14:13:55.475,687.920,0.884,-0.061,-0.030
1668255235515,2022-11-12T14:13:55.515,687.960,0.732,-0.091,0.030
1668255235555,2022-11-12T14:13:55.555,688.000,0.701,-0.183,0.030
1668255235595,2022-11-12T14:13:55.595,688.040,0.945,-0.152,-0.122
1668255235635,2022-11-12T14:13:55.635,688.080,0.854,-0.091,0.030
1668255235675,2022-11-12T14:13:55.675,688.120,0.793,-0.122,0.000
1668255235715,2022-11-12T14:13:55.715,688.160,0.793,-0.152,-0.061
1668255235755,2022-11-12T14:13:55.755,688.200,0.793,-0.213,0.000
1668255235795,2022-11-12T14:13:55.795,688.240,0.793,-0.183,-0.030
1668255235835,2022-11-12T14:13:55.835,688.280,0.823,-0.152,-0.061
1668255235875,2022-11-12T14:13:55.875,688.320,0.854,-0.030,0.030
1668255235915,2022-11-12T14:13:55.915,688.360,0.732,-0.152,0.061
1668255235955,2022-11-12T14:13:55.955,688.400,0.823,-0.457,0.000
1668255235995,2022-11-12T14:13:55.995,688.440,0.884,-0.152,-0.061
1668255236035,2022-11-12T14:13:56.035,688.480,0.793,-0.091,-0.030
1668255236075,2022-11-12T14:13:56.075,688.520,0.793,-0.091,0.000
1668255236115,2022-11-12T14:13:56.115,688.560,0.884,-0.244,-0.061
1668255236155,2022-11-12T14:13:56.155,688.600,0.793,-0.244,-0.030
1668255236195,2022-11-12T14:13:56.195,688.640,0.762,-0.030,0.030
1668255236235,2022-11-12T14:13:56.235,688.680,0.823,-0.213,-0.030
1668255236275,2022-11-12T14:13:56.275,688.720,0.854,-0.152,-0.061
1668255236315,2022-11-12T14:13:56.315,688.760,0.884,-0.183,-0.030
1668255236355,2022-11-12T14:13:56.355,688.800,0.762,-0.183,0.061
1668255236395,2022-11-12T14:13:56.395,688.840,0.945,-0.152,-0.152
1668255236435,2022-11-12T14:13:56.435,688.880,0.884,-0.183,-0.122
1668255236475,2022-11-12T14:13:56.475,688.920,0.823,-0.213,0.030
1668255236515,2022-11-12T14:13:56.515,688.960,0.823,-0.152,-0.030
1668255236555,2022-11-12T14:13:56.555,689.000,0.793,-0.213,0.030
1668255236595,2022-11-12T14:13:56.595,689.040,0.945,-0.213,-0.030
1668255236635,2022-11-12T14:13:56.635,689.080,0.823,-0.152,-0.030
1668255236675,2022-11-12T14:13:56.675,689.120,0.823,-0.091,-0.091
1668255236715,2022-11-12T14:13:56.715,689.160,0.854,-0.183,0.000
1668255236755,2022-11-12T14:13:56.755,689.200,0.762,-0.335,0.122
1668255236795,2022-11-12T14:13:56.795,689.240,0.976,-0.335,-0.030
1668255236835,2022-11-12T14:13:56.835,689.280,0.793,-0.213,-0.061
1668255236875,2022-11-12T14:13:56.875,689.320,0.793,-0.152,0.061
1668255236915,2022-11-12T14:13:56.915,689.360,0.915,-0.213,0.000
1668255236955,2022-11-12T14:13:56.955,689.400,0.823,-0.244,0.000
1668255236995,2022-11-12T14:13:56.995,689.440,0.823,-0.122,-0.091
1668255237035,2022-11-12T14:13:57.035,689.480,0.976,-0.274,-0.030
1668255237075,2022-11-12T14:13:57.075,689.520,0.823,-0.213,0.000
1668255237115,2022-11-12T14:13:57.115,689.560,0.915,-0.244,0.000
1668255237155,2022-11-12T14:13:57.155,689.600,0.762,-0.244,0.152
1668255237195,2022-11-12T14:13:57.195,689.640,0.854,-0.305,-0.030
1668255237235,2022-11-12T14:13:57.235,689.680,1.037,-0.305,-0.122
1668255237275,2022-11-12T14:13:57.275,689.720,0.854,-0.213,0.061
1668255237315,2022-11-12T14:13:57.315,689.760,0.884,-0.183,0.030
1668255237355,2022-11-12T14:13:57.355,689.800,0.884,-0.305,-0.030
1668255237395,2022-11-12T14:13:57.395,689.840,0.884,-0.305,0.000
1668255237435,2022-11-12T14:13:57.435,689.880,0.884,-0.152,-0.061
1668255237475,2022-11-12T14:13:57.475,689.920,0.854,-0.091,-0.030
1668255237515,2022-11-12T14:13:57.515,689.960,0.793,-0.152,-0.030
1668255237555,2022-11-12T14:13:57.555,690.000,0.884,-0.457,-0.030
1668255237595,2022-11-12T14:13:57.595,690.040,0.854,-0.335,0.000
1668255237635,2022-11-12T14:13:57.635,690.080,0.854,-0.152,0.000
1668255237675,2022-11-12T14:13:57.675,690.120,0.732,-0.122,0.030
1668255237715,2022-11-12T14:13:57.715,690.160,0.915,-0.305,-0.030
1668255237755,2022-11-12T14:13:57.755,690.200,0.915,-0.274,0.030
1668255237795,2022-11-12T14:13:57.795,690.240,0.793,-0.091,0.061
1668255237835,2022-11-12T14:13:57.835,690.280,0.945,-0.244,-0.030
1668255237875,2022-11-12T14:13:57.875,690.320,0.884,-0.244,-0.061
1668255237915,2022-11-12T14:13:57.915,690.360,0.823,-0.274,0.030
1668255237955,2022-11-12T14:13:57.955,690.400,0.762,-0.274,0.183
1668255237995,2022-11-12T14:13:57.995,690.440,0.854,-0.305,0.000
1668255238035,2022-11-12T14:13:58.035,690.480,1.006,-0.152,-0.061
1668255238075,2022-11-12T14:13:58.075,690.520,0.823,-0.152,0.091
1668255238115,2022-11-12T14:13:58.115,690.560,0.884,-0.305,0.061
1668255238155,2022-11-12T14:13:58.155,690.600,0.854,-0.305,0.030
1668255238195,2022-11-12T14:13:58.195,690.640,0.793,-0.183,0.030
1668255238235,2022-11-12T14:13:58.235,690.680,0.854,-0.091,0.000
1668255238275,2022-11-12T14:13:58.275,690.720,0.823,-0.183,0.000
1668255238315,2022-11-12T14:13:58.315,690.760,0.762,-0.427,0.030
1668255238355,2022-11-12T14:13:58.355,690.800,0.884,-0.244,-0.061
1668255238395,2022-11-12T14:13:58.395,690.840,0.793,-0.030,0.030
1668255238435,2022-11-12T14:13:58.435,690.880,0.671,-0.030,0.061
1668255238475,2022-11-12T14:13:58.475,690.920,0.915,-0.274,-0.091
1668255238515,2022-11-12T14:13:58.515,690.960,0.793,-0.213,0.000
1668255238555,2022-11-12T14:13:58.555,691.000,0.732,-0.152,0.122
1668255238595,2022-11-12T14:13:58.595,691.040,0.915,-0.579,0.000
1668255238635,2022-11-12T14:13:58.635,691.080,0.854,-0.518,-0.061
1668255238675,2022-11-12T14:13:58.675,691.120,0.640,-0.305,0.122
1668255238715,2022-11-12T14:13:58.715,691.160,0.457,-0.091,0.305
1668255238755,2022-11-12T14:13:58.755,691.200,0.854,-0.122,-0.061
1668255238795,2022-11-12T14:13:58.795,691.240,0.823,-0.122,-0.122
1668255238835,2022-11-12T14:13:58.835,691.280,0.671,0.061,0.091
1668255238875,2022-11-12T14:13:58.875,691.320,1.006,-0.183,-0.061
1668255238915,2022-11-12T14:13:58.915,691.360,1.037,-0.305,-0.091
1668255238955,2022-11-12T14:13:58.955,691.400,0.671,0.000,0.030
1668255238995,2022-11-12T14:13:58.995,691.440,0.793,0.061,0.030
1668255239035,2022-11-12T14:13:59.035,691.480,0.793,-0.183,-0.091
1668255239075,2022-11-12T14:13:59.075,691.520,0.823,-0.274,-0.091
1668255239115,2022-11-12T14:13:59.115,691.560,0.854,-0.213,0.030
1668255239155,2022-11-12T14:13:59.155,691.600,0.793,-0.030,0.000
1668255239195,2022-11-12T14:13:59.195,691.640,1.037,-0.122,-0.152
1668255239235,2022-11-12T14:13:59.235,691.680,0.671,-0.152,0.061
1668255239275,2022-11-12T14:13:59.275,691.720,0.762,-0.122,0.000
1668255239315,2022-11-12T14:13:59.315,691.760,0.854,-0.244,0.000
1668255239355,2022-11-12T14:13:59.355,691.800,0.762,-0.152,0.000
1668255239395,2022-11-12T14:13:59.395,691.840,0.854,-0.213,-0.091
1668255239435,2022-11-12T14:13:59.435,691.880,0.610,-0.183,0.183
1668255239475,2022-11-12T14:13:59.475,691.920,0.762,-0.122,0.061
1668255239515,2022-11-12T14:13:59.515,691.960,0.976,0.000,-0.152
1668255239555,2022-11-12T14:13:59.555,692.000,0.732,0.030,0.030
1668255239595,2022-11-12T14:13:59.595,692.040,0.823,-0.183,0.061
1668255239635,2022-11-12T14:13:59.635,692.080,0.884,-0.244,-0.030
1668255239675,2022-11-12T14:13:59.675,692.120,0.762,-0.122,0.000
1668255239715,2022-11-12T14:13:59.715,692.160,0.732,-0.122,0.030
1668255239755,2022-11-12T14:13:59.755,692.200,0.671,-0.091,0.000
1668255239795,2022-11-12T14:13:59.795,692.240,0.884,-0.305,-0.061
1668255239835,2022-11-12T14:13:59.835,692.280,0.793,-0.274,0.000
1668255239875,2022-11-12T14:13:59.875,692.320,0.854,-0.122,-0.122
1668255239915,2022-11-12T14:13:59.915,692.360,0.762,-0.030,0.030
1668255239955,2022-11-12T14:13:59.955,692.400,0.823,-0.152,0.000
1668255239995,2022-11-12T14:13:59.995,692.440,0.823,-0.305,0.030
1668255240035,2022-11-12T14:14:00.035,692.480,0.732,-0.183,0.061
1668255240075,2022-11-12T14:14:00.075,692.520,0.793,-0.213,0.000
1668255240115,2022-11-12T14:14:00.115,692.560,0.945,-0.244,0.000
1668255240155,2022-11-12T14:14:00.155,692.600,1.006,-0.213,0.000
1668255240195,2022-11-12T14:14:00.195,692.640,0.823,-0.183,0.030
1668255240235,2022-11-12T14:14:00.235,692.680,0.762,-0.183,0.000
1668255240275,2022-11-12T14:14:00.275,692.720,0.884,-0.183,-0.091
1668255240315,2022-11-12T14:14:00.315,692.760,0.793,-0.122,0.061
1668255240355,2022-11-12T14:14:00.355,692.800,0.793,-0.152,0.091
1668255240395,2022-11-12T14:14:00.395,692.840,0.915,-0.244,-0.030
1668255240435,2022-11-12T14:14:00.435,692.880,0.915,-0.274,-0.030
1668255240475,2022-11-12T14:14:00.475,692.920,0.823,-0.152,0.061
1668255240515,2022-11-12T14:14:00.515,692.960,0.915,-0.152,-0.030
1668255240555,2022-11-12T14:14:00.555,693.000,0.793,-0.091,0.030
1668255240595,2022-11-12T14:14:00.595,693.040,0.732,-0.366,0.122
1668255240635,2022-11-12T14:14:00.635,693.080,0.915,-0.427,-0.030
1668255240675,2022-11-12T14:14:00.675,693.120,1.006,-0.305,-0.091
1668255240715,2022-11-12T14:14:00.715,693.160,0.823,-0.274,0.091
1668255240755,2022-11-12T14:14:00.755,693.200,0.823,-0.061,0.061
1668255240795,2022-11-12T14:14:00.795,693.240,1.006,-0.244,-0.030
1668255240835,2022-11-12T14:14:00.835,693.280,0.854,-0.305,0.000
1668255240875,2022-11-12T14:14:00.875,693.320,0.823,-0.213,0.030
1668255240915,2022-11-12T14:14:00.915,693.360,0.884,-0.274,0.061
1668255240955,2022-11-12T14:14:00.955,693.400,0.915,-0.244,-0.091
1668255240995,2022-11-12T14:14:00.995,693.440,0.823,-0.274,0.030
1668255241035,2022-11-12T14:14:01.035,693.480,0.793,-0.183,0.122
1668255241075,2022-11-12T14:14:01.075,693.520,1.067,-0.244,-0.152
1668255241115,2022-11-12T14:14:01.115,693.560,0.915,-0.244,0.000
1668255241155,2022-11-12T14:14:01.155,693.600,0.762,-0.152,0.183
1668255241195,2022-11-12T14:14:01.195,693.640,0.915,-0.183,0.000
1668255241235,2022-11-12T14:14:01.235,693.680,1.128,-0.366,-0.030
1668255241275,2022-11-12T14:14:01.275,693.720,0.976,-0.213,0.000
1668255241315,2022-11-12T14:14:01.315,693.760,0.823,-0.030,-0.122
1668255241355,2022-11-12T14:14:01.355,693.800,0.793,-0.091,0.030
1668255241395,2022-11-12T14:14:01.395,693.840,0.854,-0.427,0.122
1668255241435,2022-11-12T14:14:01.435,693.880,1.067,-0.457,-0.061
1668255241475,2022-11-12T14:14:01.475,693.920,0.976,-0.244,-0.030
1668255241515,2022-11-12T14:14:01.515,693.960,0.854,-0.061,0.061
1668255241555,2022-11-12T14:14:01.555,694.000,0.945,-0.335,-0.061
1668255241595,2022-11-12T14:14:01.595,694.040,0.945,-0.366,-0.030
1668255241635,2022-11-12T14:14:01.635,694.080,0.854,-0.122,0.000
1668255241675,2022-11-12T14:14:01.675,694.120,0.884,-0.305,0.030
1668255241715,2022-11-12T14:14:01.715,694.160,0.915,-0.213,-0.030
1668255241755,2022-11-12T14:14:01.755,694.200,0.945,-0.183,0.030
1668255241795,2022-11-12T14:14:01.795,694.240,0.762,-0.061,0.122
1668255241835,2022-11-12T14:14:01.835,694.280,0.823,-0.122,-0.030
1668255241875,2022-11-12T14:14:01.875,694.320,0.915,-0.305,-0.030
1668255241915,2022-11-12T14:14:01.915,694.360,0.823,-0.183,0.030
1668255241955,2022-11-12T14:14:01.955,694.400,0.823,-0.061,0.000
1668255241995,2022-11-12T14:14:01.995,694.440,0.793,-0.183,0.091
1668255242035,2022-11-12T14:14:02.035,694.480,0.884,-0.213,-0.122
1668255242075,2022-11-12T14:14:02.075,694.520,1.006,-0.122,-0.183
1668255242115,2022-11-12T14:14:02.115,694.560,0.579,-0.122,0.274
1668255242155,2022-11-12T14:14:02.155,694.600,0.793,-0.274,0.122
1668255242195,2022-11-12T14:14:02.195,694.640,1.037,-0.213,-0.152
1668255242235,2022-11-12T14:14:02.235,694.680,0.701,-0.122,0.030
1668255242275,2022-11-12T14:14:02.275,694.720,0.732,-0.061,0.061
1668255242315,2022-11-12T14:14:02.315,694.760,0.915,-0.305,-0.152
1668255242355,2022-11-12T14:14:02.355,694.800,0.732,-0.213,-0.030
1668255242395,2022-11-12T14:14:02.395,694.840,0.762,-0.122,0.122
1668255242435,2022-11-12T14:14:02.435,694.880,0.793,-0.091,-0.030
1668255242475,2022-11-12T14:14:02.475,694.920,0.915,-0.091,-0.152
1668255242515,2022-11-12T14:14:02.515,694.960,0.640,-0.122,0.152
1668255242555,2022-11-12T14:14:02.555,695.000,0.610,-0.152,0.122
1668255242595,2022-11-12T14:14:02.595,695.040,0.945,-0.274,-0.213
1668255242635,2022-11-12T14:14:02.635,695.080,0.915,-0.152,0.000
1668255242675,2022-11-12T14:14:02.675,695.120,0.762,-0.091,0.152
1668255242715,2022-11-12T14:14:02.715,695.160,0.823,-0.213,0.000
1668255242755,2022-11-12T14:14:02.755,695.200,0.854,-0.183,-0.122
1668255242795,2022-11-12T14:14:02.795,695.240,0.732,0.000,-0.061
1668255242835,2022-11-12T14:14:02.835,695.280,0.640,0.030,0.091
1668255242875,2022-11-12T14:14:02.875,695.320,1.006,-0.274,0.030
1668255242915,2022-11-12T14:14:02.915,695.360,1.067,-0.274,-0.091
1668255242955,2022-11-12T14:14:02.955,695.400,0.793,-0.122,0.000
1668255242995,2022-11-12T14:14:02.995,695.440,0.762,-0.061,0.000
1668255243035,2022-11-12T14:14:03.035,695.480,0.915,-0.244,-0.091
1668255243075,2022-11-12T14:14:03.075,695.520,0.854,-0.244,-0.152
1668255243115,2022-11-12T14:14:03.115,695.560,0.549,-0.091,0.030
1668255243155,2022-11-12T14:14:03.155,695.600,0.701,-0.183,0.000
1668255243195,2022-11-12T14:14:03.195,695.640,0.854,-0.213,-0.091
1668255243235,2022-11-12T14:14:03.235,695.680,0.762,-0.244,0.030
1668255243275,2022-11-12T14:14:03.275,695.720,0.640,-0.183,0.122
1668255243315,2022-11-12T14:14:03.315,695.760,0.823,-0.152,0.061
1668255243355,2022-11-12T14:14:03.355,695.800,0.884,-0.061,-0.030
1668255243395,2022-11-12T14:14:03.395,695.840,0.854,-0.030,-0.030
1668255243435,2022-11-12T14:14:03.435,695.880,0.884,-0.152,-0.091
1668255243475,2022-11-12T14:14:03.475,695.920,0.671,-0.274,0.030
1668255243515,2022-11-12T14:14:03.515,695.960,0.701,-0.213,0.061
1668255243555,2022-11-12T14:14:03.555,696.000,0.640,-0.152,0.030
1668255243595,2022-11-12T14:14:03.595,696.040,0.610,-0.091,0.030
1668255243635,2022-11-12T14:14:03.635,696.080,0.793,-0.335,0.000
1668255243675,2022-11-12T14:14:03.675,696.120,0.945,-0.274,-0.030
1668255243715,2022-11-12T14:14:03.715,696.160,0.945,-0.213,0.000
1668255243755,2022-11-12T14:14:03.755,696.200,0.976,-0.244,-0.061
1668255243795,2022-11-12T14:14:03.795,696.240,0.915,-0.213,-0.152
1668255243835,2022-11-12T14:14:03.835,696.280,0.732,-0.244,0.091
1668255243875,2022-11-12T14:14:03.875,696.320,0.671,-0.061,0.091
1668255243915,2022-11-12T14:14:03.915,696.360,0.823,-0.183,-0.061
1668255243955,2022-11-12T14:14:03.955,696.400,0.823,-0.152,-0.122
1668255243995,2022-11-12T14:14:03.995,696.440,0.823,-0.305,-0.152
1668255244035,2022-11-12T14:14:04.035,696.480,0.823,-0.549,-0.122
1668255244075,2022-11-12T14:14:04.075,696.520,0.488,-0.396,0.152
1668255244115,2022-11-12T14:14:04.115,696.560,0.549,-0.030,0.091
1668255244155,2022-11-12T14:14:04.155,696.600,0.823,-0.030,-0.122
1668255244195,2022-11-12T14:14:04.195,696.640,1.037,-0.213,-0.061
1668255244235,2022-11-12T14:14:04.235,696.680,0.945,-0.152,0.122
1668255244275,2022-11-12T14:14:04.275,696.720,1.098,-0.091,-0.030
1668255244315,2022-11-12T14:14:04.315,696.760,1.098,-0.030,-0.061
1668255244355,2022-11-12T14:14:04.355,696.800,0.823,0.061,0.091
1668255244395,2022-11-12T14:14:04.395,696.840,0.884,-0.152,0.000
1668255244435,2022-11-12T14:14:04.435,696.880,1.037,-0.396,-0.091
1668255244475,2022-11-12T14:14:04.475,696.920,0.854,-0.305,0.030
1668255244515,2022-11-12T14:14:04.515,696.960,0.854,-0.152,0.061
1668255244555,2022-11-12T14:14:04.555,697.000,0.976,-0.213,0.000
1668255244595,2022-11-12T14:14:04.595,697.040,0.854,-0.335,0.091
1668255244635,2022-11-12T14:14:04.635,697.080,1.006,-0.213,-0.061
1668255244675,2022-11-12T14:14:04.675,697.120,0.945,-0.244,-0.030
1668255244715,2022-11-12T14:14:04.715,697.160,0.884,-0.244,-0.030
1668255244755,2022-11-12T14:14:04.755,697.200,0.915,-0.335,0.000
1668255244795,2022-11-12T14:14:04.795,697.240,0.854,-0.244,-0.030
1668255244835,2022-11-12T14:14:04.835,697.280,0.793,-0.244,0.061
1668255244875,2022-11-12T14:14:04.875,697.320,0.762,-0.244,0.122
1668255244915,2022-11-12T14:14:04.915,697.360,0.793,-0.183,0.091
1668255244955,2022-11-12T14:14:04.955,697.400,1.067,-0.274,-0.030
1668255244995,2022-11-12T14:14:04.995,697.440,1.098,-0.274,-0.122
1668255245035,2022-11-12T14:14:05.035,697.480,1.067,-0.152,-0.091
1668255245075,2022-11-12T14:14:05.075,697.520,0.762,-0.183,0.122
1668255245115,2022-11-12T14:14:05.115,697.560,0.732,-0.457,0.061
1668255245155,2022-11-12T14:14:05.155,697.600,0.701,-0.183,-0.061
1668255245195,2022-11-12T14:14:05.195,697.640,0.579,-0.183,0.183
1668255245235,2022-11-12T14:14:05.235,697.680,0.823,-0.213,0.091
1668255245275,2022-11-12T14:14:05.275,697.720,1.006,-0.244,0.030
1668255245315,2022-11-12T14:14:05.315,697.760,0.854,-0.183,0.091
1668255245355,2022-11-12T14:14:05.355,697.800,0.793,-0.183,0.000
1668255245395,2022-11-12T14:14:05.395,697.840,0.915,-0.244,-0.030
1668255245435,2022-11-12T14:14:05.435,697.880,0.915,-0.152,0.000
1668255245475,2022-11-12T14:14:05.475,697.920,0.793,-0.122,0.091
1668255245515,2022-11-12T14:14:05.515,697.960,0.701,-0.518,0.244
1668255245555,2022-11-12T14:14:05.555,698.000,0.976,-0.610,0.061
1668255245595,2022-11-12T14:14:05.595,698.040,0.945,-0.274,-0.030
1668255245635,2022-11-12T14:14:05.635,698.080,0.640,-0.030,0.152
1668255245675,2022-11-12T14:14:05.675,698.120,0.701,-0.030,-0.030
1668255245715,2022-11-12T14:14:05.715,698.160,0.549,0.000,-0.457
1668255245755,2022-11-12T14:14:05.755,698.200,0.854,-0.244,-0.549
1668255245795,2022-11-12T14:14:05.795,698.240,0.091,-0.213,0.000
1668255245835,2022-11-12T14:14:05.835,698.280,1.982,-0.640,-0.457
1668255245875,2022-11-12T14:14:05.875,698.320,0.488,-0.183,0.518
1668255245915,2022-11-12T14:14:05.915,698.360,0.945,-0.122,0.000
1668255245955,2022-11-12T14:14:05.955,698.400,0.854,-0.274,-0.030
1668255245995,2022-11-12T14:14:05.995,698.440,0.701,-0.213,0.122
1668255246035,2022-11-12T14:14:06.035,698.480,0.671,-0.091,0.061
1668255246075,2022-11-12T14:14:06.075,698.520,0.915,-0.274,-0.030
1668255246115,2022-11-12T14:14:06.115,698.560,0.854,-0.457,0.000
1668255246155,2022-11-12T14:14:06.155,698.600,0.701,-0.274,0.183
1668255246195,2022-11-12T14:14:06.195,698.640,0.762,-0.030,0.091
1668255246235,2022-11-12T14:14:06.235,698.680,1.067,-0.122,-0.152
1668255246275,2022-11-12T14:14:06.275,698.720,1.037,-0.183,-0.061
1668255246315,2022-11-12T14:14:06.315,698.760,0.701,-0.061,0.122
1668255246355,2022-11-12T14:14:06.355,698.800,0.854,-0.152,-0.061
1668255246395,2022-11-12T14:14:06.395,698.840,0.976,-0.122,0.000
1668255246435,2022-11-12T14:14:06.435,698.880,0.640,-0.274,0.244
1668255246475,2022-11-12T14:14:06.475,698.920,1.037,-0.396,-0.061
1668255246515,2022-11-12T14:14:06.515,698.960,1.067,-0.244,-0.152
1668255246555,2022-11-12T14:14:06.555,699.000,1.006,-0.213,0.030
1668255246595,2022-11-12T14:14:06.595,699.040,1.189,-0.457,-0.030
1668255246635,2022-11-12T14:14:06.635,699.080,0.915,-0.457,0.122
1668255246675,2022-11-12T14:14:06.675,699.120,0.884,-0.183,0.030
1668255246715,2022-11-12T14:14:06.715,699.160,0.701,-0.274,0.122
1668255246755,2022-11-12T14:14:06.755,699.200,0.762,-0.244,0.061
1668255246795,2022-11-12T14:14:06.795,699.240,0.915,-0.274,0.000
1668255246835,2022-11-12T14:14:06.835,699.280,0.518,-0.030,0.274
1668255246875,2022-11-12T14:14:06.875,699.320,0.823,0.122,0.091
1668255246915,2022-11-12T14:14:06.915,699.360,1.098,-0.091,-0.244
1668255246955,2022-11-12T14:14:06.955,699.400,0.884,-0.244,-0.122
1668255246995,2022-11-12T14:14:06.995,699.440,0.854,-0.183,-0.091
1668255247035,2022-11-12T14:14:07.035,699.480,0.640,0.091,0.030
1668255247075,2022-11-12T14:14:07.075,699.520,0.854,-0.183,0.061
1668255247115,2022-11-12T14:14:07.115,699.560,0.915,-0.244,-0.061
1668255247155,2022-11-12T14:14:07.155,699.600,0.732,-0.061,-0.061
1668255247195,2022-11-12T14:14:07.195,699.640,0.701,-0.122,0.030
1668255247235,2022-11-12T14:14:07.235,699.680,0.640,-0.091,0.030
1668255247275,2022-11-12T14:14:07.275,699.720,0.854,-0.152,-0.061
1668255247315,2022-11-12T14:14:07.315,699.760,0.671,-0.061,0.030
1668255247355,2022-11-12T14:14:07.355,699.800,0.701,-0.091,0.030
1668255247395,2022-11-12T14:14:07.395,699.840,0.945,-0.183,-0.091
1668255247435,2022-11-12T14:14:07.435,699.880,0.793,-0.061,-0.030
1668255247475,2022-11-12T14:14:07.475,699.920,0.854,-0.213,0.061
1668255247515,2022-11-12T14:14:07.515,699.960,0.762,-0.244,0.030
1668255247555,2022-11-12T14:14:07.555,700.000,0.793,-0.244,-0.122
1668255247595,2022-11-12T14:14:07.595,700.040,0.823,-0.152,-0.061
1668255247635,2022-11-12T14:14:07.635,700.080,0.610,0.000,0.091
1668255247675,2022-11-12T14:14:07.675,700.120,0.823,-0.030,-0.122
1668255247715,2022-11-12T14:14:07.715,700.160,0.854,-0.183,-0.061
1668255247755,2022-11-12T14:14:07.755,700.200,0.732,-0.366,0.030
1668255247795,2022-11-12T14:14:07.795,700.240,0.915,-0.183,-0.061
1668255247835,2022-11-12T14:14:07.835,700.280,0.762,-0.030,-0.030
1668255247875,2022-11-12T14:14:07.875,700.320,0.732,-0.030,0.000
1668255247915,2022-11-12T14:14:07.915,700.360,0.884,-0.213,0.000
1668255247955,2022-11-12T14:14:07.955,700.400,0.762,-0.122,0.061
1668255247995,2022-11-12T14:14:07.995,700.440,0.854,0.000,-0.030
1668255248035,2022-11-12T14:14:08.035,700.480,0.823,-0.213,-0.122
1668255248075,2022-11-12T14:14:08.075,700.520,0.640,-0.335,0.030
1668255248115,2022-11-12T14:14:08.115,700.560,0.732,-0.091,0.091
1668255248155,2022-11-12T14:14:08.155,700.600,0.884,-0.061,0.000
1668255248195,2022-11-12T14:14:08.195,700.640,0.915,-0.183,-0.183
1668255248235,2022-11-12T14:14:08.235,700.680,0.976,-0.244,-0.091
1668255248275,2022-11-12T14:14:08.275,700.720,0.762,-0.183,0.091
1668255248315,2022-11-12T14:14:08.315,700.760,0.701,-0.152,0.030
1668255248355,2022-11-12T14:14:08.355,700.800,0.793,-0.122,-0.122
1668255248395,2022-11-12T14:14:08.395,700.840,0.762,-0.030,-0.122
1668255248435,2022-11-12T14:14:08.435,700.880,0.823,-0.152,0.030
1668255248475,2022-11-12T14:14:08.475,700.920,0.762,-0.335,0.000
1668255248515,2022-11-12T14:14:08.515,700.960,0.823,-0.122,-0.213
1668255248555,2022-11-12T14:14:08.555,701.000,0.701,-0.061,-0.061
1668255248595,2022-11-12T14:14:08.595,701.040,0.732,-0.152,0.030
1668255248635,2022-11-12T14:14:08.635,701.080,1.006,-0.366,-0.061
1668255248675,2022-11-12T14:14:08.675,701.120,0.762,-0.244,-0.061
1668255248715,2022-11-12T14:14:08.715,701.160,0.640,-0.091,0.030
1668255248755,2022-11-12T14:14:08.755,701.200,0.823,-0.183,-0.061
1668255248795,2022-11-12T14:14:08.795,701.240,0.854,-0.183,-0.061
1668255248835,2022-11-12T14:14:08.835,701.280,0.823,-0.183,0.061
1668255248875,2022-11-12T14:14:08.875,701.320,0.671,-0.244,0.152
1668255248915,2022-11-12T14:14:08.915,701.360,0.915,-0.213,-0.122
1668255248955,2022-11-12T14:14:08.955,701.400,0.823,-0.152,-0.091
1668255248995,2022-11-12T14:14:08.995,701.440,0.762,-0.213,0.000
1668255249035,2022-11-12T14:14:09.035,701.480,0.762,-0.183,0.000
1668255249075,2022-11-12T14:14:09.075,701.520,1.006,-0.244,-0.061
1668255249115,2022-11-12T14:14:09.115,701.560,0.854,-0.335,0.000
1668255249155,2022-11-12T14:14:09.155,701.600,0.945,-0.244,-0.030
1668255249195,2022-11-12T14:14:09.195,701.640,0.945,-0.274,0.000
1668255249235,2022-11-12T14:14:09.235,701.680,0.854,-0.122,-0.030
1668255249275,2022-11-12T14:14:09.275,701.720,0.915,-0.427,0.030
1668255249315,2022-11-12T14:14:09.315,701.760,0.823,-0.610,0.122
1668255249355,2022-11-12T14:14:09.355,701.800,0.945,-0.488,-0.091
1668255249395,2022-11-12T14:14:09.395,701.840,0.701,-0.335,0.030
1668255249435,2022-11-12T14:14:09.435,701.880,0.610,-0.335,0.030
1668255249475,2022-11-12T14:14:09.475,701.920,0.945,-0.427,-0.122
1668255249515,2022-11-12T14:14:09.515,701.960,0.884,-0.213,-0.030
1668255249555,2022-11-12T14:14:09.555,702.000,0.884,-0.122,-0.061
1668255249595,2022-11-12T14:14:09.595,702.040,1.037,-0.274,-0.061
1668255249635,2022-11-12T14:14:09.635,702.080,0.884,-0.244,0.000
1668255249675,2022-11-12T14:14:09.675,702.120,0.884,-0.183,0.030
1668255249715,2022-11-12T14:14:09.715,702.160,0.701,-0.183,0.091
1668255249755,2022-11-12T14:14:09.755,702.200,0.823,-0.244,-0.030
1668255249795,2022-11-12T14:14:09.795,702.240,0.915,-0.244,-0.091
1668255249835,2022-11-12T14:14:09.835,702.280,0.793,-0.244,0.061
1668255249875,2022-11-12T14:14:09.875,702.320,0.915,-0.244,0.000
1668255249915,2022-11-12T14:14:09.915,702.360,1.006,-0.213,-0.030
1668255249955,2022-11-12T14:14:09.955,702.400,0.884,-0.274,0.000
1668255249995,2022-11-12T14:14:09.995,702.440,0.793,-0.091,-0.091
1668255250035,2022-11-12T14:14:10.035,702.480,0.854,-0.061,-0.061
1668255250075,2022-11-12T14:14:10.075,702.520,0.884,-0.427,0.061
1668255250115,2022-11-12T14:14:10.115,702.560,0.854,-0.396,-0.030
1668255250155,2022-11-12T14:14:10.155,702.600,0.884,-0.030,-0.061
1668255250195,2022-11-12T14:14:10.195,702.640,0.701,-0.061,0.091
1668255250235,2022-11-12T14:14:10.235,702.680,0.793,-0.183,0.000
1668255250275,2022-11-12T14:14:10.275,702.720,0.976,-0.213,-0.061
1668255250315,2022-11-12T14:14:10.315,702.760,0.701,-0.030,0.061
1668255250355,2022-11-12T14:14:10.355,702.800,0.854,-0.152,-0.061
1668255250395,2022-11-12T14:14:10.395,702.840,0.945,-0.183,-0.091
1668255250435,2022-11-12T14:14:10.435,702.880,0.762,-0.122,0.061
1668255250475,2022-11-12T14:14:10.475,702.920,0.640,-0.030,0.061
1668255250515,2022-11-12T14:14:10.515,702.960,0.732,-0.030,-0.030
1668255250555,2022-11-12T14:14:10.555,703.000,1.006,-0.183,-0.091
1668255250595,2022-11-12T14:14:10.595,703.040,0.732,-0.061,0.030
1668255250635,2022-11-12T14:14:10.635,703.080,0.854,-0.152,0.000
1668255250675,2022-11-12T14:14:10.675,703.120,0.854,-0.122,-0.030
1668255250715,2022-11-12T14:14:10.715,703.160,0.823,0.030,-0.061
1668255250755,2022-11-12T14:14:10.755,703.200,0.823,-0.030,0.061
1668255250795,2022-11-12T14:14:10.795,703.240,0.732,-0.396,0.030
1668255250835,2022-11-12T14:14:10.835,703.280,0.945,-0.305,-0.152
1668255250875,2022-11-12T14:14:10.875,703.320,0.762,-0.030,0.030
1668255250915,2022-11-12T14:14:10.915,703.360,0.793,-0.030,0.061
1668255250955,2022-11-12T14:14:10.955,703.400,0.976,-0.183,-0.091
1668255250995,2022-11-12T14:14:10.995,703.440,0.762,-0.091,0.000
1668255251035,2022-11-12T14:14:11.035,703.480,0.732,-0.091,0.030
1668255251075,2022-11-12T14:14:11.075,703.520,0.854,-0.213,0.030
1668255251115,2022-11-12T14:14:11.115,703.560,0.915,-0.152,-0.030
1668255251155,2022-11-12T14:14:11.155,703.600,0.793,-0.061,0.030
1668255251195,2022-11-12T14:14:11.195,703.640,0.640,-0.091,0.091
1668255251235,2022-11-12T14:14:11.235,703.680,0.915,-0.183,-0.122
1668255251275,2022-11-12T14:14:11.275,703.720,0.915,-0.152,0.000
1668255251315,2022-11-12T14:14:11.315,703.760,0.762,-0.152,0.061
1668255251355,2022-11-12T14:14:11.355,703.800,0.854,-0.183,-0.030
1668255251395,2022-11-12T14:14:11.395,703.840,0.915,-0.122,-0.030
1668255251435,2022-11-12T14:14:11.435,703.880,0.793,-0.091,0.000
1668255251475,2022-11-12T14:14:11.475,703.920,0.762,-0.122,0.030
1668255251515,2022-11-12T14:14:11.515,703.960,0.823,-0.396,0.061
1668255251555,2022-11-12T14:14:11.555,704.000,0.884,-0.274,-0.091
1668255251595,2022-11-12T14:14:11.595,704.040,0.671,0.000,0.061
1668255251635,2022-11-12T14:14:11.635,704.080,0.762,-0.091,0.030
1668255251675,2022-11-12T14:14:11.675,704.120,0.915,-0.244,-0.091
1668255251715,2022-11-12T14:14:11.715,704.160,0.762,-0.213,0.030
1668255251755,2022-11-12T14:14:11.755,704.200,0.854,-0.030,0.000
1668255251795,2022-11-12T14:14:11.795,704.240,0.854,-0.152,-0.030
1668255251835,2022-11-12T14:14:11.835,704.280,0.823,-0.122,0.030
1668255251875,2022-11-12T14:14:11.875,704.320,0.793,-0.091,0.030
1668255251915,2022-11-12T14:14:11.915,704.360,0.671,-0.091,0.091
1668255251955,2022-11-12T14:14:11.955,704.400,0.884,-0.183,-0.030
1668255251995,2022-11-12T14:14:11.995,704.440,0.945,-0.183,-0.061
1668255252035,2022-11-12T14:14:12.035,704.480,0.671,-0.122,0.091
1668255252075,2022-11-12T14:14:12.075,704.520,0.854,-0.152,0.000
1668255252115,2022-11-12T14:14:12.115,704.560,0.884,-0.213,-0.030
1668255252155,2022-11-12T14:14:12.155,704.600,0.732,-0.091,-0.030
1668255252195,2022-11-12T14:14:12.195,704.640,0.762,-0.061,-0.030
1668255252235,2022-11-12T14:14:12.235,704.680,0.793,-0.122,0.000
1668255252275,2022-11-12T14:14:12.275,704.720,0.762,-0.396,0.030
1668255252315,2022-11-12T14:14:12.315,704.760,0.884,-0.244,-0.091
1668255252355,2022-11-12T14:14:12.355,704.800,0.823,-0.122,-0.030
1668255252395,2022-11-12T14:14:12.395,704.840,0.732,-0.091,0.000
1668255252435,2022-11-12T14:14:12.435,704.880,0.884,-0.152,-0.091
1668255252475,2022-11-12T14:14:12.475,704.920,0.823,-0.213,0.030
1668255252515,2022-11-12T14:14:12.515,704.960,0.762,-0.122,0.000
1668255252555,2022-11-12T14:14:12.555,705.000,0.854,-0.183,0.000
1668255252595,2022-11-12T14:14:12.595,705.040,0.854,-0.213,0.000
1668255252635,2022-11-12T14:14:12.635,705.080,0.854,-0.152,-0.030
1668255252675,2022-11-12T14:14:12.675,705.120,0.701,-0.122,0.030
1668255252715,2022-11-12T14:14:12.715,705.160,0.823,-0.122,-0.030
1668255252755,2022-11-12T14:14:12.755,705.200,0.854,-0.152,-0.030
1668255252795,2022-11-12T14:14:12.795,705.240,0.854,-0.152,0.061
1668255252835,2022-11-12T14:14:12.835,705.280,0.640,0.122,0.030
1668255252875,2022-11-12T14:14:12.875,705.320,0.701,0.152,0.000
1668255252915,2022-11-12T14:14:12.915,705.360,0.793,-0.122,0.030
1668255252955,2022-11-12T14:14:12.955,705.400,0.884,-0.274,0.030
1668255252995,2022-11-12T14:14:12.995,705.440,0.854,-0.396,0.061
1668255253035,2022-11-12T14:14:13.035,705.480,0.884,-0.671,0.091
1668255253075,2022-11-12T14:14:13.075,705.520,0.976,-0.518,-0.061
1668255253115,2022-11-12T14:14:13.115,705.560,0.945,-0.274,-0.061
1668255253155,2022-11-12T14:14:13.155,705.600,0.701,-0.152,0.091
1668255253195,2022-11-12T14:14:13.195,705.640,0.915,-0.244,-0.030
1668255253235,2022-11-12T14:14:13.235,705.680,0.884,-0.366,0.000
1668255253275,2022-11-12T14:14:13.275,705.720,0.701,-0.183,0.030
1668255253315,2022-11-12T14:14:13.315,705.760,0.915,-0.213,0.000
1668255253355,2022-11-12T14:14:13.355,705.800,0.884,-0.213,-0.030
1668255253395,2022-11-12T14:14:13.395,705.840,0.915,-0.213,-0.061
1668255253435,2022-11-12T14:14:13.435,705.880,0.732,-0.213,0.091
1668255253475,2022-11-12T14:14:13.475,705.920,0.884,-0.335,0.000
1668255253515,2022-11-12T14:14:13.515,705.960,0.945,-0.274,-0.152
1668255253555,2022-11-12T14:14:13.555,706.000,0.823,-0.213,-0.030
1668255253595,2022-11-12T14:14:13.595,706.040,0.732,-0.244,0.091
1668255253635,2022-11-12T14:14:13.635,706.080,0.945,-0.274,0.000
1668255253675,2022-11-12T14:14:13.675,706.120,0.915,-0.335,-0.030
1668255253715,2022-11-12T14:14:13.715,706.160,0.823,-0.152,-0.061
1668255253755,2022-11-12T14:14:13.755,706.200,0.884,-0.152,-0.091
1668255253795,2022-11-12T14:14:13.795,706.240,0.762,-0.213,0.061
1668255253835,2022-11-12T14:14:13.835,706.280,0.854,-0.427,0.000
1668255253875,2022-11-12T14:14:13.875,706.320,0.915,-0.335,-0.061
1668255253915,2022-11-12T14:14:13.915,706.360,0.823,-0.152,0.030
1668255253955,2022-11-12T14:14:13.955,706.400,0.793,-0.122,-0.030
1668255253995,2022-11-12T14:14:13.995,706.440,0.915,-0.274,-0.030
1668255254035,2022-11-12T14:14:14.035,706.480,0.854,-0.244,0.030
1668255254075,2022-11-12T14:14:14.075,706.520,0.793,-0.152,0.030
1668255254115,2022-11-12T14:14:14.115,706.560,0.945,-0.244,0.030
1668255254155,2022-11-12T14:14:14.155,706.600,0.915,-0.305,-0.030
1668255254195,2022-11-12T14:14:14.195,706.640,0.854,-0.213,0.061
1668255254235,2022-11-12T14:14:14.235,706.680,0.610,-0.122,0.183
1668255254275,2022-11-12T14:14:14.275,706.720,0.793,-0.244,0.030
1668255254315,2022-11-12T14:14:14.315,706.760,0.915,-0.152,-0.061
1668255254355,2022-11-12T14:14:14.355,706.800,0.793,-0.061,0.030
1668255254395,2022-11-12T14:14:14.395,706.840,0.945,-0.183,-0.030
1668255254435,2022-11-12T14:14:14.435,706.880,0.793,-0.122,-0.030
1668255254475,2022-11-12T14:14:14.475,706.920,0.732,0.000,-0.030
1668255254515,2022-11-12T14:14:14.515,706.960,0.793,0.000,0.000
1668255254555,2022-11-12T14:14:14.555,707.000,0.762,-0.274,0.030
1668255254595,2022-11-12T14:14:14.595,707.040,0.884,-0.244,-0.122
1668255254635,2022-11-12T14:14:14.635,707.080,0.793,-0.122,0.000
1668255254675,2022-11-12T14:14:14.675,707.120,0.701,-0.091,0.030
1668255254715,2022-11-12T14:14:14.715,707.160,0.823,-0.183,-0.061
1668255254755,2022-11-12T14:14:14.755,707.200,0.823,-0.213,0.000
1668255254795,2022-11-12T14:14:14.795,707.240,0.701,-0.122,0.091
1668255254835,2022-11-12T14:14:14.835,707.280,0.793,-0.152,-0.030
1668255254875,2022-11-12T14:14:14.875,707.320,0.976,-0.122,-0.091
1668255254915,2022-11-12T14:14:14.915,707.360,0.793,-0.122,0.030
1668255254955,2022-11-12T14:14:14.955,707.400,0.640,-0.213,0.122
1668255254995,2022-11-12T14:14:14.995,707.440,0.884,-0.274,-0.061
1668255255035,2022-11-12T14:14:15.035,707.480,0.793,-0.274,-0.061
1668255255075,2022-11-12T14:14:15.075,707.520,0.762,-0.213,0.000
1668255255115,2022-11-12T14:14:15.115,707.560,0.701,-0.335,0.000
1668255255155,2022-11-12T14:14:15.155,707.600,0.671,-0.274,0.000
1668255255195,2022-11-12T14:14:15.195,707.640,0.701,-0.061,0.000
1668255255235,2022-11-12T14:14:15.235,707.680,0.610,0.000,0.061
1668255255275,2022-11-12T14:14:15.275,707.720,0.701,-0.366,0.000
1668255255315,2022-11-12T14:14:15.315,707.760,0.945,-0.244,-0.122
1668255255355,2022-11-12T14:14:15.355,707.800,0.884,-0.061,-0.030
1668255255395,2022-11-12T14:14:15.395,707.840,0.915,-0.030,-0.061
1668255255435,2022-11-12T14:14:15.435,707.880,0.976,-0.061,-0.183
1668255255475,2022-11-12T14:14:15.475,707.920,0.701,-0.183,-0.030
1668255255515,2022-11-12T14:14:15.515,707.960,0.549,-0.152,0.122
1668255255555,2022-11-12T14:14:15.555,708.000,0.640,-0.213,0.122
1668255255595,2022-11-12T14:14:15.595,708.040,0.884,-0.213,-0.061
1668255255635,2022-11-12T14:14:15.635,708.080,0.915,-0.183,-0.061
1668255255675,2022-11-12T14:14:15.675,708.120,0.701,-0.152,0.152
1668255255715,2022-11-12T14:14:15.715,708.160,0.945,-0.152,-0.061
1668255255755,2022-11-12T14:14:15.755,708.200,1.006,-0.213,-0.122
1668255255795,2022-11-12T14:14:15.795,708.240,0.823,-0.152,0.061
1668255255835,2022-11-12T14:14:15.835,708.280,0.823,-0.213,0.000
1668255255875,2022-11-12T14:14:15.875,708.320,0.854,-0.244,-0.030
1668255255915,2022-11-12T14:14:15.915,708.360,0.762,-0.091,-0.061
1668255255955,2022-11-12T14:14:15.955,708.400,0.762,0.000,0.061
1668255255995,2022-11-12T14:14:15.995,708.440,0.884,-0.396,0.030
1668255256035,2022-11-12T14:14:16.035,708.480,0.945,-0.335,-0.061
1668255256075,2022-11-12T14:14:16.075,708.520,0.793,-0.122,-0.030
1668255256115,2022-11-12T14:14:16.115,708.560,0.701,-0.061,0.061
1668255256155,2022-11-12T14:14:16.155,708.600,0.976,-0.152,-0.091
1668255256195,2022-11-12T14:14:16.195,708.640,0.793,-0.244,-0.030
1668255256235,2022-11-12T14:14:16.235,708.680,0.732,-0.122,0.061
1668255256275,2022-11-12T14:14:16.275,708.720,0.762,-0.183,0.000
1668255256315,2022-11-12T14:14:16.315,708.760,0.854,-0.091,-0.061
1668255256355,2022-11-12T14:14:16.355,708.800,0.732,0.000,-0.030
1668255256395,2022-11-12T14:14:16.395,708.840,0.671,-0.091,0.183
1668255256435,2022-11-12T14:14:16.435,708.880,0.915,-0.213,0.030
1668255256475,2022-11-12T14:14:16.475,708.920,1.067,-0.244,-0.091
1668255256515,2022-11-12T14:14:16.515,708.960,0.854,-0.244,0.061
1668255256555,2022-11-12T14:14:16.555,709.000,0.884,-0.305,0.030
1668255256595,2022-11-12T14:14:16.595,709.040,0.945,-0.213,-0.091
1668255256635,2022-11-12T14:14:16.635,709.080,0.884,-0.183,-0.030
1668255256675,2022-11-12T14:14:16.675,709.120,0.793,-0.061,0.000
1668255256715,2022-11-12T14:14:16.715,709.160,0.854,-0.274,0.061
1668255256755,2022-11-12T14:14:16.755,709.200,0.976,-0.518,-0.091
1668255256795,2022-11-12T14:14:16.795,709.240,0.915,-0.305,-0.091
1668255256835,2022-11-12T14:14:16.835,709.280,0.823,-0.183,0.030
1668255256875,2022-11-12T14:14:16.875,709.320,0.823,-0.183,0.030
1668255256915,2022-11-12T14:14:16.915,709.360,0.945,-0.396,-0.030
1668255256955,2022-11-12T14:14:16.955,709.400,0.884,-0.183,0.000
1668255256995,2022-11-12T14:14:16.995,709.440,0.945,-0.152,0.000
1668255257035,2022-11-12T14:14:17.035,709.480,0.854,-0.427,0.000
1668255257075,2022-11-12T14:14:17.075,709.520,0.976,-0.244,-0.091
1668255257115,2022-11-12T14:14:17.115,709.560,0.762,-0.183,0.091
1668255257155,2022-11-12T14:14:17.155,709.600,0.671,-0.244,0.152
1668255257195,2022-11-12T14:14:17.195,709.640,0.976,-0.213,-0.122
1668255257235,2022-11-12T14:14:17.235,709.680,0.884,-0.274,-0.030
1668255257275,2022-11-12T14:14:17.275,709.720,0.884,-0.244,0.091
1668255257315,2022-11-12T14:14:17.315,709.760,1.006,-0.244,-0.061
1668255257355,2022-11-12T14:14:17.355,709.800,0.884,-0.244,-0.030
1668255257395,2022-11-12T14:14:17.395,709.840,0.823,-0.122,0.061
1668255257435,2022-11-12T14:14:17.435,709.880,0.823,-0.244,0.152
1668255257475,2022-11-12T14:14:17.475,709.920,1.037,-0.488,0.030
1668255257515,2022-11-12T14:14:17.515,709.960,0.976,-0.366,-0.061
1668255257555,2022-11-12T14:14:17.555,710.000,0.762,-0.091,0.061
1668255257595,2022-11-12T14:14:17.595,710.040,0.915,-0.183,-0.030
1668255257635,2022-11-12T14:14:17.635,710.080,0.976,-0.335,-0.061
1668255257675,2022-11-12T14:14:17.675,710.120,0.762,-0.152,0.061
1668255257715,2022-11-12T14:14:17.715,710.160,0.976,-0.274,0.061
1668255257755,2022-11-12T14:14:17.755,710.200,0.823,-0.335,0.030
1668255257795,2022-11-12T14:14:17.795,710.240,0.884,-0.183,-0.030
1668255257835,2022-11-12T14:14:17.835,710.280,0.762,-0.152,0.091
1668255257875,2022-11-12T14:14:17.875,710.320,0.640,-0.152,0.122
1668255257915,2022-11-12T14:14:17.915,710.360,1.067,-0.244,-0.122
1668255257955,2022-11-12T14:14:17.955,710.400,0.823,-0.244,0.061
1668255257995,2022-11-12T14:14:17.995,710.440,0.884,-0.122,0.000
1668255258035,2022-11-12T14:14:18.035,710.480,0.854,-0.091,-0.091
1668255258075,2022-11-12T14:14:18.075,710.520,0.640,0.030,-0.030
1668255258115,2022-11-12T14:14:18.115,710.560,0.854,-0.122,0.030
1668255258155,2022-11-12T14:14:18.155,710.600,0.701,-0.305,0.030
1668255258195,2022-11-12T14:14:18.195,710.640,0.793,-0.091,-0.091
1668255258235,2022-11-12T14:14:18.235,710.680,0.793,0.000,0.000
1668255258275,2022-11-12T14:14:18.275,710.720,0.732,-0.091,0.061
1668255258315,2022-11-12T14:14:18.315,710.760,0.854,-0.244,-0.030
1668255258355,2022-11-12T14:14:18.355,710.800,0.793,-0.152,0.030
1668255258395,2022-11-12T14:14:18.395,710.840,0.793,-0.152,0.061
1668255258435,2022-11-12T14:14:18.435,710.880,0.884,-0.122,-0.061
1668255258475,2022-11-12T14:14:18.475,710.920,0.884,-0.061,-0.030
1668255258515,2022-11-12T14:14:18.515,710.960,0.701,-0.152,0.061
1668255258555,2022-11-12T14:14:18.555,711.000,0.671,-0.091,0.122
1668255258595,2022-11-12T14:14:18.595,711.040,0.884,-0.183,-0.152
1668255258635,2022-11-12T14:14:18.635,711.080,0.793,-0.183,-0.030
1668255258675,2022-11-12T14:14:18.675,711.120,0.762,-0.122,0.000
1668255258715,2022-11-12T14:14:18.715,711.160,0.854,-0.091,-0.061
1668255258755,2022-11-12T14:14:18.755,711.200,0.793,-0.061,-0.061
1668255258795,2022-11-12T14:14:18.795,711.240,0.762,-0.274,0.030
1668255258835,2022-11-12T14:14:18.835,711.280,0.884,-0.305,-0.091
1668255258875,2022-11-12T14:14:18.875,711.320,0.915,-0.183,-0.122
1668255258915,2022-11-12T14:14:18.915,711.360,0.701,-0.061,0.030
1668255258955,2022-11-12T14:14:18.955,711.400,0.823,-0.122,0.030
1668255258995,2022-11-12T14:14:18.995,711.440,0.823,-0.244,0.000
1668255259035,2022-11-12T14:14:19.035,711.480,0.762,0.000,0.000
1668255259075,2022-11-12T14:14:19.075,711.520,0.823,-0.122,0.000
1668255259115,2022-11-12T14:14:19.115,711.560,0.823,-0.244,0.000
1668255259155,2022-11-12T14:14:19.155,711.600,0.945,-0.122,-0.122
1668255259195,2022-11-12T14:14:19.195,711.640,0.701,-0.152,0.122
1668255259235,2022-11-12T14:14:19.235,711.680,0.762,-0.213,0.091
1668255259275,2022-11-12T14:14:19.275,711.720,1.006,-0.213,-0.122
1668255259315,2022-11-12T14:14:19.315,711.760,0.823,-0.122,0.061
1668255259355,2022-11-12T14:14:19.355,711.800,0.762,-0.183,0.122
1668255259395,2022-11-12T14:14:19.395,711.840,0.854,-0.183,-0.091
1668255259435,2022-11-12T14:14:19.435,711.880,0.823,0.030,-0.091
1668255259475,2022-11-12T14:14:19.475,711.920,0.762,-0.152,0.061
1668255259515,2022-11-12T14:14:19.515,711.960,0.793,-0.427,0.000
1668255259555,2022-11-12T14:14:19.555,712.000,0.884,-0.152,-0.091
1668255259595,2022-11-12T14:14:19.595,712.040,0.793,-0.030,0.061
1668255259635,2022-11-12T14:14:19.635,712.080,0.732,-0.091,0.030
1668255259675,2022-11-12T14:14:19.675,712.120,0.915,-0.335,0.000
1668255259715,2022-11-12T14:14:19.715,712.160,0.793,-0.183,0.061
1668255259755,2022-11-12T14:14:19.755,712.200,0.793,-0.061,0.030
1668255259795,2022-11-12T14:14:19.795,712.240,0.793,-0.122,-0.030
1668255259835,2022-11-12T14:14:19.835,712.280,0.976,-0.122,-0.061
1668255259875,2022-11-12T14:14:19.875,712.320,0.701,-0.213,0.061
1668255259915,2022-11-12T14:14:19.915,712.360,0.671,-0.152,0.091
1668255259955,2022-11-12T14:14:19.955,712.400,1.037,-0.152,-0.061
1668255259995,2022-11-12T14:14:19.995,712.440,0.793,-0.152,0.061
1668255260035,2022-11-12T14:14:20.035,712.480,0.823,-0.183,0.000
1668255260075,2022-11-12T14:14:20.075,712.520,0.793,-0.244,-0.030
1668255260115,2022-11-12T14:14:20.115,712.560,0.823,-0.152,0.000
1668255260155,2022-11-12T14:14:20.155,712.600,0.884,-0.061,-0.061
1668255260195,2022-11-12T14:14:20.195,712.640,0.701,-0.305,0.061
1668255260235,2022-11-12T14:14:20.235,712.680,0.884,-0.488,-0.091
1668255260275,2022-11-12T14:14:20.275,712.720,0.976,-0.274,-0.122
1668255260315,2022-11-12T14:14:20.315,712.760,0.671,-0.122,0.152
1668255260355,2022-11-12T14:14:20.355,712.800,0.884,-0.183,-0.061
1668255260395,2022-11-12T14:14:20.395,712.840,0.915,-0.335,-0.030
1668255260435,2022-11-12T14:14:20.435,712.880,0.762,-0.183,0.061
1668255260475,2022-11-12T14:14:20.475,712.920,0.915,-0.091,-0.030
1668255260515,2022-11-12T14:14:20.515,712.960,0.915,-0.244,0.061
1668255260555,2022-11-12T14:14:20.555,713.000,0.945,-0.305,-0.030
1668255260595,2022-11-12T14:14:20.595,713.040,0.732,-0.213,0.091
1668255260635,2022-11-12T14:14:20.635,713.080,0.732,-0.122,0.030
1668255260675,2022-11-12T14:14:20.675,713.120,1.098,-0.335,-0.152
1668255260715,2022-11-12T14:14:20.715,713.160,0.915,-0.244,0.000
1668255260755,2022-11-12T14:14:20.755,713.200,0.823,-0.183,0.122
1668255260795,2022-11-12T14:14:20.795,713.240,1.006,-0.305,0.000
1668255260835,2022-11-12T14:14:20.835,713.280,0.823,-0.244,0.000
1668255260875,2022-11-12T14:14:20.875,713.320,0.823,-0.061,-0.030
1668255260915,2022-11-12T14:14:20.915,713.360,0.854,-0.183,0.091
1668255260955,2022-11-12T14:14:20.955,713.400,0.854,-0.518,0.030
1668255260995,2022-11-12T14:14:20.995,713.440,0.915,-0.335,-0.091
1668255261035,2022-11-12T14:14:21.035,713.480,0.884,-0.183,-0.030
1668255261075,2022-11-12T14:14:21.075,713.520,0.701,-0.183,0.061
1668255261115,2022-11-12T14:14:21.115,713.560,0.915,-0.274,-0.061
1668255261155,2022-11-12T14:14:21.155,713.600,0.915,-0.213,0.000
1668255261195,2022-11-12T14:14:21.195,713.640,0.793,-0.122,0.091
1668255261235,2022-11-12T14:14:21.235,713.680,0.945,-0.213,0.030
1668255261275,2022-11-12T14:14:21.275,713.720,0.915,-0.183,0.000
1668255261315,2022-11-12T14:14:21.315,713.760,0.732,-0.183,0.091
1668255261355,2022-11-12T14:14:21.355,713.800,0.671,0.000,0.122
1668255261395,2022-11-12T14:14:21.395,713.840,0.915,-0.030,0.000
1668255261435,2022-11-12T14:14:21.435,713.880,0.976,-0.091,-0.030
1668255261475,2022-11-12T14:14:21.475,713.920,0.823,-0.122,0.061
1668255261515,2022-11-12T14:14:21.515,713.960,0.884,-0.183,0.030
1668255261555,2022-11-12T14:14:21.555,714.000,0.793,-0.213,0.000
1668255261595,2022-11-12T14:14:21.595,714.040,0.732,-0.061,-0.061
1668255261635,2022-11-12T14:14:21.635,714.080,0.640,0.000,-0.030
1668255261675,2022-11-12T14:14:21.675,714.120,0.793,-0.488,-0.091
1668255261715,2022-11-12T14:14:21.715,714.160,1.585,-0.396,-0.183
1668255261755,2022-11-12T14:14:21.755,714.200,1.402,-0.030,-0.030
1668255261795,2022-11-12T14:14:21.795,714.240,0.884,0.030,0.030
1668255261835,2022-11-12T14:14:21.835,714.280,0.854,-0.183,-0.122
1668255261875,2022-11-12T14:14:21.875,714.320,0.488,-0.213,0.122
1668255261915,2022-11-12T14:14:21.915,714.360,0.579,-0.152,0.030
1668255261955,2022-11-12T14:14:21.955,714.400,0.610,-0.305,0.000
1668255261995,2022-11-12T14:14:21.995,714.440,0.640,-0.183,-0.030
1668255262035,2022-11-12T14:14:22.035,714.480,0.701,-0.091,-0.030
1668255262075,2022-11-12T14:14:22.075,714.520,0.518,-0.183,0.122
1668255262115,2022-11-12T14:14:22.115,714.560,0.793,-0.244,-0.091
1668255262155,2022-11-12T14:14:22.155,714.600,0.915,-0.213,-0.122
1668255262195,2022-11-12T14:14:22.195,714.640,0.701,-0.122,0.122
1668255262235,2022-11-12T14:14:22.235,714.680,0.823,-0.122,0.000
1668255262275,2022-11-12T14:14:22.275,714.720,0.793,-0.213,-0.061
1668255262315,2022-11-12T14:14:22.315,714.760,0.823,-0.183,-0.091
1668255262355,2022-11-12T14:14:22.355,714.800,0.823,-0.091,-0.030
1668255262395,2022-11-12T14:14:22.395,714.840,0.762,-0.091,-0.030
1668255262435,2022-11-12T14:14:22.435,714.880,0.823,-0.061,0.030
1668255262475,2022-11-12T14:14:22.475,714.920,0.762,-0.335,0.030
1668255262515,2022-11-12T14:14:22.515,714.960,0.793,-0.305,-0.091
1668255262555,2022-11-12T14:14:22.555,715.000,0.762,-0.091,0.000
1668255262595,2022-11-12T14:14:22.595,715.040,0.732,-0.061,0.030
1668255262635,2022-11-12T14:14:22.635,715.080,0.793,-0.152,-0.061
1668255262675,2022-11-12T14:14:22.675,715.120,0.823,-0.213,-0.030
1668255262715,2022-11-12T14:14:22.715,715.160,0.823,-0.091,-0.030
1668255262755,2022-11-12T14:14:22.755,715.200,0.762,-0.183,0.000
1668255262795,2022-11-12T14:14:22.795,715.240,0.884,-0.183,-0.061
1668255262835,2022-11-12T14:14:22.835,715.280,0.976,-0.152,0.000
1668255262875,2022-11-12T14:14:22.875,715.320,0.640,-0.122,0.152
1668255262915,2022-11-12T14:14:22.915,715.360,0.915,-0.152,-0.091
1668255262955,2022-11-12T14:14:22.955,715.400,0.945,-0.305,-0.091
1668255262995,2022-11-12T14:14:22.995,715.440,0.762,-0.244,0.091
1668255263035,2022-11-12T14:14:23.035,715.480,0.823,-0.152,0.000
1668255263075,2022-11-12T14:14:23.075,715.520,0.701,-0.183,-0.061
1668255263115,2022-11-12T14:14:23.115,715.560,0.732,-0.213,-0.091
1668255263155,2022-11-12T14:14:23.155,715.600,0.884,-0.274,-0.091
1668255263195,2022-11-12T14:14:23.195,715.640,0.671,-0.183,0.030
1668255263235,2022-11-12T14:14:23.235,715.680,0.854,-0.061,-0.091
1668255263275,2022-11-12T14:14:23.275,715.720,0.762,-0.244,0.061
1668255263315,2022-11-12T14:14:23.315,715.760,0.823,-0.335,0.061
1668255263355,2022-11-12T14:14:23.355,715.800,1.006,-0.213,-0.091
1668255263395,2022-11-12T14:14:23.395,715.840,0.854,-0.122,0.000
1668255263435,2022-11-12T14:14:23.435,715.880,0.823,-0.091,0.000
1668255263475,2022-11-12T14:14:23.475,715.920,0.884,-0.244,-0.030
1668255263515,2022-11-12T14:14:23.515,715.960,0.732,-0.213,0.030
1668255263555,2022-11-12T14:14:23.555,716.000,0.823,-0.122,-0.030
1668255263595,2022-11-12T14:14:23.595,716.040,0.945,-0.305,0.030
1668255263635,2022-11-12T14:14:23.635,716.080,1.250,-0.335,-0.030
1668255263675,2022-11-12T14:14:23.675,716.120,1.189,-0.274,0.030
1668255263715,2022-11-12T14:14:23.715,716.160,0.701,-0.274,0.122
1668255263755,2022-11-12T14:14:23.755,716.200,0.793,-0.244,-0.061
1668255263795,2022-11-12T14:14:23.795,716.240,0.823,-0.213,-0.091
1668255263835,2022-11-12T14:14:23.835,716.280,0.610,-0.183,0.091
1668255263875,2022-11-12T14:14:23.875,716.320,0.793,-0.213,-0.030
1668255263915,2022-11-12T14:14:23.915,716.360,0.854,-0.305,-0.061
1668255263955,2022-11-12T14:14:23.955,716.400,0.793,-0.244,-0.030
1668255263995,2022-11-12T14:14:23.995,716.440,0.823,-0.183,0.000
1668255264035,2022-11-12T14:14:24.035,716.480,0.793,-0.122,0.000
1668255264075,2022-11-12T14:14:24.075,716.520,0.823,-0.305,0.000
1668255264115,2022-11-12T14:14:24.115,716.560,0.854,-0.488,0.030
1668255264155,2022-11-12T14:14:24.155,716.600,0.915,-0.274,-0.061
1668255264195,2022-11-12T14:14:24.195,716.640,0.854,-0.183,-0.030
1668255264235,2022-11-12T14:14:24.235,716.680,0.762,-0.183,0.061
1668255264275,2022-11-12T14:14:24.275,716.720,0.884,-0.244,-0.030
1668255264315,2022-11-12T14:14:24.315,716.760,0.945,-0.274,0.030
1668255264355,2022-11-12T14:14:24.355,716.800,0.915,-0.152,0.000
1668255264395,2022-11-12T14:14:24.395,716.840,0.945,-0.213,-0.030
1668255264435,2022-11-12T14:14:24.435,716.880,0.976,-0.244,-0.030
1668255264475,2022-11-12T14:14:24.475,716.920,0.945,-0.305,0.000
1668255264515,2022-11-12T14:14:24.515,716.960,0.762,-0.213,0.122
1668255264555,2022-11-12T14:14:24.555,717.000,0.945,-0.244,-0.030
1668255264595,2022-11-12T14:14:24.595,717.040,1.006,-0.274,-0.061
1668255264635,2022-11-12T14:14:24.635,717.080,0.823,-0.183,0.122
1668255264675,2022-11-12T14:14:24.675,717.120,0.945,-0.244,0.030
1668255264715,2022-11-12T14:14:24.715,717.160,0.823,-0.213,-0.030
1668255264755,2022-11-12T14:14:24.755,717.200,0.854,-0.091,-0.061
1668255264795,2022-11-12T14:14:24.795,717.240,0.762,-0.213,0.091
1668255264835,2022-11-12T14:14:24.835,717.280,0.884,-0.457,0.000
1668255264875,2022-11-12T14:14:24.875,717.320,0.945,-0.244,-0.122
1668255264915,2022-11-12T14:14:24.915,717.360,0.671,-0.091,0.122
1668255264955,2022-11-12T14:14:24.955,717.400,0.823,-0.091,0.030
1668255264995,2022-11-12T14:14:24.995,717.440,0.884,-0.213,0.000
1668255265035,2022-11-12T14:14:25.035,717.480,0.701,-0.061,0.091
1668255265075,2022-11-12T14:14:25.075,717.520,0.854,-0.122,0.030
1668255265115,2022-11-12T14:14:25.115,717.560,0.823,-0.244,-0.091
1668255265155,2022-11-12T14:14:25.155,717.600,0.945,-0.213,-0.030
1668255265195,2022-11-12T14:14:25.195,717.640,0.671,-0.152,0.152
1668255265235,2022-11-12T14:14:25.235,717.680,0.762,-0.122,0.000
1668255265275,2022-11-12T14:14:25.275,717.720,0.945,-0.213,-0.122
1668255265315,2022-11-12T14:14:25.315,717.760,0.823,-0.183,0.061
1668255265355,2022-11-12T14:14:25.355,717.800,0.762,-0.152,0.061
1668255265395,2022-11-12T14:14:25.395,717.840,0.701,-0.061,-0.061
1668255265435,2022-11-12T14:14:25.435,717.880,0.732,0.000,-0.030
1668255265475,2022-11-12T14:14:25.475,717.920,0.793,-0.335,0.122
1668255265515,2022-11-12T14:14:25.515,717.960,0.854,-0.335,-0.061
1668255265555,2022-11-12T14:14:25.555,718.000,0.915,-0.152,-0.152
1668255265595,2022-11-12T14:14:25.595,718.040,0.701,-0.183,0.152
1668255265635,2022-11-12T14:14:25.635,718.080,0.762,-0.183,0.030
1668255265675,2022-11-12T14:14:25.675,718.120,0.823,-0.183,-0.061
1668255265715,2022-11-12T14:14:25.715,718.160,0.793,-0.030,0.030
1668255265755,2022-11-12T14:14:25.755,718.200,0.915,-0.122,0.030
1668255265795,2022-11-12T14:14:25.795,718.240,1.006,-0.183,-0.091
1668255265835,2022-11-12T14:14:25.835,718.280,0.976,-0.152,-0.061
1668255265875,2022-11-12T14:14:25.875,718.320,0.579,-0.122,0.183
1668255265915,2022-11-12T14:14:25.915,718.360,0.884,-0.122,-0.030
1668255265955,2022-11-12T14:14:25.955,718.400,1.037,-0.152,-0.183
1668255265995,2022-11-12T14:14:25.995,718.440,0.793,-0.183,0.061
1668255266035,2022-11-12T14:14:26.035,718.480,0.854,-0.122,0.061
1668255266075,2022-11-12T14:14:26.075,718.520,0.884,-0.091,-0.091
1668255266115,2022-11-12T14:14:26.115,718.560,0.671,-0.030,0.000
1668255266155,2022-11-12T14:14:26.155,718.600,0.732,-0.183,0.000
1668255266195,2022-11-12T14:14:26.195,718.640,0.793,-0.305,0.030
1668255266235,2022-11-12T14:14:26.235,718.680,0.823,-0.122,-0.030
1668255266275,2022-11-12T14:14:26.275,718.720,0.671,-0.061,0.000
1668255266315,2022-11-12T14:14:26.315,718.760,0.762,-0.091,-0.030
1668255266355,2022-11-12T14:14:26.355,718.800,0.823,-0.213,-0.030
1668255266395,2022-11-12T14:14:26.395,718.840,0.549,0.061,-0.030
1668255266435,2022-11-12T14:14:26.435,718.880,0.884,-0.030,-0.091
1668255266475,2022-11-12T14:14:26.475,718.920,0.793,-0.183,0.000
1668255266515,2022-11-12T14:14:26.515,718.960,0.823,-0.122,0.030
1668255266555,2022-11-12T14:14:26.555,719.000,0.671,-0.244,0.152
1668255266595,2022-11-12T14:14:26.595,719.040,0.610,-0.305,0.213
1668255266635,2022-11-12T14:14:26.635,719.080,1.006,-0.274,-0.030
1668255266675,2022-11-12T14:14:26.675,719.120,0.762,-0.183,0.091
1668255266715,2022-11-12T14:14:26.715,719.160,0.762,-0.244,0.061
1668255266755,2022-11-12T14:14:26.755,719.200,0.854,-0.152,-0.061
1668255266795,2022-11-12T14:14:26.795,719.240,0.854,-0.152,-0.030
1668255266835,2022-11-12T14:14:26.835,719.280,0.823,-0.091,-0.061
1668255266875,2022-11-12T14:14:26.875,719.320,0.732,-0.183,0.000
1668255266915,2022-11-12T14:14:26.915,719.360,0.823,-0.457,-0.030
1668255266955,2022-11-12T14:14:26.955,719.400,0.915,-0.274,-0.122
1668255266995,2022-11-12T14:14:26.995,719.440,0.793,-0.122,0.000
1668255267035,2022-11-12T14:14:27.035,719.480,0.701,-0.122,0.061
1668255267075,2022-11-12T14:14:27.075,719.520,0.884,-0.244,-0.061
1668255267115,2022-11-12T14:14:27.115,719.560,0.854,-0.213,0.030
1668255267155,2022-11-12T14:14:27.155,719.600,0.823,-0.122,0.000
1668255267195,2022-11-12T14:14:27.195,719.640,0.823,-0.244,0.000
1668255267235,2022-11-12T14:14:27.235,719.680,0.915,-0.305,0.000
1668255267275,2022-11-12T14:14:27.275,719.720,0.915,-0.244,0.000
1668255267315,2022-11-12T14:14:27.315,719.760,0.793,-0.244,0.091
1668255267355,2022-11-12T14:14:27.355,719.800,1.159,-0.427,-0.091
1668255267395,2022-11-12T14:14:27.395,719.840,1.128,-0.396,-0.061
1668255267435,2022-11-12T14:14:27.435,719.880,0.762,-0.274,0.122
1668255267475,2022-11-12T14:14:27.475,719.920,0.793,-0.213,0.030
1668255267515,2022-11-12T14:14:27.515,719.960,0.762,-0.122,-0.061
1668255267555,2022-11-12T14:14:27.555,720.000,0.823,-0.152,-0.030
1668255267595,2022-11-12T14:14:27.595,720.040,0.854,-0.122,0.030
1668255267635,2022-11-12T14:14:27.635,720.080,0.793,-0.122,0.061
1668255267675,2022-11-12T14:14:27.675,720.120,0.823,-0.457,0.030
1668255267715,2022-11-12T14:14:27.715,720.160,1.037,-0.427,-0.061
1668255267755,2022-11-12T14:14:27.755,720.200,0.854,-0.122,-0.061
1668255267795,2022-11-12T14:14:27.795,720.240,0.701,-0.122,0.030
1668255267835,2022-11-12T14:14:27.835,720.280,0.854,-0.213,0.030
1668255267875,2022-11-12T14:14:27.875,720.320,0.915,-0.244,0.000
1668255267915,2022-11-12T14:14:27.915,720.360,0.793,-0.122,-0.030
1668255267955,2022-11-12T14:14:27.955,720.400,0.915,-0.274,0.000
1668255267995,2022-11-12T14:14:27.995,720.440,0.854,-0.305,0.000
1668255268035,2022-11-12T14:14:28.035,720.480,0.854,-0.244,-0.030
1668255268075,2022-11-12T14:14:28.075,720.520,0.762,-0.213,0.091
1668255268115,2022-11-12T14:14:28.115,720.560,0.854,-0.244,0.061
1668255268155,2022-11-12T14:14:28.155,720.600,0.976,-0.305,-0.091
1668255268195,2022-11-12T14:14:28.195,720.640,0.854,-0.244,0.030
1668255268235,2022-11-12T14:14:28.235,720.680,0.854,-0.183,0.030
1668255268275,2022-11-12T14:14:28.275,720.720,0.915,-0.213,-0.030
1668255268315,2022-11-12T14:14:28.315,720.760,0.793,-0.213,-0.061
1668255268355,2022-11-12T14:14:28.355,720.800,0.884,-0.030,-0.061
1668255268395,2022-11-12T14:14:28.395,720.840,0.823,-0.244,0.152
1668255268435,2022-11-12T14:14:28.435,720.880,0.884,-0.457,-0.030
1668255268475,2022-11-12T14:14:28.475,720.920,0.854,-0.183,-0.091
1668255268515,2022-11-12T14:14:28.515,720.960,0.732,-0.061,0.061
1668255268555,2022-11-12T14:14:28.555,721.000,0.762,-0.091,0.061
1668255268595,2022-11-12T14:14:28.595,721.040,0.884,-0.244,0.000
1668255268635,2022-11-12T14:14:28.635,721.080,0.762,-0.152,0.000
1668255268675,2022-11-12T14:14:28.675,721.120,0.732,-0.091,0.000
1668255268715,2022-11-12T14:14:28.715,721.160,0.915,-0.152,-0.061
1668255268755,2022-11-12T14:14:28.755,721.200,0.884,-0.091,-0.061
1668255268795,2022-11-12T14:14:28.795,721.240,0.762,-0.091,0.091
1668255268835,2022-11-12T14:14:28.835,721.280,0.915,-0.122,0.061
1668255268875,2022-11-12T14:14:28.875,721.320,0.976,-0.213,-0.061
1668255268915,2022-11-12T14:14:28.915,721.360,0.854,-0.122,-0.061
1668255268955,2022-11-12T14:14:28.955,721.400,0.823,-0.091,0.061
1668255268995,2022-11-12T14:14:28.995,721.440,0.854,-0.152,0.000
1668255269035,2022-11-12T14:14:29.035,721.480,0.854,-0.091,-0.122
1668255269075,2022-11-12T14:14:29.075,721.520,0.823,0.030,-0.091
1668255269115,2022-11-12T14:14:29.115,721.560,0.793,-0.061,0.061
1668255269155,2022-11-12T14:14:29.155,721.600,0.915,-0.366,-0.030
1668255269195,2022-11-12T14:14:29.195,721.640,0.884,-0.274,-0.122
1668255269235,2022-11-12T14:14:29.235,721.680,0.671,-0.091,0.030
1668255269275,2022-11-12T14:14:29.275,721.720,0.701,-0.091,-0.061
1668255269315,2022-11-12T14:14:29.315,721.760,1.189,-0.274,-0.183
1668255269355,2022-11-12T14:14:29.355,721.800,2.043,-0.366,-0.030
1668255269395,2022-11-12T14:14:29.395,721.840,1.159,-0.061,0.122
1668255269435,2022-11-12T14:14:29.435,721.880,0.701,-0.244,0.091
1668255269475,2022-11-12T14:14:29.475,721.920,0.762,-0.274,0.000
1668255269515,2022-11-12T14:14:29.515,721.960,0.640,-0.152,-0.030
1668255269555,2022-11-12T14:14:29.555,722.000,0.335,-0.061,0.152
1668255269595,2022-11-12T14:14:29.595,722.040,0.854,-0.152,-0.061
1668255269635,2022-11-12T14:14:29.635,722.080,0.854,-0.244,-0.122
1668255269675,2022-11-12T14:14:29.675,722.120,0.640,-0.152,0.152
1668255269715,2022-11-12T14:14:29.715,722.160,0.823,-0.122,0.000
1668255269755,2022-11-12T14:14:29.755,722.200,0.823,-0.183,-0.030
1668255269795,2022-11-12T14:14:29.795,722.240,0.945,-0.152,-0.061
1668255269835,2022-11-12T14:14:29.835,722.280,0.793,-0.091,0.030
1668255269875,2022-11-12T14:14:29.875,722.320,0.762,-0.091,-0.030
1668255269915,2022-11-12T14:14:29.915,722.360,0.884,-0.183,-0.061
1668255269955,2022-11-12T14:14:29.955,722.400,0.854,-0.305,0.030
1668255269995,2022-11-12T14:14:29.995,722.440,0.915,-0.183,0.000
1668255270035,2022-11-12T14:14:30.035,722.480,0.793,-0.152,0.000
1668255270075,2022-11-12T14:14:30.075,722.520,0.671,-0.122,0.122
1668255270115,2022-11-12T14:14:30.115,722.560,0.854,-0.244,0.000
1668255270155,2022-11-12T14:14:30.155,722.600,0.823,-0.122,0.030
1668255270195,2022-11-12T14:14:30.195,722.640,0.823,-0.122,-0.030
1668255270235,2022-11-12T14:14:30.235,722.680,0.732,-0.335,0.000
1668255270275,2022-11-12T14:14:30.275,722.720,0.793,-0.122,0.061
1668255270315,2022-11-12T14:14:30.315,722.760,0.854,-0.122,0.030
1668255270355,2022-11-12T14:14:30.355,722.800,0.549,-0.122,0.122
1668255270395,2022-11-12T14:14:30.395,722.840,0.884,-0.244,-0.091
1668255270435,2022-11-12T14:14:30.435,722.880,0.915,-0.244,0.000
1668255270475,2022-11-12T14:14:30.475,722.920,0.640,-0.122,0.061
1668255270515,2022-11-12T14:14:30.515,722.960,0.884,-0.183,0.000
1668255270555,2022-11-12T14:14:30.555,723.000,0.823,-0.244,0.030
1668255270595,2022-11-12T14:14:30.595,723.040,0.793,-0.183,0.000
1668255270635,2022-11-12T14:14:30.635,723.080,0.854,-0.274,0.000
1668255270675,2022-11-12T14:14:30.675,723.120,0.854,-0.244,-0.030
1668255270715,2022-11-12T14:14:30.715,723.160,0.823,-0.152,-0.030
1668255270755,2022-11-12T14:14:30.755,723.200,0.915,-0.030,-0.061
1668255270795,2022-11-12T14:14:30.795,723.240,0.732,-0.244,0.061
1668255270835,2022-11-12T14:14:30.835,723.280,0.793,-0.457,0.000
1668255270875,2022-11-12T14:14:30.875,723.320,0.945,-0.183,-0.091
1668255270915,2022-11-12T14:14:30.915,723.360,0.732,-0.091,0.030
1668255270955,2022-11-12T14:14:30.955,723.400,0.793,-0.152,0.000
1668255270995,2022-11-12T14:14:30.995,723.440,0.976,-0.305,-0.061
1668255271035,2022-11-12T14:14:31.035,723.480,0.762,-0.305,0.061
1668255271075,2022-11-12T14:14:31.075,723.520,0.884,-0.213,-0.091
1668255271115,2022-11-12T14:14:31.115,723.560,0.884,-0.366,0.000
1668255271155,2022-11-12T14:14:31.155,723.600,0.823,-0.366,0.030
1668255271195,2022-11-12T14:14:31.195,723.640,0.854,-0.305,0.061
1668255271235,2022-11-12T14:14:31.235,723.680,0.640,-0.244,0.122
1668255271275,2022-11-12T14:14:31.275,723.720,0.915,-0.244,-0.122
1668255271315,2022-11-12T14:14:31.315,723.760,0.945,-0.213,-0.091
1668255271355,2022-11-12T14:14:31.355,723.800,0.671,-0.244,0.122
1668255271395,2022-11-12T14:14:31.395,723.840,0.823,-0.274,-0.030
1668255271435,2022-11-12T14:14:31.435,723.880,0.854,-0.213,0.000
1668255271475,2022-11-12T14:14:31.475,723.920,0.823,-0.152,0.030
1668255271515,2022-11-12T14:14:31.515,723.960,0.915,-0.244,-0.061
1668255271555,2022-11-12T14:14:31.555,724.000,0.884,-0.274,-0.030
1668255271595,2022-11-12T14:14:31.595,724.040,0.823,-0.213,0.000
1668255271635,2022-11-12T14:14:31.635,724.080,0.884,-0.183,-0.061
1668255271675,2022-11-12T14:14:31.675,724.120,0.732,-0.122,0.030
1668255271715,2022-11-12T14:14:31.715,724.160,0.823,-0.305,0.030
1668255271755,2022-11-12T14:14:31.755,724.200,0.945,-0.457,-0.091
1668255271795,2022-11-12T14:14:31.795,724.240,0.884,-0.274,-0.091
1668255271835,2022-11-12T14:14:31.835,724.280,0.793,-0.152,0.030
1668255271875,2022-11-12T14:14:31.875,724.320,0.884,-0.213,-0.061
1668255271915,2022-11-12T14:14:31.915,724.360,0.793,-0.366,0.030
1668255271955,2022-11-12T14:14:31.955,724.400,0.793,-0.030,0.030
1668255271995,2022-11-12T14:14:31.995,724.440,0.976,-0.030,0.030
1668255272035,2022-11-12T14:14:32.035,724.480,0.793,-0.183,0.030
1668255272075,2022-11-12T14:14:32.075,724.520,0.915,-0.183,-0.091
1668255272115,2022-11-12T14:14:32.115,724.560,0.915,-0.305,0.061
1668255272155,2022-11-12T14:14:32.155,724.600,0.793,-0.305,0.061
1668255272195,2022-11-12T14:14:32.195,724.640,1.067,-0.366,-0.091
1668255272235,2022-11-12T14:14:32.235,724.680,0.915,-0.305,0.061
1668255272275,2022-11-12T14:14:32.275,724.720,0.793,-0.213,0.061
1668255272315,2022-11-12T14:14:32.315,724.760,0.945,-0.213,-0.061
1668255272355,2022-11-12T14:14:32.355,724.800,0.793,-0.244,0.030
1668255272395,2022-11-12T14:14:32.395,724.840,0.793,-0.213,0.061
1668255272435,2022-11-12T14:14:32.435,724.880,0.854,-0.213,-0.061
1668255272475,2022-11-12T14:14:32.475,724.920,0.823,-0.061,-0.061
1668255272515,2022-11-12T14:14:32.515,724.960,0.854,-0.091,0.000
1668255272555,2022-11-12T14:14:32.555,725.000,0.732,-0.427,0.122
1668255272595,2022-11-12T14:14:32.595,725.040,0.976,-0.305,-0.152
1668255272635,2022-11-12T14:14:32.635,725.080,0.915,-0.091,-0.091
1668255272675,2022-11-12T14:14:32.675,725.120,0.610,-0.061,0.091
1668255272715,2022-11-12T14:14:32.715,725.160,0.945,-0.183,-0.061
1668255272755,2022-11-12T14:14:32.755,725.200,0.823,-0.244,0.030
1668255272795,2022-11-12T14:14:32.795,725.240,0.610,0.000,0.061
1668255272835,2022-11-12T14:14:32.835,725.280,0.915,-0.152,-0.091
1668255272875,2022-11-12T14:14:32.875,725.320,0.884,-0.244,-0.061
1668255272915,2022-11-12T14:14:32.915,725.360,0.793,-0.183,0.000
1668255272955,2022-11-12T14:14:32.955,725.400,0.701,-0.122,0.122
1668255272995,2022-11-12T14:14:32.995,725.440,0.823,-0.274,0.061
1668255273035,2022-11-12T14:14:33.035,725.480,0.976,-0.274,-0.091
1668255273075,2022-11-12T14:14:33.075,725.520,0.762,-0.061,0.061
1668255273115,2022-11-12T14:14:33.115,725.560,0.762,-0.183,0.030
1668255273155,2022-11-12T14:14:33.155,725.600,0.854,-0.213,0.000
1668255273195,2022-11-12T14:14:33.195,725.640,0.854,-0.213,0.061
1668255273235,2022-11-12T14:14:33.235,725.680,0.762,-0.183,0.030
1668255273275,2022-11-12T14:14:33.275,725.720,0.762,-0.091,-0.030
1668255273315,2022-11-12T14:14:33.315,725.760,0.854,-0.061,-0.030
1668255273355,2022-11-12T14:14:33.355,725.800,0.701,-0.396,0.091
1668255273395,2022-11-12T14:14:33.395,725.840,0.915,-0.335,-0.061
1668255273435,2022-11-12T14:14:33.435,725.880,0.945,-0.183,-0.122
1668255273475,2022-11-12T14:14:33.475,725.920,0.640,-0.091,0.091
1668255273515,2022-11-12T14:14:33.515,725.960,0.915,-0.152,-0.061
1668255273555,2022-11-12T14:14:33.555,726.000,0.915,-0.213,-0.030
1668255273595,2022-11-12T14:14:33.595,726.040,0.793,-0.030,0.061
1668255273635,2022-11-12T14:14:33.635,726.080,0.884,-0.152,0.000
1668255273675,2022-11-12T14:14:33.675,726.120,0.762,-0.183,-0.061
1668255273715,2022-11-12T14:14:33.715,726.160,0.976,-0.091,-0.061
1668255273755,2022-11-12T14:14:33.755,726.200,0.640,-0.213,0.152
1668255273795,2022-11-12T14:14:33.795,726.240,0.701,-0.213,0.061
1668255273835,2022-11-12T14:14:33.835,726.280,1.037,-0.183,-0.152
1668255273875,2022-11-12T14:14:33.875,726.320,0.732,-0.091,0.061
1668255273915,2022-11-12T14:14:33.915,726.360,0.823,-0.061,0.000
1668255273955,2022-11-12T14:14:33.955,726.400,0.793,-0.244,0.000
1668255273995,2022-11-12T14:14:33.995,726.440,0.701,-0.183,0.061
1668255274035,2022-11-12T14:14:34.035,726.480,0.915,-0.152,-0.030
1668255274075,2022-11-12T14:14:34.075,726.520,0.823,-0.152,0.030
1668255274115,2022-11-12T14:14:34.115,726.560,0.854,-0.091,-0.091
1668255274155,2022-11-12T14:14:34.155,726.600,0.793,-0.213,-0.030
1668255274195,2022-11-12T14:14:34.195,726.640,0.701,-0.366,-0.030
1668255274235,2022-11-12T14:14:34.235,726.680,0.884,-0.213,-0.122
1668255274275,2022-11-12T14:14:34.275,726.720,0.671,-0.061,0.091
1668255274315,2022-11-12T14:14:34.315,726.760,0.854,-0.030,0.030
1668255274355,2022-11-12T14:14:34.355,726.800,0.915,-0.244,-0.152
1668255274395,2022-11-12T14:14:34.395,726.840,0.762,-0.244,0.000
1668255274435,2022-11-12T14:14:34.435,726.880,0.793,-0.061,0.000
1668255274475,2022-11-12T14:14:34.475,726.920,0.762,-0.183,0.030
1668255274515,2022-11-12T14:14:34.515,726.960,0.854,-0.213,0.000
1668255274555,2022-11-12T14:14:34.555,727.000,0.793,-0.213,0.030
1668255274595,2022-11-12T14:14:34.595,727.040,0.610,-0.091,0.152
1668255274635,2022-11-12T14:14:34.635,727.080,0.976,-0.274,-0.091
1668255274675,2022-11-12T14:14:34.675,727.120,0.823,-0.152,-0.030
1668255274715,2022-11-12T14:14:34.715,727.160,0.762,-0.183,0.091
1668255274755,2022-11-12T14:14:34.755,727.200,0.945,-0.335,0.000
1668255274795,2022-11-12T14:14:34.795,727.240,0.762,-0.213,0.000
1668255274835,2022-11-12T14:14:34.835,727.280,0.884,-0.152,0.000
1668255274875,2022-11-12T14:14:34.875,727.320,0.854,-0.213,-0.030
1668255274915,2022-11-12T14:14:34.915,727.360,0.823,-0.152,-0.030
1668255274955,2022-11-12T14:14:34.955,727.400,0.823,-0.305,0.030
1668255274995,2022-11-12T14:14:34.995,727.440,0.884,-0.396,-0.030
1668255275035,2022-11-12T14:14:35.035,727.480,0.945,-0.305,-0.091
1668255275075,2022-11-12T14:14:35.075,727.520,0.793,-0.183,0.000
1668255275115,2022-11-12T14:14:35.115,727.560,0.854,-0.213,0.030
1668255275155,2022-11-12T14:14:35.155,727.600,0.915,-0.335,0.000
1668255275195,2022-11-12T14:14:35.195,727.640,0.823,-0.213,0.030
1668255275235,2022-11-12T14:14:35.235,727.680,0.823,-0.213,0.000
1668255275275,2022-11-12T14:14:35.275,727.720,0.884,-0.335,0.030
1668255275315,2022-11-12T14:14:35.315,727.760,0.854,-0.244,0.000
1668255275355,2022-11-12T14:14:35.355,727.800,0.823,-0.305,0.061
1668255275395,2022-11-12T14:14:35.395,727.840,0.701,-0.244,0.152
1668255275435,2022-11-12T14:14:35.435,727.880,0.884,-0.305,0.000
1668255275475,2022-11-12T14:14:35.475,727.920,0.915,-0.274,-0.030
1668255275515,2022-11-12T14:14:35.515,727.960,0.762,-0.366,0.061
1668255275555,2022-11-12T14:14:35.555,728.000,0.884,-0.305,0.061
1668255275595,2022-11-12T14:14:35.595,728.040,0.793,-0.061,0.000
1668255275635,2022-11-12T14:14:35.635,728.080,0.976,-0.274,-0.091
1668255275675,2022-11-12T14:14:35.675,728.120,0.854,-0.305,0.152
1668255275715,2022-11-12T14:14:35.715,728.160,1.220,-0.274,-0.091
1668255275755,2022-11-12T14:14:35.755,728.200,1.220,-0.305,-0.122
1668255275795,2022-11-12T14:14:35.795,728.240,0.945,-0.122,0.061
1668255275835,2022-11-12T14:14:35.835,728.280,0.793,0.030,-0.030
1668255275875,2022-11-12T14:14:35.875,728.320,0.823,0.091,0.061
1668255275915,2022-11-12T14:14:35.915,728.360,0.671,0.305,0.183
1668255275955,2022-11-12T14:14:35.955,728.400,0.488,0.000,0.152
1668255275995,2022-11-12T14:14:35.995,728.440,1.067,-0.488,-0.183
1668255276035,2022-11-12T14:14:36.035,728.480,1.067,-0.366,-0.152
1668255276075,2022-11-12T14:14:36.075,728.520,0.915,-0.152,0.061
1668255276115,2022-11-12T14:14:36.115,728.560,1.067,-0.122,0.030
1668255276155,2022-11-12T14:14:36.155,728.600,1.098,-0.366,-0.152
1668255276195,2022-11-12T14:14:36.195,728.640,0.945,-0.305,-0.030
1668255276235,2022-11-12T14:14:36.235,728.680,0.854,0.000,0.061
1668255276275,2022-11-12T14:14:36.275,728.720,0.854,-0.061,0.000
1668255276315,2022-11-12T14:14:36.315,728.760,0.823,0.030,-0.061
1668255276355,2022-11-12T14:14:36.355,728.800,0.854,-0.122,0.030
1668255276395,2022-11-12T14:14:36.395,728.840,0.823,-0.274,0.061
1668255276435,2022-11-12T14:14:36.435,728.880,0.976,-0.213,-0.091
1668255276475,2022-11-12T14:14:36.475,728.920,0.762,-0.152,-0.030
1668255276515,2022-11-12T14:14:36.515,728.960,0.671,-0.427,0.091
1668255276555,2022-11-12T14:14:36.555,729.000,1.098,-1.037,0.000
1668255276595,2022-11-12T14:14:36.595,729.040,0.762,-1.006,0.122
1668255276635,2022-11-12T14:14:36.635,729.080,0.335,-0.762,0.183
1668255276675,2022-11-12T14:14:36.675,729.120,0.884,-0.854,-0.366
1668255276715,2022-11-12T14:14:36.715,729.160,1.220,-0.640,-0.640
1668255276755,2022-11-12T14:14:36.755,729.200,0.640,0.091,0.000
1668255276795,2022-11-12T14:14:36.795,729.240,0.335,-0.030,0.274
1668255276835,2022-11-12T14:14:36.835,729.280,0.976,-0.762,-0.427
1668255276875,2022-11-12T14:14:36.875,729.320,1.159,-0.671,-0.701
1668255276915,2022-11-12T14:14:36.915,729.360,0.061,-0.213,0.030
1668255276955,2022-11-12T14:14:36.955,729.400,-0.152,-0.213,0.518
1668255276995,2022-11-12T14:14:36.995,729.440,1.067,-0.579,0.366
1668255277035,2022-11-12T14:14:37.035,729.480,-0.091,-0.488,0.061
1668255277075,2022-11-12T14:14:37.075,729.520,0.061,-0.701,-0.122
1668255277115,2022-11-12T14:14:37.115,729.560,0.152,-0.945,-0.183
1668255277155,2022-11-12T14:14:37.155,729.600,-0.091,-0.945,-0.213
1668255277195,2022-11-12T14:14:37.195,729.640,-0.030,-0.488,0.122
1668255277235,2022-11-12T14:14:37.235,729.680,-0.183,0.244,0.671
1668255277275,2022-11-12T14:14:37.275,729.720,0.244,0.061,0.488
1668255277315,2022-11-12T14:14:37.315,729.760,0.091,0.366,0.091
1668255277355,2022-11-12T14:14:37.355,729.800,1.006,1.159,-0.305
1668255277395,2022-11-12T14:14:37.395,729.840,0.915,0.244,0.183
1668255277435,2022-11-12T14:14:37.435,729.880,0.335,-0.305,0.091
1668255277475,2022-11-12T14:14:37.475,729.920,1.494,-0.518,-1.128
1668255277515,2022-11-12T14:14:37.515,729.960,1.341,-0.213,-0.579
1668255277555,2022-11-12T14:14:37.555,730.000,1.159,0.762,0.976
1668255277595,2022-11-12T14:14:37.595,730.040,2.530,1.341,0.488
1668255277635,2022-11-12T14:14:37.635,730.080,1.768,1.463,0.701
1668255277675,2022-11-12T14:14:37.675,730.120,0.610,0.244,0.640
1668255277715,2022-11-12T14:14:37.715,730.160,-0.213,-1.128,-0.793
1668255277755,2022-11-12T14:14:37.755,730.200,0.732,-0.884,-2.317
1668255277795,2022-11-12T14:14:37.795,730.240,0.854,-0.762,-1.433
1668255277835,2022-11-12T14:14:37.835,730.280,-0.579,0.030,0.122
1668255277875,2022-11-12T14:14:37.875,730.320,-0.854,-0.061,0.244
1668255277915,2022-11-12T14:14:37.915,730.360,-0.274,-0.732,-0.854
1668255277955,2022-11-12T14:14:37.955,730.400,0.366,-0.183,-2.012
1668255277995,2022-11-12T14:14:37.995,730.440,1.799,-1.372,-2.713
1668255278035,2022-11-12T14:14:38.035,730.480,0.335,-3.476,-1.860
1668255278075,2022-11-12T14:14:38.075,730.520,-1.250,-3.323,-0.488
1668255278115,2022-11-12T14:14:38.115,730.560,-0.915,-3.201,-0.701
1668255278155,2022-11-12T14:14:38.155,730.600,0.640,-3.140,-2.256
1668255278195,2022-11-12T14:14:38.195,730.640,-0.823,-1.738,-1.098
1668255278235,2022-11-12T14:14:38.235,730.680,-2.165,-1.890,0.762
1668255278275,2022-11-12T14:14:38.275,730.720,-3.140,-1.982,1.372
1668255278315,2022-11-12T14:14:38.315,730.760,-1.707,-1.768,0.793
1668255278355,2022-11-12T14:14:38.355,730.800,1.524,-1.585,-1.067
1668255278395,2022-11-12T14:14:38.395,730.840,2.622,-2.409,-1.738
1668255278435,2022-11-12T14:14:38.435,730.880,1.372,-4.207,-1.951
1668255278475,2022-11-12T14:14:38.475,730.920,-0.366,-1.250,-1.585
1668255278515,2022-11-12T14:14:38.515,730.960,-0.945,0.335,-0.945
1668255278555,2022-11-12T14:14:38.555,731.000,-0.945,-1.098,-1.616
1668255278595,2022-11-12T14:14:38.595,731.040,-0.152,-0.122,-1.433
1668255278635,2022-11-12T14:14:38.635,731.080,0.152,1.341,-0.701
1668255278675,2022-11-12T14:14:38.675,731.120,0.305,2.896,0.213
1668255278715,2022-11-12T14:14:38.715,731.160,1.280,5.335,0.427
1668255278755,2022-11-12T14:14:38.755,731.200,5.152,6.280,-0.427
1668255278795,2022-11-12T14:14:38.795,731.240,3.963,4.695,1.677
1668255278835,2022-11-12T14:14:38.835,731.280,1.128,4.177,2.348
1668255278875,2022-11-12T14:14:38.875,731.320,0.152,2.378,-0.488
1668255278915,2022-11-12T14:14:38.915,731.360,0.701,0.396,-1.951
1668255278955,2022-11-12T14:14:38.955,731.400,2.043,1.402,-4.146
1668255278995,2022-11-12T14:14:38.995,731.440,0.976,0.823,-3.628
1668255279035,2022-11-12T14:14:39.035,731.480,4.390,4.482,-4.848
1668255279075,2022-11-12T14:14:39.075,731.520,4.085,6.037,-6.311
1668255279115,2022-11-12T14:14:39.115,731.560,-0.122,3.902,-6.189
1668255279155,2022-11-12T14:14:39.155,731.600,-0.091,3.994,-6.829
1668255279195,2022-11-12T14:14:39.195,731.640,-2.896,4.634,-8.872
1668255279235,2022-11-12T14:14:39.235,731.680,-1.616,6.250,-10.610
1668255279275,2022-11-12T14:14:39.275,731.720,5.305,6.646,-6.341
1668255279315,2022-11-12T14:14:39.315,731.760,9.604,10.152,-4.512
1668255279355,2022-11-12T14:14:39.355,731.800,14.726,13.811,-4.543
1668255279395,2022-11-12T14:14:39.395,731.840,7.622,14.360,-6.890
1668255279435,2022-11-12T14:14:39.435,731.880,2.073,12.195,-10.762
1668255279475,2022-11-12T14:14:39.475,731.920,-5.427,12.104,-13.140
1668255279515,2022-11-12T14:14:39.515,731.960,-5.976,11.829,-15.884
1668255279555,2022-11-12T14:14:39.555,732.000,-6.768,11.799,-15.884
1668255279595,2022-11-12T14:14:39.595,732.040,-10.305,7.195,-15.762
1668255279635,2022-11-12T14:14:39.635,732.080,-10.366,3.415,-17.500
1668255279675,2022-11-12T14:14:39.675,732.120,-16.738,3.476,-21.524
1668255279715,2022-11-12T14:14:39.715,732.160,-14.512,4.695,-19.848
1668255279755,2022-11-12T14:14:39.755,732.200,-13.140,4.390,-18.049
1668255279795,2022-11-12T14:14:39.795,732.240,-11.951,5.122,-15.884
1668255279835,2022-11-12T14:14:39.835,732.280,-15.579,6.982,-18.323
1668255279875,2022-11-12T14:14:39.875,732.320,-21.037,8.110,-23.140
1668255279915,2022-11-12T14:14:39.915,732.360,-18.384,5.823,-24.634
1668255279955,2022-11-12T14:14:39.955,732.400,-8.780,6.524,-19.482
1668255279995,2022-11-12T14:14:39.995,732.440,0.854,5.823,-15.061
1668255280035,2022-11-12T14:14:40.035,732.480,-2.470,7.073,-19.146
1668255280075,2022-11-12T14:14:40.075,732.520,-6.402,9.512,-22.317
1668255280115,2022-11-12T14:14:40.115,732.560,-2.774,7.866,-21.037
1668255280155,2022-11-12T14:14:40.155,732.600,-5.366,5.030,-25.884
1668255280195,2022-11-12T14:14:40.195,732.640,-10.244,7.866,-27.561
1668255280235,2022-11-12T14:14:40.235,732.680,-15.488,9.360,-29.512
1668255280275,2022-11-12T14:14:40.275,732.720,-21.646,7.561,-38.963
1668255280315,2022-11-12T14:14:40.315,732.760,-25.457,4.238,-46.067
1668255280355,2022-11-12T14:14:40.355,732.800,-21.799,7.134,-41.799
1668255280395,2022-11-12T14:14:40.395,732.840,-12.988,2.683,-31.738
1668255280435,2022-11-12T14:14:40.435,732.880,-9.695,0.274,-24.909
1668255280475,2022-11-12T14:14:40.475,732.920,-8.293,-1.067,-20.732
1668255280515,2022-11-12T14:14:40.515,732.960,0.335,-7.957,-15.671
1668255280555,2022-11-12T14:14:40.555,733.000,-7.652,-6.860,-21.372
1668255280595,2022-11-12T14:14:40.595,733.040,-14.421,-0.854,-26.433
1668255280635,2022-11-12T14:14:40.635,733.080,-6.860,-3.445,-22.713
1668255280675,2022-11-12T14:14:40.675,733.120,-7.927,-3.415,-20.396
1668255280715,2022-11-12T14:14:40.715,733.160,-5.335,-2.835,-17.622
1668255280755,2022-11-12T14:14:40.755,733.200,2.195,-1.555,-13.201
1668255280795,2022-11-12T14:14:40.795,733.240,6.616,-2.012,-7.866
1668255280835,2022-11-12T14:14:40.835,733.280,10.671,-6.372,-2.622
1668255280875,2022-11-12T14:14:40.875,733.320,4.634,-6.707,-3.780
1668255280915,2022-11-12T14:14:40.915,733.360,-3.872,-4.390,-8.323
1668255280955,2022-11-12T14:14:40.955,733.400,-6.250,-2.683,-6.921
1668255280995,2022-11-12T14:14:40.995,733.440,0.884,-4.726,0.793
1668255281035,2022-11-12T14:14:41.035,733.480,11.616,-5.579,5.457
1668255281075,2022-11-12T14:14:41.075,733.520,9.878,-0.396,0.549
1668255281115,2022-11-12T14:14:41.115,733.560,-0.213,5.366,-7.927
1668255281155,2022-11-12T14:14:41.155,733.600,-0.579,4.543,-11.707
1668255281195,2022-11-12T14:14:41.195,733.640,1.433,3.872,-8.720
1668255281235,2022-11-12T14:14:41.235,733.680,2.927,3.079,-4.634
1668255281275,2022-11-12T14:14:41.275,733.720,4.695,1.372,-4.085
1668255281315,2022-11-12T14:14:41.315,733.760,4.665,1.037,-4.756
1668255281355,2022-11-12T14:14:41.355,733.800,2.470,-0.640,-4.329
1668255281395,2022-11-12T14:14:41.395,733.840,-1.738,-5.335,-6.006
1668255281435,2022-11-12T14:14:41.435,733.880,-6.829,-5.793,-12.774
1668255281475,2022-11-12T14:14:41.475,733.920,-10.579,-4.116,-15.488
1668255281515,2022-11-12T14:14:41.515,733.960,-4.543,-5.366,-9.085
1668255281555,2022-11-12T14:14:41.555,734.000,-3.262,-3.720,-5.305
1668255281595,2022-11-12T14:14:41.595,734.040,-5.549,-0.640,-3.049
1668255281635,2022-11-12T14:14:41.635,734.080,-3.476,-1.098,0.640
1668255281675,2022-11-12T14:14:41.675,734.120,-2.500,1.006,0.915
1668255281715,2022-11-12T14:14:41.715,734.160,-1.616,2.683,-0.030
1668255281755,2022-11-12T14:14:41.755,734.200,-1.433,-0.274,-1.006
1668255281795,2022-11-12T14:14:41.795,734.240,-0.457,-2.104,-0.915
1668255281835,2022-11-12T14:14:41.835,734.280,0.976,-2.195,0.976
1668255281875,2022-11-12T14:14:41.875,734.320,2.652,-1.738,-0.945
1668255281915,2022-11-12T14:14:41.915,734.360,0.701,-0.823,-3.476
1668255281955,2022-11-12T14:14:41.955,734.400,3.689,-2.957,-3.598
1668255281995,2022-11-12T14:14:41.995,734.440,4.604,-2.957,-7.256
1668255282035,2022-11-12T14:14:42.035,734.480,1.128,-2.012,-13.171
1668255282075,2022-11-12T14:14:42.075,734.520,3.293,-2.073,-17.226
1668255282115,2022-11-12T14:14:42.115,734.560,0.274,-0.854,-22.957
1668255282155,2022-11-12T14:14:42.155,734.600,-0.671,0.579,-27.073
1668255282195,2022-11-12T14:14:42.195,734.640,7.256,-1.433,-31.463
1668255282235,2022-11-12T14:14:42.235,734.680,7.134,-0.976,-39.909
1668255282275,2022-11-12T14:14:42.275,734.720,0.244,3.872,-41.494
1668255282315,2022-11-12T14:14:42.315,734.760,9.695,0.701,-31.067
1668255282355,2022-11-12T14:14:42.355,734.800,12.744,-2.927,-27.104
1668255282395,2022-11-12T14:14:42.395,734.840,2.073,-2.317,-28.750
1668255282435,2022-11-12T14:14:42.435,734.880,0.213,-2.378,-23.750
1668255282475,2022-11-12T14:14:42.475,734.920,4.482,1.341,-17.256
1668255282515,2022-11-12T14:14:42.515,734.960,2.439,6.311,-18.628
1668255282555,2022-11-12T14:14:42.555,735.000,-14.878,8.811,-20.610
1668255282595,2022-11-12T14:14:42.595,735.040,-29.848,10.701,-11.372
1668255282635,2022-11-12T14:14:42.635,735.080,-18.140,10.549,3.506
1668255282675,2022-11-12T14:14:42.675,735.120,1.616,8.872,11.311
1668255282715,2022-11-12T14:14:42.715,735.160,-10.244,9.634,13.201
1668255282755,2022-11-12T14:14:42.755,735.200,-11.341,20.610,9.299
1668255282795,2022-11-12T14:14:42.795,735.240,-14.085,27.378,6.555
1668255282835,2022-11-12T14:14:42.835,735.280,-21.067,27.165,8.659
1668255282875,2022-11-12T14:14:42.875,735.320,-17.561,26.311,11.738
1668255282915,2022-11-12T14:14:42.915,735.360,-23.750,27.530,13.110
1668255282955,2022-11-12T14:14:42.955,735.400,-19.543,20.183,25.610
1668255282995,2022-11-12T14:14:42.995,735.440,8.262,1.677,47.317
1668255283035,2022-11-12T14:14:43.035,735.480,12.957,1.311,55.061
1668255283075,2022-11-12T14:14:43.075,735.520,-11.494,15.000,43.415
1668255283115,2022-11-12T14:14:43.115,735.560,-31.738,17.012,39.848
1668255283155,2022-11-12T14:14:43.155,735.600,-17.561,3.018,51.280
1668255283195,2022-11-12T14:14:43.195,735.640,-10.823,1.921,53.811
1668255283235,2022-11-12T14:14:43.235,735.680,-20.762,8.963,51.311
1668255283275,2022-11-12T14:14:43.275,735.720,-19.939,8.537,53.110
1668255283315,2022-11-12T14:14:43.315,735.760,-17.073,6.341,60.183
1668255283355,2022-11-12T14:14:43.355,735.800,-17.652,6.006,59.451
1668255283395,2022-11-12T14:14:43.395,735.840,-19.543,3.963,58.689
1668255283435,2022-11-12T14:14:43.435,735.880,-22.378,3.323,61.799
1668255283475,2022-11-12T14:14:43.475,735.920,-26.280,-2.622,61.524
1668255283515,2022-11-12T14:14:43.515,735.960,-28.232,-6.951,54.299
1668255283555,2022-11-12T14:14:43.555,736.000,-33.018,-5.518,44.726
1668255283595,2022-11-12T14:14:43.595,736.040,-28.140,-5.823,36.402
1668255283635,2022-11-12T14:14:43.635,736.080,-34.543,-11.738,18.598
1668255283675,2022-11-12T14:14:43.675,736.120,-33.628,-18.902,17.165
1668255283715,2022-11-12T14:14:43.715,736.160,-16.494,-34.238,5.366
1668255283755,2022-11-12T14:14:43.755,736.200,-27.652,-33.262,-6.799
1668255283795,2022-11-12T14:14:43.795,736.240,-22.561,-35.854,-19.848
1668255283835,2022-11-12T14:14:43.835,736.280,-27.500,-40.793,-16.220
1668255283875,2022-11-12T14:14:43.875,736.320,10.976,-43.171,-10.945
1668255283915,2022-11-12T14:14:43.915,736.360,26.677,-48.079,-20.335
1668255283955,2022-11-12T14:14:43.955,736.400,14.390,-40.305,-31.646
1668255283995,2022-11-12T14:14:43.995,736.440,-2.409,-35.945,-49.543
1668255284035,2022-11-12T14:14:44.035,736.480,11.311,-26.707,-49.451
1668255284075,2022-11-12T14:14:44.075,736.520,19.390,-27.348,-48.537
1668255284115,2022-11-12T14:14:44.115,736.560,26.707,-16.067,-51.159
1668255284155,2022-11-12T14:14:44.155,736.600,20.244,-4.573,-67.805
1668255284195,2022-11-12T14:14:44.195,736.640,29.268,4.939,-68.171
1668255284235,2022-11-12T14:14:44.235,736.680,24.299,5.152,-60.335
1668255284275,2022-11-12T14:14:44.275,736.720,12.500,3.994,-63.049
1668255284315,2022-11-12T14:14:44.315,736.760,14.665,-1.524,-67.165
1668255284355,2022-11-12T14:14:44.355,736.800,12.012,-8.201,-67.530
1668255284395,2022-11-12T14:14:44.395,736.840,21.128,-3.415,-65.640
1668255284435,2022-11-12T14:14:44.435,736.880,29.055,-0.122,-58.354
1668255284475,2022-11-12T14:14:44.475,736.920,16.799,5.244,-46.890
1668255284515,2022-11-12T14:14:44.515,736.960,11.768,6.494,-29.939
1668255284555,2022-11-12T14:14:44.555,737.000,12.866,-4.634,-10.884
1668255284595,2022-11-12T14:14:44.595,737.040,-1.098,-7.165,-3.872
1668255284635,2022-11-12T14:14:44.635,737.080,-4.116,-5.061,-0.122
1668255284675,2022-11-12T14:14:44.675,737.120,0.366,-8.232,3.323
1668255284715,2022-11-12T14:14:44.715,737.160,5.488,-6.768,4.421
1668255284755,2022-11-12T14:14:44.755,737.200,1.341,1.372,-3.140
1668255284795,2022-11-12T14:14:44.795,737.240,-0.152,4.634,-4.878
1668255284835,2022-11-12T14:14:44.835,737.280,2.043,2.530,-2.256
1668255284875,2022-11-12T14:14:44.875,737.320,2.530,-1.494,-0.579
1668255284915,2022-11-12T14:14:44.915,737.360,0.884,-4.451,-0.793
1668255284955,2022-11-12T14:14:44.955,737.400,1.128,-4.573,-4.299
1668255284995,2022-11-12T14:14:44.995,737.440,1.799,-3.354,-8.171
1668255285035,2022-11-12T14:14:45.035,737.480,3.567,-2.683,-9.970
1668255285075,2022-11-12T14:14:45.075,737.520,8.445,-3.171,-12.805
1668255285115,2022-11-12T14:14:45.115,737.560,7.805,-3.841,-18.476
1668255285155,2022-11-12T14:14:45.155,737.600,7.500,-7.561,-25.488
1668255285195,2022-11-12T14:14:45.195,737.640,3.933,-8.506,-29.390
1668255285235,2022-11-12T14:14:45.235,737.680,7.043,-10.396,-30.457
1668255285275,2022-11-12T14:14:45.275,737.720,7.683,-6.433,-33.018
1668255285315,2022-11-12T14:14:45.315,737.760,2.652,1.006,-35.305
1668255285355,2022-11-12T14:14:45.355,737.800,4.299,1.951,-30.427
1668255285395,2022-11-12T14:14:45.395,737.840,8.689,1.220,-28.079
1668255285435,2022-11-12T14:14:45.435,737.880,3.720,7.378,-33.811
1668255285475,2022-11-12T14:14:45.475,737.920,-9.604,19.207,-38.689
1668255285515,2022-11-12T14:14:45.515,737.960,-15.427,23.780,-41.159
1668255285555,2022-11-12T14:14:45.555,738.000,-20.518,29.390,-36.006
1668255285595,2022-11-12T14:14:45.595,738.040,-20.183,37.439,-16.372
1668255285635,2022-11-12T14:14:45.635,738.080,-21.951,35.030,5.030
1668255285675,2022-11-12T14:14:45.675,738.120,-18.323,26.951,21.250
1668255285715,2022-11-12T14:14:45.715,738.160,-5.335,26.707,36.585
1668255285755,2022-11-12T14:14:45.755,738.200,3.079,19.451,47.805
1668255285795,2022-11-12T14:14:45.795,738.240,8.780,18.354,35.671
1668255285835,2022-11-12T14:14:45.835,738.280,-11.311,61.037,-5.884
1668255285875,2022-11-12T14:14:45.875,738.320,-74.421,57.134,-2.957
1668255285915,2022-11-12T14:14:45.915,738.360,11.098,34.268,32.165
1668255285955,2022-11-12T14:14:45.955,738.400,15.793,54.268,40.274
1668255285995,2022-11-12T14:14:45.995,738.440,-29.085,41.890,30.945
1668255286035,2022-11-12T14:14:46.035,738.480,-45.335,19.695,39.268
1668255286075,2022-11-12T14:14:46.075,738.520,-36.006,5.976,61.921
1668255286115,2022-11-12T14:14:46.115,738.560,-18.780,17.470,73.872
1668255286155,2022-11-12T14:14:46.155,738.600,-26.159,16.037,75.244
1668255286195,2022-11-12T14:14:46.195,738.640,-24.055,20.610,90.152
1668255286235,2022-11-12T14:14:46.235,738.680,-0.152,7.835,101.677
1668255286275,2022-11-12T14:14:46.275,738.720,-10.732,1.982,98.780
1668255286315,2022-11-12T14:14:46.315,738.760,-24.055,2.927,92.896
1668255286355,2022-11-12T14:14:46.355,738.800,-29.360,-2.287,81.982
1668255286395,2022-11-12T14:14:46.395,738.840,-47.683,-5.823,81.463
1668255286435,2022-11-12T14:14:46.435,738.880,-42.409,-4.055,77.043
1668255286475,2022-11-12T14:14:46.475,738.920,-36.616,-3.445,72.165
1668255286515,2022-11-12T14:14:46.515,738.960,-45.762,-7.835,66.555
1668255286555,2022-11-12T14:14:46.555,739.000,-31.738,-15.061,62.226
1668255286595,2022-11-12T14:14:46.595,739.040,-34.482,-17.988,46.982
1668255286635,2022-11-12T14:14:46.635,739.080,-50.030,-21.463,32.134
1668255286675,2022-11-12T14:14:46.675,739.120,-37.134,-38.262,26.829
1668255286715,2022-11-12T14:14:46.715,739.160,-22.104,-41.494,13.049
1668255286755,2022-11-12T14:14:46.755,739.200,-44.970,-26.250,0.549
1668255286795,2022-11-12T14:14:46.795,739.240,-6.982,-28.201,12.561
1668255286835,2022-11-12T14:14:46.835,739.280,-18.506,-54.116,8.293
1668255286875,2022-11-12T14:14:46.875,739.320,-8.201,-49.055,-9.268
1668255286915,2022-11-12T14:14:46.915,739.360,-2.988,-41.829,-22.835
1668255286955,2022-11-12T14:14:46.955,739.400,-1.372,-51.646,-25.762
1668255286995,2022-11-12T14:14:46.995,739.440,5.640,-66.402,-40.427
1668255287035,2022-11-12T14:14:47.035,739.480,17.134,-57.530,-47.652
1668255287075,2022-11-12T14:14:47.075,739.520,9.482,-49.909,-53.963
1668255287115,2022-11-12T14:14:47.115,739.560,15.183,-38.049,-59.177
1668255287155,2022-11-12T14:14:47.155,739.600,22.713,-29.573,-66.128
1668255287195,2022-11-12T14:14:47.195,739.640,26.982,-24.695,-72.683
1668255287235,2022-11-12T14:14:47.235,739.680,19.116,-13.293,-81.494
1668255287275,2022-11-12T14:14:47.275,739.720,14.360,3.537,-84.756
1668255287315,2022-11-12T14:14:47.315,739.760,16.555,11.463,-79.329
1668255287355,2022-11-12T14:14:47.355,739.800,16.860,9.207,-70.915
1668255287395,2022-11-12T14:14:47.395,739.840,18.841,5.976,-58.262
1668255287435,2022-11-12T14:14:47.435,739.880,23.811,6.799,-43.506
1668255287475,2022-11-12T14:14:47.475,739.920,22.896,11.037,-28.598
1668255287515,2022-11-12T14:14:47.515,739.960,27.744,12.439,-15.915
1668255287555,2022-11-12T14:14:47.555,740.000,23.171,17.043,-7.744
1668255287595,2022-11-12T14:14:47.595,740.040,26.433,19.817,2.226
1668255287635,2022-11-12T14:14:47.635,740.080,28.689,12.683,8.293
1668255287675,2022-11-12T14:14:47.675,740.120,28.201,5.945,11.067
1668255287715,2022-11-12T14:14:47.715,740.160,22.835,3.079,2.957
1668255287755,2022-11-12T14:14:47.755,740.200,6.433,2.287,-3.262
1668255287795,2022-11-12T14:14:47.795,740.240,3.689,0.000,-3.720
1668255287835,2022-11-12T14:14:47.835,740.280,2.409,-0.793,-3.140
1668255287875,2022-11-12T14:14:47.875,740.320,0.488,-2.073,0.854
1668255287915,2022-11-12T14:14:47.915,740.360,1.341,-3.902,3.110
1668255287955,2022-11-12T14:14:47.955,740.400,4.390,0.610,0.793
1668255287995,2022-11-12T14:14:47.995,740.440,3.049,0.884,-1.098
1668255288035,2022-11-12T14:14:48.035,740.480,1.738,0.671,0.427
1668255288075,2022-11-12T14:14:48.075,740.520,1.555,4.451,2.165
1668255288115,2022-11-12T14:14:48.115,740.560,2.835,1.159,3.933
1668255288155,2022-11-12T14:14:48.155,740.600,5.030,-0.945,6.006
1668255288195,2022-11-12T14:14:48.195,740.640,5.640,2.409,3.659
1668255288235,2022-11-12T14:14:48.235,740.680,4.787,6.372,0.488
1668255288275,2022-11-12T14:14:48.275,740.720,1.006,5.823,-1.433
1668255288315,2022-11-12T14:14:48.315,740.760,2.378,2.165,0.823
1668255288355,2022-11-12T14:14:48.355,740.800,5.091,0.091,3.872
1668255288395,2022-11-12T14:14:48.395,740.840,2.927,1.341,4.421
1668255288435,2022-11-12T14:14:48.435,740.880,3.537,3.567,5.366
1668255288475,2022-11-12T14:14:48.475,740.920,6.646,2.134,7.378
1668255288515,2022-11-12T14:14:48.515,740.960,5.884,-0.579,8.293
1668255288555,2022-11-12T14:14:48.555,741.000,5.213,0.122,6.250
1668255288595,2022-11-12T14:14:48.595,741.040,8.140,-1.433,4.116
1668255288635,2022-11-12T14:14:48.635,741.080,6.372,-4.543,2.043
1668255288675,2022-11-12T14:14:48.675,741.120,0.823,-1.982,-1.159
1668255288715,2022-11-12T14:14:48.715,741.160,-1.037,-0.366,0.213
1668255288755,2022-11-12T14:14:48.755,741.200,-0.579,-1.585,4.116
1668255288795,2022-11-12T14:14:48.795,741.240,-3.140,0.061,7.287
1668255288835,2022-11-12T14:14:48.835,741.280,-4.878,-1.829,10.762
1668255288875,2022-11-12T14:14:48.875,741.320,-3.018,-3.567,14.848
1668255288915,2022-11-12T14:14:48.915,741.360,-3.415,-0.549,13.445
1668255288955,2022-11-12T14:14:48.955,741.400,-1.433,3.841,11.067
1668255288995,2022-11-12T14:14:48.995,741.440,0.244,3.384,11.921
1668255289035,2022-11-12T14:14:49.035,741.480,0.061,0.427,12.866
1668255289075,2022-11-12T14:14:49.075,741.520,0.762,-2.165,15.122
1668255289115,2022-11-12T14:14:49.115,741.560,-1.250,-3.506,13.841
1668255289155,2022-11-12T14:14:49.155,741.600,-1.707,-0.518,12.043
1668255289195,2022-11-12T14:14:49.195,741.640,-1.524,0.122,11.463
1668255289235,2022-11-12T14:14:49.235,741.680,1.524,2.134,9.573
1668255289275,2022-11-12T14:14:49.275,741.720,-4.634,7.195,4.085
1668255289315,2022-11-12T14:14:49.315,741.760,-9.604,9.634,0.762
1668255289355,2022-11-12T14:14:49.355,741.800,-4.085,0.945,7.043
1668255289395,2022-11-12T14:14:49.395,741.840,1.646,-7.470,13.689
1668255289435,2022-11-12T14:14:49.435,741.880,-0.305,-5.732,11.707
1668255289475,2022-11-12T14:14:49.475,741.920,-3.323,-1.006,7.957
1668255289515,2022-11-12T14:14:49.515,741.960,-1.555,-1.159,9.390
1668255289555,2022-11-12T14:14:49.555,742.000,-0.671,-2.896,10.884
1668255289595,2022-11-12T14:14:49.595,742.040,-0.335,-3.018,12.317
1668255289635,2022-11-12T14:14:49.635,742.080,5.579,-1.372,11.982
1668255289675,2022-11-12T14:14:49.675,742.120,4.329,1.311,9.329
1668255289715,2022-11-12T14:14:49.715,742.160,0.030,0.061,11.494
1668255289755,2022-11-12T14:14:49.755,742.200,6.372,-5.762,17.348
1668255289795,2022-11-12T14:14:49.795,742.240,9.726,-8.598,20.091
1668255289835,2022-11-12T14:14:49.835,742.280,8.476,-6.799,19.512
1668255289875,2022-11-12T14:14:49.875,742.320,5.183,-5.549,17.165
1668255289915,2022-11-12T14:14:49.915,742.360,4.787,-2.165,14.177
1668255289955,2022-11-12T14:14:49.955,742.400,-4.329,-4.451,9.604
1668255289995,2022-11-12T14:14:49.995,742.440,-7.256,-6.555,3.933
1668255290035,2022-11-12T14:14:50.035,742.480,5.549,-5.732,8.415
1668255290075,2022-11-12T14:14:50.075,742.520,10.396,-5.854,15.366
1668255290115,2022-11-12T14:14:50.115,742.560,10.457,-4.482,17.226
1668255290155,2022-11-12T14:14:50.155,742.600,8.933,-5.701,14.451
1668255290195,2022-11-12T14:14:50.195,742.640,6.738,-6.524,11.799
1668255290235,2022-11-12T14:14:50.235,742.680,11.037,-7.835,11.006
1668255290275,2022-11-12T14:14:50.275,742.720,9.360,-7.591,3.476
1668255290315,2022-11-12T14:14:50.315,742.760,12.195,-4.146,-0.122
1668255290355,2022-11-12T14:14:50.355,742.800,20.396,-1.890,7.744
1668255290395,2022-11-12T14:14:50.395,742.840,19.146,0.854,3.415
1668255290435,2022-11-12T14:14:50.435,742.880,29.116,-5.000,-4.787
1668255290475,2022-11-12T14:14:50.475,742.920,23.079,0.274,1.159
1668255290515,2022-11-12T14:14:50.515,742.960,9.055,9.665,4.817
1668255290555,2022-11-12T14:14:50.555,743.000,6.616,9.268,4.390
1668255290595,2022-11-12T14:14:50.595,743.040,6.463,8.537,1.220
1668255290635,2022-11-12T14:14:50.635,743.080,3.811,7.500,-1.189
1668255290675,2022-11-12T14:14:50.675,743.120,-2.439,11.311,-0.122
1668255290715,2022-11-12T14:14:50.715,743.160,-4.787,16.037,-1.982
1668255290755,2022-11-12T14:14:50.755,743.200,3.079,12.805,-3.293
1668255290795,2022-11-12T14:14:50.795,743.240,0.640,10.488,0.549
1668255290835,2022-11-12T14:14:50.835,743.280,-1.067,8.780,2.195
1668255290875,2022-11-12T14:14:50.875,743.320,1.372,8.415,2.226
1668255290915,2022-11-12T14:14:50.915,743.360,0.610,7.866,1.555
1668255290955,2022-11-12T14:14:50.955,743.400,1.677,6.341,1.006
1668255290995,2022-11-12T14:14:50.995,743.440,2.561,6.494,0.335
1668255291035,2022-11-12T14:14:51.035,743.480,2.195,5.396,-0.030
1668255291075,2022-11-12T14:14:51.075,743.520,2.287,3.811,-0.366
1668255291115,2022-11-12T14:14:51.115,743.560,0.305,2.896,-0.396
1668255291155,2022-11-12T14:14:51.155,743.600,0.274,3.049,-0.213
1668255291195,2022-11-12T14:14:51.195,743.640,-0.610,3.262,0.396
1668255291235,2022-11-12T14:14:51.235,743.680,-2.104,1.524,0.061
1668255291275,2022-11-12T14:14:51.275,743.720,-0.793,-0.061,-0.335
1668255291315,2022-11-12T14:14:51.315,743.760,1.098,0.945,0.061
1668255291355,2022-11-12T14:14:51.355,743.800,1.921,1.311,-0.640
1668255291395,2022-11-12T14:14:51.395,743.840,3.018,4.817,-0.610
1668255291435,2022-11-12T14:14:51.435,743.880,5.427,9.024,-1.463
1668255291475,2022-11-12T14:14:51.475,743.920,9.787,6.768,-2.866
1668255291515,2022-11-12T14:14:51.515,743.960,11.646,4.390,-2.957
1668255291555,2022-11-12T14:14:51.555,744.000,10.244,2.317,-3.933
1668255291595,2022-11-12T14:14:51.595,744.040,4.085,0.244,-2.104
1668255291635,2022-11-12T14:14:51.635,744.080,2.195,1.128,-1.128
1668255291675,2022-11-12T14:14:51.675,744.120,5.579,1.921,-1.707
1668255291715,2022-11-12T14:14:51.715,744.160,4.604,1.280,-0.305
1668255291755,2022-11-12T14:14:51.755,744.200,2.591,1.585,0.823
1668255291795,2022-11-12T14:14:51.795,744.240,2.744,1.311,-0.335
1668255291835,2022-11-12T14:14:51.835,744.280,1.707,0.518,-0.823
1668255291875,2022-11-12T14:14:51.875,744.320,0.762,0.762,-0.427
1668255291915,2022-11-12T14:14:51.915,744.360,0.518,0.579,0.213
1668255291955,2022-11-12T14:14:51.955,744.400,0.671,0.274,0.457
1668255291995,2022-11-12T14:14:51.995,744.440,0.610,-0.396,-0.091
1668255292035,2022-11-12T14:14:52.035,744.480,-0.488,-1.159,-0.183
1668255292075,2022-11-12T14:14:52.075,744.520,0.488,-2.043,-0.122
1668255292115,2022-11-12T14:14:52.115,744.560,1.311,-1.372,0.701
1668255292155,2022-11-12T14:14:52.155,744.600,1.402,-0.610,1.585
1668255292195,2022-11-12T14:14:52.195,744.640,2.866,-0.061,0.976
1668255292235,2022-11-12T14:14:52.235,744.680,3.232,0.213,0.701
1668255292275,2022-11-12T14:14:52.275,744.720,2.805,-0.610,0.396
1668255292315,2022-11-12T14:14:52.315,744.760,1.250,-0.884,0.823
1668255292355,2022-11-12T14:14:52.355,744.800,1.067,-0.366,0.823
1668255292395,2022-11-12T14:14:52.395,744.840,0.976,-0.854,0.915
1668255292435,2022-11-12T14:14:52.435,744.880,2.500,0.945,1.067
1668255292475,2022-11-12T14:14:52.475,744.920,3.049,2.500,1.006
1668255292515,2022-11-12T14:14:52.515,744.960,2.165,0.549,0.274
1668255292555,2022-11-12T14:14:52.555,745.000,1.037,-0.671,0.274
1668255292595,2022-11-12T14:14:52.595,745.040,1.372,-0.274,0.244
1668255292635,2022-11-12T14:14:52.635,745.080,2.043,0.335,-0.122
1668255292675,2022-11-12T14:14:52.675,745.120,1.951,0.335,-0.213
1668255292715,2022-11-12T14:14:52.715,745.160,2.226,0.640,0.091
1668255292755,2022-11-12T14:14:52.755,745.200,2.439,0.549,0.152
1668255292795,2022-11-12T14:14:52.795,745.240,1.006,-0.610,-0.244
1668255292835,2022-11-12T14:14:52.835,745.280,0.793,-0.762,-0.488
1668255292875,2022-11-12T14:14:52.875,745.320,1.555,-0.244,-0.152
1668255292915,2022-11-12T14:14:52.915,745.360,1.494,-0.030,0.244
1668255292955,2022-11-12T14:14:52.955,745.400,1.280,0.305,0.518
1668255292995,2022-11-12T14:14:52.995,745.440,1.372,0.884,0.366
1668255293035,2022-11-12T14:14:53.035,745.480,1.006,0.488,0.122
1668255293075,2022-11-12T14:14:53.075,745.520,0.793,0.091,-0.427
1668255293115,2022-11-12T14:14:53.115,745.560,0.549,-0.671,-0.396
1668255293155,2022-11-12T14:14:53.155,745.600,1.463,-0.762,0.701
1668255293195,2022-11-12T14:14:53.195,745.640,1.524,0.335,1.311
1668255293235,2022-11-12T14:14:53.235,745.680,1.616,0.274,0.915
1668255293275,2022-11-12T14:14:53.275,745.720,2.073,-0.488,0.030
1668255293315,2022-11-12T14:14:53.315,745.760,2.165,-0.854,-0.671
1668255293355,2022-11-12T14:14:53.355,745.800,2.226,-0.549,-0.549
1668255293395,2022-11-12T14:14:53.395,745.840,1.982,-0.335,-0.091
1668255293435,2022-11-12T14:14:53.435,745.880,1.433,-0.213,0.030
1668255293475,2022-11-12T14:14:53.475,745.920,1.738,-0.030,-0.244
1668255293515,2022-11-12T14:14:53.515,745.960,1.220,-0.549,-0.335
1668255293555,2022-11-12T14:14:53.555,746.000,-0.732,-1.189,0.244
1668255293595,2022-11-12T14:14:53.595,746.040,-0.793,-0.488,0.488
1668255293635,2022-11-12T14:14:53.635,746.080,0.732,0.122,0.335
1668255293675,2022-11-12T14:14:53.675,746.120,1.768,-0.091,0.030
1668255293715,2022-11-12T14:14:53.715,746.160,1.860,-0.488,-0.305
1668255293755,2022-11-12T14:14:53.755,746.200,1.951,-0.457,-0.701
1668255293795,2022-11-12T14:14:53.795,746.240,1.738,-0.030,-0.122
1668255293835,2022-11-12T14:14:53.835,746.280,1.463,0.396,0.061
1668255293875,2022-11-12T14:14:53.875,746.320,1.646,0.152,-0.244
1668255293915,2022-11-12T14:14:53.915,746.360,1.037,0.122,-0.030
1668255293955,2022-11-12T14:14:53.955,746.400,1.707,0.061,-0.244
1668255293995,2022-11-12T14:14:53.995,746.440,1.616,0.152,-0.213
1668255294035,2022-11-12T14:14:54.035,746.480,0.823,-0.305,-0.274
1668255294075,2022-11-12T14:14:54.075,746.520,0.884,-0.457,-0.549
1668255294115,2022-11-12T14:14:54.115,746.560,1.585,-0.213,-0.183
1668255294155,2022-11-12T14:14:54.155,746.600,1.951,0.030,0.244
1668255294195,2022-11-12T14:14:54.195,746.640,1.280,0.000,0.061
1668255294235,2022-11-12T14:14:54.235,746.680,1.280,-0.122,-0.122
1668255294275,2022-11-12T14:14:54.275,746.720,1.646,-0.183,-0.305
1668255294315,2022-11-12T14:14:54.315,746.760,1.768,-0.427,-0.396
1668255294355,2022-11-12T14:14:54.355,746.800,1.982,-0.366,-0.244
1668255294395,2022-11-12T14:14:54.395,746.840,1.341,-0.030,0.061
1668255294435,2022-11-12T14:14:54.435,746.880,1.280,-0.213,-0.213
1668255294475,2022-11-12T14:14:54.475,746.920,0.854,-0.335,-0.305
1668255294515,2022-11-12T14:14:54.515,746.960,0.549,-0.335,-0.274
1668255294555,2022-11-12T14:14:54.555,747.000,0.488,-0.152,-0.122
1668255294595,2022-11-12T14:14:54.595,747.040,0.732,-0.030,-0.061
1668255294635,2022-11-12T14:14:54.635,747.080,0.549,-0.030,0.152
1668255294675,2022-11-12T14:14:54.675,747.120,0.274,-0.274,0.152
1668255294715,2022-11-12T14:14:54.715,747.160,0.549,-0.396,-0.030
1668255294755,2022-11-12T14:14:54.755,747.200,0.427,-0.244,0.030
1668255294795,2022-11-12T14:14:54.795,747.240,1.006,-0.152,-0.122
1668255294835,2022-11-12T14:14:54.835,747.280,0.762,-0.061,0.030
1668255294875,2022-11-12T14:14:54.875,747.320,0.762,-0.274,0.000
1668255294915,2022-11-12T14:14:54.915,747.360,0.488,-0.213,0.061
1668255294955,2022-11-12T14:14:54.955,747.400,0.518,-0.274,-0.061
1668255294995,2022-11-12T14:14:54.995,747.440,0.518,-0.274,0.274
1668255295035,2022-11-12T14:14:55.035,747.480,0.884,0.030,0.213
1668255295075,2022-11-12T14:14:55.075,747.520,0.396,-0.061,0.061
1668255295115,2022-11-12T14:14:55.115,747.560,0.793,-0.396,0.000
1668255295155,2022-11-12T14:14:55.155,747.600,1.250,-0.091,0.000
1668255295195,2022-11-12T14:14:55.195,747.640,1.067,-0.183,0.030
1668255295235,2022-11-12T14:14:55.235,747.680,1.006,-0.061,-0.091
1668255295275,2022-11-12T14:14:55.275,747.720,1.067,-0.183,0.091
1668255295315,2022-11-12T14:14:55.315,747.760,1.006,0.000,0.244
1668255295355,2022-11-12T14:14:55.355,747.800,0.884,0.457,0.335
1668255295395,2022-11-12T14:14:55.395,747.840,1.128,0.213,0.244
1668255295435,2022-11-12T14:14:55.435,747.880,0.976,-0.305,-0.213
1668255295475,2022-11-12T14:14:55.475,747.920,0.427,-0.579,-0.244
1668255295515,2022-11-12T14:14:55.515,747.960,0.427,-0.427,0.000
1668255295555,2022-11-12T14:14:55.555,748.000,1.128,-0.183,0.244
1668255295595,2022-11-12T14:14:55.595,748.040,0.701,-0.122,0.366
1668255295635,2022-11-12T14:14:55.635,748.080,0.122,-0.274,-0.061
1668255295675,2022-11-12T14:14:55.675,748.120,0.213,-0.396,-0.305
1668255295715,2022-11-12T14:14:55.715,748.160,0.213,-0.305,0.213
1668255295755,2022-11-12T14:14:55.755,748.200,0.640,0.000,0.457
1668255295795,2022-11-12T14:14:55.795,748.240,1.037,-0.030,-0.061
1668255295835,2022-11-12T14:14:55.835,748.280,0.762,-0.457,-0.305
1668255295875,2022-11-12T14:14:55.875,748.320,0.823,-0.366,-0.335
1668255295915,2022-11-12T14:14:55.915,748.360,0.732,-0.091,0.213
1668255295955,2022-11-12T14:14:55.955,748.400,1.341,-0.030,0.335
1668255295995,2022-11-12T14:14:55.995,748.440,1.402,-0.274,0.030
1668255296035,2022-11-12T14:14:56.035,748.480,1.159,-0.396,-0.305
1668255296075,2022-11-12T14:14:56.075,748.520,1.037,-0.305,-0.366
1668255296115,2022-11-12T14:14:56.115,748.560,0.305,-0.305,-0.122
1668255296155,2022-11-12T14:14:56.155,748.600,0.152,-0.305,0.122
1668255296195,2022-11-12T14:14:56.195,748.640,0.549,-0.244,0.305
1668255296235,2022-11-12T14:14:56.235,748.680,0.732,-0.091,0.213
1668255296275,2022-11-12T14:14:56.275,748.720,0.915,-0.152,0.000
1668255296315,2022-11-12T14:14:56.315,748.760,0.762,-0.213,-0.091
1668255296355,2022-11-12T14:14:56.355,748.800,0.488,-0.122,0.152
1668255296395,2022-11-12T14:14:56.395,748.840,0.122,-0.213,0.122
1668255296435,2022-11-12T14:14:56.435,748.880,0.366,-0.244,-0.091
1668255296475,2022-11-12T14:14:56.475,748.920,0.854,-0.122,0.091
1668255296515,2022-11-12T14:14:56.515,748.960,0.854,-0.122,0.122
1668255296555,2022-11-12T14:14:56.555,749.000,1.037,-0.335,-0.305
1668255296595,2022-11-12T14:14:56.595,749.040,0.854,-0.396,0.061
1668255296635,2022-11-12T14:14:56.635,749.080,1.372,-0.091,0.091
1668255296675,2022-11-12T14:14:56.675,749.120,1.128,-0.122,-0.091
1668255296715,2022-11-12T14:14:56.715,749.160,0.610,-0.305,-0.183
1668255296755,2022-11-12T14:14:56.755,749.200,0.640,-0.335,-0.152
1668255296795,2022-11-12T14:14:56.795,749.240,0.579,-0.213,0.122
1668255296835,2022-11-12T14:14:56.835,749.280,0.549,-0.061,0.427
1668255296875,2022-11-12T14:14:56.875,749.320,1.098,0.122,0.152
1668255296915,2022-11-12T14:14:56.915,749.360,0.945,0.122,-0.030
1668255296955,2022-11-12T14:14:56.955,749.400,0.823,-0.274,0.000
1668255296995,2022-11-12T14:14:56.995,749.440,0.915,-0.335,0.091
1668255297035,2022-11-12T14:14:57.035,749.480,0.701,-0.183,0.213
1668255297075,2022-11-12T14:14:57.075,749.520,1.067,-0.213,0.000
1668255297115,2022-11-12T14:14:57.115,749.560,1.067,-0.091,-0.061
1668255297155,2022-11-12T14:14:57.155,749.600,1.159,-0.030,-0.183
1668255297195,2022-11-12T14:14:57.195,749.640,0.823,-0.213,-0.091
1668255297235,2022-11-12T14:14:57.235,749.680,0.701,-0.244,0.152
1668255297275,2022-11-12T14:14:57.275,749.720,0.823,-0.061,0.457
1668255297315,2022-11-12T14:14:57.315,749.760,1.037,-0.274,0.091
1668255297355,2022-11-12T14:14:57.355,749.800,1.128,-0.244,-0.488
1668255297395,2022-11-12T14:14:57.395,749.840,1.159,-0.091,-0.183
1668255297435,2022-11-12T14:14:57.435,749.880,0.854,0.061,0.213
1668255297475,2022-11-12T14:14:57.475,749.920,0.518,-0.122,0.244
1668255297515,2022-11-12T14:14:57.515,749.960,0.518,-0.213,0.030
1668255297555,2022-11-12T14:14:57.555,750.000,0.854,-0.122,-0.030
1668255297595,2022-11-12T14:14:57.595,750.040,0.976,0.000,-0.030
1668255297635,2022-11-12T14:14:57.635,750.080,1.128,0.000,-0.122
1668255297675,2022-11-12T14:14:57.675,750.120,0.549,-0.122,0.213
1668255297715,2022-11-12T14:14:57.715,750.160,0.549,-0.244,0.091
1668255297755,2022-11-12T14:14:57.755,750.200,0.793,-0.335,-0.152
1668255297795,2022-11-12T14:14:57.795,750.240,0.701,-0.244,-0.091
1668255297835,2022-11-12T14:14:57.835,750.280,0.732,-0.061,0.152
1668255297875,2022-11-12T14:14:57.875,750.320,0.823,0.152,0.152
1668255297915,2022-11-12T14:14:57.915,750.360,0.701,-0.122,0.061
1668255297955,2022-11-12T14:14:57.955,750.400,1.037,-0.396,-0.091
1668255297995,2022-11-12T14:14:57.995,750.440,1.372,-0.152,-0.213
1668255298035,2022-11-12T14:14:58.035,750.480,0.732,-0.091,0.183
1668255298075,2022-11-12T14:14:58.075,750.520,0.701,-0.183,0.122
1668255298115,2022-11-12T14:14:58.115,750.560,1.006,-0.183,-0.061
1668255298155,2022-11-12T14:14:58.155,750.600,0.915,-0.213,0.091
1668255298195,2022-11-12T14:14:58.195,750.640,0.793,0.091,-0.061
1668255298235,2022-11-12T14:14:58.235,750.680,0.671,-0.213,0.000
1668255298275,2022-11-12T14:14:58.275,750.720,1.006,-0.152,-0.061
1668255298315,2022-11-12T14:14:58.315,750.760,0.610,0.000,0.305
1668255298355,2022-11-12T14:14:58.355,750.800,0.396,-0.244,0.152
1668255298395,2022-11-12T14:14:58.395,750.840,0.518,-0.244,-0.152
1668255298435,2022-11-12T14:14:58.435,750.880,0.823,-0.183,-0.030
1668255298475,2022-11-12T14:14:58.475,750.920,1.006,0.030,0.061
1668255298515,2022-11-12T14:14:58.515,750.960,0.762,0.061,0.091
1668255298555,2022-11-12T14:14:58.555,751.000,1.037,-0.244,-0.030
1668255298595,2022-11-12T14:14:58.595,751.040,1.067,-0.152,0.061
1668255298635,2022-11-12T14:14:58.635,751.080,0.945,-0.061,-0.030
1668255298675,2022-11-12T14:14:58.675,751.120,0.732,-0.183,0.061
1668255298715,2022-11-12T14:14:58.715,751.160,0.976,-0.061,-0.091
1668255298755,2022-11-12T14:14:58.755,751.200,1.006,0.000,-0.091
1668255298795,2022-11-12T14:14:58.795,751.240,0.518,-0.183,0.183
1668255298835,2022-11-12T14:14:58.835,751.280,0.488,-0.427,-0.030
1668255298875,2022-11-12T14:14:58.875,751.320,0.732,-0.335,-0.152
1668255298915,2022-11-12T14:14:58.915,751.360,0.640,-0.244,0.091
1668255298955,2022-11-12T14:14:58.955,751.400,0.915,-0.152,0.030
1668255298995,2022-11-12T14:14:58.995,751.440,0.518,-0.091,0.091
1668255299035,2022-11-12T14:14:59.035,751.480,0.640,-0.274,0.000
1668255299075,2022-11-12T14:14:59.075,751.520,1.159,-0.183,0.061
1668255299115,2022-11-12T14:14:59.115,751.560,1.098,-0.213,0.061
1668255299155,2022-11-12T14:14:59.155,751.600,0.915,-0.213,-0.244
1668255299195,2022-11-12T14:14:59.195,751.640,0.793,-0.274,-0.091
1668255299235,2022-11-12T14:14:59.235,751.680,0.884,-0.244,0.122
1668255299275,2022-11-12T14:14:59.275,751.720,0.610,-0.091,0.152
1668255299315,2022-11-12T14:14:59.315,751.760,-0.152,-0.274,0.152
1668255299355,2022-11-12T14:14:59.355,751.800,0.122,-0.305,0.122
1668255299395,2022-11-12T14:14:59.395,751.840,0.579,0.030,0.244
1668255299435,2022-11-12T14:14:59.435,751.880,0.854,-0.030,0.030
1668255299475,2022-11-12T14:14:59.475,751.920,1.128,-0.244,-0.274
1668255299515,2022-11-12T14:14:59.515,751.960,0.884,-0.335,-0.030
1668255299555,2022-11-12T14:14:59.555,752.000,0.701,-0.396,0.030
1668255299595,2022-11-12T14:14:59.595,752.040,0.976,-0.244,0.122
1668255299635,2022-11-12T14:14:59.635,752.080,1.402,-0.152,0.091
1668255299675,2022-11-12T14:14:59.675,752.120,1.402,-0.091,-0.213
1668255299715,2022-11-12T14:14:59.715,752.160,0.915,-0.030,-0.183
1668255299755,2022-11-12T14:14:59.755,752.200,0.427,-0.091,-0.061
1668255299795,2022-11-12T14:14:59.795,752.240,0.488,-0.091,0.213
1668255299835,2022-11-12T14:14:59.835,752.280,0.884,-0.061,0.244
1668255299875,2022-11-12T14:14:59.875,752.320,1.098,-0.213,0.030
1668255299915,2022-11-12T14:14:59.915,752.360,0.457,-0.366,-0.061
1668255299955,2022-11-12T14:14:59.955,752.400,0.335,-0.305,-0.091
1668255299995,2022-11-12T14:14:59.995,752.440,0.732,-0.091,0.213
1668255300035,2022-11-12T14:15:00.035,752.480,0.976,0.061,0.152
1668255300075,2022-11-12T14:15:00.075,752.520,0.945,-0.213,-0.091
1668255300115,2022-11-12T14:15:00.115,752.560,1.128,-0.244,-0.152
1668255300155,2022-11-12T14:15:00.155,752.600,1.067,-0.152,-0.061
1668255300195,2022-11-12T14:15:00.195,752.640,0.823,-0.244,-0.030
1668255300235,2022-11-12T14:15:00.235,752.680,0.640,-0.305,0.091
1668255300275,2022-11-12T14:15:00.275,752.720,0.671,-0.366,-0.030
1668255300315,2022-11-12T14:15:00.315,752.760,0.915,-0.244,-0.122
1668255300355,2022-11-12T14:15:00.355,752.800,0.945,-0.091,0.030
1668255300395,2022-11-12T14:15:00.395,752.840,1.250,0.000,0.122
1668255300435,2022-11-12T14:15:00.435,752.880,0.823,-0.183,0.152
1668255300475,2022-11-12T14:15:00.475,752.920,0.366,-0.457,-0.213
1668255300515,2022-11-12T14:15:00.515,752.960,0.671,-0.274,-0.122
1668255300555,2022-11-12T14:15:00.555,753.000,0.762,0.061,0.244
1668255300595,2022-11-12T14:15:00.595,753.040,0.732,-0.061,0.122
1668255300635,2022-11-12T14:15:00.635,753.080,0.579,-0.183,-0.030
1668255300675,2022-11-12T14:15:00.675,753.120,0.762,-0.335,0.000
1668255300715,2022-11-12T14:15:00.715,753.160,1.037,-0.183,-0.030
1668255300755,2022-11-12T14:15:00.755,753.200,0.701,-0.030,-0.030
1668255300795,2022-11-12T14:15:00.795,753.240,0.854,-0.274,-0.091
1668255300835,2022-11-12T14:15:00.835,753.280,1.159,-0.061,-0.030
1668255300875,2022-11-12T14:15:00.875,753.320,1.128,0.091,-0.030
1668255300915,2022-11-12T14:15:00.915,753.360,0.915,-0.030,-0.091
1668255300955,2022-11-12T14:15:00.955,753.400,0.701,-0.396,0.091
1668255300995,2022-11-12T14:15:00.995,753.440,0.915,-0.366,-0.030
1668255301035,2022-11-12T14:15:01.035,753.480,0.762,-0.030,0.000
1668255301075,2022-11-12T14:15:01.075,753.520,0.701,-0.213,0.030
1668255301115,2022-11-12T14:15:01.115,753.560,0.854,-0.274,0.061
1668255301155,2022-11-12T14:15:01.155,753.600,0.518,-0.213,0.183
1668255301195,2022-11-12T14:15:01.195,753.640,0.579,-0.122,0.030
1668255301235,2022-11-12T14:15:01.235,753.680,0.671,-0.152,0.091
1668255301275,2022-11-12T14:15:01.275,753.720,0.945,-0.183,0.061
1668255301315,2022-11-12T14:15:01.315,753.760,1.006,-0.030,0.183
1668255301355,2022-11-12T14:15:01.355,753.800,0.976,-0.244,0.030
1668255301395,2022-11-12T14:15:01.395,753.840,1.037,-0.244,-0.091
1668255301435,2022-11-12T14:15:01.435,753.880,0.915,-0.091,0.061
1668255301475,2022-11-12T14:15:01.475,753.920,1.189,-0.274,0.030
1668255301515,2022-11-12T14:15:01.515,753.960,0.945,-0.091,0.091
1668255301555,2022-11-12T14:15:01.555,754.000,0.488,-0.213,-0.030
1668255301595,2022-11-12T14:15:01.595,754.040,0.518,-0.366,-0.030
1668255301635,2022-11-12T14:15:01.635,754.080,0.701,-0.122,0.183
1668255301675,2022-11-12T14:15:01.675,754.120,0.671,-0.122,0.152
1668255301715,2022-11-12T14:15:01.715,754.160,0.640,-0.274,0.030
1668255301755,2022-11-12T14:15:01.755,754.200,0.823,-0.183,0.000
1668255301795,2022-11-12T14:15:01.795,754.240,0.945,-0.152,0.030
1668255301835,2022-11-12T14:15:01.835,754.280,0.732,-0.091,-0.061
1668255301875,2022-11-12T14:15:01.875,754.320,0.854,-0.244,0.061
1668255301915,2022-11-12T14:15:01.915,754.360,1.128,-0.183,-0.061
1668255301955,2022-11-12T14:15:01.955,754.400,0.915,-0.091,-0.213
1668255301995,2022-11-12T14:15:01.995,754.440,0.610,-0.152,-0.030
1668255302035,2022-11-12T14:15:02.035,754.480,0.823,-0.091,0.030
1668255302075,2022-11-12T14:15:02.075,754.520,0.854,-0.152,0.091
1668255302115,2022-11-12T14:15:02.115,754.560,0.915,-0.305,-0.091
1668255302155,2022-11-12T14:15:02.155,754.600,1.006,-0.122,-0.183
1668255302195,2022-11-12T14:15:02.195,754.640,1.037,0.000,-0.030
1668255302235,2022-11-12T14:15:02.235,754.680,1.037,-0.091,0.091
1668255302275,2022-11-12T14:15:02.275,754.720,0.701,-0.366,0.061
1668255302315,2022-11-12T14:15:02.315,754.760,0.427,-0.457,-0.091
1668255302355,2022-11-12T14:15:02.355,754.800,0.274,-0.335,0.030
1668255302395,2022-11-12T14:15:02.395,754.840,0.518,-0.213,0.000
1668255302435,2022-11-12T14:15:02.435,754.880,0.579,0.061,0.091
1668255302475,2022-11-12T14:15:02.475,754.920,0.793,0.091,0.061
1668255302515,2022-11-12T14:15:02.515,754.960,0.884,-0.213,-0.061
1668255302555,2022-11-12T14:15:02.555,755.000,0.793,-0.274,-0.030
1668255302595,2022-11-12T14:15:02.595,755.040,0.610,-0.244,0.061
1668255302635,2022-11-12T14:15:02.635,755.080,0.579,-0.213,0.152
1668255302675,2022-11-12T14:15:02.675,755.120,0.640,-0.122,0.030
1668255302715,2022-11-12T14:15:02.715,755.160,1.037,-0.091,0.030
1668255302755,2022-11-12T14:15:02.755,755.200,1.006,-0.030,0.061
1668255302795,2022-11-12T14:15:02.795,755.240,1.159,-0.152,0.030
1668255302835,2022-11-12T14:15:02.835,755.280,1.311,-0.030,-0.061
1668255302875,2022-11-12T14:15:02.875,755.320,1.311,-0.091,-0.244
1668255302915,2022-11-12T14:15:02.915,755.360,0.396,-0.305,0.152
1668255302955,2022-11-12T14:15:02.955,755.400,0.884,-0.244,-0.091
1668255302995,2022-11-12T14:15:02.995,755.440,0.610,-0.030,0.091
1668255303035,2022-11-12T14:15:03.035,755.480,0.244,-0.213,0.122
1668255303075,2022-11-12T14:15:03.075,755.520,0.366,-0.213,0.000
1668255303115,2022-11-12T14:15:03.115,755.560,0.427,-0.061,0.091
1668255303155,2022-11-12T14:15:03.155,755.600,0.915,0.122,0.122
1668255303195,2022-11-12T14:15:03.195,755.640,0.823,0.000,0.030
1668255303235,2022-11-12T14:15:03.235,755.680,0.640,-0.335,-0.183
1668255303275,2022-11-12T14:15:03.275,755.720,0.793,-0.152,-0.030
1668255303315,2022-11-12T14:15:03.315,755.760,0.915,0.030,0.183
1668255303355,2022-11-12T14:15:03.355,755.800,1.006,-0.152,0.030
1668255303395,2022-11-12T14:15:03.395,755.840,0.823,-0.213,-0.061
1668255303435,2022-11-12T14:15:03.435,755.880,1.189,-0.152,-0.061
1668255303475,2022-11-12T14:15:03.475,755.920,1.494,0.030,0.030
1668255303515,2022-11-12T14:15:03.515,755.960,1.280,0.030,-0.091
1668255303555,2022-11-12T14:15:03.555,756.000,0.244,-0.305,0.091
1668255303595,2022-11-12T14:15:03.595,756.040,0.579,-0.335,-0.061
1668255303635,2022-11-12T14:15:03.635,756.080,0.854,0.000,-0.061
1668255303675,2022-11-12T14:15:03.675,756.120,0.915,-0.122,0.091
1668255303715,2022-11-12T14:15:03.715,756.160,1.128,-0.366,0.000
1668255303755,2022-11-12T14:15:03.755,756.200,0.854,-0.335,0.061
1668255303795,2022-11-12T14:15:03.795,756.240,1.006,-0.244,0.030
1668255303835,2022-11-12T14:15:03.835,756.280,1.738,-0.091,0.091
1668255303875,2022-11-12T14:15:03.875,756.320,1.402,-0.305,-0.061
1668255303915,2022-11-12T14:15:03.915,756.360,0.823,-0.518,-0.305
1668255303955,2022-11-12T14:15:03.955,756.400,0.579,-0.183,0.000
1668255303995,2022-11-12T14:15:03.995,756.440,0.671,0.213,0.274
1668255304035,2022-11-12T14:15:04.035,756.480,0.732,-0.061,0.244
1668255304075,2022-11-12T14:15:04.075,756.520,0.274,-0.396,0.000
1668255304115,2022-11-12T14:15:04.115,756.560,0.457,-0.457,-0.091
1668255304155,2022-11-12T14:15:04.155,756.600,0.854,-0.061,0.213
1668255304195,2022-11-12T14:15:04.195,756.640,1.098,0.091,0.183
1668255304235,2022-11-12T14:15:04.235,756.680,1.159,-0.183,0.152
1668255304275,2022-11-12T14:15:04.275,756.720,0.366,-0.366,0.091
1668255304315,2022-11-12T14:15:04.315,756.760,0.701,-0.183,-0.122
1668255304355,2022-11-12T14:15:04.355,756.800,1.250,0.152,0.000
1668255304395,2022-11-12T14:15:04.395,756.840,0.793,0.091,0.000
1668255304435,2022-11-12T14:15:04.435,756.880,0.701,-0.061,0.122
1668255304475,2022-11-12T14:15:04.475,756.920,0.976,-0.091,-0.091
1668255304515,2022-11-12T14:15:04.515,756.960,1.037,-0.335,-0.030
1668255304555,2022-11-12T14:15:04.555,757.000,1.250,-0.122,0.061
1668255304595,2022-11-12T14:15:04.595,757.040,1.585,-0.030,-0.183
1668255304635,2022-11-12T14:15:04.635,757.080,1.616,-0.335,-0.305
1668255304675,2022-11-12T14:15:04.675,757.120,0.945,-0.122,0.152
1668255304715,2022-11-12T14:15:04.715,757.160,0.640,0.061,0.335
1668255304755,2022-11-12T14:15:04.755,757.200,0.701,-0.030,-0.030
1668255304795,2022-11-12T14:15:04.795,757.240,0.335,-0.122,0.000
1668255304835,2022-11-12T14:15:04.835,757.280,0.061,-0.274,0.183
1668255304875,2022-11-12T14:15:04.875,757.320,-0.732,-0.061,0.274
1668255304915,2022-11-12T14:15:04.915,757.360,-0.427,0.000,0.122
1668255304955,2022-11-12T14:15:04.955,757.400,-0.671,-0.213,0.457
1668255304995,2022-11-12T14:15:04.995,757.440,0.122,-0.152,0.396
1668255305035,2022-11-12T14:15:05.035,757.480,1.585,-0.274,0.091
1668255305075,2022-11-12T14:15:05.075,757.520,1.311,-0.732,-0.518
1668255305115,2022-11-12T14:15:05.115,757.560,-0.213,-0.061,0.061
1668255305155,2022-11-12T14:15:05.155,757.600,-0.183,0.457,0.427
1668255305195,2022-11-12T14:15:05.195,757.640,2.988,-0.610,-0.488
1668255305235,2022-11-12T14:15:05.235,757.680,2.348,-0.762,-0.671
1668255305275,2022-11-12T14:15:05.275,757.720,1.067,-0.793,-0.457
1668255305315,2022-11-12T14:15:05.315,757.760,2.256,-1.159,0.488
1668255305355,2022-11-12T14:15:05.355,757.800,4.024,-0.274,1.098
1668255305395,2022-11-12T14:15:05.395,757.840,-0.793,-0.305,0.945
1668255305435,2022-11-12T14:15:05.435,757.880,-2.317,-1.829,0.183
1668255305475,2022-11-12T14:15:05.475,757.920,-2.104,-0.335,0.854
1668255305515,2022-11-12T14:15:05.515,757.960,0.427,0.396,0.915
1668255305555,2022-11-12T14:15:05.555,758.000,2.195,0.854,1.006
1668255305595,2022-11-12T14:15:05.595,758.040,1.982,1.250,0.854
1668255305635,2022-11-12T14:15:05.635,758.080,1.829,-0.701,0.335
1668255305675,2022-11-12T14:15:05.675,758.120,2.256,-1.128,0.335
1668255305715,2022-11-12T14:15:05.715,758.160,2.591,0.000,1.311
1668255305755,2022-11-12T14:15:05.755,758.200,1.433,0.793,0.976
1668255305795,2022-11-12T14:15:05.795,758.240,0.976,-0.976,-0.030
1668255305835,2022-11-12T14:15:05.835,758.280,-0.610,-1.463,-0.976
1668255305875,2022-11-12T14:15:05.875,758.320,-0.701,-1.921,-1.524
1668255305915,2022-11-12T14:15:05.915,758.360,-0.274,-0.183,0.152
1668255305955,2022-11-12T14:15:05.955,758.400,0.030,0.518,0.518
1668255305995,2022-11-12T14:15:05.995,758.440,0.274,-0.488,-0.122
1668255306035,2022-11-12T14:15:06.035,758.480,0.000,-0.488,0.000
1668255306075,2022-11-12T14:15:06.075,758.520,0.274,-0.549,0.396
1668255306115,2022-11-12T14:15:06.115,758.560,0.732,-0.030,0.671
1668255306155,2022-11-12T14:15:06.155,758.600,1.280,-0.335,-0.030
1668255306195,2022-11-12T14:15:06.195,758.640,1.280,-0.854,-0.640
1668255306235,2022-11-12T14:15:06.235,758.680,1.341,-0.030,-0.274
1668255306275,2022-11-12T14:15:06.275,758.720,2.043,0.061,-0.152
1668255306315,2022-11-12T14:15:06.315,758.760,1.555,-0.518,-0.244
1668255306355,2022-11-12T14:15:06.355,758.800,0.610,-0.427,0.061
1668255306395,2022-11-12T14:15:06.395,758.840,0.884,-0.091,0.000
1668255306435,2022-11-12T14:15:06.435,758.880,1.646,-0.091,-0.305
1668255306475,2022-11-12T14:15:06.475,758.920,1.067,0.213,0.000
1668255306515,2022-11-12T14:15:06.515,758.960,1.067,0.000,-0.152
1668255306555,2022-11-12T14:15:06.555,759.000,1.037,-0.427,-0.152
1668255306595,2022-11-12T14:15:06.595,759.040,0.732,0.091,0.000
1668255306635,2022-11-12T14:15:06.635,759.080,0.823,0.122,0.061
1668255306675,2022-11-12T14:15:06.675,759.120,1.280,0.244,0.061
1668255306715,2022-11-12T14:15:06.715,759.160,1.463,0.183,-0.244
1668255306755,2022-11-12T14:15:06.755,759.200,1.311,-0.366,-0.579
1668255306795,2022-11-12T14:15:06.795,759.240,1.555,-0.518,-0.427
1668255306835,2022-11-12T14:15:06.835,759.280,1.890,-0.183,-0.213
1668255306875,2022-11-12T14:15:06.875,759.320,0.976,-0.061,0.091
1668255306915,2022-11-12T14:15:06.915,759.360,0.152,-0.152,0.305
1668255306955,2022-11-12T14:15:06.955,759.400,0.244,-0.152,-0.061
1668255306995,2022-11-12T14:15:06.995,759.440,0.396,0.000,0.061
1668255307035,2022-11-12T14:15:07.035,759.480,0.793,0.000,-0.030
1668255307075,2022-11-12T14:15:07.075,759.520,1.098,-0.122,-0.122
1668255307115,2022-11-12T14:15:07.115,759.560,0.427,0.061,0.244
1668255307155,2022-11-12T14:15:07.155,759.600,0.335,-0.274,0.732
1668255307195,2022-11-12T14:15:07.195,759.640,1.280,-0.457,0.396
1668255307235,2022-11-12T14:15:07.235,759.680,0.915,-0.762,0.122
1668255307275,2022-11-12T14:15:07.275,759.720,-0.122,-1.128,0.518
1668255307315,2022-11-12T14:15:07.315,759.760,-1.250,-1.402,0.701
1668255307355,2022-11-12T14:15:07.355,759.800,-0.549,-1.616,0.244
1668255307395,2022-11-12T14:15:07.395,759.840,1.463,-1.311,0.274
1668255307435,2022-11-12T14:15:07.435,759.880,1.799,-1.220,0.366
1668255307475,2022-11-12T14:15:07.475,759.920,0.610,-1.402,0.488
1668255307515,2022-11-12T14:15:07.515,759.960,3.201,-0.732,-0.366
1668255307555,2022-11-12T14:15:07.555,760.000,2.713,-0.305,-0.701
1668255307595,2022-11-12T14:15:07.595,760.040,1.006,-0.518,-0.152
1668255307635,2022-11-12T14:15:07.635,760.080,1.463,-0.427,-0.061
1668255307675,2022-11-12T14:15:07.675,760.120,1.951,-0.396,-0.488
1668255307715,2022-11-12T14:15:07.715,760.160,1.189,-0.701,0.061
1668255307755,2022-11-12T14:15:07.755,760.200,1.402,-0.244,0.457
1668255307795,2022-11-12T14:15:07.795,760.240,1.860,0.488,-0.030
1668255307835,2022-11-12T14:15:07.835,760.280,0.976,0.000,0.000
1668255307875,2022-11-12T14:15:07.875,760.320,1.098,-0.122,-0.152
1668255307915,2022-11-12T14:15:07.915,760.360,0.854,-0.183,-0.030
1668255307955,2022-11-12T14:15:07.955,760.400,0.152,-0.396,0.213
1668255307995,2022-11-12T14:15:07.995,760.440,1.463,-0.366,-0.244
1668255308035,2022-11-12T14:15:08.035,760.480,1.037,-0.732,-0.213
1668255308075,2022-11-12T14:15:08.075,760.520,-0.366,-0.945,0.640
1668255308115,2022-11-12T14:15:08.115,760.560,-0.366,-0.244,0.701
1668255308155,2022-11-12T14:15:08.155,760.600,0.000,-0.579,0.427
1668255308195,2022-11-12T14:15:08.195,760.640,1.220,-0.427,0.579
1668255308235,2022-11-12T14:15:08.235,760.680,2.226,0.396,0.335
1668255308275,2022-11-12T14:15:08.275,760.720,0.091,-0.183,0.518
1668255308315,2022-11-12T14:15:08.315,760.760,-0.122,-0.884,-0.732
1668255308355,2022-11-12T14:15:08.355,760.800,1.006,-0.579,-0.823
1668255308395,2022-11-12T14:15:08.395,760.840,0.518,-0.823,0.030
1668255308435,2022-11-12T14:15:08.435,760.880,0.396,-0.335,0.884
1668255308475,2022-11-12T14:15:08.475,760.920,0.976,1.159,1.128
1668255308515,2022-11-12T14:15:08.515,760.960,0.488,0.488,0.640
1668255308555,2022-11-12T14:15:08.555,761.000,1.372,-1.372,-1.280
1668255308595,2022-11-12T14:15:08.595,761.040,1.311,-1.067,-0.701
1668255308635,2022-11-12T14:15:08.635,761.080,0.945,-0.030,0.884
1668255308675,2022-11-12T14:15:08.675,761.120,1.159,0.030,0.854
1668255308715,2022-11-12T14:15:08.715,761.160,-0.152,-0.488,0.854
1668255308755,2022-11-12T14:15:08.755,761.200,0.976,-0.976,-0.823
1668255308795,2022-11-12T14:15:08.795,761.240,3.201,-0.518,-1.646
1668255308835,2022-11-12T14:15:08.835,761.280,2.805,0.549,-0.457
1668255308875,2022-11-12T14:15:08.875,761.320,0.732,0.396,0.122
1668255308915,2022-11-12T14:15:08.915,761.360,0.091,-1.067,-0.427
1668255308955,2022-11-12T14:15:08.955,761.400,0.671,-1.311,-0.549
1668255308995,2022-11-12T14:15:08.995,761.440,1.555,0.427,-0.061
1668255309035,2022-11-12T14:15:09.035,761.480,-0.030,0.549,0.213
1668255309075,2022-11-12T14:15:09.075,761.520,-2.927,-0.793,0.396
1668255309115,2022-11-12T14:15:09.115,761.560,-0.305,0.213,-0.427
1668255309155,2022-11-12T14:15:09.155,761.600,2.256,0.244,-0.915
1668255309195,2022-11-12T14:15:09.195,761.640,2.226,-1.616,-0.335
1668255309235,2022-11-12T14:15:09.235,761.680,0.000,-1.341,1.220
1668255309275,2022-11-12T14:15:09.275,761.720,-1.037,-0.274,1.250
1668255309315,2022-11-12T14:15:09.315,761.760,1.890,0.732,0.183
1668255309355,2022-11-12T14:15:09.355,761.800,2.470,0.488,-0.518
1668255309395,2022-11-12T14:15:09.395,761.840,1.128,-0.122,-0.701
1668255309435,2022-11-12T14:15:09.435,761.880,1.341,0.000,-0.671
1668255309475,2022-11-12T14:15:09.475,761.920,1.006,0.518,-0.244
1668255309515,2022-11-12T14:15:09.515,761.960,0.732,0.518,-0.091
1668255309555,2022-11-12T14:15:09.555,762.000,1.433,0.061,-0.122
1668255309595,2022-11-12T14:15:09.595,762.040,1.524,0.122,-0.244
1668255309635,2022-11-12T14:15:09.635,762.080,2.073,-0.518,-0.976
1668255309675,2022-11-12T14:15:09.675,762.120,1.616,-0.091,-0.640
1668255309715,2022-11-12T14:15:09.715,762.160,0.854,0.091,-0.274
1668255309755,2022-11-12T14:15:09.755,762.200,0.823,-0.183,-0.274
1668255309795,2022-11-12T14:15:09.795,762.240,0.213,-0.579,-0.549
1668255309835,2022-11-12T14:15:09.835,762.280,1.189,-1.463,-1.037
1668255309875,2022-11-12T14:15:09.875,762.320,1.006,-0.030,0.122
1668255309915,2022-11-12T14:15:09.915,762.360,1.433,0.457,0.396
1668255309955,2022-11-12T14:15:09.955,762.400,1.463,-0.152,-0.091
1668255309995,2022-11-12T14:15:09.995,762.440,1.250,-0.122,-0.152
1668255310035,2022-11-12T14:15:10.035,762.480,1.280,-0.335,-0.030
1668255310075,2022-11-12T14:15:10.075,762.520,0.640,-0.244,0.457
1668255310115,2022-11-12T14:15:10.115,762.560,1.220,-0.183,0.518
1668255310155,2022-11-12T14:15:10.155,762.600,1.280,-0.061,0.427
1668255310195,2022-11-12T14:15:10.195,762.640,0.549,-0.091,0.122
1668255310235,2022-11-12T14:15:10.235,762.680,0.305,-0.579,-0.061
1668255310275,2022-11-12T14:15:10.275,762.720,0.793,-0.274,-0.152
1668255310315,2022-11-12T14:15:10.315,762.760,0.915,-0.091,-0.213
1668255310355,2022-11-12T14:15:10.355,762.800,0.610,-0.396,0.061
1668255310395,2022-11-12T14:15:10.395,762.840,0.732,-0.152,0.335
1668255310435,2022-11-12T14:15:10.435,762.880,0.793,-0.122,-0.122
1668255310475,2022-11-12T14:15:10.475,762.920,0.427,-0.091,0.091
1668255310515,2022-11-12T14:15:10.515,762.960,1.128,-0.030,-0.030
1668255310555,2022-11-12T14:15:10.555,763.000,0.945,-0.274,-0.213
1668255310595,2022-11-12T14:15:10.595,763.040,0.701,-0.244,-0.213
1668255310635,2022-11-12T14:15:10.635,763.080,1.067,-0.091,-0.244
1668255310675,2022-11-12T14:15:10.675,763.120,0.701,-0.244,0.030
1668255310715,2022-11-12T14:15:10.715,763.160,0.579,-0.091,0.091
1668255310755,2022-11-12T14:15:10.755,763.200,0.732,-0.122,0.244
1668255310795,2022-11-12T14:15:10.795,763.240,0.274,-0.305,0.518
1668255310835,2022-11-12T14:15:10.835,763.280,-0.152,-0.213,0.213
1668255310875,2022-11-12T14:15:10.875,763.320,0.732,-0.152,-0.183
1668255310915,2022-11-12T14:15:10.915,763.360,1.220,-0.122,-0.183
1668255310955,2022-11-12T14:15:10.955,763.400,0.793,-0.061,0.122
1668255310995,2022-11-12T14:15:10.995,763.440,1.067,-0.183,-0.061
1668255311035,2022-11-12T14:15:11.035,763.480,1.037,-0.183,-0.244
1668255311075,2022-11-12T14:15:11.075,763.520,0.671,-0.305,-0.061
1668255311115,2022-11-12T14:15:11.115,763.560,1.311,-0.091,-0.122
1668255311155,2022-11-12T14:15:11.155,763.600,0.915,-0.183,0.000
1668255311195,2022-11-12T14:15:11.195,763.640,0.549,-0.396,0.061
1668255311235,2022-11-12T14:15:11.235,763.680,0.762,-0.152,0.030
1668255311275,2022-11-12T14:15:11.275,763.720,0.701,-0.213,0.122
1668255311315,2022-11-12T14:15:11.315,763.760,0.640,-0.213,0.061
1668255311355,2022-11-12T14:15:11.355,763.800,0.396,-0.274,-0.335
1668255311395,2022-11-12T14:15:11.395,763.840,0.427,-0.457,-0.701
1668255311435,2022-11-12T14:15:11.435,763.880,0.579,-0.335,-0.274
1668255311475,2022-11-12T14:15:11.475,763.920,0.549,-0.061,0.244
1668255311515,2022-11-12T14:15:11.515,763.960,0.945,-0.274,0.152
1668255311555,2022-11-12T14:15:11.555,764.000,0.610,-0.305,0.091
1668255311595,2022-11-12T14:15:11.595,764.040,0.579,-0.213,-0.030
1668255311635,2022-11-12T14:15:11.635,764.080,1.250,-0.152,0.091
1668255311675,2022-11-12T14:15:11.675,764.120,0.610,-0.061,0.213
1668255311715,2022-11-12T14:15:11.715,764.160,0.732,-0.488,-0.274
1668255311755,2022-11-12T14:15:11.755,764.200,-0.274,0.091,-0.427
1668255311795,2022-11-12T14:15:11.795,764.240,-1.128,-0.518,-0.915
1668255311835,2022-11-12T14:15:11.835,764.280,0.274,-1.220,-0.732
1668255311875,2022-11-12T14:15:11.875,764.320,0.549,0.122,0.366
1668255311915,2022-11-12T14:15:11.915,764.360,1.280,0.305,0.579
1668255311955,2022-11-12T14:15:11.955,764.400,1.341,-0.122,0.274
1668255311995,2022-11-12T14:15:11.995,764.440,0.976,-0.427,0.000
1668255312035,2022-11-12T14:15:12.035,764.480,1.189,-0.274,0.061
1668255312075,2022-11-12T14:15:12.075,764.520,1.250,0.061,0.274
1668255312115,2022-11-12T14:15:12.115,764.560,0.945,-0.122,-0.030
1668255312155,2022-11-12T14:15:12.155,764.600,0.732,-0.213,0.030
1668255312195,2022-11-12T14:15:12.195,764.640,1.037,0.122,0.061
1668255312235,2022-11-12T14:15:12.235,764.680,1.006,-0.366,-0.091
1668255312275,2022-11-12T14:15:12.275,764.720,0.793,-0.396,0.000
1668255312315,2022-11-12T14:15:12.315,764.760,1.006,0.000,0.122
1668255312355,2022-11-12T14:15:12.355,764.800,0.945,-0.030,-0.061
1668255312395,2022-11-12T14:15:12.395,764.840,0.823,-0.335,-0.183
1668255312435,2022-11-12T14:15:12.435,764.880,0.732,-0.244,0.061
1668255312475,2022-11-12T14:15:12.475,764.920,0.945,0.000,0.152
1668255312515,2022-11-12T14:15:12.515,764.960,0.945,0.030,-0.152
1668255312555,2022-11-12T14:15:12.555,765.000,1.067,-0.122,-0.396
1668255312595,2022-11-12T14:15:12.595,765.040,0.884,-0.122,-0.091
1668255312635,2022-11-12T14:15:12.635,765.080,0.823,-0.091,0.061
1668255312675,2022-11-12T14:15:12.675,765.120,0.793,-0.274,0.030
1668255312715,2022-11-12T14:15:12.715,765.160,0.762,-0.244,0.061
1668255312755,2022-11-12T14:15:12.755,765.200,0.915,-0.213,0.061
1668255312795,2022-11-12T14:15:12.795,765.240,0.762,-0.152,0.030
1668255312835,2022-11-12T14:15:12.835,765.280,0.915,-0.122,-0.305
1668255312875,2022-11-12T14:15:12.875,765.320,0.701,-0.244,0.061
1668255312915,2022-11-12T14:15:12.915,765.360,0.762,-0.274,0.030
1668255312955,2022-11-12T14:15:12.955,765.400,0.762,-0.366,-0.091
1668255312995,2022-11-12T14:15:12.995,765.440,0.701,-0.152,0.091
1668255313035,2022-11-12T14:15:13.035,765.480,0.610,0.030,0.000
1668255313075,2022-11-12T14:15:13.075,765.520,0.701,-0.152,0.000
1668255313115,2022-11-12T14:15:13.115,765.560,1.159,-0.122,-0.274
1668255313155,2022-11-12T14:15:13.155,765.600,0.945,-0.244,-0.335
1668255313195,2022-11-12T14:15:13.195,765.640,0.976,-0.122,-0.061
1668255313235,2022-11-12T14:15:13.235,765.680,0.976,0.000,-0.061
1668255313275,2022-11-12T14:15:13.275,765.720,0.793,-0.244,0.061
1668255313315,2022-11-12T14:15:13.315,765.760,0.518,-0.061,0.213
1668255313355,2022-11-12T14:15:13.355,765.800,1.250,-0.183,-0.061
1668255313395,2022-11-12T14:15:13.395,765.840,1.707,-0.030,-0.213
1668255313435,2022-11-12T14:15:13.435,765.880,1.159,0.091,-0.061
1668255313475,2022-11-12T14:15:13.475,765.920,1.250,-0.091,-0.183
1668255313515,2022-11-12T14:15:13.515,765.960,0.884,-0.061,0.061
1668255313555,2022-11-12T14:15:13.555,766.000,0.640,-0.061,0.091
1668255313595,2022-11-12T14:15:13.595,766.040,0.793,-0.183,0.061
1668255313635,2022-11-12T14:15:13.635,766.080,1.006,-0.274,0.000
1668255313675,2022-11-12T14:15:13.675,766.120,0.701,-0.152,-0.122
1668255313715,2022-11-12T14:15:13.715,766.160,0.823,-0.030,-0.183
1668255313755,2022-11-12T14:15:13.755,766.200,0.823,-0.061,-0.274
1668255313795,2022-11-12T14:15:13.795,766.240,0.640,-0.213,-0.091
1668255313835,2022-11-12T14:15:13.835,766.280,0.701,-0.305,0.183
1668255313875,2022-11-12T14:15:13.875,766.320,0.884,-0.518,-0.122
1668255313915,2022-11-12T14:15:13.915,766.360,1.159,-0.152,0.030
1668255313955,2022-11-12T14:15:13.955,766.400,1.189,-0.030,0.183
1668255313995,2022-11-12T14:15:13.995,766.440,0.945,-0.274,0.000
1668255314035,2022-11-12T14:15:14.035,766.480,0.671,-0.274,0.091
1668255314075,2022-11-12T14:15:14.075,766.520,0.854,-0.213,-0.213
1668255314115,2022-11-12T14:15:14.115,766.560,0.793,-0.122,-0.122
1668255314155,2022-11-12T14:15:14.155,766.600,0.823,-0.061,0.091
1668255314195,2022-11-12T14:15:14.195,766.640,0.915,-0.152,0.061
1668255314235,2022-11-12T14:15:14.235,766.680,0.823,-0.244,0.122
1668255314275,2022-11-12T14:15:14.275,766.720,0.884,-0.061,-0.122
1668255314315,2022-11-12T14:15:14.315,766.760,0.976,0.000,-0.183
1668255314355,2022-11-12T14:15:14.355,766.800,0.488,-0.274,0.000
1668255314395,2022-11-12T14:15:14.395,766.840,0.274,-0.427,-0.213
1668255314435,2022-11-12T14:15:14.435,766.880,0.823,-0.122,-0.183
1668255314475,2022-11-12T14:15:14.475,766.920,1.189,0.091,0.122
1668255314515,2022-11-12T14:15:14.515,766.960,0.945,-0.122,0.061
1668255314555,2022-11-12T14:15:14.555,767.000,0.610,-0.305,0.213
1668255314595,2022-11-12T14:15:14.595,767.040,0.976,0.000,0.091
1668255314635,2022-11-12T14:15:14.635,767.080,1.098,-0.244,0.122
1668255314675,2022-11-12T14:15:14.675,767.120,0.945,-0.244,0.061
1668255314715,2022-11-12T14:15:14.715,767.160,0.976,-0.152,-0.030
1668255314755,2022-11-12T14:15:14.755,767.200,0.854,-0.122,0.152
1668255314795,2022-11-12T14:15:14.795,767.240,0.976,-0.091,0.183
1668255314835,2022-11-12T14:15:14.835,767.280,0.884,-0.183,0.122
1668255314875,2022-11-12T14:15:14.875,767.320,0.762,-0.244,0.152
1668255314915,2022-11-12T14:15:14.915,767.360,0.884,-0.244,0.152
1668255314955,2022-11-12T14:15:14.955,767.400,0.793,-0.366,0.122
1668255314995,2022-11-12T14:15:14.995,767.440,0.793,-0.274,0.152
1668255315035,2022-11-12T14:15:15.035,767.480,1.037,-0.122,-0.091
1668255315075,2022-11-12T14:15:15.075,767.520,1.037,-0.213,-0.030
1668255315115,2022-11-12T14:15:15.115,767.560,0.854,-0.396,0.122
1668255315155,2022-11-12T14:15:15.155,767.600,0.640,-0.488,0.122
1668255315195,2022-11-12T14:15:15.195,767.640,0.610,-0.396,0.152
1668255315235,2022-11-12T14:15:15.235,767.680,0.152,-0.274,0.335
1668255315275,2022-11-12T14:15:15.275,767.720,0.030,-0.366,0.366
1668255315315,2022-11-12T14:15:15.315,767.760,0.701,-0.183,0.030
1668255315355,2022-11-12T14:15:15.355,767.800,0.793,-0.183,0.061
1668255315395,2022-11-12T14:15:15.395,767.840,0.701,-0.366,0.122
1668255315435,2022-11-12T14:15:15.435,767.880,1.280,-0.183,-0.274
1668255315475,2022-11-12T14:15:15.475,767.920,0.945,-0.091,-0.122
1668255315515,2022-11-12T14:15:15.515,767.960,0.274,-0.183,0.213
1668255315555,2022-11-12T14:15:15.555,768.000,0.549,-0.091,0.030
1668255315595,2022-11-12T14:15:15.595,768.040,0.762,-0.061,-0.122
1668255315635,2022-11-12T14:15:15.635,768.080,0.610,-0.061,-0.030
1668255315675,2022-11-12T14:15:15.675,768.120,0.488,0.091,0.091
1668255315715,2022-11-12T14:15:15.715,768.160,0.732,0.061,0.000
1668255315755,2022-11-12T14:15:15.755,768.200,0.671,-0.213,0.030
1668255315795,2022-11-12T14:15:15.795,768.240,0.671,-0.305,0.091
1668255315835,2022-11-12T14:15:15.835,768.280,1.372,-0.244,-0.305
1668255315875,2022-11-12T14:15:15.875,768.320,0.732,-0.183,0.000
1668255315915,2022-11-12T14:15:15.915,768.360,0.793,-0.152,-0.030
1668255315955,2022-11-12T14:15:15.955,768.400,0.854,-0.122,0.000
1668255315995,2022-11-12T14:15:15.995,768.440,1.067,-0.152,0.030
1668255316035,2022-11-12T14:15:16.035,768.480,0.915,-0.061,-0.030
1668255316075,2022-11-12T14:15:16.075,768.520,0.762,-0.305,-0.061
1668255316115,2022-11-12T14:15:16.115,768.560,0.884,-0.152,-0.030
1668255316155,2022-11-12T14:15:16.155,768.600,0.884,-0.030,0.061
1668255316195,2022-11-12T14:15:16.195,768.640,0.701,-0.213,0.030
1668255316235,2022-11-12T14:15:16.235,768.680,0.549,-0.213,0.122
1668255316275,2022-11-12T14:15:16.275,768.720,1.098,-0.091,-0.152
1668255316315,2022-11-12T14:15:16.315,768.760,1.311,-0.183,-0.152
1668255316355,2022-11-12T14:15:16.355,768.800,0.976,-0.213,-0.030
1668255316395,2022-11-12T14:15:16.395,768.840,1.037,-0.122,-0.152
1668255316435,2022-11-12T14:15:16.435,768.880,0.762,-0.122,0.122
1668255316475,2022-11-12T14:15:16.475,768.920,0.640,-0.274,0.061
1668255316515,2022-11-12T14:15:16.515,768.960,0.854,-0.244,-0.091
1668255316555,2022-11-12T14:15:16.555,769.000,0.701,0.000,0.061
1668255316595,2022-11-12T14:15:16.595,769.040,1.006,-0.183,-0.091
1668255316635,2022-11-12T14:15:16.635,769.080,1.037,-0.213,-0.061
1668255316675,2022-11-12T14:15:16.675,769.120,0.945,-0.122,-0.061
1668255316715,2022-11-12T14:15:16.715,769.160,0.823,-0.122,0.061
1668255316755,2022-11-12T14:15:16.755,769.200,0.976,-0.183,-0.030
1668255316795,2022-11-12T14:15:16.795,769.240,1.067,-0.091,-0.091
1668255316835,2022-11-12T14:15:16.835,769.280,0.762,-0.030,0.000
1668255316875,2022-11-12T14:15:16.875,769.320,0.915,-0.152,-0.061
1668255316915,2022-11-12T14:15:16.915,769.360,0.976,-0.152,0.000
1668255316955,2022-11-12T14:15:16.955,769.400,0.762,-0.244,0.061
1668255316995,2022-11-12T14:15:16.995,769.440,0.762,-0.213,0.000
1668255317035,2022-11-12T14:15:17.035,769.480,0.884,-0.030,-0.122
1668255317075,2022-11-12T14:15:17.075,769.520,0.854,-0.030,-0.122
1668255317115,2022-11-12T14:15:17.115,769.560,0.915,-0.183,0.030
1668255317155,2022-11-12T14:15:17.155,769.600,0.823,-0.244,0.000
1668255317195,2022-11-12T14:15:17.195,769.640,0.823,-0.244,-0.061
1668255317235,2022-11-12T14:15:17.235,769.680,1.037,-0.091,-0.030
1668255317275,2022-11-12T14:15:17.275,769.720,1.189,0.030,-0.244
1668255317315,2022-11-12T14:15:17.315,769.760,0.976,-0.030,-0.213
1668255317355,2022-11-12T14:15:17.355,769.800,0.854,-0.061,-0.061
1668255317395,2022-11-12T14:15:17.395,769.840,0.671,-0.213,0.000
1668255317435,2022-11-12T14:15:17.435,769.880,0.518,-0.427,0.000
1668255317475,2022-11-12T14:15:17.475,769.920,0.396,-0.305,-0.030
1668255317515,2022-11-12T14:15:17.515,769.960,0.244,-0.213,0.183
1668255317555,2022-11-12T14:15:17.555,770.000,0.427,-0.091,0.122
1668255317595,2022-11-12T14:15:17.595,770.040,0.701,-0.152,-0.061
1668255317635,2022-11-12T14:15:17.635,770.080,0.579,-0.213,0.030
1668255317675,2022-11-12T14:15:17.675,770.120,0.732,-0.152,0.030
1668255317715,2022-11-12T14:15:17.715,770.160,0.915,-0.244,-0.091
1668255317755,2022-11-12T14:15:17.755,770.200,0.793,-0.183,-0.061
1668255317795,2022-11-12T14:15:17.795,770.240,1.159,-0.091,-0.213
1668255317835,2022-11-12T14:15:17.835,770.280,0.762,-0.274,0.030
1668255317875,2022-11-12T14:15:17.875,770.320,0.396,-0.457,0.061
1668255317915,2022-11-12T14:15:17.915,770.360,0.640,-0.335,-0.061
1668255317955,2022-11-12T14:15:17.955,770.400,0.762,-0.152,0.091
1668255317995,2022-11-12T14:15:17.995,770.440,0.762,-0.152,-0.061
1668255318035,2022-11-12T14:15:18.035,770.480,0.793,-0.213,-0.091
1668255318075,2022-11-12T14:15:18.075,770.520,0.640,-0.213,0.122
1668255318115,2022-11-12T14:15:18.115,770.560,0.793,-0.091,0.000
1668255318155,2022-11-12T14:15:18.155,770.600,0.823,-0.244,-0.061
1668255318195,2022-11-12T14:15:18.195,770.640,0.854,-0.244,-0.061
1668255318235,2022-11-12T14:15:18.235,770.680,0.823,-0.122,0.030
1668255318275,2022-11-12T14:15:18.275,770.720,0.915,-0.122,-0.030
1668255318315,2022-11-12T14:15:18.315,770.760,0.915,-0.213,-0.091
1668255318355,2022-11-12T14:15:18.355,770.800,0.884,-0.183,0.030
1668255318395,2022-11-12T14:15:18.395,770.840,0.823,-0.183,0.030
1668255318435,2022-11-12T14:15:18.435,770.880,0.823,-0.152,-0.030
1668255318475,2022-11-12T14:15:18.475,770.920,0.793,-0.244,0.000
1668255318515,2022-11-12T14:15:18.515,770.960,0.640,-0.152,0.030
1668255318555,2022-11-12T14:15:18.555,771.000,0.884,-0.122,-0.122
1668255318595,2022-11-12T14:15:18.595,771.040,0.976,-0.213,-0.213
1668255318635,2022-11-12T14:15:18.635,771.080,0.854,-0.244,-0.030
1668255318675,2022-11-12T14:15:18.675,771.120,0.640,-0.335,0.061
1668255318715,2022-11-12T14:15:18.715,771.160,0.732,-0.305,0.000
1668255318755,2022-11-12T14:15:18.755,771.200,0.854,-0.091,0.000
1668255318795,2022-11-12T14:15:18.795,771.240,0.793,-0.091,-0.030
1668255318835,2022-11-12T14:15:18.835,771.280,0.671,-0.183,0.000
1668255318875,2022-11-12T14:15:18.875,771.320,0.732,0.000,0.000
1668255318915,2022-11-12T14:15:18.915,771.360,0.732,-0.091,0.061
1668255318955,2022-11-12T14:15:18.955,771.400,0.793,-0.183,0.000
1668255318995,2022-11-12T14:15:18.995,771.440,0.884,-0.183,-0.122
1668255319035,2022-11-12T14:15:19.035,771.480,0.884,-0.213,0.000
1668255319075,2022-11-12T14:15:19.075,771.520,0.762,-0.213,0.091
1668255319115,2022-11-12T14:15:19.115,771.560,0.793,-0.366,-0.030
1668255319155,2022-11-12T14:15:19.155,771.600,0.823,-0.366,0.000
1668255319195,2022-11-12T14:15:19.195,771.640,0.793,-0.213,0.091
1668255319235,2022-11-12T14:15:19.235,771.680,0.915,-0.183,0.030
1668255319275,2022-11-12T14:15:19.275,771.720,0.823,-0.152,0.030
1668255319315,2022-11-12T14:15:19.315,771.760,0.915,-0.183,0.030
1668255319355,2022-11-12T14:15:19.355,771.800,0.854,-0.183,0.061
1668255319395,2022-11-12T14:15:19.395,771.840,0.884,-0.305,0.030
1668255319435,2022-11-12T14:15:19.435,771.880,1.159,-0.305,0.000
1668255319475,2022-11-12T14:15:19.475,771.920,1.128,-0.244,0.091
1668255319515,2022-11-12T14:15:19.515,771.960,0.823,-0.335,0.122
1668255319555,2022-11-12T14:15:19.555,772.000,0.488,-0.579,-0.030
1668255319595,2022-11-12T14:15:19.595,772.040,0.305,-0.244,0.213
1668255319635,2022-11-12T14:15:19.635,772.080,0.854,0.091,0.091
1668255319675,2022-11-12T14:15:19.675,772.120,0.854,-0.183,0.030
1668255319715,2022-11-12T14:15:19.715,772.160,0.793,-0.427,0.122
1668255319755,2022-11-12T14:15:19.755,772.200,1.311,-0.152,-0.061
1668255319795,2022-11-12T14:15:19.795,772.240,1.128,-0.183,-0.061
1668255319835,2022-11-12T14:15:19.835,772.280,0.915,-0.396,-0.152
1668255319875,2022-11-12T14:15:19.875,772.320,0.976,-0.244,0.000
1668255319915,2022-11-12T14:15:19.915,772.360,0.762,-0.183,0.152
1668255319955,2022-11-12T14:15:19.955,772.400,0.671,-0.244,0.091
1668255319995,2022-11-12T14:15:19.995,772.440,0.823,-0.213,-0.061
1668255320035,2022-11-12T14:15:20.035,772.480,0.823,-0.183,0.061
1668255320075,2022-11-12T14:15:20.075,772.520,1.098,-0.122,0.061
1668255320115,2022-11-12T14:15:20.115,772.560,1.159,-0.244,0.091
1668255320155,2022-11-12T14:15:20.155,772.600,1.189,-0.335,0.091
1668255320195,2022-11-12T14:15:20.195,772.640,0.793,-0.183,-0.091
1668255320235,2022-11-12T14:15:20.235,772.680,0.518,-0.213,0.122
1668255320275,2022-11-12T14:15:20.275,772.720,0.335,0.183,0.488
1668255320315,2022-11-12T14:15:20.315,772.760,0.762,-0.122,0.091
1668255320355,2022-11-12T14:15:20.355,772.800,1.372,-0.549,-0.457
1668255320395,2022-11-12T14:15:20.395,772.840,1.280,-0.183,-0.183
1668255320435,2022-11-12T14:15:20.435,772.880,0.976,-0.152,-0.244
1668255320475,2022-11-12T14:15:20.475,772.920,0.762,-0.305,-0.152
1668255320515,2022-11-12T14:15:20.515,772.960,0.396,-0.213,0.091
1668255320555,2022-11-12T14:15:20.555,773.000,0.366,-0.183,0.213
1668255320595,2022-11-12T14:15:20.595,773.040,0.823,-0.122,-0.061
1668255320635,2022-11-12T14:15:20.635,773.080,0.945,-0.152,-0.183
1668255320675,2022-11-12T14:15:20.675,773.120,0.457,-0.122,0.061
1668255320715,2022-11-12T14:15:20.715,773.160,0.549,-0.122,0.061
1668255320755,2022-11-12T14:15:20.755,773.200,0.762,-0.213,-0.030
1668255320795,2022-11-12T14:15:20.795,773.240,0.762,-0.122,0.091
1668255320835,2022-11-12T14:15:20.835,773.280,1.006,-0.183,0.000
1668255320875,2022-11-12T14:15:20.875,773.320,0.823,-0.244,0.030
1668255320915,2022-11-12T14:15:20.915,773.360,0.945,-0.274,0.335
1668255320955,2022-11-12T14:15:20.955,773.400,0.884,-0.030,0.396
1668255320995,2022-11-12T14:15:20.995,773.440,0.884,-0.061,0.183
1668255321035,2022-11-12T14:15:21.035,773.480,1.098,-0.366,-0.122
1668255321075,2022-11-12T14:15:21.075,773.520,0.457,-0.213,0.091
1668255321115,2022-11-12T14:15:21.115,773.560,0.671,-0.061,0.061
1668255321155,2022-11-12T14:15:21.155,773.600,0.793,-0.030,0.000
1668255321195,2022-11-12T14:15:21.195,773.640,0.762,-0.152,-0.030
1668255321235,2022-11-12T14:15:21.235,773.680,0.915,-0.091,-0.122
1668255321275,2022-11-12T14:15:21.275,773.720,0.945,-0.122,-0.030
1668255321315,2022-11-12T14:15:21.315,773.760,0.854,-0.244,-0.030
1668255321355,2022-11-12T14:15:21.355,773.800,0.976,-0.152,-0.122
1668255321395,2022-11-12T14:15:21.395,773.840,0.762,-0.122,0.061
1668255321435,2022-11-12T14:15:21.435,773.880,0.762,-0.122,0.030
1668255321475,2022-11-12T14:15:21.475,773.920,0.915,-0.122,-0.122
1668255321515,2022-11-12T14:15:21.515,773.960,0.640,-0.152,0.091
1668255321555,2022-11-12T14:15:21.555,774.000,0.823,-0.152,0.000
1668255321595,2022-11-12T14:15:21.595,774.040,0.915,-0.122,-0.091
1668255321635,2022-11-12T14:15:21.635,774.080,0.488,-0.213,-0.030
1668255321675,2022-11-12T14:15:21.675,774.120,0.915,0.000,-0.061
1668255321715,2022-11-12T14:15:21.715,774.160,0.915,-0.213,0.030
1668255321755,2022-11-12T14:15:21.755,774.200,0.396,-0.366,0.030
1668255321795,2022-11-12T14:15:21.795,774.240,0.854,-0.061,-0.091
1668255321835,2022-11-12T14:15:21.835,774.280,1.098,-0.061,-0.091
1668255321875,2022-11-12T14:15:21.875,774.320,0.732,-0.213,0.061
1668255321915,2022-11-12T14:15:21.915,774.360,0.823,-0.213,-0.091
1668255321955,2022-11-12T14:15:21.955,774.400,0.793,-0.122,0.000
1668255321995,2022-11-12T14:15:21.995,774.440,0.671,-0.213,0.030
1668255322035,2022-11-12T14:15:22.035,774.480,1.006,-0.274,-0.152
1668255322075,2022-11-12T14:15:22.075,774.520,0.793,-0.122,0.122
1668255322115,2022-11-12T14:15:22.115,774.560,0.732,-0.091,0.061
1668255322155,2022-11-12T14:15:22.155,774.600,0.823,-0.244,0.030
1668255322195,2022-11-12T14:15:22.195,774.640,0.854,-0.183,0.000
1668255322235,2022-11-12T14:15:22.235,774.680,0.884,-0.091,0.000
1668255322275,2022-11-12T14:15:22.275,774.720,0.823,-0.244,0.030
1668255322315,2022-11-12T14:15:22.315,774.760,0.823,-0.366,0.000
1668255322355,2022-11-12T14:15:22.355,774.800,0.701,-0.274,0.122
1668255322395,2022-11-12T14:15:22.395,774.840,0.732,-0.244,0.000
1668255322435,2022-11-12T14:15:22.435,774.880,0.701,-0.274,0.091
1668255322475,2022-11-12T14:15:22.475,774.920,0.823,-0.213,0.000
1668255322515,2022-11-12T14:15:22.515,774.960,0.671,-0.183,-0.030
1668255322555,2022-11-12T14:15:22.555,775.000,0.732,-0.152,0.030
1668255322595,2022-11-12T14:15:22.595,775.040,0.945,-0.183,0.000
1668255322635,2022-11-12T14:15:22.635,775.080,0.823,-0.213,0.061
1668255322675,2022-11-12T14:15:22.675,775.120,0.854,-0.213,0.030
1668255322715,2022-11-12T14:15:22.715,775.160,0.518,-0.122,0.152
1668255322755,2022-11-12T14:15:22.755,775.200,0.732,-0.091,-0.061
1668255322795,2022-11-12T14:15:22.795,775.240,1.128,-0.244,-0.152
1668255322835,2022-11-12T14:15:22.835,775.280,0.762,-0.213,0.091
1668255322875,2022-11-12T14:15:22.875,775.320,0.915,-0.122,-0.030
1668255322915,2022-11-12T14:15:22.915,775.360,0.945,-0.213,-0.091
1668255322955,2022-11-12T14:15:22.955,775.400,0.823,-0.244,-0.061
1668255322995,2022-11-12T14:15:22.995,775.440,1.006,-0.213,-0.030
1668255323035,2022-11-12T14:15:23.035,775.480,0.884,-0.152,0.030
1668255323075,2022-11-12T14:15:23.075,775.520,0.701,-0.244,0.061
1668255323115,2022-11-12T14:15:23.115,775.560,0.915,-0.213,-0.061
1668255323155,2022-11-12T14:15:23.155,775.600,0.701,-0.183,0.000
1668255323195,2022-11-12T14:15:23.195,775.640,0.793,-0.122,-0.030
1668255323235,2022-11-12T14:15:23.235,775.680,0.915,-0.122,-0.030
1668255323275,2022-11-12T14:15:23.275,775.720,0.701,-0.305,0.030
1668255323315,2022-11-12T14:15:23.315,775.760,0.884,-0.183,-0.091
1668255323355,2022-11-12T14:15:23.355,775.800,0.762,-0.030,0.030
1668255323395,2022-11-12T14:15:23.395,775.840,0.854,-0.091,-0.122
1668255323435,2022-11-12T14:15:23.435,775.880,0.762,-0.152,0.000
1668255323475,2022-11-12T14:15:23.475,775.920,0.823,-0.152,0.030
1668255323515,2022-11-12T14:15:23.515,775.960,1.067,-0.061,-0.061
1668255323555,2022-11-12T14:15:23.555,776.000,0.793,-0.213,0.030
1668255323595,2022-11-12T14:15:23.595,776.040,0.915,-0.244,-0.061
1668255323635,2022-11-12T14:15:23.635,776.080,0.884,-0.091,0.000
1668255323675,2022-11-12T14:15:23.675,776.120,0.701,-0.152,0.061
1668255323715,2022-11-12T14:15:23.715,776.160,0.701,-0.213,-0.091
1668255323755,2022-11-12T14:15:23.755,776.200,0.915,-0.122,-0.091
1668255323795,2022-11-12T14:15:23.795,776.240,0.945,-0.122,-0.030
1668255323835,2022-11-12T14:15:23.835,776.280,0.701,-0.274,-0.030
1668255323875,2022-11-12T14:15:23.875,776.320,0.793,-0.213,0.000
1668255323915,2022-11-12T14:15:23.915,776.360,0.854,-0.122,0.000
1668255323955,2022-11-12T14:15:23.955,776.400,0.732,-0.213,-0.061
1668255323995,2022-11-12T14:15:23.995,776.440,0.945,-0.152,-0.091
1668255324035,2022-11-12T14:15:24.035,776.480,0.579,-0.518,0.122
1668255324075,2022-11-12T14:15:24.075,776.520,0.549,-0.701,0.000
1668255324115,2022-11-12T14:15:24.115,776.560,0.488,-0.549,0.000
1668255324155,2022-11-12T14:15:24.155,776.600,0.152,-0.457,0.152
1668255324195,2022-11-12T14:15:24.195,776.640,0.396,-0.183,-0.030
1668255324235,2022-11-12T14:15:24.235,776.680,0.640,-0.122,0.000
1668255324275,2022-11-12T14:15:24.275,776.720,0.884,-0.061,-0.091
1668255324315,2022-11-12T14:15:24.315,776.760,0.976,-0.122,-0.030
1668255324355,2022-11-12T14:15:24.355,776.800,0.976,-0.305,-0.091
1668255324395,2022-11-12T14:15:24.395,776.840,1.128,-0.213,-0.122
1668255324435,2022-11-12T14:15:24.435,776.880,1.067,-0.091,0.030
1668255324475,2022-11-12T14:15:24.475,776.920,0.976,-0.274,0.000
1668255324515,2022-11-12T14:15:24.515,776.960,0.976,-0.335,0.000
1668255324555,2022-11-12T14:15:24.555,777.000,1.037,-0.122,0.061
1668255324595,2022-11-12T14:15:24.595,777.040,1.098,-0.183,0.030
1668255324635,2022-11-12T14:15:24.635,777.080,1.220,-0.213,0.152
1668255324675,2022-11-12T14:15:24.675,777.120,1.311,-0.152,0.030
1668255324715,2022-11-12T14:15:24.715,777.160,0.915,-0.152,0.030
1668255324755,2022-11-12T14:15:24.755,777.200,0.579,-0.152,0.030
1668255324795,2022-11-12T14:15:24.795,777.240,0.671,-0.366,-0.274
1668255324835,2022-11-12T14:15:24.835,777.280,0.671,-0.244,-0.244
1668255324875,2022-11-12T14:15:24.875,777.320,0.701,-0.274,0.000
1668255324915,2022-11-12T14:15:24.915,777.360,0.427,-0.335,0.213
1668255324955,2022-11-12T14:15:24.955,777.400,0.732,-0.152,0.030
1668255324995,2022-11-12T14:15:24.995,777.440,0.854,-0.061,0.000
1668255325035,2022-11-12T14:15:25.035,777.480,0.793,-0.061,0.030
1668255325075,2022-11-12T14:15:25.075,777.520,0.793,-0.213,0.000
1668255325115,2022-11-12T14:15:25.115,777.560,0.793,-0.213,0.000
1668255325155,2022-11-12T14:15:25.155,777.600,0.976,-0.122,-0.122
1668255325195,2022-11-12T14:15:25.195,777.640,0.701,-0.213,0.030
1668255325235,2022-11-12T14:15:25.235,777.680,0.945,-0.122,-0.061
1668255325275,2022-11-12T14:15:25.275,777.720,0.884,-0.122,0.030
1668255325315,2022-11-12T14:15:25.315,777.760,0.671,-0.183,0.122
1668255325355,2022-11-12T14:15:25.355,777.800,0.915,-0.152,-0.061
1668255325395,2022-11-12T14:15:25.395,777.840,0.915,-0.152,-0.061
1668255325435,2022-11-12T14:15:25.435,777.880,0.823,-0.183,0.000
1668255325475,2022-11-12T14:15:25.475,777.920,0.762,-0.183,0.061
1668255325515,2022-11-12T14:15:25.515,777.960,0.823,-0.152,-0.030
1668255325555,2022-11-12T14:15:25.555,778.000,0.793,-0.152,0.122
1668255325595,2022-11-12T14:15:25.595,778.040,0.945,-0.183,0.030
1668255325635,2022-11-12T14:15:25.635,778.080,0.945,-0.183,-0.061
1668255325675,2022-11-12T14:15:25.675,778.120,0.701,-0.213,0.061
1668255325715,2022-11-12T14:15:25.715,778.160,0.945,-0.183,-0.122
1668255325755,2022-11-12T14:15:25.755,778.200,0.701,-0.244,0.091
1668255325795,2022-11-12T14:15:25.795,778.240,0.549,-0.427,0.122
1668255325835,2022-11-12T14:15:25.835,778.280,0.945,-0.213,-0.030
1668255325875,2022-11-12T14:15:25.875,778.320,0.915,-0.122,0.061
1668255325915,2022-11-12T14:15:25.915,778.360,0.762,-0.213,0.000
1668255325955,2022-11-12T14:15:25.955,778.400,0.762,-0.366,0.030
1668255325995,2022-11-12T14:15:25.995,778.440,0.793,-0.183,0.030
1668255326035,2022-11-12T14:15:26.035,778.480,0.915,-0.152,-0.030
1668255326075,2022-11-12T14:15:26.075,778.520,0.671,-0.152,0.000
1668255326115,2022-11-12T14:15:26.115,778.560,0.976,-0.091,-0.152
1668255326155,2022-11-12T14:15:26.155,778.600,1.006,-0.122,-0.061
1668255326195,2022-11-12T14:15:26.195,778.640,0.915,-0.152,0.000
1668255326235,2022-11-12T14:15:26.235,778.680,0.823,-0.244,0.030
1668255326275,2022-11-12T14:15:26.275,778.720,0.610,-0.274,0.183
1668255326315,2022-11-12T14:15:26.315,778.760,0.793,-0.244,0.091
1668255326355,2022-11-12T14:15:26.355,778.800,0.762,-0.305,-0.030
1668255326395,2022-11-12T14:15:26.395,778.840,0.701,-0.305,0.091
1668255326435,2022-11-12T14:15:26.435,778.880,1.037,-0.183,-0.061
1668255326475,2022-11-12T14:15:26.475,778.920,1.067,-0.213,0.030
1668255326515,2022-11-12T14:15:26.515,778.960,1.037,-0.152,0.152
1668255326555,2022-11-12T14:15:26.555,779.000,1.494,0.091,0.335
1668255326595,2022-11-12T14:15:26.595,779.040,1.341,0.091,0.518
1668255326635,2022-11-12T14:15:26.635,779.080,0.823,-0.335,-0.091
1668255326675,2022-11-12T14:15:26.675,779.120,0.854,-0.366,-0.122
1668255326715,2022-11-12T14:15:26.715,779.160,0.823,-0.061,0.213
1668255326755,2022-11-12T14:15:26.755,779.200,0.976,-0.213,0.030
1668255326795,2022-11-12T14:15:26.795,779.240,0.823,-0.396,0.061
1668255326835,2022-11-12T14:15:26.835,779.280,0.854,-0.305,0.000
1668255326875,2022-11-12T14:15:26.875,779.320,0.976,-0.305,0.030
1668255326915,2022-11-12T14:15:26.915,779.360,0.854,-0.305,-0.030
1668255326955,2022-11-12T14:15:26.955,779.400,0.793,-0.244,0.000
1668255326995,2022-11-12T14:15:26.995,779.440,0.793,-0.152,0.061
1668255327035,2022-11-12T14:15:27.035,779.480,0.793,-0.396,0.030
1668255327075,2022-11-12T14:15:27.075,779.520,0.732,-0.274,0.091
1668255327115,2022-11-12T14:15:27.115,779.560,0.915,-0.183,0.000
1668255327155,2022-11-12T14:15:27.155,779.600,0.823,-0.335,0.000
1668255327195,2022-11-12T14:15:27.195,779.640,0.671,-0.366,0.061
1668255327235,2022-11-12T14:15:27.235,779.680,0.732,-0.213,0.122
1668255327275,2022-11-12T14:15:27.275,779.720,0.884,-0.061,-0.030
1668255327315,2022-11-12T14:15:27.315,779.760,0.915,-0.061,-0.061
1668255327355,2022-11-12T14:15:27.355,779.800,0.945,-0.274,-0.091
1668255327395,2022-11-12T14:15:27.395,779.840,0.854,-0.183,-0.061
1668255327435,2022-11-12T14:15:27.435,779.880,0.884,-0.061,0.030
1668255327475,2022-11-12T14:15:27.475,779.920,0.915,-0.152,-0.030
1668255327515,2022-11-12T14:15:27.515,779.960,0.823,-0.183,-0.061
1668255327555,2022-11-12T14:15:27.555,780.000,0.915,-0.152,0.000
1668255327595,2022-11-12T14:15:27.595,780.040,0.793,-0.061,0.061
1668255327635,2022-11-12T14:15:27.635,780.080,0.915,-0.213,-0.061
1668255327675,2022-11-12T14:15:27.675,780.120,1.189,-0.152,-0.152
1668255327715,2022-11-12T14:15:27.715,780.160,0.793,-0.061,0.091
1668255327755,2022-11-12T14:15:27.755,780.200,0.793,-0.152,0.030
1668255327795,2022-11-12T14:15:27.795,780.240,1.098,-0.183,-0.061
1668255327835,2022-11-12T14:15:27.835,780.280,0.945,-0.183,0.091
1668255327875,2022-11-12T14:15:27.875,780.320,0.793,-0.061,0.030
1668255327915,2022-11-12T14:15:27.915,780.360,0.762,-0.244,-0.030
1668255327955,2022-11-12T14:15:27.955,780.400,0.610,-0.274,0.000
1668255327995,2022-11-12T14:15:27.995,780.440,0.976,-0.152,-0.122
1668255328035,2022-11-12T14:15:28.035,780.480,0.945,-0.122,-0.061
1668255328075,2022-11-12T14:15:28.075,780.520,0.640,-0.396,0.061
1668255328115,2022-11-12T14:15:28.115,780.560,0.823,-0.335,-0.091
1668255328155,2022-11-12T14:15:28.155,780.600,0.884,-0.152,-0.091
1668255328195,2022-11-12T14:15:28.195,780.640,0.701,-0.122,-0.030
1668255328235,2022-11-12T14:15:28.235,780.680,0.823,-0.274,-0.091
1668255328275,2022-11-12T14:15:28.275,780.720,0.762,-0.213,0.000
1668255328315,2022-11-12T14:15:28.315,780.760,0.915,-0.183,-0.122
1668255328355,2022-11-12T14:15:28.355,780.800,0.793,-0.274,0.030
1668255328395,2022-11-12T14:15:28.395,780.840,0.823,-0.213,-0.030
1668255328435,2022-11-12T14:15:28.435,780.880,0.945,-0.244,-0.061
1668255328475,2022-11-12T14:15:28.475,780.920,0.671,-0.335,0.091
1668255328515,2022-11-12T14:15:28.515,780.960,0.701,-0.274,0.030
1668255328555,2022-11-12T14:15:28.555,781.000,0.762,-0.305,-0.061
1668255328595,2022-11-12T14:15:28.595,781.040,0.793,-0.244,0.061
1668255328635,2022-11-12T14:15:28.635,781.080,0.976,-0.244,-0.122
1668255328675,2022-11-12T14:15:28.675,781.120,1.463,-0.732,-0.213
1668255328715,2022-11-12T14:15:28.715,781.160,1.250,-0.518,0.000
1668255328755,2022-11-12T14:15:28.755,781.200,0.976,-0.122,-0.061
1668255328795,2022-11-12T14:15:28.795,781.240,0.732,-0.274,0.091
1668255328835,2022-11-12T14:15:28.835,781.280,0.640,-0.396,0.030
1668255328875,2022-11-12T14:15:28.875,781.320,0.945,-0.335,-0.061
1668255328915,2022-11-12T14:15:28.915,781.360,0.701,-0.122,0.061
1668255328955,2022-11-12T14:15:28.955,781.400,0.610,-0.030,-0.183
1668255328995,2022-11-12T14:15:28.995,781.440,0.579,-0.091,0.061
1668255329035,2022-11-12T14:15:29.035,781.480,0.915,-0.091,0.091
1668255329075,2022-11-12T14:15:29.075,781.520,0.762,-0.061,0.030
1668255329115,2022-11-12T14:15:29.115,781.560,0.884,-0.244,0.061
1668255329155,2022-11-12T14:15:29.155,781.600,1.067,-0.152,-0.061
1668255329195,2022-11-12T14:15:29.195,781.640,0.793,-0.091,0.122
1668255329235,2022-11-12T14:15:29.235,781.680,0.701,-0.122,0.183
1668255329275,2022-11-12T14:15:29.275,781.720,0.793,-0.183,0.061
1668255329315,2022-11-12T14:15:29.315,781.760,0.701,-0.122,-0.030
1668255329355,2022-11-12T14:15:29.355,781.800,0.274,-0.091,-0.091
1668255329395,2022-11-12T14:15:29.395,781.840,0.427,-0.091,-0.122
1668255329435,2022-11-12T14:15:29.435,781.880,1.006,-0.122,-0.183
1668255329475,2022-11-12T14:15:29.475,781.920,0.976,-0.122,-0.030
1668255329515,2022-11-12T14:15:29.515,781.960,0.427,-0.366,0.274
1668255329555,2022-11-12T14:15:29.555,782.000,0.823,-0.396,0.091
1668255329595,2022-11-12T14:15:29.595,782.040,1.006,-0.183,0.061
1668255329635,2022-11-12T14:15:29.635,782.080,0.732,-0.183,0.091
1668255329675,2022-11-12T14:15:29.675,782.120,1.037,-0.274,-0.091
1668255329715,2022-11-12T14:15:29.715,782.160,0.823,-0.274,0.122
1668255329755,2022-11-12T14:15:29.755,782.200,0.945,-0.122,-0.030
1668255329795,2022-11-12T14:15:29.795,782.240,0.945,-0.213,-0.061
1668255329835,2022-11-12T14:15:29.835,782.280,0.884,-0.274,-0.061
1668255329875,2022-11-12T14:15:29.875,782.320,0.915,-0.183,-0.030
1668255329915,2022-11-12T14:15:29.915,782.360,0.793,-0.122,0.091
1668255329955,2022-11-12T14:15:29.955,782.400,0.762,-0.335,0.030
1668255329995,2022-11-12T14:15:29.995,782.440,0.854,-0.396,-0.091
1668255330035,2022-11-12T14:15:30.035,782.480,0.884,-0.183,0.000
1668255330075,2022-11-12T14:15:30.075,782.520,0.793,-0.061,0.030
1668255330115,2022-11-12T14:15:30.115,782.560,0.854,-0.213,-0.122
1668255330155,2022-11-12T14:15:30.155,782.600,0.701,-0.244,0.061
1668255330195,2022-11-12T14:15:30.195,782.640,0.762,-0.305,0.061
1668255330235,2022-11-12T14:15:30.235,782.680,0.884,-0.244,-0.061
1668255330275,2022-11-12T14:15:30.275,782.720,0.823,-0.122,0.030
1668255330315,2022-11-12T14:15:30.315,782.760,1.128,-0.030,-0.122
1668255330355,2022-11-12T14:15:30.355,782.800,0.793,-0.183,0.061
1668255330395,2022-11-12T14:15:30.395,782.840,0.610,-0.213,0.091
1668255330435,2022-11-12T14:15:30.435,782.880,1.098,-0.061,-0.091
1668255330475,2022-11-12T14:15:30.475,782.920,0.793,-0.183,0.061
1668255330515,2022-11-12T14:15:30.515,782.960,0.945,-0.244,-0.091
1668255330555,2022-11-12T14:15:30.555,783.000,0.854,-0.061,-0.030
1668255330595,2022-11-12T14:15:30.595,783.040,0.671,-0.274,0.030
1668255330635,2022-11-12T14:15:30.635,783.080,0.762,-0.244,0.000
1668255330675,2022-11-12T14:15:30.675,783.120,0.945,-0.183,-0.091
1668255330715,2022-11-12T14:15:30.715,783.160,0.823,-0.213,-0.030
1668255330755,2022-11-12T14:15:30.755,783.200,0.854,-0.183,-0.061
1668255330795,2022-11-12T14:15:30.795,783.240,0.945,-0.152,-0.091
1668255330835,2022-11-12T14:15:30.835,783.280,0.854,-0.549,-0.061
1668255330875,2022-11-12T14:15:30.875,783.320,0.823,-0.701,-0.213
1668255330915,2022-11-12T14:15:30.915,783.360,0.610,-0.335,-0.030
1668255330955,2022-11-12T14:15:30.955,783.400,0.793,-0.244,0.091
1668255330995,2022-11-12T14:15:30.995,783.440,0.793,-0.244,0.061
1668255331035,2022-11-12T14:15:31.035,783.480,0.823,-0.183,0.061
1668255331075,2022-11-12T14:15:31.075,783.520,0.976,-0.152,-0.061
1668255331115,2022-11-12T14:15:31.115,783.560,1.646,-0.701,-0.244
1668255331155,2022-11-12T14:15:31.155,783.600,1.616,-1.037,-0.366
1668255331195,2022-11-12T14:15:31.195,783.640,0.610,-0.457,-0.030
1668255331235,2022-11-12T14:15:31.235,783.680,0.549,-0.061,0.183
1668255331275,2022-11-12T14:15:31.275,783.720,0.945,-0.091,0.000
1668255331315,2022-11-12T14:15:31.315,783.760,0.915,-0.030,-0.030
1668255331355,2022-11-12T14:15:31.355,783.800,0.762,-0.091,0.061
1668255331395,2022-11-12T14:15:31.395,783.840,0.823,-0.122,0.030
1668255331435,2022-11-12T14:15:31.435,783.880,0.701,-0.213,0.000
1668255331475,2022-11-12T14:15:31.475,783.920,0.884,-0.183,0.000
1668255331515,2022-11-12T14:15:31.515,783.960,0.823,-0.701,0.061
1668255331555,2022-11-12T14:15:31.555,784.000,0.823,-0.945,-0.061
1668255331595,2022-11-12T14:15:31.595,784.040,0.793,-0.610,0.000
1668255331635,2022-11-12T14:15:31.635,784.080,0.579,-0.396,0.030
1668255331675,2022-11-12T14:15:31.675,784.120,0.610,-0.335,0.091
1668255331715,2022-11-12T14:15:31.715,784.160,0.671,-0.244,0.091
1668255331755,2022-11-12T14:15:31.755,784.200,0.793,-0.091,0.061
1668255331795,2022-11-12T14:15:31.795,784.240,0.762,-0.213,0.030
1668255331835,2022-11-12T14:15:31.835,784.280,0.884,-0.213,-0.061
1668255331875,2022-11-12T14:15:31.875,784.320,0.701,-0.152,0.122
1668255331915,2022-11-12T14:15:31.915,784.360,0.610,-0.274,0.122
1668255331955,2022-11-12T14:15:31.955,784.400,0.945,-0.244,0.030
1668255331995,2022-11-12T14:15:31.995,784.440,0.762,-0.335,0.122
1668255332035,2022-11-12T14:15:32.035,784.480,0.793,-0.305,0.061
1668255332075,2022-11-12T14:15:32.075,784.520,1.037,-0.183,-0.061
1668255332115,2022-11-12T14:15:32.115,784.560,1.006,-0.213,0.000
1668255332155,2022-11-12T14:15:32.155,784.600,0.854,-0.244,0.061
1668255332195,2022-11-12T14:15:32.195,784.640,0.823,-0.213,0.030
1668255332235,2022-11-12T14:15:32.235,784.680,0.793,-0.213,0.091
1668255332275,2022-11-12T14:15:32.275,784.720,0.640,-0.366,0.091
1668255332315,2022-11-12T14:15:32.315,784.760,0.884,-0.366,-0.061
1668255332355,2022-11-12T14:15:32.355,784.800,0.701,-0.183,0.122
1668255332395,2022-11-12T14:15:32.395,784.840,0.884,-0.152,0.030
1668255332435,2022-11-12T14:15:32.435,784.880,0.884,-0.213,0.030
1668255332475,2022-11-12T14:15:32.475,784.920,0.884,-0.274,0.030
1668255332515,2022-11-12T14:15:32.515,784.960,0.884,-0.152,0.091
1668255332555,2022-11-12T14:15:32.555,785.000,0.793,-0.274,0.152
1668255332595,2022-11-12T14:15:32.595,785.040,0.884,-0.396,-0.030
1668255332635,2022-11-12T14:15:32.635,785.080,0.762,-0.366,0.061
1668255332675,2022-11-12T14:15:32.675,785.120,0.671,-0.427,0.061
1668255332715,2022-11-12T14:15:32.715,785.160,0.701,-0.366,0.000
1668255332755,2022-11-12T14:15:32.755,785.200,0.732,-0.213,0.061
1668255332795,2022-11-12T14:15:32.795,785.240,1.037,0.030,0.061
1668255332835,2022-11-12T14:15:32.835,785.280,1.006,-0.122,-0.061
1668255332875,2022-11-12T14:15:32.875,785.320,1.037,-0.091,-0.091
1668255332915,2022-11-12T14:15:32.915,785.360,0.854,0.030,0.000
1668255332955,2022-11-12T14:15:32.955,785.400,0.976,-0.061,-0.091
1668255332995,2022-11-12T14:15:32.995,785.440,0.823,-0.091,0.000
1668255333035,2022-11-12T14:15:33.035,785.480,0.671,-0.305,0.000
1668255333075,2022-11-12T14:15:33.075,785.520,0.793,-0.152,0.000
1668255333115,2022-11-12T14:15:33.115,785.560,0.793,-0.152,0.000
1668255333155,2022-11-12T14:15:33.155,785.600,0.793,-0.183,-0.091
1668255333195,2022-11-12T14:15:33.195,785.640,0.701,-0.244,0.061
1668255333235,2022-11-12T14:15:33.235,785.680,0.823,-0.213,-0.030
1668255333275,2022-11-12T14:15:33.275,785.720,0.427,-0.213,0.152
1668255333315,2022-11-12T14:15:33.315,785.760,0.701,-0.305,-0.061
1668255333355,2022-11-12T14:15:33.355,785.800,1.037,-0.183,-0.061
1668255333395,2022-11-12T14:15:33.395,785.840,0.671,-0.152,0.122
1668255333435,2022-11-12T14:15:33.435,785.880,0.610,-0.183,0.061
1668255333475,2022-11-12T14:15:33.475,785.920,1.037,-0.183,-0.091
1668255333515,2022-11-12T14:15:33.515,785.960,0.915,-0.061,-0.030
1668255333555,2022-11-12T14:15:33.555,786.000,0.793,-0.091,0.030
1668255333595,2022-11-12T14:15:33.595,786.040,0.854,-0.183,0.000
1668255333635,2022-11-12T14:15:33.635,786.080,0.762,-0.091,0.061
1668255333675,2022-11-12T14:15:33.675,786.120,0.915,0.000,-0.061
1668255333715,2022-11-12T14:15:33.715,786.160,0.854,-0.061,-0.030
1668255333755,2022-11-12T14:15:33.755,786.200,0.671,-0.183,0.061
1668255333795,2022-11-12T14:15:33.795,786.240,0.579,-0.335,0.000
1668255333835,2022-11-12T14:15:33.835,786.280,0.762,-0.183,-0.061
1668255333875,2022-11-12T14:15:33.875,786.320,0.915,-0.122,0.030
1668255333915,2022-11-12T14:15:33.915,786.360,0.884,-0.152,-0.030
1668255333955,2022-11-12T14:15:33.955,786.400,0.854,-0.244,0.000
1668255333995,2022-11-12T14:15:33.995,786.440,0.793,-0.183,-0.030
1668255334035,2022-11-12T14:15:34.035,786.480,0.793,-0.061,-0.091
1668255334075,2022-11-12T14:15:34.075,786.520,-0.305,0.030,-0.579
1668255334115,2022-11-12T14:15:34.115,786.560,0.518,-0.640,-1.189
1668255334155,2022-11-12T14:15:34.155,786.600,0.915,0.183,0.152
1668255334195,2022-11-12T14:15:34.195,786.640,1.128,0.274,0.427
1668255334235,2022-11-12T14:15:34.235,786.680,1.006,-0.274,0.000
1668255334275,2022-11-12T14:15:34.275,786.720,0.732,-0.366,-0.030
1668255334315,2022-11-12T14:15:34.315,786.760,1.067,-0.091,0.183
1668255334355,2022-11-12T14:15:34.355,786.800,1.159,0.000,0.366
1668255334395,2022-11-12T14:15:34.395,786.840,0.823,-0.366,0.091
1668255334435,2022-11-12T14:15:34.435,786.880,0.823,-0.213,0.000
1668255334475,2022-11-12T14:15:34.475,786.920,0.823,0.061,-0.122
1668255334515,2022-11-12T14:15:34.515,786.960,1.006,-0.152,-0.335
1668255334555,2022-11-12T14:15:34.555,787.000,0.854,-0.061,-0.030
1668255334595,2022-11-12T14:15:34.595,787.040,0.762,-0.183,0.183
1668255334635,2022-11-12T14:15:34.635,787.080,0.884,-0.335,-0.030
1668255334675,2022-11-12T14:15:34.675,787.120,0.915,-0.244,-0.030
1668255334715,2022-11-12T14:15:34.715,787.160,0.915,-0.152,0.061
1668255334755,2022-11-12T14:15:34.755,787.200,0.976,-0.152,0.030
1668255334795,2022-11-12T14:15:34.795,787.240,0.640,-0.244,0.091
1668255334835,2022-11-12T14:15:34.835,787.280,1.037,-0.244,-0.061
1668255334875,2022-11-12T14:15:34.875,787.320,0.701,-0.152,0.122
1668255334915,2022-11-12T14:15:34.915,787.360,0.884,-0.274,-0.091
1668255334955,2022-11-12T14:15:34.955,787.400,0.945,-0.152,-0.061
1668255334995,2022-11-12T14:15:34.995,787.440,0.701,-0.183,0.122
1668255335035,2022-11-12T14:15:35.035,787.480,0.762,-0.183,0.030
1668255335075,2022-11-12T14:15:35.075,787.520,0.884,-0.183,0.000
1668255335115,2022-11-12T14:15:35.115,787.560,0.915,-0.213,0.030
1668255335155,2022-11-12T14:15:35.155,787.600,0.793,-0.183,0.030
1668255335195,2022-11-12T14:15:35.195,787.640,0.884,-0.183,-0.061
1668255335235,2022-11-12T14:15:35.235,787.680,0.854,-0.183,-0.030
1668255335275,2022-11-12T14:15:35.275,787.720,0.762,-0.152,0.030
1668255335315,2022-11-12T14:15:35.315,787.760,0.915,-0.152,-0.030
1668255335355,2022-11-12T14:15:35.355,787.800,0.915,-0.183,-0.091
1668255335395,2022-11-12T14:15:35.395,787.840,0.671,-0.183,0.091
1668255335435,2022-11-12T14:15:35.435,787.880,0.793,-0.305,-0.030
1668255335475,2022-11-12T14:15:35.475,787.920,0.854,-0.244,-0.030
1668255335515,2022-11-12T14:15:35.515,787.960,0.732,-0.183,0.000
1668255335555,2022-11-12T14:15:35.555,788.000,0.884,-0.152,-0.030
1668255335595,2022-11-12T14:15:35.595,788.040,0.762,-0.244,0.091
1668255335635,2022-11-12T14:15:35.635,788.080,0.762,-0.183,0.000
1668255335675,2022-11-12T14:15:35.675,788.120,0.762,-0.213,0.030
1668255335715,2022-11-12T14:15:35.715,788.160,0.915,-0.213,0.030
1668255335755,2022-11-12T14:15:35.755,788.200,0.976,-0.152,-0.030
1668255335795,2022-11-12T14:15:35.795,788.240,0.732,-0.183,0.030
1668255335835,2022-11-12T14:15:35.835,788.280,0.732,-0.152,0.000
1668255335875,2022-11-12T14:15:35.875,788.320,0.915,-0.183,0.000
1668255335915,2022-11-12T14:15:35.915,788.360,0.915,-0.244,0.000
1668255335955,2022-11-12T14:15:35.955,788.400,0.793,-0.213,0.030
1668255335995,2022-11-12T14:15:35.995,788.440,0.915,-0.213,0.000
1668255336035,2022-11-12T14:15:36.035,788.480,0.793,-0.213,0.061
1668255336075,2022-11-12T14:15:36.075,788.520,0.732,-0.213,0.091
1668255336115,2022-11-12T14:15:36.115,788.560,1.006,-0.244,-0.030
1668255336155,2022-11-12T14:15:36.155,788.600,0.732,-0.244,0.061
1668255336195,2022-11-12T14:15:36.195,788.640,0.854,-0.213,-0.061
1668255336235,2022-11-12T14:15:36.235,788.680,0.854,-0.213,0.030
1668255336275,2022-11-12T14:15:36.275,788.720,0.640,-0.457,0.091
1668255336315,2022-11-12T14:15:36.315,788.760,0.945,-0.244,-0.030
1668255336355,2022-11-12T14:15:36.355,788.800,0.976,-0.183,0.000
1668255336395,2022-11-12T14:15:36.395,788.840,0.793,-0.213,0.030
1668255336435,2022-11-12T14:15:36.435,788.880,0.854,-0.213,0.091
1668255336475,2022-11-12T14:15:36.475,788.920,1.006,-0.244,0.061
1668255336515,2022-11-12T14:15:36.515,788.960,0.884,-0.183,0.183
1668255336555,2022-11-12T14:15:36.555,789.000,0.915,-0.335,-0.030
1668255336595,2022-11-12T14:15:36.595,789.040,0.976,-0.244,-0.122
1668255336635,2022-11-12T14:15:36.635,789.080,0.549,-0.183,0.183
1668255336675,2022-11-12T14:15:36.675,789.120,0.671,-0.152,0.061
1668255336715,2022-11-12T14:15:36.715,789.160,0.823,-0.213,0.061
1668255336755,2022-11-12T14:15:36.755,789.200,0.915,-0.274,-0.061
1668255336795,2022-11-12T14:15:36.795,789.240,0.976,-0.244,0.000
1668255336835,2022-11-12T14:15:36.835,789.280,0.945,-0.213,0.000
1668255336875,2022-11-12T14:15:36.875,789.320,0.762,-0.244,0.061
1668255336915,2022-11-12T14:15:36.915,789.360,0.823,-0.183,0.061
1668255336955,2022-11-12T14:15:36.955,789.400,0.976,-0.183,-0.122
1668255336995,2022-11-12T14:15:36.995,789.440,0.915,-0.091,0.000
1668255337035,2022-11-12T14:15:37.035,789.480,0.793,-0.244,0.061
1668255337075,2022-11-12T14:15:37.075,789.520,0.732,-0.396,-0.030
1668255337115,2022-11-12T14:15:37.115,789.560,0.945,-0.183,-0.061
1668255337155,2022-11-12T14:15:37.155,789.600,0.823,-0.122,0.000
1668255337195,2022-11-12T14:15:37.195,789.640,0.823,-0.152,0.030
1668255337235,2022-11-12T14:15:37.235,789.680,0.823,-0.213,0.000
1668255337275,2022-11-12T14:15:37.275,789.720,0.915,-0.091,-0.061
1668255337315,2022-11-12T14:15:37.315,789.760,0.976,-0.061,-0.030
1668255337355,2022-11-12T14:15:37.355,789.800,0.884,-0.244,-0.091
1668255337395,2022-11-12T14:15:37.395,789.840,0.915,-0.122,-0.030
1668255337435,2022-11-12T14:15:37.435,789.880,0.976,-0.091,0.030
1668255337475,2022-11-12T14:15:37.475,789.920,0.640,-0.122,0.091
1668255337515,2022-11-12T14:15:37.515,789.960,0.732,-0.122,0.000
1668255337555,2022-11-12T14:15:37.555,790.000,1.037,-0.244,-0.061
1668255337595,2022-11-12T14:15:37.595,790.040,0.915,-0.213,0.000
1668255337635,2022-11-12T14:15:37.635,790.080,0.823,-0.213,0.000
1668255337675,2022-11-12T14:15:37.675,790.120,0.793,-0.091,0.061
1668255337715,2022-11-12T14:15:37.715,790.160,0.884,-0.152,-0.091
1668255337755,2022-11-12T14:15:37.755,790.200,0.732,-0.122,0.030
1668255337795,2022-11-12T14:15:37.795,790.240,0.762,-0.274,0.000
1668255337835,2022-11-12T14:15:37.835,790.280,0.884,-0.305,-0.091
1668255337875,2022-11-12T14:15:37.875,790.320,0.732,-0.183,0.030
1668255337915,2022-11-12T14:15:37.915,790.360,0.793,-0.122,-0.030
1668255337955,2022-11-12T14:15:37.955,790.400,0.823,-0.244,0.000
1668255337995,2022-11-12T14:15:37.995,790.440,0.854,-0.213,0.000
1668255338035,2022-11-12T14:15:38.035,790.480,0.884,-0.122,-0.030
1668255338075,2022-11-12T14:15:38.075,790.520,0.793,-0.183,0.030
1668255338115,2022-11-12T14:15:38.115,790.560,1.006,-0.244,-0.091
1668255338155,2022-11-12T14:15:38.155,790.600,0.762,-0.183,0.091
1668255338195,2022-11-12T14:15:38.195,790.640,0.732,-0.152,0.030
1668255338235,2022-11-12T14:15:38.235,790.680,0.823,-0.244,-0.061
1668255338275,2022-11-12T14:15:38.275,790.720,0.884,-0.183,0.000
1668255338315,2022-11-12T14:15:38.315,790.760,0.762,-0.091,0.030
1668255338355,2022-11-12T14:15:38.355,790.800,0.762,-0.213,0.000
1668255338395,2022-11-12T14:15:38.395,790.840,0.976,-0.213,-0.061
1668255338435,2022-11-12T14:15:38.435,790.880,0.915,-0.091,0.000
1668255338475,2022-11-12T14:15:38.475,790.920,0.945,-0.152,-0.091
1668255338515,2022-11-12T14:15:38.515,790.960,0.640,-0.274,0.061
1668255338555,2022-11-12T14:15:38.555,791.000,0.701,-0.366,0.000
1668255338595,2022-11-12T14:15:38.595,791.040,0.976,-0.183,-0.091
1668255338635,2022-11-12T14:15:38.635,791.080,0.762,-0.244,0.030
1668255338675,2022-11-12T14:15:38.675,791.120,1.037,-0.122,-0.091
1668255338715,2022-11-12T14:15:38.715,791.160,0.915,-0.122,0.000
1668255338755,2022-11-12T14:15:38.755,791.200,0.732,-0.213,0.030
1668255338795,2022-11-12T14:15:38.795,791.240,0.762,-0.122,0.030
1668255338835,2022-11-12T14:15:38.835,791.280,0.884,-0.152,-0.030
1668255338875,2022-11-12T14:15:38.875,791.320,0.945,-0.213,0.030
1668255338915,2022-11-12T14:15:38.915,791.360,0.823,-0.122,0.091
1668255338955,2022-11-12T14:15:38.955,791.400,0.823,-0.183,0.030
1668255338995,2022-11-12T14:15:38.995,791.440,0.793,-0.274,-0.030
1668255339035,2022-11-12T14:15:39.035,791.480,0.793,-0.122,0.030
1668255339075,2022-11-12T14:15:39.075,791.520,0.854,-0.183,0.000
1668255339115,2022-11-12T14:15:39.115,791.560,0.671,-0.213,0.030
1668255339155,2022-11-12T14:15:39.155,791.600,0.823,-0.091,0.030
1668255339195,2022-11-12T14:15:39.195,791.640,0.945,-0.091,-0.061
1668255339235,2022-11-12T14:15:39.235,791.680,0.671,-0.122,0.061
1668255339275,2022-11-12T14:15:39.275,791.720,0.915,-0.213,-0.061
1668255339315,2022-11-12T14:15:39.315,791.760,0.945,-0.030,-0.091
1668255339355,2022-11-12T14:15:39.355,791.800,0.671,-0.091,-0.152
1668255339395,2022-11-12T14:15:39.395,791.840,0.488,-0.213,-0.030
1668255339435,2022-11-12T14:15:39.435,791.880,0.518,-0.091,0.152
1668255339475,2022-11-12T14:15:39.475,791.920,0.732,-0.061,0.030
1668255339515,2022-11-12T14:15:39.515,791.960,0.823,-0.183,0.000
1668255339555,2022-11-12T14:15:39.555,792.000,0.762,-0.274,0.030
1668255339595,2022-11-12T14:15:39.595,792.040,1.006,-0.213,-0.030
1668255339635,2022-11-12T14:15:39.635,792.080,0.823,-0.183,0.030
1668255339675,2022-11-12T14:15:39.675,792.120,0.854,-0.122,0.000
1668255339715,2022-11-12T14:15:39.715,792.160,0.945,-0.152,-0.091
1668255339755,2022-11-12T14:15:39.755,792.200,0.579,-0.213,0.091
1668255339795,2022-11-12T14:15:39.795,792.240,0.640,-0.152,0.061
1668255339835,2022-11-12T14:15:39.835,792.280,0.915,-0.213,0.000
1668255339875,2022-11-12T14:15:39.875,792.320,0.915,-0.213,0.000
1668255339915,2022-11-12T14:15:39.915,792.360,1.006,-0.183,-0.061
1668255339955,2022-11-12T14:15:39.955,792.400,1.006,-0.122,-0.030
1668255339995,2022-11-12T14:15:39.995,792.440,0.793,-0.274,-0.030
1668255340035,2022-11-12T14:15:40.035,792.480,0.640,-0.305,-0.030
1668255340075,2022-11-12T14:15:40.075,792.520,0.518,-0.152,0.061
1668255340115,2022-11-12T14:15:40.115,792.560,0.732,-0.091,-0.030
1668255340155,2022-11-12T14:15:40.155,792.600,0.945,-0.183,0.000
1668255340195,2022-11-12T14:15:40.195,792.640,0.732,-0.213,0.122
1668255340235,2022-11-12T14:15:40.235,792.680,0.915,-0.122,-0.061
1668255340275,2022-11-12T14:15:40.275,792.720,0.823,-0.213,0.030
1668255340315,2022-11-12T14:15:40.315,792.760,1.006,-0.152,-0.061
1668255340355,2022-11-12T14:15:40.355,792.800,1.006,-0.152,-0.030
1668255340395,2022-11-12T14:15:40.395,792.840,0.732,-0.183,0.030
1668255340435,2022-11-12T14:15:40.435,792.880,0.732,-0.213,-0.030
1668255340475,2022-11-12T14:15:40.475,792.920,0.610,-0.213,0.030
1668255340515,2022-11-12T14:15:40.515,792.960,0.610,-0.122,0.183
1668255340555,2022-11-12T14:15:40.555,793.000,0.793,-0.183,0.091
1668255340595,2022-11-12T14:15:40.595,793.040,0.976,-0.274,0.000
1668255340635,2022-11-12T14:15:40.635,793.080,0.823,-0.183,-0.030
1668255340675,2022-11-12T14:15:40.675,793.120,0.854,-0.213,-0.091
1668255340715,2022-11-12T14:15:40.715,793.160,0.823,-0.122,-0.030
1668255340755,2022-11-12T14:15:40.755,793.200,0.579,-0.274,0.152
1668255340795,2022-11-12T14:15:40.795,793.240,0.701,-0.366,0.000
1668255340835,2022-11-12T14:15:40.835,793.280,0.945,-0.152,0.030
1668255340875,2022-11-12T14:15:40.875,793.320,0.976,-0.213,-0.030
1668255340915,2022-11-12T14:15:40.915,793.360,0.915,-0.305,-0.030
1668255340955,2022-11-12T14:15:40.955,793.400,0.945,-0.122,0.000
1668255340995,2022-11-12T14:15:40.995,793.440,1.037,-0.061,-0.030
1668255341035,2022-11-12T14:15:41.035,793.480,0.671,-0.213,0.061
1668255341075,2022-11-12T14:15:41.075,793.520,0.701,-0.335,0.000
1668255341115,2022-11-12T14:15:41.115,793.560,0.762,-0.152,0.061
1668255341155,2022-11-12T14:15:41.155,793.600,0.732,-0.152,0.122
1668255341195,2022-11-12T14:15:41.195,793.640,0.915,-0.213,0.061
1668255341235,2022-11-12T14:15:41.235,793.680,0.945,-0.244,0.000
1668255341275,2022-11-12T14:15:41.275,793.720,1.098,-0.213,-0.030
1668255341315,2022-11-12T14:15:41.315,793.760,0.976,-0.183,-0.061
1668255341355,2022-11-12T14:15:41.355,793.800,0.793,-0.183,0.000
1668255341395,2022-11-12T14:15:41.395,793.840,0.671,-0.152,0.091
1668255341435,2022-11-12T14:15:41.435,793.880,0.915,-0.091,-0.091
1668255341475,2022-11-12T14:15:41.475,793.920,0.854,-0.091,0.091
1668255341515,2022-11-12T14:15:41.515,793.960,0.884,-0.427,0.000
1668255341555,2022-11-12T14:15:41.555,794.000,1.006,-0.305,-0.122
1668255341595,2022-11-12T14:15:41.595,794.040,0.762,-0.061,0.030
1668255341635,2022-11-12T14:15:41.635,794.080,0.732,0.000,0.030
1668255341675,2022-11-12T14:15:41.675,794.120,0.701,-0.213,0.030
1668255341715,2022-11-12T14:15:41.715,794.160,0.884,-0.274,-0.061
1668255341755,2022-11-12T14:15:41.755,794.200,0.854,0.000,0.030
1668255341795,2022-11-12T14:15:41.795,794.240,1.098,-0.152,-0.091
1668255341835,2022-11-12T14:15:41.835,794.280,1.037,-0.244,-0.091
1668255341875,2022-11-12T14:15:41.875,794.320,0.793,-0.122,0.030
1668255341915,2022-11-12T14:15:41.915,794.360,0.793,-0.091,0.091
1668255341955,2022-11-12T14:15:41.955,794.400,0.762,-0.183,0.000
1668255341995,2022-11-12T14:15:41.995,794.440,0.884,-0.152,-0.091
1668255342035,2022-11-12T14:15:42.035,794.480,0.945,-0.152,0.000
1668255342075,2022-11-12T14:15:42.075,794.520,0.884,-0.213,0.000
1668255342115,2022-11-12T14:15:42.115,794.560,0.793,-0.152,-0.061
1668255342155,2022-11-12T14:15:42.155,794.600,0.915,-0.122,-0.061
1668255342195,2022-11-12T14:15:42.195,794.640,0.579,-0.183,0.183
1668255342235,2022-11-12T14:15:42.235,794.680,0.610,-0.305,0.061
1668255342275,2022-11-12T14:15:42.275,794.720,0.945,-0.213,-0.091
1668255342315,2022-11-12T14:15:42.315,794.760,0.701,-0.183,0.061
1668255342355,2022-11-12T14:15:42.355,794.800,0.915,-0.152,-0.061
1668255342395,2022-11-12T14:15:42.395,794.840,0.793,-0.213,0.000
1668255342435,2022-11-12T14:15:42.435,794.880,0.732,-0.183,0.030
1668255342475,2022-11-12T14:15:42.475,794.920,1.037,0.000,-0.061
1668255342515,2022-11-12T14:15:42.515,794.960,1.098,-0.152,-0.061
1668255342555,2022-11-12T14:15:42.555,795.000,1.067,-0.183,-0.091
1668255342595,2022-11-12T14:15:42.595,795.040,0.732,-0.152,0.091
1668255342635,2022-11-12T14:15:42.635,795.080,0.732,-0.122,0.061
1668255342675,2022-11-12T14:15:42.675,795.120,0.732,-0.183,-0.061
1668255342715,2022-11-12T14:15:42.715,795.160,0.854,-0.152,0.000
1668255342755,2022-11-12T14:15:42.755,795.200,1.128,-0.122,-0.030
1668255342795,2022-11-12T14:15:42.795,795.240,0.884,-0.244,0.000
1668255342835,2022-11-12T14:15:42.835,795.280,0.610,-0.274,0.061
1668255342875,2022-11-12T14:15:42.875,795.320,0.854,-0.152,0.030
1668255342915,2022-11-12T14:15:42.915,795.360,1.006,-0.091,-0.091
1668255342955,2022-11-12T14:15:42.955,795.400,0.915,-0.152,-0.152
1668255342995,2022-11-12T14:15:42.995,795.440,0.610,-0.244,0.091
1668255343035,2022-11-12T14:15:43.035,795.480,0.640,-0.274,0.030
1668255343075,2022-11-12T14:15:43.075,795.520,0.976,-0.183,-0.030
1668255343115,2022-11-12T14:15:43.115,795.560,0.915,-0.183,0.030
1668255343155,2022-11-12T14:15:43.155,795.600,0.823,-0.152,-0.030
1668255343195,2022-11-12T14:15:43.195,795.640,0.793,-0.274,0.061
1668255343235,2022-11-12T14:15:43.235,795.680,0.793,-0.122,0.030
1668255343275,2022-11-12T14:15:43.275,795.720,0.793,-0.183,0.061
1668255343315,2022-11-12T14:15:43.315,795.760,0.945,-0.305,-0.061
1668255343355,2022-11-12T14:15:43.355,795.800,0.854,-0.366,-0.152
1668255343395,2022-11-12T14:15:43.395,795.840,0.518,-0.305,0.122
1668255343435,2022-11-12T14:15:43.435,795.880,0.884,-0.061,0.122
1668255343475,2022-11-12T14:15:43.475,795.920,0.884,-0.213,0.000
1668255343515,2022-11-12T14:15:43.515,795.960,0.762,-0.305,0.030
1668255343555,2022-11-12T14:15:43.555,796.000,1.037,-0.152,-0.030
1668255343595,2022-11-12T14:15:43.595,796.040,0.793,-0.244,0.122
1668255343635,2022-11-12T14:15:43.635,796.080,0.793,-0.244,0.061
1668255343675,2022-11-12T14:15:43.675,796.120,0.976,-0.183,0.000
1668255343715,2022-11-12T14:15:43.715,796.160,0.945,-0.244,0.030
1668255343755,2022-11-12T14:15:43.755,796.200,1.006,-0.183,-0.030
1668255343795,2022-11-12T14:15:43.795,796.240,0.823,-0.244,-0.061
1668255343835,2022-11-12T14:15:43.835,796.280,0.640,-0.183,0.152
1668255343875,2022-11-12T14:15:43.875,796.320,0.793,-0.366,0.000
1668255343915,2022-11-12T14:15:43.915,796.360,0.854,-0.305,0.030
1668255343955,2022-11-12T14:15:43.955,796.400,0.915,-0.152,0.000
1668255343995,2022-11-12T14:15:43.995,796.440,1.037,-0.183,-0.091
1668255344035,2022-11-12T14:15:44.035,796.480,0.610,-0.335,0.122
1668255344075,2022-11-12T14:15:44.075,796.520,0.671,-0.213,0.091
1668255344115,2022-11-12T14:15:44.115,796.560,1.006,-0.061,0.000
1668255344155,2022-11-12T14:15:44.155,796.600,1.006,-0.305,0.000
1668255344195,2022-11-12T14:15:44.195,796.640,0.976,-0.244,-0.061
1668255344235,2022-11-12T14:15:44.235,796.680,0.945,-0.244,0.030
1668255344275,2022-11-12T14:15:44.275,796.720,0.640,-0.244,0.183
1668255344315,2022-11-12T14:15:44.315,796.760,0.854,-0.152,0.000
1668255344355,2022-11-12T14:15:44.355,796.800,1.159,-0.213,-0.122
1668255344395,2022-11-12T14:15:44.395,796.840,1.037,-0.213,0.000
1668255344435,2022-11-12T14:15:44.435,796.880,0.945,-0.244,0.000
1668255344475,2022-11-12T14:15:44.475,796.920,0.945,-0.244,0.030
1668255344515,2022-11-12T14:15:44.515,796.960,0.793,-0.244,0.030
1668255344555,2022-11-12T14:15:44.555,797.000,0.762,-0.122,0.122
1668255344595,2022-11-12T14:15:44.595,797.040,1.159,-0.152,-0.183
1668255344635,2022-11-12T14:15:44.635,797.080,0.854,-0.213,-0.030
1668255344675,2022-11-12T14:15:44.675,797.120,0.793,-0.366,0.000
1668255344715,2022-11-12T14:15:44.715,797.160,0.640,-0.152,0.000
1668255344755,2022-11-12T14:15:44.755,797.200,0.762,-0.061,0.030
1668255344795,2022-11-12T14:15:44.795,797.240,0.976,-0.091,-0.030
1668255344835,2022-11-12T14:15:44.835,797.280,0.854,-0.091,-0.030
1668255344875,2022-11-12T14:15:44.875,797.320,0.823,-0.244,-0.061
1668255344915,2022-11-12T14:15:44.915,797.360,0.823,-0.061,0.030
1668255344955,2022-11-12T14:15:44.955,797.400,0.884,-0.122,-0.030
1668255344995,2022-11-12T14:15:44.995,797.440,0.915,-0.152,-0.061
1668255345035,2022-11-12T14:15:45.035,797.480,0.854,-0.183,0.000
1668255345075,2022-11-12T14:15:45.075,797.520,0.915,-0.152,-0.091
1668255345115,2022-11-12T14:15:45.115,797.560,0.823,-0.183,-0.030
1668255345155,2022-11-12T14:15:45.155,797.600,0.701,-0.183,0.000
1668255345195,2022-11-12T14:15:45.195,797.640,0.884,-0.061,0.000
1668255345235,2022-11-12T14:15:45.235,797.680,0.915,-0.122,-0.030
1668255345275,2022-11-12T14:15:45.275,797.720,0.793,-0.213,-0.030
1668255345315,2022-11-12T14:15:45.315,797.760,0.945,-0.152,-0.061
1668255345355,2022-11-12T14:15:45.355,797.800,1.006,-0.122,0.000
1668255345395,2022-11-12T14:15:45.395,797.840,0.854,-0.183,-0.061
1668255345435,2022-11-12T14:15:45.435,797.880,0.671,-0.091,0.030
1668255345475,2022-11-12T14:15:45.475,797.920,0.762,-0.305,0.030
1668255345515,2022-11-12T14:15:45.515,797.960,0.793,-0.244,-0.061
1668255345555,2022-11-12T14:15:45.555,798.000,0.915,-0.152,-0.030
1668255345595,2022-11-12T14:15:45.595,798.040,0.976,-0.152,-0.091
1668255345635,2022-11-12T14:15:45.635,798.080,0.732,-0.152,0.030
1668255345675,2022-11-12T14:15:45.675,798.120,0.640,-0.122,0.122
1668255345715,2022-11-12T14:15:45.715,798.160,0.884,-0.091,-0.061
1668255345755,2022-11-12T14:15:45.755,798.200,0.915,-0.213,-0.061
1668255345795,2022-11-12T14:15:45.795,798.240,1.006,-0.244,-0.091
1668255345835,2022-11-12T14:15:45.835,798.280,0.945,-0.152,0.091
1668255345875,2022-11-12T14:15:45.875,798.320,0.640,-0.183,0.091
1668255345915,2022-11-12T14:15:45.915,798.360,0.671,-0.183,0.061
1668255345955,2022-11-12T14:15:45.955,798.400,0.884,-0.244,0.030
1668255345995,2022-11-12T14:15:45.995,798.440,0.732,-0.274,0.030
1668255346035,2022-11-12T14:15:46.035,798.480,0.793,-0.244,0.000
1668255346075,2022-11-12T14:15:46.075,798.520,0.945,-0.152,0.000
1668255346115,2022-11-12T14:15:46.115,798.560,0.640,-0.152,0.000
1668255346155,2022-11-12T14:15:46.155,798.600,0.823,-0.213,-0.061
1668255346195,2022-11-12T14:15:46.195,798.640,0.976,-0.122,0.000
1668255346235,2022-11-12T14:15:46.235,798.680,1.098,-0.091,-0.122
1668255346275,2022-11-12T14:15:46.275,798.720,0.793,-0.274,0.000
1668255346315,2022-11-12T14:15:46.315,798.760,0.518,-0.396,0.091
1668255346355,2022-11-12T14:15:46.355,798.800,0.823,-0.091,-0.030
1668255346395,2022-11-12T14:15:46.395,798.840,0.854,-0.091,0.061
1668255346435,2022-11-12T14:15:46.435,798.880,1.006,-0.183,-0.091
1668255346475,2022-11-12T14:15:46.475,798.920,0.945,-0.183,-0.030
1668255346515,2022-11-12T14:15:46.515,798.960,0.823,-0.213,0.091
1668255346555,2022-11-12T14:15:46.555,799.000,0.976,-0.152,-0.061
1668255346595,2022-11-12T14:15:46.595,799.040,0.762,-0.213,0.061
1668255346635,2022-11-12T14:15:46.635,799.080,0.915,-0.183,0.000
1668255346675,2022-11-12T14:15:46.675,799.120,0.854,-0.213,-0.061
1668255346715,2022-11-12T14:15:46.715,799.160,0.793,-0.244,0.000
1668255346755,2022-11-12T14:15:46.755,799.200,0.915,-0.213,0.030
1668255346795,2022-11-12T14:15:46.795,799.240,0.732,-0.213,0.091
1668255346835,2022-11-12T14:15:46.835,799.280,0.762,-0.122,0.091
1668255346875,2022-11-12T14:15:46.875,799.320,0.854,-0.213,0.030
1668255346915,2022-11-12T14:15:46.915,799.360,0.854,-0.244,0.061
1668255346955,2022-11-12T14:15:46.955,799.400,0.854,-0.213,0.030
1668255346995,2022-11-12T14:15:46.995,799.440,0.762,-0.183,0.030
1668255347035,2022-11-12T14:15:47.035,799.480,0.732,-0.213,0.030
1668255347075,2022-11-12T14:15:47.075,799.520,0.884,-0.091,0.000
1668255347115,2022-11-12T14:15:47.115,799.560,0.732,-0.213,0.091
1668255347155,2022-11-12T14:15:47.155,799.600,0.823,-0.457,-0.061
1668255347195,2022-11-12T14:15:47.195,799.640,0.884,-0.335,-0.030
1668255347235,2022-11-12T14:15:47.235,799.680,0.945,-0.152,0.061
1668255347275,2022-11-12T14:15:47.275,799.720,0.793,-0.244,-0.030
1668255347315,2022-11-12T14:15:47.315,799.760,0.579,-0.274,0.152
1668255347355,2022-11-12T14:15:47.355,799.800,0.884,-0.122,0.122
1668255347395,2022-11-12T14:15:47.395,799.840,0.976,-0.183,0.030
1668255347435,2022-11-12T14:15:47.435,799.880,0.823,-0.396,-0.061
1668255347475,2022-11-12T14:15:47.475,799.920,0.884,-0.244,-0.030
1668255347515,2022-11-12T14:15:47.515,799.960,0.762,-0.213,0.091
1668255347555,2022-11-12T14:15:47.555,800.000,0.579,-0.396,0.122
1668255347595,2022-11-12T14:15:47.595,800.040,0.823,-0.396,0.030
1668255347635,2022-11-12T14:15:47.635,800.080,1.098,-0.305,0.000
1668255347675,2022-11-12T14:15:47.675,800.120,0.640,-0.305,0.091
1668255347715,2022-11-12T14:15:47.715,800.160,0.945,-0.213,-0.091
1668255347755,2022-11-12T14:15:47.755,800.200,0.945,-0.061,0.091
1668255347795,2022-11-12T14:15:47.795,800.240,0.732,-0.122,-0.030
1668255347835,2022-11-12T14:15:47.835,800.280,0.884,-0.274,-0.122
1668255347875,2022-11-12T14:15:47.875,800.320,1.037,-0.213,0.030
1668255347915,2022-11-12T14:15:47.915,800.360,0.823,-0.335,-0.061
1668255347955,2022-11-12T14:15:47.955,800.400,0.671,-0.183,0.061
1668255347995,2022-11-12T14:15:47.995,800.440,1.037,0.000,-0.030
1668255348035,2022-11-12T14:15:48.035,800.480,0.793,-0.183,-0.030
1668255348075,2022-11-12T14:15:48.075,800.520,0.549,-0.244,0.122
1668255348115,2022-11-12T14:15:48.115,800.560,1.098,-0.122,-0.061
1668255348155,2022-11-12T14:15:48.155,800.600,1.006,-0.091,-0.030
1668255348195,2022-11-12T14:15:48.195,800.640,0.854,-0.213,-0.061
1668255348235,2022-11-12T14:15:48.235,800.680,0.976,-0.030,-0.061
1668255348275,2022-11-12T14:15:48.275,800.720,0.915,-0.091,0.000
1668255348315,2022-11-12T14:15:48.315,800.760,0.762,-0.213,0.000
1668255348355,2022-11-12T14:15:48.355,800.800,1.067,-0.122,-0.061
1668255348395,2022-11-12T14:15:48.395,800.840,1.006,-0.152,-0.030
1668255348435,2022-11-12T14:15:48.435,800.880,0.823,-0.305,0.000
1668255348475,2022-11-12T14:15:48.475,800.920,0.976,-0.152,-0.030
1668255348515,2022-11-12T14:15:48.515,800.960,0.854,-0.152,0.000
1668255348555,2022-11-12T14:15:48.555,801.000,0.793,-0.061,-0.061
1668255348595,2022-11-12T14:15:48.595,801.040,0.701,-0.274,0.030
1668255348635,2022-11-12T14:15:48.635,801.080,0.793,-0.396,0.030
1668255348675,2022-11-12T14:15:48.675,801.120,0.945,-0.213,0.030
1668255348715,2022-11-12T14:15:48.715,801.160,0.762,-0.183,-0.091
1668255348755,2022-11-12T14:15:48.755,801.200,0.945,-0.122,-0.152
1668255348795,2022-11-12T14:15:48.795,801.240,0.915,0.030,-0.061
1668255348835,2022-11-12T14:15:48.835,801.280,0.854,0.000,-0.274
1668255348875,2022-11-12T14:15:48.875,801.320,0.976,-0.305,-0.091
1668255348915,2022-11-12T14:15:48.915,801.360,0.854,-0.335,-0.061
1668255348955,2022-11-12T14:15:48.955,801.400,0.854,-0.091,-0.030
1668255348995,2022-11-12T14:15:48.995,801.440,0.823,-0.152,0.000
1668255349035,2022-11-12T14:15:49.035,801.480,0.579,-0.244,0.061
1668255349075,2022-11-12T14:15:49.075,801.520,0.671,-0.244,0.091
1668255349115,2022-11-12T14:15:49.115,801.560,0.976,-0.122,0.000
1668255349155,2022-11-12T14:15:49.155,801.600,0.854,-0.213,0.000
1668255349195,2022-11-12T14:15:49.195,801.640,0.732,-0.305,0.091
1668255349235,2022-11-12T14:15:49.235,801.680,0.945,-0.152,0.061
1668255349275,2022-11-12T14:15:49.275,801.720,0.823,-0.091,-0.030
1668255349315,2022-11-12T14:15:49.315,801.760,0.762,-0.061,-0.030
1668255349355,2022-11-12T14:15:49.355,801.800,0.823,-0.213,0.030
1668255349395,2022-11-12T14:15:49.395,801.840,0.823,-0.366,-0.091
1668255349435,2022-11-12T14:15:49.435,801.880,0.915,-0.183,-0.030
1668255349475,2022-11-12T14:15:49.475,801.920,0.732,-0.152,0.061
1668255349515,2022-11-12T14:15:49.515,801.960,0.640,-0.152,0.091
1668255349555,2022-11-12T14:15:49.555,802.000,0.762,-0.213,0.091
1668255349595,2022-11-12T14:15:49.595,802.040,0.915,-0.183,-0.030
1668255349635,2022-11-12T14:15:49.635,802.080,0.640,-0.152,0.122
1668255349675,2022-11-12T14:15:49.675,802.120,0.854,-0.244,0.000
1668255349715,2022-11-12T14:15:49.715,802.160,0.884,-0.213,-0.061
1668255349755,2022-11-12T14:15:49.755,802.200,0.549,-0.213,0.091
1668255349795,2022-11-12T14:15:49.795,802.240,0.793,-0.091,0.061
1668255349835,2022-11-12T14:15:49.835,802.280,0.854,-0.152,0.000
1668255349875,2022-11-12T14:15:49.875,802.320,0.793,-0.244,-0.061
1668255349915,2022-11-12T14:15:49.915,802.360,0.945,-0.152,-0.030
1668255349955,2022-11-12T14:15:49.955,802.400,0.884,-0.152,0.030
1668255349995,2022-11-12T14:15:49.995,802.440,0.915,-0.152,-0.061
1668255350035,2022-11-12T14:15:50.035,802.480,0.915,-0.152,-0.030
1668255350075,2022-11-12T14:15:50.075,802.520,0.915,-0.091,0.030
1668255350115,2022-11-12T14:15:50.115,802.560,0.671,-0.274,0.152
1668255350155,2022-11-12T14:15:50.155,802.600,0.793,-0.488,-0.030
1668255350195,2022-11-12T14:15:50.195,802.640,0.945,-0.244,-0.030
1668255350235,2022-11-12T14:15:50.235,802.680,0.884,-0.183,0.000
1668255350275,2022-11-12T14:15:50.275,802.720,0.701,-0.305,0.000
1668255350315,2022-11-12T14:15:50.315,802.760,0.701,-0.305,0.091
1668255350355,2022-11-12T14:15:50.355,802.800,0.793,-0.152,0.000
1668255350395,2022-11-12T14:15:50.395,802.840,0.823,-0.213,0.061
1668255350435,2022-11-12T14:15:50.435,802.880,1.006,-0.213,-0.061
1668255350475,2022-11-12T14:15:50.475,802.920,0.945,-0.152,-0.061
1668255350515,2022-11-12T14:15:50.515,802.960,0.671,-0.183,0.152
1668255350555,2022-11-12T14:15:50.555,803.000,0.823,-0.122,0.061
1668255350595,2022-11-12T14:15:50.595,803.040,1.128,-0.244,-0.061
1668255350635,2022-11-12T14:15:50.635,803.080,0.976,-0.213,0.000
1668255350675,2022-11-12T14:15:50.675,803.120,0.854,-0.213,0.061
1668255350715,2022-11-12T14:15:50.715,803.160,0.762,-0.274,0.061
1668255350755,2022-11-12T14:15:50.755,803.200,0.823,-0.183,0.000
1668255350795,2022-11-12T14:15:50.795,803.240,0.915,-0.183,-0.061
1668255350835,2022-11-12T14:15:50.835,803.280,0.671,-0.274,0.061
1668255350875,2022-11-12T14:15:50.875,803.320,0.823,-0.396,0.030
1668255350915,2022-11-12T14:15:50.915,803.360,0.823,-0.305,0.091
1668255350955,2022-11-12T14:15:50.955,803.400,0.610,-0.152,0.213
1668255350995,2022-11-12T14:15:50.995,803.440,0.915,-0.183,-0.030
1668255351035,2022-11-12T14:15:51.035,803.480,0.915,-0.183,0.030
1668255351075,2022-11-12T14:15:51.075,803.520,0.793,-0.122,0.030
1668255351115,2022-11-12T14:15:51.115,803.560,0.701,-0.152,0.061
1668255351155,2022-11-12T14:15:51.155,803.600,0.854,-0.183,0.000
1668255351195,2022-11-12T14:15:51.195,803.640,1.250,-0.213,-0.183
1668255351235,2022-11-12T14:15:51.235,803.680,1.037,-0.244,-0.091
1668255351275,2022-11-12T14:15:51.275,803.720,0.640,-0.152,0.183
1668255351315,2022-11-12T14:15:51.315,803.760,0.671,-0.152,0.152
1668255351355,2022-11-12T14:15:51.355,803.800,1.128,-0.183,-0.091
1668255351395,2022-11-12T14:15:51.395,803.840,1.128,-0.122,-0.030
1668255351435,2022-11-12T14:15:51.435,803.880,0.732,-0.183,-0.061
1668255351475,2022-11-12T14:15:51.475,803.920,0.793,-0.213,-0.122
1668255351515,2022-11-12T14:15:51.515,803.960,0.915,-0.061,0.000
1668255351555,2022-11-12T14:15:51.555,804.000,0.701,-0.305,0.091
1668255351595,2022-11-12T14:15:51.595,804.040,0.793,-0.335,-0.061
1668255351635,2022-11-12T14:15:51.635,804.080,0.732,-0.122,0.061
1668255351675,2022-11-12T14:15:51.675,804.120,1.067,-0.122,-0.030
1668255351715,2022-11-12T14:15:51.715,804.160,1.098,-0.122,-0.152
1668255351755,2022-11-12T14:15:51.755,804.200,0.793,-0.244,0.030
1668255351795,2022-11-12T14:15:51.795,804.240,1.037,-0.152,-0.030
1668255351835,2022-11-12T14:15:51.835,804.280,0.732,-0.213,0.030
1668255351875,2022-11-12T14:15:51.875,804.320,0.854,-0.183,-0.061
1668255351915,2022-11-12T14:15:51.915,804.360,0.884,-0.061,0.122
1668255351955,2022-11-12T14:15:51.955,804.400,0.671,0.000,0.091
1668255351995,2022-11-12T14:15:51.995,804.440,0.854,-0.183,-0.122
1668255352035,2022-11-12T14:15:52.035,804.480,0.915,-0.213,0.000
1668255352075,2022-11-12T14:15:52.075,804.520,0.945,-0.030,-0.030
1668255352115,2022-11-12T14:15:52.115,804.560,0.854,-0.244,-0.061
1668255352155,2022-11-12T14:15:52.155,804.600,0.549,-0.396,0.000
1668255352195,2022-11-12T14:15:52.195,804.640,0.854,-0.122,-0.030
1668255352235,2022-11-12T14:15:52.235,804.680,1.098,0.030,0.030
1668255352275,2022-11-12T14:15:52.275,804.720,0.823,-0.366,-0.122
1668255352315,2022-11-12T14:15:52.315,804.760,0.823,-0.396,-0.152
1668255352355,2022-11-12T14:15:52.355,804.800,0.884,-0.091,0.122
1668255352395,2022-11-12T14:15:52.395,804.840,1.006,-0.030,-0.091
1668255352435,2022-11-12T14:15:52.435,804.880,0.823,-0.183,-0.030
1668255352475,2022-11-12T14:15:52.475,804.920,0.732,-0.122,0.122
1668255352515,2022-11-12T14:15:52.515,804.960,0.976,0.030,-0.061
1668255352555,2022-11-12T14:15:52.555,805.000,0.732,-0.244,0.030
1668255352595,2022-11-12T14:15:52.595,805.040,0.854,-0.183,-0.030
1668255352635,2022-11-12T14:15:52.635,805.080,0.823,-0.061,0.000
1668255352675,2022-11-12T14:15:52.675,805.120,0.732,-0.213,0.061
1668255352715,2022-11-12T14:15:52.715,805.160,0.854,-0.152,-0.030
1668255352755,2022-11-12T14:15:52.755,805.200,0.884,-0.183,-0.030
1668255352795,2022-11-12T14:15:52.795,805.240,0.915,-0.183,-0.030
1668255352835,2022-11-12T14:15:52.835,805.280,0.854,-0.213,-0.061
1668255352875,2022-11-12T14:15:52.875,805.320,0.732,-0.183,0.030
1668255352915,2022-11-12T14:15:52.915,805.360,1.006,-0.152,0.000
1668255352955,2022-11-12T14:15:52.955,805.400,0.762,-0.183,-0.061
1668255352995,2022-11-12T14:15:52.995,805.440,0.793,-0.183,-0.061
1668255353035,2022-11-12T14:15:53.035,805.480,0.732,-0.213,0.091
1668255353075,2022-11-12T14:15:53.075,805.520,0.762,-0.305,-0.030
1668255353115,2022-11-12T14:15:53.115,805.560,0.640,-0.213,0.030
1668255353155,2022-11-12T14:15:53.155,805.600,0.915,-0.183,0.030
1668255353195,2022-11-12T14:15:53.195,805.640,0.915,-0.244,0.000
1668255353235,2022-11-12T14:15:53.235,805.680,0.732,-0.274,0.152
1668255353275,2022-11-12T14:15:53.275,805.720,1.128,-0.061,-0.030
1668255353315,2022-11-12T14:15:53.315,805.760,0.976,-0.152,0.000
1668255353355,2022-11-12T14:15:53.355,805.800,0.762,-0.213,0.000
1668255353395,2022-11-12T14:15:53.395,805.840,1.067,-0.152,-0.091
1668255353435,2022-11-12T14:15:53.435,805.880,0.793,-0.183,0.122
1668255353475,2022-11-12T14:15:53.475,805.920,0.640,-0.152,0.061
1668255353515,2022-11-12T14:15:53.515,805.960,0.915,-0.152,-0.061
1668255353555,2022-11-12T14:15:53.555,806.000,0.701,-0.183,0.091
1668255353595,2022-11-12T14:15:53.595,806.040,0.701,-0.152,0.091
1668255353635,2022-11-12T14:15:53.635,806.080,0.915,-0.213,-0.061
1668255353675,2022-11-12T14:15:53.675,806.120,0.793,-0.244,0.061
1668255353715,2022-11-12T14:15:53.715,806.160,0.976,-0.152,-0.061
1668255353755,2022-11-12T14:15:53.755,806.200,1.006,-0.152,-0.122
1668255353795,2022-11-12T14:15:53.795,806.240,0.701,-0.244,0.091
1668255353835,2022-11-12T14:15:53.835,806.280,0.854,-0.305,-0.061
1668255353875,2022-11-12T14:15:53.875,806.320,0.884,-0.152,-0.061
1668255353915,2022-11-12T14:15:53.915,806.360,0.701,-0.152,0.030
1668255353955,2022-11-12T14:15:53.955,806.400,0.732,-0.122,-0.061
1668255353995,2022-11-12T14:15:53.995,806.440,0.884,-0.183,0.030
1668255354035,2022-11-12T14:15:54.035,806.480,1.037,-0.274,0.000
1668255354075,2022-11-12T14:15:54.075,806.520,0.793,-0.183,0.061
1668255354115,2022-11-12T14:15:54.115,806.560,0.762,-0.305,0.061
1668255354155,2022-11-12T14:15:54.155,806.600,0.915,-0.183,0.030
1668255354195,2022-11-12T14:15:54.195,806.640,0.732,-0.213,0.091
1668255354235,2022-11-12T14:15:54.235,806.680,0.915,-0.152,0.000
1668255354275,2022-11-12T14:15:54.275,806.720,0.945,-0.091,-0.030
1668255354315,2022-11-12T14:15:54.315,806.760,0.823,-0.152,0.000
1668255354355,2022-11-12T14:15:54.355,806.800,0.884,-0.152,0.000
1668255354395,2022-11-12T14:15:54.395,806.840,0.793,-0.274,0.061
1668255354435,2022-11-12T14:15:54.435,806.880,0.884,-0.183,0.030
1668255354475,2022-11-12T14:15:54.475,806.920,1.006,-0.152,0.000
1668255354515,2022-11-12T14:15:54.515,806.960,1.250,-0.091,-0.213
1668255354555,2022-11-12T14:15:54.555,807.000,1.341,0.030,-0.213
1668255354595,2022-11-12T14:15:54.595,807.040,0.854,-0.122,0.061
1668255354635,2022-11-12T14:15:54.635,807.080,0.701,-0.213,0.030
1668255354675,2022-11-12T14:15:54.675,807.120,0.854,-0.122,0.030
1668255354715,2022-11-12T14:15:54.715,807.160,0.976,-0.213,-0.030
1668255354755,2022-11-12T14:15:54.755,807.200,0.976,-0.244,0.000
1668255354795,2022-11-12T14:15:54.795,807.240,0.762,-0.274,0.091
1668255354835,2022-11-12T14:15:54.835,807.280,0.823,-0.244,0.091
1668255354875,2022-11-12T14:15:54.875,807.320,0.823,-0.183,0.061
1668255354915,2022-11-12T14:15:54.915,807.360,0.884,-0.152,-0.030
1668255354955,2022-11-12T14:15:54.955,807.400,0.823,-0.152,0.030
1668255354995,2022-11-12T14:15:54.995,807.440,0.762,-0.274,0.091
1668255355035,2022-11-12T14:15:55.035,807.480,0.854,-0.244,0.030
1668255355075,2022-11-12T14:15:55.075,807.520,0.854,-0.274,0.030
1668255355115,2022-11-12T14:15:55.115,807.560,0.884,-0.213,0.061
1668255355155,2022-11-12T14:15:55.155,807.600,0.732,-0.213,0.030
1668255355195,2022-11-12T14:15:55.195,807.640,0.884,-0.244,-0.061
1668255355235,2022-11-12T14:15:55.235,807.680,0.762,-0.183,0.000
1668255355275,2022-11-12T14:15:55.275,807.720,0.671,-0.152,-0.030
1668255355315,2022-11-12T14:15:55.315,807.760,1.006,-0.122,-0.091
1668255355355,2022-11-12T14:15:55.355,807.800,0.793,-0.213,0.061
1668255355395,2022-11-12T14:15:55.395,807.840,0.518,-0.427,0.000
1668255355435,2022-11-12T14:15:55.435,807.880,0.823,-0.183,0.000
1668255355475,2022-11-12T14:15:55.475,807.920,0.915,-0.091,0.000
1668255355515,2022-11-12T14:15:55.515,807.960,0.732,-0.183,0.000
1668255355555,2022-11-12T14:15:55.555,808.000,0.793,-0.183,0.000
1668255355595,2022-11-12T14:15:55.595,808.040,0.915,-0.091,-0.030
1668255355635,2022-11-12T14:15:55.635,808.080,0.823,-0.213,0.030
1668255355675,2022-11-12T14:15:55.675,808.120,0.854,-0.152,-0.061
1668255355715,2022-11-12T14:15:55.715,808.160,0.854,-0.061,-0.061
1668255355755,2022-11-12T14:15:55.755,808.200,0.762,-0.244,0.030
1668255355795,2022-11-12T14:15:55.795,808.240,0.884,-0.244,-0.030
1668255355835,2022-11-12T14:15:55.835,808.280,0.823,-0.183,-0.091
1668255355875,2022-11-12T14:15:55.875,808.320,0.762,-0.122,0.061
1668255355915,2022-11-12T14:15:55.915,808.360,0.884,-0.152,0.000
1668255355955,2022-11-12T14:15:55.955,808.400,0.823,-0.244,0.000
1668255355995,2022-11-12T14:15:55.995,808.440,0.884,-0.213,0.000
1668255356035,2022-11-12T14:15:56.035,808.480,0.793,-0.122,0.000
1668255356075,2022-11-12T14:15:56.075,808.520,0.884,-0.122,-0.061
1668255356115,2022-11-12T14:15:56.115,808.560,0.884,-0.305,0.000
1668255356155,2022-11-12T14:15:56.155,808.600,0.671,-0.396,-0.030
1668255356195,2022-11-12T14:15:56.195,808.640,0.701,-0.213,0.030
1668255356235,2022-11-12T14:15:56.235,808.680,0.915,-0.091,0.000
1668255356275,2022-11-12T14:15:56.275,808.720,0.915,-0.213,-0.061
1668255356315,2022-11-12T14:15:56.315,808.760,0.762,-0.305,0.061
1668255356355,2022-11-12T14:15:56.355,808.800,0.915,-0.061,0.000
1668255356395,2022-11-12T14:15:56.395,808.840,0.884,-0.152,-0.030
1668255356435,2022-11-12T14:15:56.435,808.880,0.884,-0.244,-0.061
1668255356475,2022-11-12T14:15:56.475,808.920,1.067,-0.183,-0.152
1668255356515,2022-11-12T14:15:56.515,808.960,0.823,-0.183,0.061
1668255356555,2022-11-12T14:15:56.555,809.000,0.854,-0.183,0.030
1668255356595,2022-11-12T14:15:56.595,809.040,0.915,-0.183,-0.061
1668255356635,2022-11-12T14:15:56.635,809.080,0.793,-0.183,0.000
1668255356675,2022-11-12T14:15:56.675,809.120,0.823,-0.183,0.030
1668255356715,2022-11-12T14:15:56.715,809.160,0.793,-0.213,0.030
1668255356755,2022-11-12T14:15:56.755,809.200,0.732,-0.183,0.000
1668255356795,2022-11-12T14:15:56.795,809.240,0.823,-0.152,0.000
1668255356835,2022-11-12T14:15:56.835,809.280,0.732,-0.244,-0.030
1668255356875,2022-11-12T14:15:56.875,809.320,0.701,-0.152,0.030
1668255356915,2022-11-12T14:15:56.915,809.360,0.579,-0.244,0.091
1668255356955,2022-11-12T14:15:56.955,809.400,0.945,-0.274,-0.152
1668255356995,2022-11-12T14:15:56.995,809.440,0.976,-0.152,-0.091
1668255357035,2022-11-12T14:15:57.035,809.480,0.854,-0.152,0.061
1668255357075,2022-11-12T14:15:57.075,809.520,0.823,-0.152,0.091
1668255357115,2022-11-12T14:15:57.115,809.560,0.823,-0.213,0.000
1668255357155,2022-11-12T14:15:57.155,809.600,0.884,-0.152,-0.030
1668255357195,2022-11-12T14:15:57.195,809.640,0.915,-0.152,0.030
1668255357235,2022-11-12T14:15:57.235,809.680,1.006,-0.152,0.000
1668255357275,2022-11-12T14:15:57.275,809.720,0.823,-0.183,0.030
1668255357315,2022-11-12T14:15:57.315,809.760,0.701,-0.183,0.122
1668255357355,2022-11-12T14:15:57.355,809.800,1.006,-0.091,0.000
1668255357395,2022-11-12T14:15:57.395,809.840,1.006,-0.183,-0.091
1668255357435,2022-11-12T14:15:57.435,809.880,0.884,-0.213,-0.030
1668255357475,2022-11-12T14:15:57.475,809.920,0.884,-0.122,0.030
1668255357515,2022-11-12T14:15:57.515,809.960,0.793,-0.244,0.000
1668255357555,2022-11-12T14:15:57.555,810.000,0.823,-0.244,0.030
1668255357595,2022-11-12T14:15:57.595,810.040,1.098,-0.122,0.061
1668255357635,2022-11-12T14:15:57.635,810.080,0.884,-0.152,-0.030
1668255357675,2022-11-12T14:15:57.675,810.120,0.854,-0.213,-0.091
1668255357715,2022-11-12T14:15:57.715,810.160,0.793,-0.183,0.091
1668255357755,2022-11-12T14:15:57.755,810.200,0.762,-0.335,-0.091
1668255357795,2022-11-12T14:15:57.795,810.240,0.762,-0.244,-0.061
1668255357835,2022-11-12T14:15:57.835,810.280,0.793,-0.091,0.030
1668255357875,2022-11-12T14:15:57.875,810.320,1.037,-0.152,-0.091
1668255357915,2022-11-12T14:15:57.915,810.360,0.671,-0.274,0.091
1668255357955,2022-11-12T14:15:57.955,810.400,0.854,-0.152,-0.061
1668255357995,2022-11-12T14:15:57.995,810.440,1.006,-0.183,-0.061
1668255358035,2022-11-12T14:15:58.035,810.480,0.945,-0.305,0.061
1668255358075,2022-11-12T14:15:58.075,810.520,0.976,-0.213,0.152
1668255358115,2022-11-12T14:15:58.115,810.560,0.732,-0.213,0.183
1668255358155,2022-11-12T14:15:58.155,810.600,0.945,-0.244,-0.061
1668255358195,2022-11-12T14:15:58.195,810.640,0.762,-0.122,0.000
1668255358235,2022-11-12T14:15:58.235,810.680,0.793,-0.244,0.030
1668255358275,2022-11-12T14:15:58.275,810.720,0.945,-0.274,-0.030
1668255358315,2022-11-12T14:15:58.315,810.760,0.884,-0.183,-0.030
1668255358355,2022-11-12T14:15:58.355,810.800,0.732,-0.183,0.122
1668255358395,2022-11-12T14:15:58.395,810.840,0.884,-0.183,0.030
1668255358435,2022-11-12T14:15:58.435,810.880,0.884,-0.122,0.000
1668255358475,2022-11-12T14:15:58.475,810.920,0.915,-0.152,-0.061
1668255358515,2022-11-12T14:15:58.515,810.960,0.854,-0.213,0.000
1668255358555,2022-11-12T14:15:58.555,811.000,0.793,-0.335,0.030
1668255358595,2022-11-12T14:15:58.595,811.040,0.762,-0.305,0.000
1668255358635,2022-11-12T14:15:58.635,811.080,0.793,-0.152,0.030
1668255358675,2022-11-12T14:15:58.675,811.120,0.884,-0.122,-0.030
1668255358715,2022-11-12T14:15:58.715,811.160,0.732,-0.244,0.061
1668255358755,2022-11-12T14:15:58.755,811.200,0.793,-0.213,0.061
1668255358795,2022-11-12T14:15:58.795,811.240,0.915,-0.183,0.000
1668255358835,2022-11-12T14:15:58.835,811.280,0.884,-0.213,0.030
1668255358875,2022-11-12T14:15:58.875,811.320,1.006,-0.183,-0.030
1668255358915,2022-11-12T14:15:58.915,811.360,0.793,-0.152,0.091
1668255358955,2022-11-12T14:15:58.955,811.400,0.762,-0.152,0.030
1668255358995,2022-11-12T14:15:58.995,811.440,0.945,-0.183,-0.030
1668255359035,2022-11-12T14:15:59.035,811.480,0.945,-0.244,-0.030
1668255359075,2022-11-12T14:15:59.075,811.520,0.823,-0.152,-0.030
1668255359115,2022-11-12T14:15:59.115,811.560,0.854,-0.152,-0.030
1668255359155,2022-11-12T14:15:59.155,811.600,0.915,-0.183,-0.030
1668255359195,2022-11-12T14:15:59.195,811.640,0.762,-0.091,0.000
1668255359235,2022-11-12T14:15:59.235,811.680,0.854,-0.122,-0.091
1668255359275,2022-11-12T14:15:59.275,811.720,1.006,-0.152,-0.061
1668255359315,2022-11-12T14:15:59.315,811.760,0.793,-0.305,0.030
1668255359355,2022-11-12T14:15:59.355,811.800,0.793,-0.274,-0.030
1668255359395,2022-11-12T14:15:59.395,811.840,0.823,-0.061,0.000
1668255359435,2022-11-12T14:15:59.435,811.880,0.854,-0.122,-0.030
1668255359475,2022-11-12T14:15:59.475,811.920,0.793,-0.183,-0.030
1668255359515,2022-11-12T14:15:59.515,811.960,0.762,-0.152,0.061
1668255359555,2022-11-12T14:15:59.555,812.000,0.945,-0.091,0.030
1668255359595,2022-11-12T14:15:59.595,812.040,0.884,-0.213,-0.030
1668255359635,2022-11-12T14:15:59.635,812.080,1.037,-0.213,-0.122
1668255359675,2022-11-12T14:15:59.675,812.120,0.732,-0.152,0.061
1668255359715,2022-11-12T14:15:59.715,812.160,0.732,-0.213,0.061
1668255359755,2022-11-12T14:15:59.755,812.200,0.854,-0.183,-0.061
1668255359795,2022-11-12T14:15:59.795,812.240,0.823,-0.152,-0.030
1668255359835,2022-11-12T14:15:59.835,812.280,0.823,-0.152,0.061
1668255359875,2022-11-12T14:15:59.875,812.320,0.884,-0.183,0.061
1668255359915,2022-11-12T14:15:59.915,812.360,0.457,-0.366,0.152
1668255359955,2022-11-12T14:15:59.955,812.400,-0.213,-0.579,0.091
1668255359995,2022-11-12T14:15:59.995,812.440,0.457,-0.366,-0.122
1668255360035,2022-11-12T14:16:00.035,812.480,0.915,-0.122,0.000
1668255360075,2022-11-12T14:16:00.075,812.520,1.220,-0.122,-0.030
1668255360115,2022-11-12T14:16:00.115,812.560,1.189,-0.061,-0.061
1668255360155,2022-11-12T14:16:00.155,812.600,0.884,-0.091,0.000
1668255360195,2022-11-12T14:16:00.195,812.640,0.976,-0.091,0.000
1668255360235,2022-11-12T14:16:00.235,812.680,0.823,-0.152,0.030
1668255360275,2022-11-12T14:16:00.275,812.720,0.518,-0.213,0.030
1668255360315,2022-11-12T14:16:00.315,812.760,0.671,-0.152,0.030
1668255360355,2022-11-12T14:16:00.355,812.800,0.915,-0.213,-0.030
1668255360395,2022-11-12T14:16:00.395,812.840,1.128,-0.152,-0.091
1668255360435,2022-11-12T14:16:00.435,812.880,1.067,-0.122,-0.030
1668255360475,2022-11-12T14:16:00.475,812.920,0.945,-0.213,0.061
1668255360515,2022-11-12T14:16:00.515,812.960,0.976,-0.213,0.000
1668255360555,2022-11-12T14:16:00.555,813.000,1.037,-0.122,-0.030
1668255360595,2022-11-12T14:16:00.595,813.040,0.854,-0.183,0.000
1668255360635,2022-11-12T14:16:00.635,813.080,0.854,-0.244,-0.030
1668255360675,2022-11-12T14:16:00.675,813.120,0.945,-0.091,-0.030
1668255360715,2022-11-12T14:16:00.715,813.160,0.701,-0.091,0.091
1668255360755,2022-11-12T14:16:00.755,813.200,0.945,-0.061,-0.030
1668255360795,2022-11-12T14:16:00.795,813.240,1.159,-0.091,-0.030
1668255360835,2022-11-12T14:16:00.835,813.280,0.701,-0.396,0.122
1668255360875,2022-11-12T14:16:00.875,813.320,0.732,-0.305,0.030
1668255360915,2022-11-12T14:16:00.915,813.360,1.037,-0.061,0.000
1668255360955,2022-11-12T14:16:00.955,813.400,0.945,-0.091,-0.030
1668255360995,2022-11-12T14:16:00.995,813.440,0.823,-0.274,-0.030
1668255361035,2022-11-12T14:16:01.035,813.480,0.762,-0.152,0.061
1668255361075,2022-11-12T14:16:01.075,813.520,0.701,-0.030,0.061
1668255361115,2022-11-12T14:16:01.115,813.560,0.701,-0.305,-0.091
1668255361155,2022-11-12T14:16:01.155,813.600,0.793,-0.244,-0.030
1668255361195,2022-11-12T14:16:01.195,813.640,0.762,-0.122,0.061
1668255361235,2022-11-12T14:16:01.235,813.680,0.732,-0.183,-0.030
1668255361275,2022-11-12T14:16:01.275,813.720,0.793,-0.244,-0.030
1668255361315,2022-11-12T14:16:01.315,813.760,0.976,-0.122,0.000
1668255361355,2022-11-12T14:16:01.355,813.800,1.037,-0.091,-0.030
1668255361395,2022-11-12T14:16:01.395,813.840,0.701,-0.274,-0.030
1668255361435,2022-11-12T14:16:01.435,813.880,0.732,-0.152,0.030
1668255361475,2022-11-12T14:16:01.475,813.920,0.976,-0.152,-0.061
1668255361515,2022-11-12T14:16:01.515,813.960,0.915,-0.274,-0.091
1668255361555,2022-11-12T14:16:01.555,814.000,0.793,-0.213,0.091
1668255361595,2022-11-12T14:16:01.595,814.040,0.732,-0.335,0.030
1668255361635,2022-11-12T14:16:01.635,814.080,0.854,-0.366,-0.030
1668255361675,2022-11-12T14:16:01.675,814.120,0.762,-0.122,0.061
1668255361715,2022-11-12T14:16:01.715,814.160,0.793,-0.122,-0.030
1668255361755,2022-11-12T14:16:01.755,814.200,0.762,-0.213,0.030
1668255361795,2022-11-12T14:16:01.795,814.240,0.823,-0.183,0.030
1668255361835,2022-11-12T14:16:01.835,814.280,0.976,-0.183,-0.030
1668255361875,2022-11-12T14:16:01.875,814.320,0.945,-0.274,-0.030
1668255361915,2022-11-12T14:16:01.915,814.360,1.037,-0.213,-0.091
1668255361955,2022-11-12T14:16:01.955,814.400,0.793,-0.213,0.122
1668255361995,2022-11-12T14:16:01.995,814.440,0.854,-0.152,0.061
1668255362035,2022-11-12T14:16:02.035,814.480,0.671,-0.213,0.091
1668255362075,2022-11-12T14:16:02.075,814.520,0.671,-0.213,0.061
1668255362115,2022-11-12T14:16:02.115,814.560,0.915,-0.152,0.000
1668255362155,2022-11-12T14:16:02.155,814.600,0.884,-0.213,-0.030
1668255362195,2022-11-12T14:16:02.195,814.640,0.945,-0.305,-0.030
1668255362235,2022-11-12T14:16:02.235,814.680,0.732,-0.183,0.061
1668255362275,2022-11-12T14:16:02.275,814.720,0.854,-0.213,-0.030
1668255362315,2022-11-12T14:16:02.315,814.760,0.884,-0.274,0.000
1668255362355,2022-11-12T14:16:02.355,814.800,0.579,-0.305,0.000
1668255362395,2022-11-12T14:16:02.395,814.840,0.732,-0.244,0.000
1668255362435,2022-11-12T14:16:02.435,814.880,1.037,-0.183,-0.061
1668255362475,2022-11-12T14:16:02.475,814.920,0.793,-0.183,-0.030
1668255362515,2022-11-12T14:16:02.515,814.960,0.701,-0.305,0.091
1668255362555,2022-11-12T14:16:02.555,815.000,1.098,-0.122,0.000
1668255362595,2022-11-12T14:16:02.595,815.040,0.915,-0.122,0.000
1668255362635,2022-11-12T14:16:02.635,815.080,0.854,-0.244,0.000
1668255362675,2022-11-12T14:16:02.675,815.120,1.006,-0.091,-0.030
1668255362715,2022-11-12T14:16:02.715,815.160,0.945,-0.183,0.030
1668255362755,2022-11-12T14:16:02.755,815.200,0.793,-0.183,0.061
1668255362795,2022-11-12T14:16:02.795,815.240,0.854,-0.122,0.000
1668255362835,2022-11-12T14:16:02.835,815.280,0.823,-0.152,0.030
1668255362875,2022-11-12T14:16:02.875,815.320,1.067,-0.213,-0.122
1668255362915,2022-11-12T14:16:02.915,815.360,0.915,-0.183,-0.030
1668255362955,2022-11-12T14:16:02.955,815.400,0.854,-0.152,0.030
1668255362995,2022-11-12T14:16:02.995,815.440,1.128,-0.091,-0.122
1668255363035,2022-11-12T14:16:03.035,815.480,0.854,-0.274,0.091
1668255363075,2022-11-12T14:16:03.075,815.520,0.671,-0.366,0.000
1668255363115,2022-11-12T14:16:03.115,815.560,0.732,-0.152,0.000
1668255363155,2022-11-12T14:16:03.155,815.600,0.762,-0.091,0.030
1668255363195,2022-11-12T14:16:03.195,815.640,0.823,-0.152,-0.061
1668255363235,2022-11-12T14:16:03.235,815.680,0.762,-0.213,0.030
1668255363275,2022-11-12T14:16:03.275,815.720,0.884,-0.183,-0.030
1668255363315,2022-11-12T14:16:03.315,815.760,0.793,-0.122,0.030
1668255363355,2022-11-12T14:16:03.355,815.800,0.762,-0.244,-0.030
1668255363395,2022-11-12T14:16:03.395,815.840,0.945,-0.091,-0.030
1668255363435,2022-11-12T14:16:03.435,815.880,0.854,-0.152,0.000
1668255363475,2022-11-12T14:16:03.475,815.920,0.671,-0.244,0.000
1668255363515,2022-11-12T14:16:03.515,815.960,0.640,-0.122,0.030
1668255363555,2022-11-12T14:16:03.555,816.000,1.098,-0.152,-0.091
1668255363595,2022-11-12T14:16:03.595,816.040,1.006,-0.244,-0.091
1668255363635,2022-11-12T14:16:03.635,816.080,0.579,-0.213,0.030
1668255363675,2022-11-12T14:16:03.675,816.120,0.762,-0.122,0.030
1668255363715,2022-11-12T14:16:03.715,816.160,0.976,-0.183,-0.030
1668255363755,2022-11-12T14:16:03.755,816.200,0.823,-0.122,-0.061
1668255363795,2022-11-12T14:16:03.795,816.240,0.793,-0.213,0.061
1668255363835,2022-11-12T14:16:03.835,816.280,0.854,-0.396,-0.030
1668255363875,2022-11-12T14:16:03.875,816.320,0.915,-0.213,-0.030
1668255363915,2022-11-12T14:16:03.915,816.360,0.823,-0.061,0.030
1668255363955,2022-11-12T14:16:03.955,816.400,0.823,-0.183,0.030
1668255363995,2022-11-12T14:16:03.995,816.440,0.823,-0.274,0.030
1668255364035,2022-11-12T14:16:04.035,816.480,0.945,-0.183,-0.061
1668255364075,2022-11-12T14:16:04.075,816.520,0.793,-0.183,0.000
1668255364115,2022-11-12T14:16:04.115,816.560,0.793,-0.213,-0.030
1668255364155,2022-11-12T14:16:04.155,816.600,0.976,-0.183,-0.061
1668255364195,2022-11-12T14:16:04.195,816.640,0.854,-0.213,0.091
1668255364235,2022-11-12T14:16:04.235,816.680,0.854,-0.152,0.030
1668255364275,2022-11-12T14:16:04.275,816.720,1.006,-0.213,-0.061
1668255364315,2022-11-12T14:16:04.315,816.760,0.945,-0.244,-0.030
1668255364355,2022-11-12T14:16:04.355,816.800,0.854,-0.152,0.061
1668255364395,2022-11-12T14:16:04.395,816.840,0.671,-0.152,0.061
1668255364435,2022-11-12T14:16:04.435,816.880,0.823,-0.213,0.030
1668255364475,2022-11-12T14:16:04.475,816.920,1.037,-0.152,-0.061
1668255364515,2022-11-12T14:16:04.515,816.960,0.915,-0.183,-0.061
1668255364555,2022-11-12T14:16:04.555,817.000,0.579,-0.122,0.122
1668255364595,2022-11-12T14:16:04.595,817.040,0.762,-0.366,0.000
1668255364635,2022-11-12T14:16:04.635,817.080,0.762,-0.244,0.030
1668255364675,2022-11-12T14:16:04.675,817.120,0.884,-0.152,0.000
1668255364715,2022-11-12T14:16:04.715,817.160,1.159,-0.091,-0.091
1668255364755,2022-11-12T14:16:04.755,817.200,0.945,-0.213,-0.030
1668255364795,2022-11-12T14:16:04.795,817.240,1.006,-0.213,-0.061
1668255364835,2022-11-12T14:16:04.835,817.280,0.884,-0.061,-0.030
1668255364875,2022-11-12T14:16:04.875,817.320,0.610,-0.183,0.091
1668255364915,2022-11-12T14:16:04.915,817.360,0.701,-0.183,-0.030
1668255364955,2022-11-12T14:16:04.955,817.400,0.823,-0.152,0.061
1668255364995,2022-11-12T14:16:04.995,817.440,0.884,-0.183,0.091
1668255365035,2022-11-12T14:16:05.035,817.480,0.762,-0.305,0.061
1668255365075,2022-11-12T14:16:05.075,817.520,0.945,-0.244,-0.030
1668255365115,2022-11-12T14:16:05.115,817.560,0.915,-0.183,0.000
1668255365155,2022-11-12T14:16:05.155,817.600,0.701,-0.152,0.030
1668255365195,2022-11-12T14:16:05.195,817.640,0.854,-0.213,-0.030
1668255365235,2022-11-12T14:16:05.235,817.680,0.915,-0.152,0.091
1668255365275,2022-11-12T14:16:05.275,817.720,0.976,-0.152,0.030
1668255365315,2022-11-12T14:16:05.315,817.760,1.098,-0.213,-0.122
1668255365355,2022-11-12T14:16:05.355,817.800,0.671,-0.213,0.061
1668255365395,2022-11-12T14:16:05.395,817.840,0.915,-0.305,-0.061
1668255365435,2022-11-12T14:16:05.435,817.880,0.854,-0.183,0.000
1668255365475,2022-11-12T14:16:05.475,817.920,0.640,-0.091,0.061
1668255365515,2022-11-12T14:16:05.515,817.960,0.884,-0.213,-0.030
1668255365555,2022-11-12T14:16:05.555,818.000,0.915,-0.274,0.030
1668255365595,2022-11-12T14:16:05.595,818.040,0.854,-0.183,-0.030
1668255365635,2022-11-12T14:16:05.635,818.080,0.945,-0.152,0.000
1668255365675,2022-11-12T14:16:05.675,818.120,0.793,-0.274,0.030
1668255365715,2022-11-12T14:16:05.715,818.160,0.915,-0.213,-0.030
1668255365755,2022-11-12T14:16:05.755,818.200,0.945,-0.274,-0.030
1668255365795,2022-11-12T14:16:05.795,818.240,0.976,-0.213,0.000
1668255365835,2022-11-12T14:16:05.835,818.280,0.823,-0.244,0.000
1668255365875,2022-11-12T14:16:05.875,818.320,0.823,-0.244,0.091
1668255365915,2022-11-12T14:16:05.915,818.360,0.823,-0.091,0.091
1668255365955,2022-11-12T14:16:05.955,818.400,0.976,-0.305,-0.061
1668255365995,2022-11-12T14:16:05.995,818.440,1.067,-0.244,-0.061
1668255366035,2022-11-12T14:16:06.035,818.480,0.884,-0.183,-0.030
1668255366075,2022-11-12T14:16:06.075,818.520,0.945,-0.244,-0.122
1668255366115,2022-11-12T14:16:06.115,818.560,0.579,-0.244,0.183
1668255366155,2022-11-12T14:16:06.155,818.600,0.823,-0.335,0.061
1668255366195,2022-11-12T14:16:06.195,818.640,1.006,-0.244,-0.061
1668255366235,2022-11-12T14:16:06.235,818.680,0.823,-0.213,0.091
1668255366275,2022-11-12T14:16:06.275,818.720,0.915,-0.152,0.030
1668255366315,2022-11-12T14:16:06.315,818.760,0.854,-0.244,0.061
1668255366355,2022-11-12T14:16:06.355,818.800,0.823,-0.183,0.000
1668255366395,2022-11-12T14:16:06.395,818.840,0.823,-0.183,0.091
1668255366435,2022-11-12T14:16:06.435,818.880,1.006,-0.274,0.091
1668255366475,2022-11-12T14:16:06.475,818.920,1.098,-0.244,-0.061
1668255366515,2022-11-12T14:16:06.515,818.960,1.006,-0.244,0.061
1668255366555,2022-11-12T14:16:06.555,819.000,0.915,-0.213,0.061
1668255366595,2022-11-12T14:16:06.595,819.040,0.915,-0.396,0.061
1668255366635,2022-11-12T14:16:06.635,819.080,1.463,-0.305,0.122
1668255366675,2022-11-12T14:16:06.675,819.120,2.043,-0.427,0.610
1668255366715,2022-11-12T14:16:06.715,819.160,0.610,0.061,0.854
1668255366755,2022-11-12T14:16:06.755,819.200,0.549,-0.244,-0.305
1668255366795,2022-11-12T14:16:06.795,819.240,0.488,-0.183,-0.122
1668255366835,2022-11-12T14:16:06.835,819.280,1.006,-0.030,-0.091
1668255366875,2022-11-12T14:16:06.875,819.320,0.945,-0.244,-0.152
1668255366915,2022-11-12T14:16:06.915,819.360,0.640,-0.274,-0.091
1668255366955,2022-11-12T14:16:06.955,819.400,0.823,-0.030,-0.091
1668255366995,2022-11-12T14:16:06.995,819.440,0.793,-0.061,-0.152
1668255367035,2022-11-12T14:16:07.035,819.480,0.183,-0.183,-0.122
1668255367075,2022-11-12T14:16:07.075,819.520,0.366,-0.091,-0.213
1668255367115,2022-11-12T14:16:07.115,819.560,0.579,-0.091,0.000
1668255367155,2022-11-12T14:16:07.155,819.600,0.823,-0.122,-0.152
1668255367195,2022-11-12T14:16:07.195,819.640,0.884,-0.213,-0.305
1668255367235,2022-11-12T14:16:07.235,819.680,0.610,-0.213,-0.030
1668255367275,2022-11-12T14:16:07.275,819.720,0.854,-0.091,-0.061
1668255367315,2022-11-12T14:16:07.315,819.760,0.976,-0.183,0.000
1668255367355,2022-11-12T14:16:07.355,819.800,0.945,-0.244,-0.030
1668255367395,2022-11-12T14:16:07.395,819.840,0.854,-0.152,0.000
1668255367435,2022-11-12T14:16:07.435,819.880,0.854,-0.213,-0.030
1668255367475,2022-11-12T14:16:07.475,819.920,0.793,-0.091,-0.030
1668255367515,2022-11-12T14:16:07.515,819.960,0.823,-0.122,0.061
1668255367555,2022-11-12T14:16:07.555,820.000,0.762,-0.335,-0.091
1668255367595,2022-11-12T14:16:07.595,820.040,0.701,-0.244,0.030
1668255367635,2022-11-12T14:16:07.635,820.080,0.976,-0.030,0.000
1668255367675,2022-11-12T14:16:07.675,820.120,0.823,-0.152,-0.030
1668255367715,2022-11-12T14:16:07.715,820.160,0.732,-0.244,-0.030
1668255367755,2022-11-12T14:16:07.755,820.200,0.884,-0.122,-0.030
1668255367795,2022-11-12T14:16:07.795,820.240,0.945,-0.091,0.030
1668255367835,2022-11-12T14:16:07.835,820.280,0.793,-0.274,-0.030
1668255367875,2022-11-12T14:16:07.875,820.320,0.915,-0.183,-0.091
1668255367915,2022-11-12T14:16:07.915,820.360,0.793,-0.152,0.030
1668255367955,2022-11-12T14:16:07.955,820.400,0.732,-0.183,0.000
1668255367995,2022-11-12T14:16:07.995,820.440,0.854,-0.152,-0.061
1668255368035,2022-11-12T14:16:08.035,820.480,0.884,-0.213,0.000
1668255368075,2022-11-12T14:16:08.075,820.520,0.732,-0.183,0.061
1668255368115,2022-11-12T14:16:08.115,820.560,0.793,-0.183,0.000
1668255368155,2022-11-12T14:16:08.155,820.600,0.854,-0.122,-0.030
1668255368195,2022-11-12T14:16:08.195,820.640,0.823,-0.091,-0.030
1668255368235,2022-11-12T14:16:08.235,820.680,0.701,-0.274,0.061
1668255368275,2022-11-12T14:16:08.275,820.720,0.762,-0.335,-0.061
1668255368315,2022-11-12T14:16:08.315,820.760,0.854,-0.183,-0.030
1668255368355,2022-11-12T14:16:08.355,820.800,0.762,-0.183,0.061
1668255368395,2022-11-12T14:16:08.395,820.840,0.884,-0.152,-0.030
1668255368435,2022-11-12T14:16:08.435,820.880,0.701,-0.274,0.030
1668255368475,2022-11-12T14:16:08.475,820.920,0.793,-0.213,0.000
1668255368515,2022-11-12T14:16:08.515,820.960,0.823,-0.152,0.030
1668255368555,2022-11-12T14:16:08.555,821.000,0.884,-0.244,0.000
1668255368595,2022-11-12T14:16:08.595,821.040,0.915,-0.152,-0.061
1668255368635,2022-11-12T14:16:08.635,821.080,0.762,-0.152,0.061
1668255368675,2022-11-12T14:16:08.675,821.120,0.762,-0.152,0.061
1668255368715,2022-11-12T14:16:08.715,821.160,0.884,-0.152,-0.030
1668255368755,2022-11-12T14:16:08.755,821.200,0.945,-0.183,0.000
1668255368795,2022-11-12T14:16:08.795,821.240,0.793,-0.152,0.000
1668255368835,2022-11-12T14:16:08.835,821.280,0.762,-0.183,0.061
1668255368875,2022-11-12T14:16:08.875,821.320,0.884,-0.152,-0.030
1668255368915,2022-11-12T14:16:08.915,821.360,0.915,-0.183,-0.061
1668255368955,2022-11-12T14:16:08.955,821.400,0.854,-0.122,0.000
1668255368995,2022-11-12T14:16:08.995,821.440,0.732,-0.335,0.091
1668255369035,2022-11-12T14:16:09.035,821.480,0.762,-0.335,-0.030
1668255369075,2022-11-12T14:16:09.075,821.520,0.915,-0.152,-0.061
1668255369115,2022-11-12T14:16:09.115,821.560,0.762,-0.152,0.000
1668255369155,2022-11-12T14:16:09.155,821.600,0.793,-0.183,0.000
1668255369195,2022-11-12T14:16:09.195,821.640,0.671,-0.183,0.091
1668255369235,2022-11-12T14:16:09.235,821.680,0.915,-0.213,-0.030
1668255369275,2022-11-12T14:16:09.275,821.720,0.854,-0.183,0.061
1668255369315,2022-11-12T14:16:09.315,821.760,0.915,-0.183,-0.030
1668255369355,2022-11-12T14:16:09.355,821.800,0.884,-0.274,0.000
1668255369395,2022-11-12T14:16:09.395,821.840,0.640,-0.183,0.122
1668255369435,2022-11-12T14:16:09.435,821.880,0.884,-0.183,0.000
1668255369475,2022-11-12T14:16:09.475,821.920,0.854,-0.213,-0.030
1668255369515,2022-11-12T14:16:09.515,821.960,0.823,-0.274,0.000
1668255369555,2022-11-12T14:16:09.555,822.000,0.854,-0.183,0.030
1668255369595,2022-11-12T14:16:09.595,822.040,0.854,-0.244,0.000
1668255369635,2022-11-12T14:16:09.635,822.080,0.854,-0.244,-0.030
1668255369675,2022-11-12T14:16:09.675,822.120,0.915,-0.183,0.061
1668255369715,2022-11-12T14:16:09.715,822.160,0.854,-0.213,0.000
1668255369755,2022-11-12T14:16:09.755,822.200,0.976,-0.213,-0.061
1668255369795,2022-11-12T14:16:09.795,822.240,0.701,-0.305,0.122
1668255369835,2022-11-12T14:16:09.835,822.280,0.671,-0.335,0.030
1668255369875,2022-11-12T14:16:09.875,822.320,0.762,-0.274,0.030
1668255369915,2022-11-12T14:16:09.915,822.360,0.793,-0.274,0.061
1668255369955,2022-11-12T14:16:09.955,822.400,0.762,-0.244,0.000
1668255369995,2022-11-12T14:16:09.995,822.440,0.762,-0.244,0.122
1668255370035,2022-11-12T14:16:10.035,822.480,0.976,-0.152,-0.061
1668255370075,2022-11-12T14:16:10.075,822.520,0.732,-0.274,0.000
1668255370115,2022-11-12T14:16:10.115,822.560,0.915,-0.244,0.000
1668255370155,2022-11-12T14:16:10.155,822.600,1.067,-0.152,0.000
1668255370195,2022-11-12T14:16:10.195,822.640,0.732,-0.244,0.091
1668255370235,2022-11-12T14:16:10.235,822.680,0.701,-0.152,0.091
1668255370275,2022-11-12T14:16:10.275,822.720,0.915,-0.183,-0.030
1668255370315,2022-11-12T14:16:10.315,822.760,1.037,-0.213,-0.030
1668255370355,2022-11-12T14:16:10.355,822.800,1.037,-0.183,-0.030
1668255370395,2022-11-12T14:16:10.395,822.840,0.854,-0.152,0.030
1668255370435,2022-11-12T14:16:10.435,822.880,0.976,-0.091,-0.030
1668255370475,2022-11-12T14:16:10.475,822.920,0.854,-0.183,0.000
1668255370515,2022-11-12T14:16:10.515,822.960,0.884,-0.183,-0.061
1668255370555,2022-11-12T14:16:10.555,823.000,0.884,-0.091,0.000
1668255370595,2022-11-12T14:16:10.595,823.040,0.762,-0.305,0.000
1668255370635,2022-11-12T14:16:10.635,823.080,0.823,-0.244,-0.061
1668255370675,2022-11-12T14:16:10.675,823.120,0.793,-0.061,0.030
1668255370715,2022-11-12T14:16:10.715,823.160,0.854,-0.122,-0.061
1668255370755,2022-11-12T14:16:10.755,823.200,0.640,-0.274,0.061
1668255370795,2022-11-12T14:16:10.795,823.240,0.884,-0.213,0.000
1668255370835,2022-11-12T14:16:10.835,823.280,0.945,-0.061,-0.061
1668255370875,2022-11-12T14:16:10.875,823.320,0.823,-0.274,0.000
1668255370915,2022-11-12T14:16:10.915,823.360,0.854,-0.152,-0.061
1668255370955,2022-11-12T14:16:10.955,823.400,0.854,-0.061,0.030
1668255370995,2022-11-12T14:16:10.995,823.440,0.732,-0.213,0.030
1668255371035,2022-11-12T14:16:11.035,823.480,0.823,-0.183,-0.030
1668255371075,2022-11-12T14:16:11.075,823.520,0.915,-0.122,-0.030
1668255371115,2022-11-12T14:16:11.115,823.560,0.854,-0.152,0.000
1668255371155,2022-11-12T14:16:11.155,823.600,0.793,-0.244,0.000
1668255371195,2022-11-12T14:16:11.195,823.640,0.915,-0.152,-0.030
1668255371235,2022-11-12T14:16:11.235,823.680,0.854,-0.091,-0.030
1668255371275,2022-11-12T14:16:11.275,823.720,0.854,-0.091,-0.091
1668255371315,2022-11-12T14:16:11.315,823.760,0.671,-0.244,0.030
1668255371355,2022-11-12T14:16:11.355,823.800,0.793,-0.366,-0.030
1668255371395,2022-11-12T14:16:11.395,823.840,0.884,-0.152,-0.030
1668255371435,2022-11-12T14:16:11.435,823.880,0.793,-0.152,0.030
1668255371475,2022-11-12T14:16:11.475,823.920,0.945,-0.152,-0.030
1668255371515,2022-11-12T14:16:11.515,823.960,0.793,-0.152,0.030
1668255371555,2022-11-12T14:16:11.555,824.000,0.762,-0.061,0.030
1668255371595,2022-11-12T14:16:11.595,824.040,0.823,-0.152,0.030
1668255371635,2022-11-12T14:16:11.635,824.080,0.915,-0.335,-0.061
1668255371675,2022-11-12T14:16:11.675,824.120,1.006,-0.152,-0.091
1668255371715,2022-11-12T14:16:11.715,824.160,0.701,-0.152,0.091
1668255371755,2022-11-12T14:16:11.755,824.200,0.762,-0.183,0.030
1668255371795,2022-11-12T14:16:11.795,824.240,0.884,-0.213,-0.122
1668255371835,2022-11-12T14:16:11.835,824.280,0.396,-0.183,-0.335
1668255371875,2022-11-12T14:16:11.875,824.320,0.823,-0.366,-0.366
1668255371915,2022-11-12T14:16:11.915,824.360,0.732,0.000,0.244
1668255371955,2022-11-12T14:16:11.955,824.400,0.976,-0.122,-0.030
1668255371995,2022-11-12T14:16:11.995,824.440,0.854,-0.244,-0.061
1668255372035,2022-11-12T14:16:12.035,824.480,0.854,-0.152,-0.122
1668255372075,2022-11-12T14:16:12.075,824.520,0.823,-0.091,0.122
1668255372115,2022-11-12T14:16:12.115,824.560,0.732,-0.335,0.000
1668255372155,2022-11-12T14:16:12.155,824.600,0.854,-0.335,-0.091
1668255372195,2022-11-12T14:16:12.195,824.640,0.945,-0.061,0.061
1668255372235,2022-11-12T14:16:12.235,824.680,0.854,-0.122,-0.030
1668255372275,2022-11-12T14:16:12.275,824.720,0.762,-0.244,0.061
1668255372315,2022-11-12T14:16:12.315,824.760,0.884,-0.152,0.061
1668255372355,2022-11-12T14:16:12.355,824.800,0.945,-0.152,0.030
1668255372395,2022-11-12T14:16:12.395,824.840,0.823,-0.244,-0.061
1668255372435,2022-11-12T14:16:12.435,824.880,0.823,-0.183,-0.061
1668255372475,2022-11-12T14:16:12.475,824.920,0.823,-0.152,0.061
1668255372515,2022-11-12T14:16:12.515,824.960,0.823,-0.152,0.030
1668255372555,2022-11-12T14:16:12.555,825.000,0.762,-0.213,0.000
1668255372595,2022-11-12T14:16:12.595,825.040,0.793,-0.244,0.030
1668255372635,2022-11-12T14:16:12.635,825.080,0.915,-0.213,0.000
1668255372675,2022-11-12T14:16:12.675,825.120,0.793,-0.244,0.000
1668255372715,2022-11-12T14:16:12.715,825.160,0.762,-0.213,0.030
1668255372755,2022-11-12T14:16:12.755,825.200,0.854,-0.122,0.061
1668255372795,2022-11-12T14:16:12.795,825.240,0.915,-0.213,-0.030
1668255372835,2022-11-12T14:16:12.835,825.280,0.976,-0.122,-0.061
1668255372875,2022-11-12T14:16:12.875,825.320,0.762,-0.274,0.122
1668255372915,2022-11-12T14:16:12.915,825.360,0.762,-0.427,-0.061
1668255372955,2022-11-12T14:16:12.955,825.400,0.854,-0.183,0.000
1668255372995,2022-11-12T14:16:12.995,825.440,1.037,-0.091,0.061
1668255373035,2022-11-12T14:16:13.035,825.480,0.854,-0.213,-0.030
1668255373075,2022-11-12T14:16:13.075,825.520,0.732,-0.244,0.091
1668255373115,2022-11-12T14:16:13.115,825.560,0.823,-0.122,0.030
1668255373155,2022-11-12T14:16:13.155,825.600,0.732,-0.213,0.030
1668255373195,2022-11-12T14:16:13.195,825.640,0.854,-0.274,-0.122
1668255373235,2022-11-12T14:16:13.235,825.680,0.854,-0.152,-0.030
1668255373275,2022-11-12T14:16:13.275,825.720,0.671,-0.152,0.122
1668255373315,2022-11-12T14:16:13.315,825.760,0.884,-0.213,-0.030
1668255373355,2022-11-12T14:16:13.355,825.800,0.762,-0.213,0.000
1668255373395,2022-11-12T14:16:13.395,825.840,0.884,-0.213,0.000
1668255373435,2022-11-12T14:16:13.435,825.880,0.945,-0.213,0.030
1668255373475,2022-11-12T14:16:13.475,825.920,0.854,-0.213,-0.030
1668255373515,2022-11-12T14:16:13.515,825.960,0.823,-0.183,0.030
1668255373555,2022-11-12T14:16:13.555,826.000,0.854,-0.183,0.030
1668255373595,2022-11-12T14:16:13.595,826.040,0.823,-0.213,-0.061
1668255373635,2022-11-12T14:16:13.635,826.080,0.793,-0.152,0.030
1668255373675,2022-11-12T14:16:13.675,826.120,0.915,-0.335,0.061
1668255373715,2022-11-12T14:16:13.715,826.160,0.793,-0.366,-0.061
1668255373755,2022-11-12T14:16:13.755,826.200,0.793,-0.183,0.030
1668255373795,2022-11-12T14:16:13.795,826.240,1.067,-0.122,-0.061
1668255373835,2022-11-12T14:16:13.835,826.280,0.976,-0.213,-0.091
1668255373875,2022-11-12T14:16:13.875,826.320,0.762,-0.244,0.061
1668255373915,2022-11-12T14:16:13.915,826.360,1.067,-0.122,-0.030
1668255373955,2022-11-12T14:16:13.955,826.400,1.006,-0.244,-0.061
1668255373995,2022-11-12T14:16:13.995,826.440,0.976,-0.122,-0.030
1668255374035,2022-11-12T14:16:14.035,826.480,0.854,-0.122,0.030
1668255374075,2022-11-12T14:16:14.075,826.520,0.823,-0.183,-0.030
1668255374115,2022-11-12T14:16:14.115,826.560,0.915,-0.274,-0.152
1668255374155,2022-11-12T14:16:14.155,826.600,0.762,-0.213,0.030
1668255374195,2022-11-12T14:16:14.195,826.640,0.701,-0.122,0.122
1668255374235,2022-11-12T14:16:14.235,826.680,0.823,-0.183,0.000
1668255374275,2022-11-12T14:16:14.275,826.720,0.823,-0.274,-0.061
1668255374315,2022-11-12T14:16:14.315,826.760,0.793,-0.213,0.000
1668255374355,2022-11-12T14:16:14.355,826.800,0.701,-0.152,0.000
1668255374395,2022-11-12T14:16:14.395,826.840,0.671,-0.091,0.000
1668255374435,2022-11-12T14:16:14.435,826.880,0.854,-0.366,0.000
1668255374475,2022-11-12T14:16:14.475,826.920,0.762,-0.396,-0.030
1668255374515,2022-11-12T14:16:14.515,826.960,0.701,-0.152,0.030
1668255374555,2022-11-12T14:16:14.555,827.000,0.915,-0.091,-0.061
1668255374595,2022-11-12T14:16:14.595,827.040,0.945,-0.183,-0.061
1668255374635,2022-11-12T14:16:14.635,827.080,0.915,-0.244,0.000
1668255374675,2022-11-12T14:16:14.675,827.120,0.793,-0.091,0.030
1668255374715,2022-11-12T14:16:14.715,827.160,0.640,-0.183,0.152
1668255374755,2022-11-12T14:16:14.755,827.200,1.037,-0.213,-0.030
1668255374795,2022-11-12T14:16:14.795,827.240,0.854,-0.152,0.000
1668255374835,2022-11-12T14:16:14.835,827.280,0.732,-0.152,0.091
1668255374875,2022-11-12T14:16:14.875,827.320,0.884,-0.183,0.000
1668255374915,2022-11-12T14:16:14.915,827.360,0.976,-0.274,-0.030
1668255374955,2022-11-12T14:16:14.955,827.400,0.854,-0.274,0.061
1668255374995,2022-11-12T14:16:14.995,827.440,1.037,-0.213,-0.030
1668255375035,2022-11-12T14:16:15.035,827.480,0.854,-0.152,0.000
1668255375075,2022-11-12T14:16:15.075,827.520,0.793,-0.122,0.061
1668255375115,2022-11-12T14:16:15.115,827.560,0.884,-0.152,-0.030
1668255375155,2022-11-12T14:16:15.155,827.600,0.732,-0.152,0.000
1668255375195,2022-11-12T14:16:15.195,827.640,0.823,-0.274,0.000
1668255375235,2022-11-12T14:16:15.235,827.680,0.884,-0.274,-0.122
1668255375275,2022-11-12T14:16:15.275,827.720,0.762,-0.213,0.030
1668255375315,2022-11-12T14:16:15.315,827.760,0.976,-0.122,-0.061
1668255375355,2022-11-12T14:16:15.355,827.800,1.037,-0.305,-0.091
1668255375395,2022-11-12T14:16:15.395,827.840,0.732,-0.305,0.030
1668255375435,2022-11-12T14:16:15.435,827.880,0.671,0.000,0.122
1668255375475,2022-11-12T14:16:15.475,827.920,0.884,-0.183,0.061
1668255375515,2022-11-12T14:16:15.515,827.960,0.976,-0.244,-0.091
1668255375555,2022-11-12T14:16:15.555,828.000,0.823,-0.152,-0.061
1668255375595,2022-11-12T14:16:15.595,828.040,0.732,-0.152,0.091
1668255375635,2022-11-12T14:16:15.635,828.080,0.610,-0.152,0.061
1668255375675,2022-11-12T14:16:15.675,828.120,0.854,-0.183,-0.061
1668255375715,2022-11-12T14:16:15.715,828.160,0.884,-0.183,0.030
1668255375755,2022-11-12T14:16:15.755,828.200,0.823,-0.183,0.061
1668255375795,2022-11-12T14:16:15.795,828.240,0.823,-0.183,-0.030
1668255375835,2022-11-12T14:16:15.835,828.280,0.976,-0.183,-0.030
1668255375875,2022-11-12T14:16:15.875,828.320,0.854,-0.152,-0.061
1668255375915,2022-11-12T14:16:15.915,828.360,0.884,-0.091,-0.030
1668255375955,2022-11-12T14:16:15.955,828.400,0.854,-0.213,0.030
1668255375995,2022-11-12T14:16:15.995,828.440,0.854,-0.427,-0.030
1668255376035,2022-11-12T14:16:16.035,828.480,0.884,-0.183,-0.030
1668255376075,2022-11-12T14:16:16.075,828.520,0.884,-0.152,0.000
1668255376115,2022-11-12T14:16:16.115,828.560,1.006,-0.213,-0.122
1668255376155,2022-11-12T14:16:16.155,828.600,0.732,-0.213,0.000
1668255376195,2022-11-12T14:16:16.195,828.640,0.793,-0.152,-0.030
1668255376235,2022-11-12T14:16:16.235,828.680,0.854,-0.183,0.000
1668255376275,2022-11-12T14:16:16.275,828.720,0.854,-0.274,0.061
1668255376315,2022-11-12T14:16:16.315,828.760,1.159,-0.244,-0.061
1668255376355,2022-11-12T14:16:16.355,828.800,0.915,-0.183,-0.030
1668255376395,2022-11-12T14:16:16.395,828.840,0.579,-0.244,0.091
1668255376435,2022-11-12T14:16:16.435,828.880,0.732,-0.213,0.061
1668255376475,2022-11-12T14:16:16.475,828.920,0.915,-0.183,0.000
1668255376515,2022-11-12T14:16:16.515,828.960,0.732,-0.244,0.000
1668255376555,2022-11-12T14:16:16.555,829.000,0.762,-0.244,0.030
1668255376595,2022-11-12T14:16:16.595,829.040,0.976,-0.213,-0.030
1668255376635,2022-11-12T14:16:16.635,829.080,0.823,-0.244,0.000
1668255376675,2022-11-12T14:16:16.675,829.120,0.793,-0.183,-0.061
1668255376715,2022-11-12T14:16:16.715,829.160,0.732,-0.152,0.091
1668255376755,2022-11-12T14:16:16.755,829.200,0.762,-0.427,0.000
1668255376795,2022-11-12T14:16:16.795,829.240,0.884,-0.274,0.000
1668255376835,2022-11-12T14:16:16.835,829.280,0.884,-0.152,0.000
1668255376875,2022-11-12T14:16:16.875,829.320,0.823,-0.183,0.061
1668255376915,2022-11-12T14:16:16.915,829.360,0.671,-0.213,0.091
1668255376955,2022-11-12T14:16:16.955,829.400,0.945,-0.152,0.000
1668255376995,2022-11-12T14:16:16.995,829.440,0.915,-0.122,0.091
1668255377035,2022-11-12T14:16:17.035,829.480,0.884,-0.244,0.030
1668255377075,2022-11-12T14:16:17.075,829.520,0.945,-0.244,-0.061
1668255377115,2022-11-12T14:16:17.115,829.560,0.732,-0.244,0.091
1668255377155,2022-11-12T14:16:17.155,829.600,0.976,-0.122,0.091
1668255377195,2022-11-12T14:16:17.195,829.640,1.098,-0.122,0.030
1668255377235,2022-11-12T14:16:17.235,829.680,0.793,-0.274,0.030
1668255377275,2022-11-12T14:16:17.275,829.720,1.037,-0.244,0.000
1668255377315,2022-11-12T14:16:17.315,829.760,1.006,-0.122,-0.030
1668255377355,2022-11-12T14:16:17.355,829.800,0.701,-0.244,0.000
1668255377395,2022-11-12T14:16:17.395,829.840,0.976,-0.183,-0.091
1668255377435,2022-11-12T14:16:17.435,829.880,0.854,-0.091,0.091
1668255377475,2022-11-12T14:16:17.475,829.920,0.823,-0.305,-0.061
1668255377515,2022-11-12T14:16:17.515,829.960,1.006,-0.274,-0.183
1668255377555,2022-11-12T14:16:17.555,830.000,0.793,0.000,0.061
1668255377595,2022-11-12T14:16:17.595,830.040,0.823,-0.091,0.000
1668255377635,2022-11-12T14:16:17.635,830.080,0.823,-0.213,0.000
1668255377675,2022-11-12T14:16:17.675,830.120,0.915,-0.122,-0.061
1668255377715,2022-11-12T14:16:17.715,830.160,0.793,-0.152,0.061
1668255377755,2022-11-12T14:16:17.755,830.200,0.854,-0.305,-0.122
1668255377795,2022-11-12T14:16:17.795,830.240,1.037,-0.122,-0.091
1668255377835,2022-11-12T14:16:17.835,830.280,0.732,-0.030,0.061
1668255377875,2022-11-12T14:16:17.875,830.320,0.518,-0.122,-0.061
1668255377915,2022-11-12T14:16:17.915,830.360,0.793,-0.213,-0.061
1668255377955,2022-11-12T14:16:17.955,830.400,1.037,-0.152,-0.091
1668255377995,2022-11-12T14:16:17.995,830.440,0.915,-0.122,-0.030
1668255378035,2022-11-12T14:16:18.035,830.480,0.732,-0.305,0.000
1668255378075,2022-11-12T14:16:18.075,830.520,0.884,-0.061,0.000
1668255378115,2022-11-12T14:16:18.115,830.560,0.854,-0.061,0.000
1668255378155,2022-11-12T14:16:18.155,830.600,0.640,-0.335,0.030
1668255378195,2022-11-12T14:16:18.195,830.640,0.945,-0.366,-0.091
1668255378235,2022-11-12T14:16:18.235,830.680,0.915,-0.122,0.061
1668255378275,2022-11-12T14:16:18.275,830.720,0.945,-0.152,-0.030
1668255378315,2022-11-12T14:16:18.315,830.760,0.884,-0.244,-0.091
1668255378355,2022-11-12T14:16:18.355,830.800,0.762,-0.183,0.061
1668255378395,2022-11-12T14:16:18.395,830.840,0.945,-0.122,-0.061
1668255378435,2022-11-12T14:16:18.435,830.880,0.793,-0.213,0.030
1668255378475,2022-11-12T14:16:18.475,830.920,0.915,-0.183,-0.030
1668255378515,2022-11-12T14:16:18.515,830.960,0.945,-0.183,-0.061
1668255378555,2022-11-12T14:16:18.555,831.000,0.762,-0.213,0.000
1668255378595,2022-11-12T14:16:18.595,831.040,0.762,-0.213,-0.030
1668255378635,2022-11-12T14:16:18.635,831.080,0.701,-0.244,-0.061
1668255378675,2022-11-12T14:16:18.675,831.120,0.732,-0.152,0.000
1668255378715,2022-11-12T14:16:18.715,831.160,0.732,-0.091,0.030
1668255378755,2022-11-12T14:16:18.755,831.200,0.823,-0.213,0.000
1668255378795,2022-11-12T14:16:18.795,831.240,0.854,-0.183,-0.030
1668255378835,2022-11-12T14:16:18.835,831.280,0.915,-0.122,-0.061
1668255378875,2022-11-12T14:16:18.875,831.320,0.854,-0.091,-0.030
1668255378915,2022-11-12T14:16:18.915,831.360,0.701,-0.305,0.030
1668255378955,2022-11-12T14:16:18.955,831.400,0.854,-0.305,-0.061
1668255378995,2022-11-12T14:16:18.995,831.440,0.854,-0.061,0.061
1668255379035,2022-11-12T14:16:19.035,831.480,0.915,-0.122,-0.030
1668255379075,2022-11-12T14:16:19.075,831.520,0.945,-0.213,-0.061
1668255379115,2022-11-12T14:16:19.115,831.560,0.762,-0.152,0.030
1668255379155,2022-11-12T14:16:19.155,831.600,0.915,-0.152,-0.061
1668255379195,2022-11-12T14:16:19.195,831.640,0.854,-0.183,0.000
1668255379235,2022-11-12T14:16:19.235,831.680,0.915,-0.213,0.000
1668255379275,2022-11-12T14:16:19.275,831.720,0.976,-0.183,-0.061
1668255379315,2022-11-12T14:16:19.315,831.760,0.579,-0.183,0.091
1668255379355,2022-11-12T14:16:19.355,831.800,0.793,-0.152,-0.030
1668255379395,2022-11-12T14:16:19.395,831.840,0.915,-0.213,-0.061
1668255379435,2022-11-12T14:16:19.435,831.880,0.823,-0.183,0.000
1668255379475,2022-11-12T14:16:19.475,831.920,0.945,-0.183,-0.030
1668255379515,2022-11-12T14:16:19.515,831.960,0.793,-0.244,0.030
1668255379555,2022-11-12T14:16:19.555,832.000,0.823,-0.152,0.030
1668255379595,2022-11-12T14:16:19.595,832.040,0.884,-0.183,0.030
1668255379635,2022-11-12T14:16:19.635,832.080,0.823,-0.213,0.030
1668255379675,2022-11-12T14:16:19.675,832.120,0.945,-0.122,-0.030
1668255379715,2022-11-12T14:16:19.715,832.160,0.823,-0.152,0.061
1668255379755,2022-11-12T14:16:19.755,832.200,0.671,-0.427,0.061
1668255379795,2022-11-12T14:16:19.795,832.240,0.854,-0.274,-0.061
1668255379835,2022-11-12T14:16:19.835,832.280,0.793,-0.122,0.030
1668255379875,2022-11-12T14:16:19.875,832.320,0.823,-0.213,0.030
1668255379915,2022-11-12T14:16:19.915,832.360,0.884,-0.213,-0.030
1668255379955,2022-11-12T14:16:19.955,832.400,0.732,-0.244,0.061
1668255379995,2022-11-12T14:16:19.995,832.440,0.854,-0.122,0.030
1668255380035,2022-11-12T14:16:20.035,832.480,0.884,-0.183,0.000
1668255380075,2022-11-12T14:16:20.075,832.520,0.884,-0.183,-0.030
1668255380115,2022-11-12T14:16:20.115,832.560,0.945,-0.183,0.000
1668255380155,2022-11-12T14:16:20.155,832.600,0.762,-0.183,0.091
1668255380195,2022-11-12T14:16:20.195,832.640,0.823,-0.152,-0.061
1668255380235,2022-11-12T14:16:20.235,832.680,0.854,-0.305,0.000
1668255380275,2022-11-12T14:16:20.275,832.720,0.915,-0.183,0.030
1668255380315,2022-11-12T14:16:20.315,832.760,0.762,-0.183,0.030
1668255380355,2022-11-12T14:16:20.355,832.800,0.732,-0.244,0.030
1668255380395,2022-11-12T14:16:20.395,832.840,1.006,-0.183,-0.030
1668255380435,2022-11-12T14:16:20.435,832.880,0.945,-0.244,0.091
1668255380475,2022-11-12T14:16:20.475,832.920,0.823,-0.213,0.030
1668255380515,2022-11-12T14:16:20.515,832.960,0.884,-0.152,-0.061
1668255380555,2022-11-12T14:16:20.555,833.000,0.945,-0.183,0.030
1668255380595,2022-11-12T14:16:20.595,833.040,0.610,-0.396,0.091
1668255380635,2022-11-12T14:16:20.635,833.080,0.640,-0.213,0.030
1668255380675,2022-11-12T14:16:20.675,833.120,0.945,-0.091,0.030
1668255380715,2022-11-12T14:16:20.715,833.160,0.976,-0.152,0.030
1668255380755,2022-11-12T14:16:20.755,833.200,0.793,-0.244,0.030
1668255380795,2022-11-12T14:16:20.795,833.240,0.976,-0.183,-0.030
1668255380835,2022-11-12T14:16:20.835,833.280,1.006,-0.122,0.030
1668255380875,2022-11-12T14:16:20.875,833.320,0.915,-0.244,0.000
1668255380915,2022-11-12T14:16:20.915,833.360,1.067,-0.152,-0.091
1668255380955,2022-11-12T14:16:20.955,833.400,0.732,-0.122,0.061
1668255380995,2022-11-12T14:16:20.995,833.440,0.884,-0.152,0.091
1668255381035,2022-11-12T14:16:21.035,833.480,0.915,-0.213,-0.061
1668255381075,2022-11-12T14:16:21.075,833.520,0.823,-0.244,-0.061
1668255381115,2022-11-12T14:16:21.115,833.560,0.976,-0.183,-0.030
1668255381155,2022-11-12T14:16:21.155,833.600,0.854,-0.152,0.000
1668255381195,2022-11-12T14:16:21.195,833.640,0.823,-0.183,-0.030
1668255381235,2022-11-12T14:16:21.235,833.680,0.884,-0.183,-0.030
1668255381275,2022-11-12T14:16:21.275,833.720,0.915,-0.122,-0.091
1668255381315,2022-11-12T14:16:21.315,833.760,0.793,-0.061,-0.061
1668255381355,2022-11-12T14:16:21.355,833.800,0.793,-0.274,0.000
1668255381395,2022-11-12T14:16:21.395,833.840,0.823,-0.305,-0.061
1668255381435,2022-11-12T14:16:21.435,833.880,0.762,-0.122,0.061
1668255381475,2022-11-12T14:16:21.475,833.920,1.006,-0.152,-0.091
1668255381515,2022-11-12T14:16:21.515,833.960,0.884,-0.183,-0.061
1668255381555,2022-11-12T14:16:21.555,834.000,0.732,-0.183,0.000
1668255381595,2022-11-12T14:16:21.595,834.040,0.915,-0.091,-0.061
1668255381635,2022-11-12T14:16:21.635,834.080,0.823,-0.183,0.000
1668255381675,2022-11-12T14:16:21.675,834.120,0.976,-0.183,-0.091
1668255381715,2022-11-12T14:16:21.715,834.160,0.915,-0.183,0.000
1668255381755,2022-11-12T14:16:21.755,834.200,0.732,-0.183,0.061
1668255381795,2022-11-12T14:16:21.795,834.240,0.945,-0.122,-0.091
1668255381835,2022-11-12T14:16:21.835,834.280,0.793,-0.213,-0.030
1668255381875,2022-11-12T14:16:21.875,834.320,0.854,-0.183,0.000
1668255381915,2022-11-12T14:16:21.915,834.360,0.915,-0.122,0.030
1668255381955,2022-11-12T14:16:21.955,834.400,0.823,-0.213,0.030
1668255381995,2022-11-12T14:16:21.995,834.440,0.793,-0.213,0.030
1668255382035,2022-11-12T14:16:22.035,834.480,0.823,-0.122,0.030
1668255382075,2022-11-12T14:16:22.075,834.520,0.945,-0.122,-0.061
1668255382115,2022-11-12T14:16:22.115,834.560,0.884,-0.061,-0.061
1668255382155,2022-11-12T14:16:22.155,834.600,0.793,-0.244,0.030
1668255382195,2022-11-12T14:16:22.195,834.640,0.762,-0.305,-0.030
1668255382235,2022-11-12T14:16:22.235,834.680,0.854,-0.183,-0.030
1668255382275,2022-11-12T14:16:22.275,834.720,0.854,-0.122,0.000
1668255382315,2022-11-12T14:16:22.315,834.760,0.884,-0.122,-0.030
1668255382355,2022-11-12T14:16:22.355,834.800,0.762,-0.213,0.030
1668255382395,2022-11-12T14:16:22.395,834.840,0.915,-0.152,-0.030
1668255382435,2022-11-12T14:16:22.435,834.880,0.793,-0.152,0.061
1668255382475,2022-11-12T14:16:22.475,834.920,0.854,-0.244,-0.030
1668255382515,2022-11-12T14:16:22.515,834.960,0.915,-0.152,0.000
1668255382555,2022-11-12T14:16:22.555,835.000,0.732,-0.152,0.061
1668255382595,2022-11-12T14:16:22.595,835.040,0.793,-0.183,0.000
1668255382635,2022-11-12T14:16:22.635,835.080,0.915,-0.213,0.000
1668255382675,2022-11-12T14:16:22.675,835.120,0.915,-0.152,0.030
1668255382715,2022-11-12T14:16:22.715,835.160,0.762,-0.152,0.091
1668255382755,2022-11-12T14:16:22.755,835.200,0.976,-0.213,-0.030
1668255382795,2022-11-12T14:16:22.795,835.240,0.854,-0.244,0.000
1668255382835,2022-11-12T14:16:22.835,835.280,0.915,-0.213,0.000
1668255382875,2022-11-12T14:16:22.875,835.320,0.884,-0.152,0.030
1668255382915,2022-11-12T14:16:22.915,835.360,0.915,-0.152,-0.030
1668255382955,2022-11-12T14:16:22.955,835.400,0.945,-0.152,-0.030
1668255382995,2022-11-12T14:16:22.995,835.440,0.671,-0.305,0.091
1668255383035,2022-11-12T14:16:23.035,835.480,0.823,-0.366,-0.091
1668255383075,2022-11-12T14:16:23.075,835.520,0.793,-0.152,0.000
1668255383115,2022-11-12T14:16:23.115,835.560,0.762,-0.152,0.061
1668255383155,2022-11-12T14:16:23.155,835.600,0.823,-0.244,0.061
1668255383195,2022-11-12T14:16:23.195,835.640,0.793,-0.213,0.061
1668255383235,2022-11-12T14:16:23.235,835.680,0.823,-0.183,-0.030
1668255383275,2022-11-12T14:16:23.275,835.720,0.701,-0.183,0.061
1668255383315,2022-11-12T14:16:23.315,835.760,0.945,-0.244,0.000
1668255383355,2022-11-12T14:16:23.355,835.800,0.854,-0.122,0.000
1668255383395,2022-11-12T14:16:23.395,835.840,0.732,-0.183,0.091
1668255383435,2022-11-12T14:16:23.435,835.880,0.762,-0.213,0.061
1668255383475,2022-11-12T14:16:23.475,835.920,0.854,-0.213,0.030
1668255383515,2022-11-12T14:16:23.515,835.960,0.884,-0.244,0.030
1668255383555,2022-11-12T14:16:23.555,836.000,0.945,-0.213,0.030
1668255383595,2022-11-12T14:16:23.595,836.040,0.762,-0.213,0.000
1668255383635,2022-11-12T14:16:23.635,836.080,0.884,-0.274,0.000
1668255383675,2022-11-12T14:16:23.675,836.120,1.006,-0.244,0.000
1668255383715,2022-11-12T14:16:23.715,836.160,0.854,-0.183,0.152
1668255383755,2022-11-12T14:16:23.755,836.200,0.884,-0.152,0.000
1668255383795,2022-11-12T14:16:23.795,836.240,0.854,-0.274,0.122
1668255383835,2022-11-12T14:16:23.835,836.280,0.640,-0.335,0.183
1668255383875,2022-11-12T14:16:23.875,836.320,0.762,-0.305,-0.030
1668255383915,2022-11-12T14:16:23.915,836.360,0.823,-0.183,0.091
1668255383955,2022-11-12T14:16:23.955,836.400,0.915,-0.152,-0.091
1668255383995,2022-11-12T14:16:23.995,836.440,0.823,-0.213,-0.061
1668255384035,2022-11-12T14:16:24.035,836.480,0.976,-0.183,0.000
1668255384075,2022-11-12T14:16:24.075,836.520,0.976,-0.122,-0.061
1668255384115,2022-11-12T14:16:24.115,836.560,0.854,-0.274,-0.061
1668255384155,2022-11-12T14:16:24.155,836.600,0.976,-0.213,-0.152
1668255384195,2022-11-12T14:16:24.195,836.640,0.762,-0.122,0.091
1668255384235,2022-11-12T14:16:24.235,836.680,0.823,-0.183,0.091
1668255384275,2022-11-12T14:16:24.275,836.720,0.884,-0.274,-0.030
1668255384315,2022-11-12T14:16:24.315,836.760,0.945,-0.213,-0.030
1668255384355,2022-11-12T14:16:24.355,836.800,0.976,-0.152,0.030
1668255384395,2022-11-12T14:16:24.395,836.840,0.945,-0.213,0.000
1668255384435,2022-11-12T14:16:24.435,836.880,0.915,-0.152,-0.030
1668255384475,2022-11-12T14:16:24.475,836.920,0.823,-0.122,0.000
1668255384515,2022-11-12T14:16:24.515,836.960,0.945,-0.152,-0.061
1668255384555,2022-11-12T14:16:24.555,837.000,0.884,-0.183,0.000
1668255384595,2022-11-12T14:16:24.595,837.040,0.793,-0.396,-0.030
1668255384635,2022-11-12T14:16:24.635,837.080,0.823,-0.152,-0.061
1668255384675,2022-11-12T14:16:24.675,837.120,0.854,-0.122,0.000
1668255384715,2022-11-12T14:16:24.715,837.160,0.884,-0.183,-0.030
1668255384755,2022-11-12T14:16:24.755,837.200,0.732,-0.244,0.061
1668255384795,2022-11-12T14:16:24.795,837.240,0.884,-0.183,0.000
1668255384835,2022-11-12T14:16:24.835,837.280,0.945,-0.122,0.000
1668255384875,2022-11-12T14:16:24.875,837.320,0.945,-0.244,-0.091
1668255384915,2022-11-12T14:16:24.915,837.360,0.945,-0.183,-0.061
1668255384955,2022-11-12T14:16:24.955,837.400,0.762,-0.152,0.091
1668255384995,2022-11-12T14:16:24.995,837.440,0.732,-0.152,0.030
1668255385035,2022-11-12T14:16:25.035,837.480,0.823,-0.183,-0.061
1668255385075,2022-11-12T14:16:25.075,837.520,0.915,-0.213,-0.030
1668255385115,2022-11-12T14:16:25.115,837.560,0.793,-0.183,0.030
1668255385155,2022-11-12T14:16:25.155,837.600,0.915,-0.244,-0.061
1668255385195,2022-11-12T14:16:25.195,837.640,0.915,-0.152,-0.030
1668255385235,2022-11-12T14:16:25.235,837.680,0.854,-0.152,0.000
1668255385275,2022-11-12T14:16:25.275,837.720,0.915,-0.152,0.091
1668255385315,2022-11-12T14:16:25.315,837.760,0.793,-0.335,0.030
1668255385355,2022-11-12T14:16:25.355,837.800,0.762,-0.335,-0.030
1668255385395,2022-11-12T14:16:25.395,837.840,0.793,-0.122,0.061
1668255385435,2022-11-12T14:16:25.435,837.880,0.915,-0.091,-0.030
1668255385475,2022-11-12T14:16:25.475,837.920,0.701,-0.152,0.000
1668255385515,2022-11-12T14:16:25.515,837.960,0.671,-0.213,0.030
1668255385555,2022-11-12T14:16:25.555,838.000,0.915,-0.091,-0.030
1668255385595,2022-11-12T14:16:25.595,838.040,0.854,-0.183,0.000
1668255385635,2022-11-12T14:16:25.635,838.080,1.098,-0.244,-0.122
1668255385675,2022-11-12T14:16:25.675,838.120,1.037,-0.183,0.030
1668255385715,2022-11-12T14:16:25.715,838.160,0.732,-0.122,0.152
1668255385755,2022-11-12T14:16:25.755,838.200,0.793,-0.152,0.000
1668255385795,2022-11-12T14:16:25.795,838.240,0.976,-0.183,-0.122
1668255385835,2022-11-12T14:16:25.835,838.280,0.915,-0.152,-0.030
1668255385875,2022-11-12T14:16:25.875,838.320,0.976,-0.183,0.030
1668255385915,2022-11-12T14:16:25.915,838.360,0.945,-0.122,0.030
1668255385955,2022-11-12T14:16:25.955,838.400,1.006,-0.183,-0.091
1668255385995,2022-11-12T14:16:25.995,838.440,0.640,-0.183,-0.030
1668255386035,2022-11-12T14:16:26.035,838.480,0.732,-0.274,0.000
1668255386075,2022-11-12T14:16:26.075,838.520,0.884,-0.274,-0.061
1668255386115,2022-11-12T14:16:26.115,838.560,0.823,-0.213,-0.030
1668255386155,2022-11-12T14:16:26.155,838.600,1.006,-0.152,-0.061
1668255386195,2022-11-12T14:16:26.195,838.640,0.793,-0.122,0.030
1668255386235,2022-11-12T14:16:26.235,838.680,0.884,-0.213,0.000
1668255386275,2022-11-12T14:16:26.275,838.720,1.037,-0.152,-0.091
1668255386315,2022-11-12T14:16:26.315,838.760,0.640,-0.244,0.061
1668255386355,2022-11-12T14:16:26.355,838.800,0.823,-0.183,0.000
1668255386395,2022-11-12T14:16:26.395,838.840,0.976,-0.091,-0.091
1668255386435,2022-11-12T14:16:26.435,838.880,0.884,-0.183,0.000
1668255386475,2022-11-12T14:16:26.475,838.920,0.793,-0.244,0.000
1668255386515,2022-11-12T14:16:26.515,838.960,0.671,-0.305,0.030
1668255386555,2022-11-12T14:16:26.555,839.000,0.976,-0.152,-0.061
1668255386595,2022-11-12T14:16:26.595,839.040,0.884,-0.183,0.030
1668255386635,2022-11-12T14:16:26.635,839.080,0.762,-0.274,0.030
1668255386675,2022-11-12T14:16:26.675,839.120,0.854,-0.183,-0.061
1668255386715,2022-11-12T14:16:26.715,839.160,0.762,-0.213,-0.030
1668255386755,2022-11-12T14:16:26.755,839.200,0.579,-0.335,0.091
1668255386795,2022-11-12T14:16:26.795,839.240,0.732,-0.335,-0.030
1668255386835,2022-11-12T14:16:26.835,839.280,0.823,-0.152,0.091
1668255386875,2022-11-12T14:16:26.875,839.320,0.823,-0.152,0.061
1668255386915,2022-11-12T14:16:26.915,839.360,0.915,-0.274,-0.061
1668255386955,2022-11-12T14:16:26.955,839.400,0.732,-0.305,0.061
1668255386995,2022-11-12T14:16:26.995,839.440,1.006,-0.213,-0.091
1668255387035,2022-11-12T14:16:27.035,839.480,0.854,-0.183,0.061
1668255387075,2022-11-12T14:16:27.075,839.520,0.854,-0.305,-0.030
1668255387115,2022-11-12T14:16:27.115,839.560,0.915,-0.244,0.000
1668255387155,2022-11-12T14:16:27.155,839.600,0.884,-0.213,0.061
1668255387195,2022-11-12T14:16:27.195,839.640,0.762,-0.274,0.030
1668255387235,2022-11-12T14:16:27.235,839.680,0.701,-0.183,0.061
1668255387275,2022-11-12T14:16:27.275,839.720,1.006,-0.213,0.000
1668255387315,2022-11-12T14:16:27.315,839.760,0.854,-0.213,0.091
1668255387355,2022-11-12T14:16:27.355,839.800,0.640,-0.183,0.091
1668255387395,2022-11-12T14:16:27.395,839.840,0.854,-0.152,-0.030
1668255387435,2022-11-12T14:16:27.435,839.880,0.854,-0.152,0.030
1668255387475,2022-11-12T14:16:27.475,839.920,0.884,-0.305,0.061
1668255387515,2022-11-12T14:16:27.515,839.960,0.823,-0.305,-0.030
1668255387555,2022-11-12T14:16:27.555,840.000,0.762,-0.244,0.061
1668255387595,2022-11-12T14:16:27.595,840.040,0.854,-0.183,0.061
1668255387635,2022-11-12T14:16:27.635,840.080,0.915,-0.274,0.000
1668255387675,2022-11-12T14:16:27.675,840.120,0.793,-0.244,0.061
1668255387715,2022-11-12T14:16:27.715,840.160,0.976,-0.152,0.000
1668255387755,2022-11-12T14:16:27.755,840.200,0.945,-0.213,0.061
1668255387795,2022-11-12T14:16:27.795,840.240,1.006,-0.244,-0.061
1668255387835,2022-11-12T14:16:27.835,840.280,0.854,-0.213,0.000
1668255387875,2022-11-12T14:16:27.875,840.320,0.884,-0.152,0.091
1668255387915,2022-11-12T14:16:27.915,840.360,0.915,-0.152,0.061
1668255387955,2022-11-12T14:16:27.955,840.400,0.823,-0.213,-0.030
1668255387995,2022-11-12T14:16:27.995,840.440,0.945,-0.244,-0.061
1668255388035,2022-11-12T14:16:28.035,840.480,0.915,-0.183,-0.061
1668255388075,2022-11-12T14:16:28.075,840.520,0.915,-0.183,-0.122
1668255388115,2022-11-12T14:16:28.115,840.560,0.915,-0.152,-0.091
1668255388155,2022-11-12T14:16:28.155,840.600,0.732,-0.213,0.061
1668255388195,2022-11-12T14:16:28.195,840.640,0.701,-0.335,-0.030
1668255388235,2022-11-12T14:16:28.235,840.680,0.793,-0.183,-0.061
1668255388275,2022-11-12T14:16:28.275,840.720,0.884,-0.091,0.000
1668255388315,2022-11-12T14:16:28.315,840.760,0.915,-0.152,-0.030
1668255388355,2022-11-12T14:16:28.355,840.800,0.854,-0.244,0.000
1668255388395,2022-11-12T14:16:28.395,840.840,0.762,-0.122,0.000
1668255388435,2022-11-12T14:16:28.435,840.880,0.884,-0.213,0.000
1668255388475,2022-11-12T14:16:28.475,840.920,0.945,-0.244,-0.030
1668255388515,2022-11-12T14:16:28.515,840.960,0.884,-0.213,0.030
1668255388555,2022-11-12T14:16:28.555,841.000,0.884,-0.183,0.183
1668255388595,2022-11-12T14:16:28.595,841.040,0.579,-0.183,0.244
1668255388635,2022-11-12T14:16:28.635,841.080,0.854,-0.244,0.000
1668255388675,2022-11-12T14:16:28.675,841.120,1.067,-0.183,-0.152
1668255388715,2022-11-12T14:16:28.715,841.160,0.732,-0.183,0.030
1668255388755,2022-11-12T14:16:28.755,841.200,0.640,-0.061,-0.030
1668255388795,2022-11-12T14:16:28.795,841.240,0.976,-0.122,-0.183
1668255388835,2022-11-12T14:16:28.835,841.280,0.671,-0.183,0.000
1668255388875,2022-11-12T14:16:28.875,841.320,0.610,-0.335,-0.061
1668255388915,2022-11-12T14:16:28.915,841.360,0.793,-0.152,-0.030
1668255388955,2022-11-12T14:16:28.955,841.400,0.732,-0.152,0.030
1668255388995,2022-11-12T14:16:28.995,841.440,0.854,-0.244,-0.061
1668255389035,2022-11-12T14:16:29.035,841.480,0.793,-0.122,-0.030
1668255389075,2022-11-12T14:16:29.075,841.520,0.793,-0.152,-0.030
1668255389115,2022-11-12T14:16:29.115,841.560,0.854,-0.183,0.030
1668255389155,2022-11-12T14:16:29.155,841.600,0.915,-0.213,-0.061
1668255389195,2022-11-12T14:16:29.195,841.640,0.793,-0.183,-0.061
1668255389235,2022-11-12T14:16:29.235,841.680,0.793,-0.244,0.030
1668255389275,2022-11-12T14:16:29.275,841.720,0.884,-0.152,-0.030
1668255389315,2022-11-12T14:16:29.315,841.760,0.732,-0.152,0.030
1668255389355,2022-11-12T14:16:29.355,841.800,0.915,-0.213,-0.030
1668255389395,2022-11-12T14:16:29.395,841.840,0.762,-0.183,0.030
1668255389435,2022-11-12T14:16:29.435,841.880,0.823,-0.183,0.000
1668255389475,2022-11-12T14:16:29.475,841.920,0.854,-0.183,0.000
1668255389515,2022-11-12T14:16:29.515,841.960,0.976,-0.183,-0.091
1668255389555,2022-11-12T14:16:29.555,842.000,0.854,-0.122,-0.061
1668255389595,2022-11-12T14:16:29.595,842.040,0.640,-0.305,0.091
1668255389635,2022-11-12T14:16:29.635,842.080,0.762,-0.335,-0.122
1668255389675,2022-11-12T14:16:29.675,842.120,0.762,-0.152,0.000
1668255389715,2022-11-12T14:16:29.715,842.160,0.854,-0.152,0.030
1668255389755,2022-11-12T14:16:29.755,842.200,0.793,-0.183,0.000
1668255389795,2022-11-12T14:16:29.795,842.240,0.671,-0.244,0.000
1668255389835,2022-11-12T14:16:29.835,842.280,0.823,-0.152,-0.030
1668255389875,2022-11-12T14:16:29.875,842.320,0.884,-0.183,0.030
1668255389915,2022-11-12T14:16:29.915,842.360,0.854,-0.213,0.000
1668255389955,2022-11-12T14:16:29.955,842.400,0.793,-0.213,0.000
1668255389995,2022-11-12T14:16:29.995,842.440,0.854,-0.183,0.061
1668255390035,2022-11-12T14:16:30.035,842.480,0.762,-0.091,0.061
1668255390075,2022-11-12T14:16:30.075,842.520,0.671,-0.244,0.000
1668255390115,2022-11-12T14:16:30.115,842.560,0.793,-0.274,0.000
1668255390155,2022-11-12T14:16:30.155,842.600,0.701,-0.183,0.091
1668255390195,2022-11-12T14:16:30.195,842.640,0.762,-0.183,0.000
1668255390235,2022-11-12T14:16:30.235,842.680,0.945,-0.213,-0.091
1668255390275,2022-11-12T14:16:30.275,842.720,0.823,-0.183,0.061
1668255390315,2022-11-12T14:16:30.315,842.760,0.884,-0.213,0.030
1668255390355,2022-11-12T14:16:30.355,842.800,0.945,-0.244,0.000
1668255390395,2022-11-12T14:16:30.395,842.840,0.884,-0.213,-0.061
1668255390435,2022-11-12T14:16:30.435,842.880,1.098,-0.152,-0.091
1668255390475,2022-11-12T14:16:30.475,842.920,0.884,-0.244,0.061
1668255390515,2022-11-12T14:16:30.515,842.960,1.037,-0.457,-0.061
1668255390555,2022-11-12T14:16:30.555,843.000,1.128,-0.305,-0.091
1668255390595,2022-11-12T14:16:30.595,843.040,0.915,-0.244,0.030
1668255390635,2022-11-12T14:16:30.635,843.080,0.915,-0.122,0.061
1668255390675,2022-11-12T14:16:30.675,843.120,0.854,-0.244,0.061
1668255390715,2022-11-12T14:16:30.715,843.160,0.701,-0.213,0.091
1668255390755,2022-11-12T14:16:30.755,843.200,0.701,-0.152,0.061
1668255390795,2022-11-12T14:16:30.795,843.240,0.732,-0.274,0.122
1668255390835,2022-11-12T14:16:30.835,843.280,0.915,-0.244,0.061
1668255390875,2022-11-12T14:16:30.875,843.320,0.854,-0.183,0.122
1668255390915,2022-11-12T14:16:30.915,843.360,0.854,-0.244,0.152
1668255390955,2022-11-12T14:16:30.955,843.400,0.976,-0.244,-0.030
1668255390995,2022-11-12T14:16:30.995,843.440,0.854,-0.213,-0.030
1668255391035,2022-11-12T14:16:31.035,843.480,0.762,-0.183,0.091
1668255391075,2022-11-12T14:16:31.075,843.520,1.067,-0.274,0.000
1668255391115,2022-11-12T14:16:31.115,843.560,0.945,-0.274,0.030
1668255391155,2022-11-12T14:16:31.155,843.600,0.701,-0.274,0.152
1668255391195,2022-11-12T14:16:31.195,843.640,0.976,-0.183,0.061
1668255391235,2022-11-12T14:16:31.235,843.680,1.128,-0.213,-0.152
1668255391275,2022-11-12T14:16:31.275,843.720,0.945,-0.274,0.000
1668255391315,2022-11-12T14:16:31.315,843.760,0.640,-0.366,0.183
1668255391355,2022-11-12T14:16:31.355,843.800,0.671,-0.335,0.061
1668255391395,2022-11-12T14:16:31.395,843.840,0.762,-0.244,-0.061
1668255391435,2022-11-12T14:16:31.435,843.880,0.976,-0.183,-0.244
1668255391475,2022-11-12T14:16:31.475,843.920,0.915,-0.183,-0.030
1668255391515,2022-11-12T14:16:31.515,843.960,1.037,-0.213,0.000
1668255391555,2022-11-12T14:16:31.555,844.000,1.037,-0.061,-0.061
1668255391595,2022-11-12T14:16:31.595,844.040,0.976,-0.244,0.000
1668255391635,2022-11-12T14:16:31.635,844.080,1.280,-0.152,-0.030
1668255391675,2022-11-12T14:16:31.675,844.120,0.976,-0.122,0.000
1668255391715,2022-11-12T14:16:31.715,844.160,0.823,-0.213,0.061
1668255391755,2022-11-12T14:16:31.755,844.200,0.793,-0.061,0.030
1668255391795,2022-11-12T14:16:31.795,844.240,0.732,-0.152,-0.061
1668255391835,2022-11-12T14:16:31.835,844.280,0.762,-0.152,0.000
1668255391875,2022-11-12T14:16:31.875,844.320,0.884,-0.122,-0.061
1668255391915,2022-11-12T14:16:31.915,844.360,0.762,-0.122,0.000
1668255391955,2022-11-12T14:16:31.955,844.400,0.823,-0.122,-0.030
1668255391995,2022-11-12T14:16:31.995,844.440,0.915,-0.122,0.000
1668255392035,2022-11-12T14:16:32.035,844.480,0.701,-0.274,-0.030
1668255392075,2022-11-12T14:16:32.075,844.520,0.518,-0.335,-0.152
1668255392115,2022-11-12T14:16:32.115,844.560,0.671,-0.183,-0.091
1668255392155,2022-11-12T14:16:32.155,844.600,0.945,-0.091,-0.244
1668255392195,2022-11-12T14:16:32.195,844.640,0.427,-0.183,-0.091
1668255392235,2022-11-12T14:16:32.235,844.680,0.732,-0.244,-0.030
1668255392275,2022-11-12T14:16:32.275,844.720,1.067,-0.061,-0.030
1668255392315,2022-11-12T14:16:32.315,844.760,0.793,-0.183,0.061
1668255392355,2022-11-12T14:16:32.355,844.800,0.976,-0.152,0.000
1668255392395,2022-11-12T14:16:32.395,844.840,0.945,-0.091,0.091
1668255392435,2022-11-12T14:16:32.435,844.880,0.762,-0.061,0.122
1668255392475,2022-11-12T14:16:32.475,844.920,0.762,-0.183,-0.061
1668255392515,2022-11-12T14:16:32.515,844.960,0.915,-0.244,-0.061
1668255392555,2022-11-12T14:16:32.555,845.000,0.823,-0.183,0.030
1668255392595,2022-11-12T14:16:32.595,845.040,0.884,-0.152,0.000
1668255392635,2022-11-12T14:16:32.635,845.080,0.793,-0.152,-0.030
1668255392675,2022-11-12T14:16:32.675,845.120,0.793,-0.091,-0.061
1668255392715,2022-11-12T14:16:32.715,845.160,0.762,-0.213,0.061
1668255392755,2022-11-12T14:16:32.755,845.200,0.701,-0.335,0.030
1668255392795,2022-11-12T14:16:32.795,845.240,0.823,-0.183,-0.061
1668255392835,2022-11-12T14:16:32.835,845.280,0.671,-0.122,0.091
1668255392875,2022-11-12T14:16:32.875,845.320,0.793,-0.122,-0.030
1668255392915,2022-11-12T14:16:32.915,845.360,0.732,-0.213,0.030
1668255392955,2022-11-12T14:16:32.955,845.400,0.823,-0.183,0.000
1668255392995,2022-11-12T14:16:32.995,845.440,0.915,-0.152,-0.091
1668255393035,2022-11-12T14:16:33.035,845.480,0.671,-0.213,0.030
1668255393075,2022-11-12T14:16:33.075,845.520,0.976,-0.244,-0.061
1668255393115,2022-11-12T14:16:33.115,845.560,0.854,-0.152,0.000
1668255393155,2022-11-12T14:16:33.155,845.600,0.579,-0.183,0.030
1668255393195,2022-11-12T14:16:33.195,845.640,0.915,-0.213,-0.061
1668255393235,2022-11-12T14:16:33.235,845.680,0.823,-0.183,0.000
1668255393275,2022-11-12T14:16:33.275,845.720,0.823,-0.152,0.030
1668255393315,2022-11-12T14:16:33.315,845.760,0.762,-0.244,0.030
1668255393355,2022-11-12T14:16:33.355,845.800,0.884,-0.152,0.000
1668255393395,2022-11-12T14:16:33.395,845.840,0.976,-0.061,-0.091
1668255393435,2022-11-12T14:16:33.435,845.880,0.884,-0.213,-0.091
1668255393475,2022-11-12T14:16:33.475,845.920,0.732,-0.152,0.091
1668255393515,2022-11-12T14:16:33.515,845.960,0.671,-0.335,-0.030
1668255393555,2022-11-12T14:16:33.555,846.000,0.762,-0.244,-0.030
1668255393595,2022-11-12T14:16:33.595,846.040,0.854,-0.152,0.000
1668255393635,2022-11-12T14:16:33.635,846.080,0.915,-0.213,0.000
1668255393675,2022-11-12T14:16:33.675,846.120,0.793,-0.244,0.030
1668255393715,2022-11-12T14:16:33.715,846.160,0.884,-0.152,-0.030
1668255393755,2022-11-12T14:16:33.755,846.200,0.854,-0.091,0.000
1668255393795,2022-11-12T14:16:33.795,846.240,0.884,-0.183,0.000
1668255393835,2022-11-12T14:16:33.835,846.280,0.976,-0.244,-0.061
1668255393875,2022-11-12T14:16:33.875,846.320,0.793,-0.183,0.030
1668255393915,2022-11-12T14:16:33.915,846.360,0.671,-0.183,0.030
1668255393955,2022-11-12T14:16:33.955,846.400,0.732,-0.244,-0.030
1668255393995,2022-11-12T14:16:33.995,846.440,0.854,-0.213,-0.061
1668255394035,2022-11-12T14:16:34.035,846.480,0.793,-0.183,0.030
1668255394075,2022-11-12T14:16:34.075,846.520,0.793,-0.183,0.030
1668255394115,2022-11-12T14:16:34.115,846.560,0.884,-0.183,-0.061
1668255394155,2022-11-12T14:16:34.155,846.600,0.823,-0.213,0.030
1668255394195,2022-11-12T14:16:34.195,846.640,0.762,-0.213,0.061
1668255394235,2022-11-12T14:16:34.235,846.680,0.976,-0.213,-0.122
1668255394275,2022-11-12T14:16:34.275,846.720,0.732,-0.152,0.000
1668255394315,2022-11-12T14:16:34.315,846.760,0.549,-0.396,0.061
1668255394355,2022-11-12T14:16:34.355,846.800,0.915,-0.427,-0.091
1668255394395,2022-11-12T14:16:34.395,846.840,0.701,-0.091,0.030
1668255394435,2022-11-12T14:16:34.435,846.880,0.762,-0.213,-0.061
1668255394475,2022-11-12T14:16:34.475,846.920,0.823,-0.274,0.000
1668255394515,2022-11-12T14:16:34.515,846.960,0.640,-0.274,0.091
1668255394555,2022-11-12T14:16:34.555,847.000,0.976,-0.213,-0.030
1668255394595,2022-11-12T14:16:34.595,847.040,0.823,-0.274,0.030
1668255394635,2022-11-12T14:16:34.635,847.080,0.976,-0.244,-0.061
1668255394675,2022-11-12T14:16:34.675,847.120,0.884,-0.183,0.000
1668255394715,2022-11-12T14:16:34.715,847.160,0.671,-0.274,0.061
1668255394755,2022-11-12T14:16:34.755,847.200,0.793,-0.152,0.030
1668255394795,2022-11-12T14:16:34.795,847.240,0.762,-0.183,0.000
1668255394835,2022-11-12T14:16:34.835,847.280,0.884,-0.244,0.000
1668255394875,2022-11-12T14:16:34.875,847.320,0.854,-0.244,0.061
1668255394915,2022-11-12T14:16:34.915,847.360,0.793,-0.244,0.091
1668255394955,2022-11-12T14:16:34.955,847.400,0.945,-0.152,0.030
1668255394995,2022-11-12T14:16:34.995,847.440,0.945,-0.183,-0.030
1668255395035,2022-11-12T14:16:35.035,847.480,0.976,-0.244,-0.030
1668255395075,2022-11-12T14:16:35.075,847.520,0.823,-0.152,0.030
1668255395115,2022-11-12T14:16:35.115,847.560,0.701,-0.366,0.030
1668255395155,2022-11-12T14:16:35.155,847.600,0.701,-0.488,-0.091
1668255395195,2022-11-12T14:16:35.195,847.640,0.579,-0.244,0.061
1668255395235,2022-11-12T14:16:35.235,847.680,0.640,-0.122,0.091
1668255395275,2022-11-12T14:16:35.275,847.720,0.610,-0.152,0.122
1668255395315,2022-11-12T14:16:35.315,847.760,0.793,-0.213,0.091
1668255395355,2022-11-12T14:16:35.355,847.800,1.098,-0.122,-0.030
1668255395395,2022-11-12T14:16:35.395,847.840,0.976,-0.244,0.091
1668255395435,2022-11-12T14:16:35.435,847.880,1.220,-0.366,-0.122
1668255395475,2022-11-12T14:16:35.475,847.920,1.098,-0.244,-0.061
1668255395515,2022-11-12T14:16:35.515,847.960,0.915,-0.244,0.122
1668255395555,2022-11-12T14:16:35.555,848.000,1.006,-0.061,0.030
1668255395595,2022-11-12T14:16:35.595,848.040,0.976,-0.213,0.000
1668255395635,2022-11-12T14:16:35.635,848.080,0.915,-0.274,0.000
1668255395675,2022-11-12T14:16:35.675,848.120,1.037,-0.122,-0.061
1668255395715,2022-11-12T14:16:35.715,848.160,0.976,-0.183,0.000
1668255395755,2022-11-12T14:16:35.755,848.200,0.793,-0.122,-0.030
1668255395795,2022-11-12T14:16:35.795,848.240,0.793,-0.122,-0.061
1668255395835,2022-11-12T14:16:35.835,848.280,0.854,-0.244,0.061
1668255395875,2022-11-12T14:16:35.875,848.320,0.884,-0.335,-0.091
1668255395915,2022-11-12T14:16:35.915,848.360,0.671,-0.152,0.030
1668255395955,2022-11-12T14:16:35.955,848.400,1.037,-0.122,-0.091
1668255395995,2022-11-12T14:16:35.995,848.440,0.915,-0.122,-0.091
1668255396035,2022-11-12T14:16:36.035,848.480,0.427,-0.183,-0.030
1668255396075,2022-11-12T14:16:36.075,848.520,0.671,-0.091,-0.061
1668255396115,2022-11-12T14:16:36.115,848.560,0.823,-0.122,0.000
1668255396155,2022-11-12T14:16:36.155,848.600,0.854,-0.152,-0.091
1668255396195,2022-11-12T14:16:36.195,848.640,0.854,-0.122,-0.030
1668255396235,2022-11-12T14:16:36.235,848.680,0.762,-0.152,0.122
1668255396275,2022-11-12T14:16:36.275,848.720,0.854,-0.213,-0.030
1668255396315,2022-11-12T14:16:36.315,848.760,0.945,-0.213,-0.061
1668255396355,2022-11-12T14:16:36.355,848.800,1.006,-0.152,-0.030
1668255396395,2022-11-12T14:16:36.395,848.840,0.793,-0.213,0.122
1668255396435,2022-11-12T14:16:36.435,848.880,0.732,-0.152,0.061
1668255396475,2022-11-12T14:16:36.475,848.920,1.159,-0.091,-0.061
1668255396515,2022-11-12T14:16:36.515,848.960,1.037,-0.122,0.000
1668255396555,2022-11-12T14:16:36.555,849.000,0.762,-0.366,0.000
1668255396595,2022-11-12T14:16:36.595,849.040,0.701,-0.335,0.030
1668255396635,2022-11-12T14:16:36.635,849.080,0.915,-0.091,-0.030
1668255396675,2022-11-12T14:16:36.675,849.120,0.884,-0.183,0.000
1668255396715,2022-11-12T14:16:36.715,849.160,0.732,-0.213,0.030
1668255396755,2022-11-12T14:16:36.755,849.200,0.732,-0.122,0.000
1668255396795,2022-11-12T14:16:36.795,849.240,0.793,-0.122,-0.030
1668255396835,2022-11-12T14:16:36.835,849.280,0.762,-0.213,0.000
1668255396875,2022-11-12T14:16:36.875,849.320,0.854,-0.152,-0.122
1668255396915,2022-11-12T14:16:36.915,849.360,0.671,-0.183,-0.091
1668255396955,2022-11-12T14:16:36.955,849.400,0.610,-0.274,0.000
1668255396995,2022-11-12T14:16:36.995,849.440,0.945,-0.122,0.000
1668255397035,2022-11-12T14:16:37.035,849.480,0.976,-0.183,0.061
1668255397075,2022-11-12T14:16:37.075,849.520,0.854,-0.183,0.030
1668255397115,2022-11-12T14:16:37.115,849.560,0.976,-0.213,-0.061
1668255397155,2022-11-12T14:16:37.155,849.600,0.884,-0.213,0.030
1668255397195,2022-11-12T14:16:37.195,849.640,0.823,-0.183,-0.061
1668255397235,2022-11-12T14:16:37.235,849.680,0.854,-0.213,0.000
1668255397275,2022-11-12T14:16:37.275,849.720,0.823,-0.305,0.152
1668255397315,2022-11-12T14:16:37.315,849.760,0.884,-0.244,-0.061
1668255397355,2022-11-12T14:16:37.355,849.800,0.854,-0.244,-0.061
1668255397395,2022-11-12T14:16:37.395,849.840,0.762,-0.152,0.000
1668255397435,2022-11-12T14:16:37.435,849.880,0.762,-0.213,-0.030
1668255397475,2022-11-12T14:16:37.475,849.920,0.701,-0.213,0.030
1668255397515,2022-11-12T14:16:37.515,849.960,0.854,-0.183,-0.061
1668255397555,2022-11-12T14:16:37.555,850.000,0.793,-0.152,0.000
1668255397595,2022-11-12T14:16:37.595,850.040,0.915,-0.244,-0.091
1668255397635,2022-11-12T14:16:37.635,850.080,0.823,-0.152,-0.030
1668255397675,2022-11-12T14:16:37.675,850.120,0.762,-0.152,0.061
1668255397715,2022-11-12T14:16:37.715,850.160,0.884,-0.183,-0.030
1668255397755,2022-11-12T14:16:37.755,850.200,0.915,-0.183,-0.061
1668255397795,2022-11-12T14:16:37.795,850.240,0.976,-0.183,0.000
1668255397835,2022-11-12T14:16:37.835,850.280,0.793,-0.152,0.030
1668255397875,2022-11-12T14:16:37.875,850.320,0.854,-0.244,0.000
1668255397915,2022-11-12T14:16:37.915,850.360,0.884,-0.183,0.030
1668255397955,2022-11-12T14:16:37.955,850.400,0.793,-0.152,0.000
1668255397995,2022-11-12T14:16:37.995,850.440,0.884,-0.122,-0.061
1668255398035,2022-11-12T14:16:38.035,850.480,0.823,-0.274,0.061
1668255398075,2022-11-12T14:16:38.075,850.520,0.701,-0.274,0.030
1668255398115,2022-11-12T14:16:38.115,850.560,0.854,-0.213,0.000
1668255398155,2022-11-12T14:16:38.155,850.600,0.884,-0.152,0.061
1668255398195,2022-11-12T14:16:38.195,850.640,0.884,-0.152,0.030
1668255398235,2022-11-12T14:16:38.235,850.680,0.762,-0.305,0.030
1668255398275,2022-11-12T14:16:38.275,850.720,0.823,-0.152,0.000
1668255398315,2022-11-12T14:16:38.315,850.760,0.854,-0.183,0.030
1668255398355,2022-11-12T14:16:38.355,850.800,0.823,-0.274,0.000
1668255398395,2022-11-12T14:16:38.395,850.840,0.915,-0.183,-0.030
1668255398435,2022-11-12T14:16:38.435,850.880,0.732,-0.152,0.091
1668255398475,2022-11-12T14:16:38.475,850.920,0.793,-0.244,-0.030
1668255398515,2022-11-12T14:16:38.515,850.960,0.915,-0.213,-0.030
1668255398555,2022-11-12T14:16:38.555,851.000,0.915,-0.152,0.030
1668255398595,2022-11-12T14:16:38.595,851.040,0.823,-0.244,0.061
1668255398635,2022-11-12T14:16:38.635,851.080,0.732,-0.213,0.061
1668255398675,2022-11-12T14:16:38.675,851.120,0.854,-0.213,0.030
1668255398715,2022-11-12T14:16:38.715,851.160,0.793,-0.183,0.030
1668255398755,2022-11-12T14:16:38.755,851.200,0.884,-0.213,-0.030
1668255398795,2022-11-12T14:16:38.795,851.240,0.854,-0.122,0.000
1668255398835,2022-11-12T14:16:38.835,851.280,0.671,-0.274,0.122
1668255398875,2022-11-12T14:16:38.875,851.320,0.915,-0.335,-0.061
1668255398915,2022-11-12T14:16:38.915,851.360,0.854,-0.152,0.000
1668255398955,2022-11-12T14:16:38.955,851.400,0.793,-0.213,0.000
1668255398995,2022-11-12T14:16:38.995,851.440,0.915,-0.213,0.000
1668255399035,2022-11-12T14:16:39.035,851.480,0.823,-0.213,0.091
1668255399075,2022-11-12T14:16:39.075,851.520,0.854,-0.152,0.030
1668255399115,2022-11-12T14:16:39.115,851.560,0.823,-0.244,0.061
1668255399155,2022-11-12T14:16:39.155,851.600,0.915,-0.213,0.000
1668255399195,2022-11-12T14:16:39.195,851.640,0.884,-0.213,-0.030
1668255399235,2022-11-12T14:16:39.235,851.680,0.762,-0.152,0.061
1668255399275,2022-11-12T14:16:39.275,851.720,0.823,-0.152,0.091
1668255399315,2022-11-12T14:16:39.315,851.760,0.945,-0.213,-0.030
1668255399355,2022-11-12T14:16:39.355,851.800,0.884,-0.244,-0.030
1668255399395,2022-11-12T14:16:39.395,851.840,0.854,-0.244,0.061
1668255399435,2022-11-12T14:16:39.435,851.880,0.915,-0.244,0.000
1668255399475,2022-11-12T14:16:39.475,851.920,0.854,-0.152,0.000
1668255399515,2022-11-12T14:16:39.515,851.960,0.823,-0.152,-0.030
1668255399555,2022-11-12T14:16:39.555,852.000,0.915,-0.183,0.030
1668255399595,2022-11-12T14:16:39.595,852.040,0.884,-0.335,-0.030
1668255399635,2022-11-12T14:16:39.635,852.080,0.823,-0.274,-0.061
1668255399675,2022-11-12T14:16:39.675,852.120,0.945,-0.061,0.000
1668255399715,2022-11-12T14:16:39.715,852.160,0.915,-0.122,-0.030
1668255399755,2022-11-12T14:16:39.755,852.200,0.671,-0.152,0.030
1668255399795,2022-11-12T14:16:39.795,852.240,0.854,-0.091,-0.061
1668255399835,2022-11-12T14:16:39.835,852.280,0.793,-0.061,0.030
1668255399875,2022-11-12T14:16:39.875,852.320,0.793,-0.213,0.000
1668255399915,2022-11-12T14:16:39.915,852.360,0.945,-0.152,-0.061
1668255399955,2022-11-12T14:16:39.955,852.400,0.701,-0.183,0.061
1668255399995,2022-11-12T14:16:39.995,852.440,0.762,-0.213,0.061
1668255400035,2022-11-12T14:16:40.035,852.480,1.616,-0.244,-0.213
1668255400075,2022-11-12T14:16:40.075,852.520,2.927,-0.701,-0.579
1668255400115,2022-11-12T14:16:40.115,852.560,1.372,-0.427,-0.030
1668255400155,2022-11-12T14:16:40.155,852.600,0.549,-0.122,0.091
1668255400195,2022-11-12T14:16:40.195,852.640,0.305,-0.061,0.122
1668255400235,2022-11-12T14:16:40.235,852.680,0.213,-0.030,0.061
1668255400275,2022-11-12T14:16:40.275,852.720,0.335,0.030,0.122
1668255400315,2022-11-12T14:16:40.315,852.760,0.488,-0.244,0.030
1668255400355,2022-11-12T14:16:40.355,852.800,0.549,-0.305,-0.030
1668255400395,2022-11-12T14:16:40.395,852.840,0.518,-0.152,0.122
1668255400435,2022-11-12T14:16:40.435,852.880,0.732,-0.091,0.030
1668255400475,2022-11-12T14:16:40.475,852.920,0.671,-0.091,0.091
1668255400515,2022-11-12T14:16:40.515,852.960,0.732,-0.122,0.030
1668255400555,2022-11-12T14:16:40.555,853.000,0.823,-0.152,-0.061
1668255400595,2022-11-12T14:16:40.595,853.040,0.793,-0.244,0.000
1668255400635,2022-11-12T14:16:40.635,853.080,1.006,-0.183,-0.091
1668255400675,2022-11-12T14:16:40.675,853.120,0.793,-0.183,0.061
1668255400715,2022-11-12T14:16:40.715,853.160,0.793,-0.122,0.122
1668255400755,2022-11-12T14:16:40.755,853.200,0.793,-0.122,0.000
1668255400795,2022-11-12T14:16:40.795,853.240,0.915,-0.213,-0.061
1668255400835,2022-11-12T14:16:40.835,853.280,0.884,-0.183,0.000
1668255400875,2022-11-12T14:16:40.875,853.320,0.823,-0.152,-0.030
1668255400915,2022-11-12T14:16:40.915,853.360,0.762,-0.183,0.000
1668255400955,2022-11-12T14:16:40.955,853.400,0.823,-0.152,0.030
1668255400995,2022-11-12T14:16:40.995,853.440,0.945,-0.122,-0.061
1668255401035,2022-11-12T14:16:41.035,853.480,0.793,-0.122,0.000
1668255401075,2022-11-12T14:16:41.075,853.520,0.701,-0.366,0.030
1668255401115,2022-11-12T14:16:41.115,853.560,0.823,-0.274,-0.061
1668255401155,2022-11-12T14:16:41.155,853.600,0.884,-0.122,0.000
1668255401195,2022-11-12T14:16:41.195,853.640,0.945,-0.183,-0.030
1668255401235,2022-11-12T14:16:41.235,853.680,0.823,-0.183,0.030
1668255401275,2022-11-12T14:16:41.275,853.720,0.915,-0.183,0.000
1668255401315,2022-11-12T14:16:41.315,853.760,1.037,-0.122,-0.091
1668255401355,2022-11-12T14:16:41.355,853.800,0.732,-0.213,0.000
1668255401395,2022-11-12T14:16:41.395,853.840,0.854,-0.183,-0.030
1668255401435,2022-11-12T14:16:41.435,853.880,0.854,-0.183,0.030
1668255401475,2022-11-12T14:16:41.475,853.920,0.732,-0.244,0.061
1668255401515,2022-11-12T14:16:41.515,853.960,0.884,-0.213,0.030
1668255401555,2022-11-12T14:16:41.555,854.000,0.976,-0.152,-0.030
1668255401595,2022-11-12T14:16:41.595,854.040,0.854,-0.152,0.000
1668255401635,2022-11-12T14:16:41.635,854.080,0.732,-0.152,0.030
1668255401675,2022-11-12T14:16:41.675,854.120,0.823,-0.213,-0.061
1668255401715,2022-11-12T14:16:41.715,854.160,0.823,-0.183,0.000
1668255401755,2022-11-12T14:16:41.755,854.200,0.884,-0.183,0.000
1668255401795,2022-11-12T14:16:41.795,854.240,0.854,-0.213,0.000
1668255401835,2022-11-12T14:16:41.835,854.280,0.762,-0.183,0.030
1668255401875,2022-11-12T14:16:41.875,854.320,0.732,-0.305,-0.030
1668255401915,2022-11-12T14:16:41.915,854.360,0.701,-0.335,-0.152
1668255401955,2022-11-12T14:16:41.955,854.400,0.823,-0.213,-0.030
1668255401995,2022-11-12T14:16:41.995,854.440,0.854,-0.061,0.000
1668255402035,2022-11-12T14:16:42.035,854.480,0.915,-0.213,0.000
1668255402075,2022-11-12T14:16:42.075,854.520,0.701,-0.244,0.183
1668255402115,2022-11-12T14:16:42.115,854.560,0.945,-0.152,0.000
1668255402155,2022-11-12T14:16:42.155,854.600,0.884,-0.183,0.000
1668255402195,2022-11-12T14:16:42.195,854.640,0.884,-0.274,-0.061
1668255402235,2022-11-12T14:16:42.235,854.680,0.823,-0.183,0.061
1668255402275,2022-11-12T14:16:42.275,854.720,0.762,-0.152,0.091
1668255402315,2022-11-12T14:16:42.315,854.760,0.732,-0.213,0.030
1668255402355,2022-11-12T14:16:42.355,854.800,0.823,-0.244,-0.030
1668255402395,2022-11-12T14:16:42.395,854.840,0.823,-0.183,0.000
1668255402435,2022-11-12T14:16:42.435,854.880,0.854,-0.183,-0.091
1668255402475,2022-11-12T14:16:42.475,854.920,0.640,-0.213,-0.152
1668255402515,2022-11-12T14:16:42.515,854.960,0.762,-0.305,-0.152
1668255402555,2022-11-12T14:16:42.555,855.000,0.915,-0.274,0.000
1668255402595,2022-11-12T14:16:42.595,855.040,0.823,-0.244,0.061
1668255402635,2022-11-12T14:16:42.635,855.080,0.701,-0.152,0.061
1668255402675,2022-11-12T14:16:42.675,855.120,0.884,-0.305,0.091
1668255402715,2022-11-12T14:16:42.715,855.160,0.854,-0.335,0.030
1668255402755,2022-11-12T14:16:42.755,855.200,0.762,-0.244,0.061
1668255402795,2022-11-12T14:16:42.795,855.240,0.884,-0.213,0.061
1668255402835,2022-11-12T14:16:42.835,855.280,1.006,-0.305,0.030
1668255402875,2022-11-12T14:16:42.875,855.320,0.762,-0.213,0.091
1668255402915,2022-11-12T14:16:42.915,855.360,0.671,-0.152,-0.030
1668255402955,2022-11-12T14:16:42.955,855.400,0.671,-0.152,0.091
1668255402995,2022-11-12T14:16:42.995,855.440,0.915,-0.213,0.000
1668255403035,2022-11-12T14:16:43.035,855.480,0.793,-0.366,0.061
1668255403075,2022-11-12T14:16:43.075,855.520,0.854,-0.335,0.091
1668255403115,2022-11-12T14:16:43.115,855.560,1.067,-0.305,0.030
1668255403155,2022-11-12T14:16:43.155,855.600,0.823,-0.335,0.030
1668255403195,2022-11-12T14:16:43.195,855.640,0.762,-0.183,0.030
1668255403235,2022-11-12T14:16:43.235,855.680,1.006,-0.183,0.000
1668255403275,2022-11-12T14:16:43.275,855.720,1.037,-0.122,-0.061
1668255403315,2022-11-12T14:16:43.315,855.760,0.976,-0.213,-0.061
1668255403355,2022-11-12T14:16:43.355,855.800,0.884,-0.183,-0.030
1668255403395,2022-11-12T14:16:43.395,855.840,0.945,-0.030,0.030
1668255403435,2022-11-12T14:16:43.435,855.880,0.732,-0.305,0.030
1668255403475,2022-11-12T14:16:43.475,855.920,0.762,-0.396,-0.061
1668255403515,2022-11-12T14:16:43.515,855.960,0.762,-0.061,0.030
1668255403555,2022-11-12T14:16:43.555,856.000,0.762,-0.030,-0.030
1668255403595,2022-11-12T14:16:43.595,856.040,0.762,-0.091,-0.091
1668255403635,2022-11-12T14:16:43.635,856.080,0.762,-0.122,0.000
1668255403675,2022-11-12T14:16:43.675,856.120,0.823,-0.244,0.030
1668255403715,2022-11-12T14:16:43.715,856.160,0.823,-0.244,0.000
1668255403755,2022-11-12T14:16:43.755,856.200,1.037,-0.183,-0.061
1668255403795,2022-11-12T14:16:43.795,856.240,0.854,-0.183,0.030
1668255403835,2022-11-12T14:16:43.835,856.280,0.579,-0.274,0.091
1668255403875,2022-11-12T14:16:43.875,856.320,0.945,-0.305,0.000
1668255403915,2022-11-12T14:16:43.915,856.360,0.945,-0.213,-0.030
1668255403955,2022-11-12T14:16:43.955,856.400,0.671,-0.213,0.091
1668255403995,2022-11-12T14:16:43.995,856.440,0.854,-0.244,-0.061
1668255404035,2022-11-12T14:16:44.035,856.480,0.823,-0.183,0.000
1668255404075,2022-11-12T14:16:44.075,856.520,0.884,-0.152,-0.030
1668255404115,2022-11-12T14:16:44.115,856.560,0.884,-0.122,-0.030
1668255404155,2022-11-12T14:16:44.155,856.600,0.701,-0.274,0.061
1668255404195,2022-11-12T14:16:44.195,856.640,0.915,-0.366,-0.061
1668255404235,2022-11-12T14:16:44.235,856.680,0.854,-0.152,-0.030
1668255404275,2022-11-12T14:16:44.275,856.720,0.793,-0.122,-0.061
1668255404315,2022-11-12T14:16:44.315,856.760,0.945,-0.213,-0.061
1668255404355,2022-11-12T14:16:44.355,856.800,0.793,-0.244,0.061
1668255404395,2022-11-12T14:16:44.395,856.840,1.098,-0.122,-0.122
1668255404435,2022-11-12T14:16:44.435,856.880,0.823,-0.183,0.000
1668255404475,2022-11-12T14:16:44.475,856.920,0.854,-0.213,0.000
1668255404515,2022-11-12T14:16:44.515,856.960,0.976,-0.091,-0.030
1668255404555,2022-11-12T14:16:44.555,857.000,0.732,-0.213,0.030
1668255404595,2022-11-12T14:16:44.595,857.040,0.579,-0.305,0.061
1668255404635,2022-11-12T14:16:44.635,857.080,0.823,-0.213,-0.030
1668255404675,2022-11-12T14:16:44.675,857.120,0.915,-0.152,0.000
1668255404715,2022-11-12T14:16:44.715,857.160,0.793,-0.213,0.000
1668255404755,2022-11-12T14:16:44.755,857.200,0.915,-0.213,0.000
1668255404795,2022-11-12T14:16:44.795,857.240,0.762,-0.061,0.061
1668255404835,2022-11-12T14:16:44.835,857.280,0.823,-0.183,-0.091
1668255404875,2022-11-12T14:16:44.875,857.320,0.915,-0.213,-0.030
1668255404915,2022-11-12T14:16:44.915,857.360,0.793,-0.305,0.061
1668255404955,2022-11-12T14:16:44.955,857.400,0.793,-0.305,-0.061
1668255404995,2022-11-12T14:16:44.995,857.440,0.823,-0.152,0.000
1668255405035,2022-11-12T14:16:45.035,857.480,0.884,-0.213,0.000
1668255405075,2022-11-12T14:16:45.075,857.520,0.762,-0.152,0.000
1668255405115,2022-11-12T14:16:45.115,857.560,0.793,-0.152,0.030
1668255405155,2022-11-12T14:16:45.155,857.600,0.854,-0.122,-0.030
1668255405195,2022-11-12T14:16:45.195,857.640,0.854,-0.183,0.030
1668255405235,2022-11-12T14:16:45.235,857.680,0.915,-0.122,-0.091
1668255405275,2022-11-12T14:16:45.275,857.720,0.945,-0.213,-0.030
1668255405315,2022-11-12T14:16:45.315,857.760,0.884,-0.213,0.030
1668255405355,2022-11-12T14:16:45.355,857.800,0.884,-0.183,-0.061
1668255405395,2022-11-12T14:16:45.395,857.840,0.793,-0.122,-0.030
1668255405435,2022-11-12T14:16:45.435,857.880,0.945,-0.183,-0.030
1668255405475,2022-11-12T14:16:45.475,857.920,0.884,-0.213,0.000
1668255405515,2022-11-12T14:16:45.515,857.960,0.762,-0.183,-0.061
1668255405555,2022-11-12T14:16:45.555,858.000,0.884,-0.183,-0.030
1668255405595,2022-11-12T14:16:45.595,858.040,0.915,-0.122,-0.030
1668255405635,2022-11-12T14:16:45.635,858.080,0.915,-0.122,-0.061
1668255405675,2022-11-12T14:16:45.675,858.120,0.762,-0.183,0.091
1668255405715,2022-11-12T14:16:45.715,858.160,0.762,-0.366,-0.030
1668255405755,2022-11-12T14:16:45.755,858.200,0.793,-0.274,-0.061
1668255405795,2022-11-12T14:16:45.795,858.240,0.854,-0.122,0.030
1668255405835,2022-11-12T14:16:45.835,858.280,0.823,-0.183,-0.061
1668255405875,2022-11-12T14:16:45.875,858.320,0.732,-0.213,0.061
1668255405915,2022-11-12T14:16:45.915,858.360,0.793,-0.244,0.030
1668255405955,2022-11-12T14:16:45.955,858.400,1.006,-0.152,-0.030
1668255405995,2022-11-12T14:16:45.995,858.440,0.762,-0.152,0.030
1668255406035,2022-11-12T14:16:46.035,858.480,0.823,-0.183,-0.030
1668255406075,2022-11-12T14:16:46.075,858.520,0.823,-0.152,0.091
1668255406115,2022-11-12T14:16:46.115,858.560,0.793,-0.213,0.061
1668255406155,2022-11-12T14:16:46.155,858.600,0.915,-0.274,0.000
1668255406195,2022-11-12T14:16:46.195,858.640,1.006,-0.213,-0.061
1668255406235,2022-11-12T14:16:46.235,858.680,0.762,-0.183,0.061
1668255406275,2022-11-12T14:16:46.275,858.720,0.793,-0.244,-0.030
1668255406315,2022-11-12T14:16:46.315,858.760,0.854,-0.183,0.000
1668255406355,2022-11-12T14:16:46.355,858.800,0.823,-0.152,0.061
1668255406395,2022-11-12T14:16:46.395,858.840,0.762,-0.213,-0.030
1668255406435,2022-11-12T14:16:46.435,858.880,0.854,-0.152,-0.030
1668255406475,2022-11-12T14:16:46.475,858.920,0.701,-0.213,0.061
1668255406515,2022-11-12T14:16:46.515,858.960,0.732,-0.335,0.000
1668255406555,2022-11-12T14:16:46.555,859.000,0.793,-0.213,0.030
1668255406595,2022-11-12T14:16:46.595,859.040,0.854,-0.183,0.061
1668255406635,2022-11-12T14:16:46.635,859.080,0.854,-0.183,0.030
1668255406675,2022-11-12T14:16:46.675,859.120,0.823,-0.274,0.030
1668255406715,2022-11-12T14:16:46.715,859.160,0.884,-0.152,0.000
1668255406755,2022-11-12T14:16:46.755,859.200,0.945,-0.183,0.000
1668255406795,2022-11-12T14:16:46.795,859.240,0.884,-0.213,0.030
1668255406835,2022-11-12T14:16:46.835,859.280,0.854,-0.244,0.061
1668255406875,2022-11-12T14:16:46.875,859.320,0.884,-0.183,0.030
1668255406915,2022-11-12T14:16:46.915,859.360,0.823,-0.152,0.030
1668255406955,2022-11-12T14:16:46.955,859.400,0.854,-0.244,0.030
1668255406995,2022-11-12T14:16:46.995,859.440,0.945,-0.152,0.030
1668255407035,2022-11-12T14:16:47.035,859.480,0.945,-0.183,0.030
1668255407075,2022-11-12T14:16:47.075,859.520,0.915,-0.183,0.000
1668255407115,2022-11-12T14:16:47.115,859.560,0.823,-0.091,0.000
1668255407155,2022-11-12T14:16:47.155,859.600,0.854,-0.122,-0.061
1668255407195,2022-11-12T14:16:47.195,859.640,0.945,-0.152,0.000
1668255407235,2022-11-12T14:16:47.235,859.680,0.823,-0.274,0.000
1668255407275,2022-11-12T14:16:47.275,859.720,0.701,-0.274,0.000
1668255407315,2022-11-12T14:16:47.315,859.760,0.884,-0.091,0.030
1668255407355,2022-11-12T14:16:47.355,859.800,0.976,-0.152,-0.122
1668255407395,2022-11-12T14:16:47.395,859.840,0.732,-0.244,0.000
1668255407435,2022-11-12T14:16:47.435,859.880,0.793,-0.122,0.000
1668255407475,2022-11-12T14:16:47.475,859.920,0.915,-0.091,-0.061
1668255407515,2022-11-12T14:16:47.515,859.960,0.823,-0.244,0.000
1668255407555,2022-11-12T14:16:47.555,860.000,1.006,-0.183,-0.122
1668255407595,2022-11-12T14:16:47.595,860.040,0.793,-0.122,0.030
1668255407635,2022-11-12T14:16:47.635,860.080,0.732,-0.183,0.000
1668255407675,2022-11-12T14:16:47.675,860.120,0.823,-0.152,-0.061
1668255407715,2022-11-12T14:16:47.715,860.160,0.793,-0.152,-0.061
1668255407755,2022-11-12T14:16:47.755,860.200,0.854,-0.091,0.000
1668255407795,2022-11-12T14:16:47.795,860.240,0.854,-0.213,-0.061
1668255407835,2022-11-12T14:16:47.835,860.280,0.793,-0.213,0.030
1668255407875,2022-11-12T14:16:47.875,860.320,0.854,-0.091,-0.030
1668255407915,2022-11-12T14:16:47.915,860.360,0.823,-0.122,-0.061
1668255407955,2022-11-12T14:16:47.955,860.400,0.823,-0.244,0.030
1668255407995,2022-11-12T14:16:47.995,860.440,0.732,-0.335,-0.030
1668255408035,2022-11-12T14:16:48.035,860.480,0.884,-0.213,-0.030
1668255408075,2022-11-12T14:16:48.075,860.520,0.793,-0.152,-0.030
1668255408115,2022-11-12T14:16:48.115,860.560,0.884,-0.122,0.000
1668255408155,2022-11-12T14:16:48.155,860.600,0.823,-0.213,0.030
1668255408195,2022-11-12T14:16:48.195,860.640,0.854,-0.213,-0.061
1668255408235,2022-11-12T14:16:48.235,860.680,0.854,-0.152,0.000
1668255408275,2022-11-12T14:16:48.275,860.720,0.854,-0.244,0.000
1668255408315,2022-11-12T14:16:48.315,860.760,0.976,-0.183,-0.061
1668255408355,2022-11-12T14:16:48.355,860.800,0.762,-0.122,0.030
1668255408395,2022-11-12T14:16:48.395,860.840,0.793,-0.152,0.061
1668255408435,2022-11-12T14:16:48.435,860.880,0.884,-0.213,-0.030
1668255408475,2022-11-12T14:16:48.475,860.920,0.854,-0.152,0.000
1668255408515,2022-11-12T14:16:48.515,860.960,0.915,-0.152,0.030
1668255408555,2022-11-12T14:16:48.555,861.000,0.854,-0.213,0.030
1668255408595,2022-11-12T14:16:48.595,861.040,0.854,-0.152,-0.030
1668255408635,2022-11-12T14:16:48.635,861.080,0.884,-0.122,0.000
1668255408675,2022-11-12T14:16:48.675,861.120,0.884,-0.122,-0.030
1668255408715,2022-11-12T14:16:48.715,861.160,0.671,-0.244,0.091
1668255408755,2022-11-12T14:16:48.755,861.200,0.823,-0.305,0.000
1668255408795,2022-11-12T14:16:48.795,861.240,0.884,-0.152,0.000
1668255408835,2022-11-12T14:16:48.835,861.280,0.701,-0.152,0.061
1668255408875,2022-11-12T14:16:48.875,861.320,0.915,-0.213,-0.061
1668255408915,2022-11-12T14:16:48.915,861.360,0.762,-0.183,-0.061
1668255408955,2022-11-12T14:16:48.955,861.400,0.671,-0.213,-0.305
1668255408995,2022-11-12T14:16:48.995,861.440,0.823,-0.213,-0.061
1668255409035,2022-11-12T14:16:49.035,861.480,0.945,-0.122,0.061
1668255409075,2022-11-12T14:16:49.075,861.520,0.945,-0.244,-0.061
1668255409115,2022-11-12T14:16:49.115,861.560,0.793,-0.274,0.091
1668255409155,2022-11-12T14:16:49.155,861.600,0.823,-0.091,0.061
1668255409195,2022-11-12T14:16:49.195,861.640,0.854,-0.183,-0.030
1668255409235,2022-11-12T14:16:49.235,861.680,0.884,-0.244,-0.030
1668255409275,2022-11-12T14:16:49.275,861.720,0.884,-0.183,0.000
1668255409315,2022-11-12T14:16:49.315,861.760,0.732,-0.183,0.061
1668255409355,2022-11-12T14:16:49.355,861.800,0.884,-0.213,-0.091
1668255409395,2022-11-12T14:16:49.395,861.840,0.854,-0.122,0.000
1668255409435,2022-11-12T14:16:49.435,861.880,0.915,-0.213,0.000
1668255409475,2022-11-12T14:16:49.475,861.920,0.976,-0.122,-0.030
1668255409515,2022-11-12T14:16:49.515,861.960,0.671,-0.213,0.122
1668255409555,2022-11-12T14:16:49.555,862.000,0.701,-0.396,-0.030
1668255409595,2022-11-12T14:16:49.595,862.040,0.884,-0.213,-0.061
1668255409635,2022-11-12T14:16:49.635,862.080,0.823,-0.213,0.000
1668255409675,2022-11-12T14:16:49.675,862.120,0.579,-0.061,0.000
1668255409715,2022-11-12T14:16:49.715,862.160,0.518,-0.091,0.030
1668255409755,2022-11-12T14:16:49.755,862.200,0.793,-0.183,-0.030
1668255409795,2022-11-12T14:16:49.795,862.240,0.793,-0.213,0.061
1668255409835,2022-11-12T14:16:49.835,862.280,0.915,-0.366,0.000
1668255409875,2022-11-12T14:16:49.875,862.320,1.037,-0.244,-0.030
1668255409915,2022-11-12T14:16:49.915,862.360,0.793,-0.305,0.030
1668255409955,2022-11-12T14:16:49.955,862.400,0.793,-0.183,0.030
1668255409995,2022-11-12T14:16:49.995,862.440,0.945,-0.274,-0.061
1668255410035,2022-11-12T14:16:50.035,862.480,0.793,-0.244,0.030
1668255410075,2022-11-12T14:16:50.075,862.520,0.823,-0.244,0.061
1668255410115,2022-11-12T14:16:50.115,862.560,0.854,-0.213,0.030
1668255410155,2022-11-12T14:16:50.155,862.600,0.823,-0.244,0.030
1668255410195,2022-11-12T14:16:50.195,862.640,0.945,-0.213,-0.030
1668255410235,2022-11-12T14:16:50.235,862.680,0.701,-0.183,0.061
1668255410275,2022-11-12T14:16:50.275,862.720,0.884,-0.213,-0.030
1668255410315,2022-11-12T14:16:50.315,862.760,0.854,-0.213,-0.030
1668255410355,2022-11-12T14:16:50.355,862.800,0.640,-0.335,0.061
1668255410395,2022-11-12T14:16:50.395,862.840,0.793,-0.335,-0.030
1668255410435,2022-11-12T14:16:50.435,862.880,0.793,-0.152,0.091
1668255410475,2022-11-12T14:16:50.475,862.920,0.823,-0.213,-0.030
1668255410515,2022-11-12T14:16:50.515,862.960,0.762,-0.274,0.122
1668255410555,2022-11-12T14:16:50.555,863.000,0.854,-0.183,0.061
1668255410595,2022-11-12T14:16:50.595,863.040,0.945,-0.183,-0.061
1668255410635,2022-11-12T14:16:50.635,863.080,0.884,-0.213,0.000
1668255410675,2022-11-12T14:16:50.675,863.120,0.945,-0.183,0.000
1668255410715,2022-11-12T14:16:50.715,863.160,0.823,-0.152,0.030
1668255410755,2022-11-12T14:16:50.755,863.200,0.884,-0.183,0.061
1668255410795,2022-11-12T14:16:50.795,863.240,0.854,-0.152,0.122
1668255410835,2022-11-12T14:16:50.835,863.280,0.945,-0.183,-0.030
1668255410875,2022-11-12T14:16:50.875,863.320,0.884,-0.244,-0.091
1668255410915,2022-11-12T14:16:50.915,863.360,0.762,-0.213,0.030
1668255410955,2022-11-12T14:16:50.955,863.400,1.006,-0.152,-0.030
1668255410995,2022-11-12T14:16:50.995,863.440,0.732,-0.152,-0.030
1668255411035,2022-11-12T14:16:51.035,863.480,0.823,-0.122,-0.061
1668255411075,2022-11-12T14:16:51.075,863.520,0.915,-0.030,-0.091
1668255411115,2022-11-12T14:16:51.115,863.560,0.671,-0.305,0.000
1668255411155,2022-11-12T14:16:51.155,863.600,0.732,-0.274,-0.122
1668255411195,2022-11-12T14:16:51.195,863.640,0.823,-0.122,0.000
1668255411235,2022-11-12T14:16:51.235,863.680,0.884,-0.152,0.000
1668255411275,2022-11-12T14:16:51.275,863.720,0.793,-0.244,0.000
1668255411315,2022-11-12T14:16:51.315,863.760,0.762,-0.183,0.061
1668255411355,2022-11-12T14:16:51.355,863.800,1.006,-0.122,-0.091
1668255411395,2022-11-12T14:16:51.395,863.840,0.854,-0.244,-0.030
1668255411435,2022-11-12T14:16:51.435,863.880,0.945,-0.244,-0.091
1668255411475,2022-11-12T14:16:51.475,863.920,0.915,-0.152,0.000
1668255411515,2022-11-12T14:16:51.515,863.960,0.701,-0.152,0.030
1668255411555,2022-11-12T14:16:51.555,864.000,0.701,-0.183,0.091
1668255411595,2022-11-12T14:16:51.595,864.040,0.945,-0.152,-0.030
1668255411635,2022-11-12T14:16:51.635,864.080,1.067,-0.122,-0.030
1668255411675,2022-11-12T14:16:51.675,864.120,0.762,-0.213,0.030
1668255411715,2022-11-12T14:16:51.715,864.160,0.762,-0.183,0.000
1668255411755,2022-11-12T14:16:51.755,864.200,0.854,-0.122,-0.030
1668255411795,2022-11-12T14:16:51.795,864.240,0.762,-0.152,-0.061
1668255411835,2022-11-12T14:16:51.835,864.280,0.701,-0.213,0.061
1668255411875,2022-11-12T14:16:51.875,864.320,0.762,-0.305,0.000
1668255411915,2022-11-12T14:16:51.915,864.360,0.793,-0.183,0.000
1668255411955,2022-11-12T14:16:51.955,864.400,0.762,-0.152,0.030
1668255411995,2022-11-12T14:16:51.995,864.440,0.884,-0.183,-0.061
1668255412035,2022-11-12T14:16:52.035,864.480,0.701,-0.183,0.091
1668255412075,2022-11-12T14:16:52.075,864.520,0.793,-0.183,-0.030
1668255412115,2022-11-12T14:16:52.115,864.560,0.884,-0.152,0.000
1668255412155,2022-11-12T14:16:52.155,864.600,0.823,-0.244,0.030
1668255412195,2022-11-12T14:16:52.195,864.640,1.037,-0.213,-0.152
1668255412235,2022-11-12T14:16:52.235,864.680,0.854,-0.213,0.061
1668255412275,2022-11-12T14:16:52.275,864.720,0.945,-0.183,0.061
1668255412315,2022-11-12T14:16:52.315,864.760,0.915,-0.183,-0.152
1668255412355,2022-11-12T14:16:52.355,864.800,0.823,-0.213,0.000
1668255412395,2022-11-12T14:16:52.395,864.840,0.701,-0.122,0.091
1668255412435,2022-11-12T14:16:52.435,864.880,0.671,-0.183,0.061
1668255412475,2022-11-12T14:16:52.475,864.920,0.701,-0.152,0.030
1668255412515,2022-11-12T14:16:52.515,864.960,0.854,-0.091,-0.030
1668255412555,2022-11-12T14:16:52.555,865.000,0.671,-0.152,0.061
1668255412595,2022-11-12T14:16:52.595,865.040,0.762,-0.427,-0.122
1668255412635,2022-11-12T14:16:52.635,865.080,0.823,-0.305,0.000
1668255412675,2022-11-12T14:16:52.675,865.120,0.823,-0.122,0.152
1668255412715,2022-11-12T14:16:52.715,865.160,0.823,-0.152,0.000
1668255412755,2022-11-12T14:16:52.755,865.200,0.762,-0.244,0.091
1668255412795,2022-11-12T14:16:52.795,865.240,0.854,-0.122,0.091
1668255412835,2022-11-12T14:16:52.835,865.280,0.884,-0.152,-0.030
1668255412875,2022-11-12T14:16:52.875,865.320,0.945,-0.305,0.030
1668255412915,2022-11-12T14:16:52.915,865.360,1.098,-0.274,-0.091
1668255412955,2022-11-12T14:16:52.955,865.400,0.732,-0.183,0.061
1668255412995,2022-11-12T14:16:52.995,865.440,0.671,-0.213,0.091
1668255413035,2022-11-12T14:16:53.035,865.480,0.884,-0.244,0.000
1668255413075,2022-11-12T14:16:53.075,865.520,0.854,-0.183,0.030
1668255413115,2022-11-12T14:16:53.115,865.560,0.854,-0.274,0.000
1668255413155,2022-11-12T14:16:53.155,865.600,0.884,-0.213,0.030
1668255413195,2022-11-12T14:16:53.195,865.640,0.823,-0.183,0.061
1668255413235,2022-11-12T14:16:53.235,865.680,0.945,-0.183,-0.091
1668255413275,2022-11-12T14:16:53.275,865.720,0.884,-0.213,0.061
1668255413315,2022-11-12T14:16:53.315,865.760,0.854,-0.274,0.030
1668255413355,2022-11-12T14:16:53.355,865.800,0.762,-0.305,0.030
1668255413395,2022-11-12T14:16:53.395,865.840,0.854,-0.213,0.091
1668255413435,2022-11-12T14:16:53.435,865.880,0.793,-0.183,0.061
1668255413475,2022-11-12T14:16:53.475,865.920,0.884,-0.335,0.030
1668255413515,2022-11-12T14:16:53.515,865.960,0.976,-0.152,0.030
1668255413555,2022-11-12T14:16:53.555,866.000,0.732,-0.213,0.091
1668255413595,2022-11-12T14:16:53.595,866.040,1.037,-0.305,0.000
1668255413635,2022-11-12T14:16:53.635,866.080,1.006,-0.183,0.000
1668255413675,2022-11-12T14:16:53.675,866.120,0.793,-0.244,0.091
1668255413715,2022-11-12T14:16:53.715,866.160,0.945,-0.244,0.030
1668255413755,2022-11-12T14:16:53.755,866.200,1.037,-0.274,0.030
1668255413795,2022-11-12T14:16:53.795,866.240,0.976,-0.305,0.061
1668255413835,2022-11-12T14:16:53.835,866.280,0.884,-0.183,0.030
1668255413875,2022-11-12T14:16:53.875,866.320,0.793,-0.183,0.000
1668255413915,2022-11-12T14:16:53.915,866.360,0.823,-0.183,0.061
1668255413955,2022-11-12T14:16:53.955,866.400,0.915,-0.274,0.122
1668255413995,2022-11-12T14:16:53.995,866.440,0.732,-0.396,-0.030
1668255414035,2022-11-12T14:16:54.035,866.480,0.640,-0.213,0.061
1668255414075,2022-11-12T14:16:54.075,866.520,0.976,-0.061,0.061
1668255414115,2022-11-12T14:16:54.115,866.560,0.732,-0.122,0.061
1668255414155,2022-11-12T14:16:54.155,866.600,0.579,-0.091,0.061
1668255414195,2022-11-12T14:16:54.195,866.640,1.006,-0.061,-0.030
1668255414235,2022-11-12T14:16:54.235,866.680,0.976,-0.213,0.030
1668255414275,2022-11-12T14:16:54.275,866.720,0.976,-0.183,-0.091
1668255414315,2022-11-12T14:16:54.315,866.760,0.945,-0.213,-0.061
1668255414355,2022-11-12T14:16:54.355,866.800,0.915,-0.213,0.061
1668255414395,2022-11-12T14:16:54.395,866.840,0.762,-0.213,0.061
1668255414435,2022-11-12T14:16:54.435,866.880,0.762,-0.274,-0.061
1668255414475,2022-11-12T14:16:54.475,866.920,0.915,-0.183,0.030
1668255414515,2022-11-12T14:16:54.515,866.960,0.915,-0.213,0.030
1668255414555,2022-11-12T14:16:54.555,867.000,0.793,-0.213,0.000
1668255414595,2022-11-12T14:16:54.595,867.040,0.732,-0.213,0.061
1668255414635,2022-11-12T14:16:54.635,867.080,0.793,-0.427,-0.091
1668255414675,2022-11-12T14:16:54.675,867.120,0.762,-0.274,0.030
1668255414715,2022-11-12T14:16:54.715,867.160,1.006,-0.152,-0.091
1668255414755,2022-11-12T14:16:54.755,867.200,0.823,-0.305,0.000
1668255414795,2022-11-12T14:16:54.795,867.240,0.549,-0.213,0.183
1668255414835,2022-11-12T14:16:54.835,867.280,0.884,-0.152,-0.030
1668255414875,2022-11-12T14:16:54.875,867.320,0.945,-0.274,-0.030
1668255414915,2022-11-12T14:16:54.915,867.360,1.006,-0.183,-0.091
1668255414955,2022-11-12T14:16:54.955,867.400,0.793,-0.213,0.030
1668255414995,2022-11-12T14:16:54.995,867.440,0.579,-0.244,0.091
1668255415035,2022-11-12T14:16:55.035,867.480,0.854,-0.152,-0.061
1668255415075,2022-11-12T14:16:55.075,867.520,1.006,-0.152,-0.091
1668255415115,2022-11-12T14:16:55.115,867.560,1.128,-0.152,-0.091
1668255415155,2022-11-12T14:16:55.155,867.600,0.884,-0.152,-0.030
1668255415195,2022-11-12T14:16:55.195,867.640,0.732,-0.152,-0.061
1668255415235,2022-11-12T14:16:55.235,867.680,0.518,-0.152,0.122
1668255415275,2022-11-12T14:16:55.275,867.720,0.762,-0.305,0.000
1668255415315,2022-11-12T14:16:55.315,867.760,0.854,-0.244,-0.030
1668255415355,2022-11-12T14:16:55.355,867.800,1.037,-0.183,-0.091
1668255415395,2022-11-12T14:16:55.395,867.840,1.037,-0.122,-0.061
1668255415435,2022-11-12T14:16:55.435,867.880,0.732,-0.274,0.061
1668255415475,2022-11-12T14:16:55.475,867.920,0.915,-0.213,-0.030
1668255415515,2022-11-12T14:16:55.515,867.960,0.762,-0.091,0.000
1668255415555,2022-11-12T14:16:55.555,868.000,0.762,-0.274,0.000
1668255415595,2022-11-12T14:16:55.595,868.040,0.915,-0.213,-0.122
1668255415635,2022-11-12T14:16:55.635,868.080,0.701,-0.213,0.091
1668255415675,2022-11-12T14:16:55.675,868.120,0.762,-0.061,0.152
1668255415715,2022-11-12T14:16:55.715,868.160,0.915,-0.183,-0.152
1668255415755,2022-11-12T14:16:55.755,868.200,0.823,-0.244,-0.030
1668255415795,2022-11-12T14:16:55.795,868.240,0.884,-0.152,0.061
1668255415835,2022-11-12T14:16:55.835,868.280,0.915,-0.122,-0.091
1668255415875,2022-11-12T14:16:55.875,868.320,0.762,-0.091,-0.030
1668255415915,2022-11-12T14:16:55.915,868.360,0.823,-0.183,-0.030
1668255415955,2022-11-12T14:16:55.955,868.400,0.610,-0.305,-0.122
1668255415995,2022-11-12T14:16:55.995,868.440,0.732,-0.213,-0.061
1668255416035,2022-11-12T14:16:56.035,868.480,0.976,0.030,0.000
1668255416075,2022-11-12T14:16:56.075,868.520,0.732,-0.183,0.000
1668255416115,2022-11-12T14:16:56.115,868.560,0.671,-0.213,-0.030
1668255416155,2022-11-12T14:16:56.155,868.600,0.823,-0.061,-0.152
1668255416195,2022-11-12T14:16:56.195,868.640,0.793,-0.152,0.000
1668255416235,2022-11-12T14:16:56.235,868.680,0.884,-0.152,-0.091
1668255416275,2022-11-12T14:16:56.275,868.720,0.762,-0.183,0.000
1668255416315,2022-11-12T14:16:56.315,868.760,0.732,-0.091,0.091
1668255416355,2022-11-12T14:16:56.355,868.800,0.823,-0.152,-0.091
1668255416395,2022-11-12T14:16:56.395,868.840,0.884,-0.305,-0.122
1668255416435,2022-11-12T14:16:56.435,868.880,0.671,-0.091,0.061
1668255416475,2022-11-12T14:16:56.475,868.920,0.854,-0.061,-0.061
1668255416515,2022-11-12T14:16:56.515,868.960,0.732,-0.244,-0.030
1668255416555,2022-11-12T14:16:56.555,869.000,0.640,-0.305,-0.030
1668255416595,2022-11-12T14:16:56.595,869.040,0.823,-0.213,-0.061
1668255416635,2022-11-12T14:16:56.635,869.080,0.762,-0.183,0.000
1668255416675,2022-11-12T14:16:56.675,869.120,0.915,-0.183,-0.091
1668255416715,2022-11-12T14:16:56.715,869.160,0.701,-0.183,0.061
1668255416755,2022-11-12T14:16:56.755,869.200,0.854,-0.183,0.030
1668255416795,2022-11-12T14:16:56.795,869.240,0.884,-0.183,-0.061
1668255416835,2022-11-12T14:16:56.835,869.280,0.640,-0.213,0.061
1668255416875,2022-11-12T14:16:56.875,869.320,0.976,-0.244,-0.061
1668255416915,2022-11-12T14:16:56.915,869.360,0.884,-0.183,-0.030
1668255416955,2022-11-12T14:16:56.955,869.400,0.701,-0.183,0.030
1668255416995,2022-11-12T14:16:56.995,869.440,0.884,-0.274,-0.061
1668255417035,2022-11-12T14:16:57.035,869.480,0.945,-0.274,-0.061
1668255417075,2022-11-12T14:16:57.075,869.520,0.915,-0.274,0.000
1668255417115,2022-11-12T14:16:57.115,869.560,0.854,-0.152,-0.061
1668255417155,2022-11-12T14:16:57.155,869.600,0.823,-0.183,-0.091
1668255417195,2022-11-12T14:16:57.195,869.640,0.823,-0.183,-0.030
1668255417235,2022-11-12T14:16:57.235,869.680,1.006,-0.183,-0.061
1668255417275,2022-11-12T14:16:57.275,869.720,0.854,-0.091,0.000
1668255417315,2022-11-12T14:16:57.315,869.760,0.823,-0.274,0.061
1668255417355,2022-11-12T14:16:57.355,869.800,0.732,-0.305,-0.030
1668255417395,2022-11-12T14:16:57.395,869.840,0.762,-0.183,0.000
1668255417435,2022-11-12T14:16:57.435,869.880,1.006,-0.244,-0.061
1668255417475,2022-11-12T14:16:57.475,869.920,0.793,-0.183,0.000
1668255417515,2022-11-12T14:16:57.515,869.960,0.732,-0.183,0.061
1668255417555,2022-11-12T14:16:57.555,870.000,0.976,-0.122,-0.030
1668255417595,2022-11-12T14:16:57.595,870.040,0.671,-0.122,0.061
1668255417635,2022-11-12T14:16:57.635,870.080,0.854,-0.213,0.000
1668255417675,2022-11-12T14:16:57.675,870.120,1.006,-0.213,-0.061
1668255417715,2022-11-12T14:16:57.715,870.160,0.701,-0.305,0.061
1668255417755,2022-11-12T14:16:57.755,870.200,1.037,-0.335,-0.030
1668255417795,2022-11-12T14:16:57.795,870.240,1.311,-0.518,-0.091
1668255417835,2022-11-12T14:16:57.835,870.280,1.250,-0.518,-0.183
1668255417875,2022-11-12T14:16:57.875,870.320,0.640,-0.091,0.000
1668255417915,2022-11-12T14:16:57.915,870.360,0.457,-0.183,0.122
1668255417955,2022-11-12T14:16:57.955,870.400,0.732,-0.183,0.091
1668255417995,2022-11-12T14:16:57.995,870.440,0.762,-0.061,0.061
1668255418035,2022-11-12T14:16:58.035,870.480,0.701,-0.183,0.000
1668255418075,2022-11-12T14:16:58.075,870.520,0.884,-0.152,0.000
1668255418115,2022-11-12T14:16:58.115,870.560,0.854,-0.183,0.061
1668255418155,2022-11-12T14:16:58.155,870.600,1.037,-0.152,-0.122
1668255418195,2022-11-12T14:16:58.195,870.640,0.976,-0.213,0.061
1668255418235,2022-11-12T14:16:58.235,870.680,0.854,-0.366,0.030
1668255418275,2022-11-12T14:16:58.275,870.720,0.671,-0.183,0.030
1668255418315,2022-11-12T14:16:58.315,870.760,0.610,-0.152,0.061
1668255418355,2022-11-12T14:16:58.355,870.800,0.640,-0.183,0.000
1668255418395,2022-11-12T14:16:58.395,870.840,0.488,-0.213,0.091
1668255418435,2022-11-12T14:16:58.435,870.880,0.579,-0.183,0.091
1668255418475,2022-11-12T14:16:58.475,870.920,0.884,-0.152,0.000
1668255418515,2022-11-12T14:16:58.515,870.960,0.762,-0.244,0.030
1668255418555,2022-11-12T14:16:58.555,871.000,0.976,-0.183,-0.030
1668255418595,2022-11-12T14:16:58.595,871.040,1.006,-0.183,0.000
1668255418635,2022-11-12T14:16:58.635,871.080,0.793,-0.183,0.061
1668255418675,2022-11-12T14:16:58.675,871.120,0.854,-0.244,0.030
1668255418715,2022-11-12T14:16:58.715,871.160,0.823,-0.152,0.061
1668255418755,2022-11-12T14:16:58.755,871.200,0.884,-0.183,-0.030
1668255418795,2022-11-12T14:16:58.795,871.240,0.854,-0.244,0.000
1668255418835,2022-11-12T14:16:58.835,871.280,0.945,-0.183,0.000
1668255418875,2022-11-12T14:16:58.875,871.320,0.762,-0.122,0.061
1668255418915,2022-11-12T14:16:58.915,871.360,0.762,-0.335,0.030
1668255418955,2022-11-12T14:16:58.955,871.400,0.945,-0.213,-0.030
1668255418995,2022-11-12T14:16:58.995,871.440,0.915,-0.122,0.000
1668255419035,2022-11-12T14:16:59.035,871.480,0.884,-0.213,-0.061
1668255419075,2022-11-12T14:16:59.075,871.520,0.671,-0.274,0.091
1668255419115,2022-11-12T14:16:59.115,871.560,0.640,-0.305,0.091
1668255419155,2022-11-12T14:16:59.155,871.600,0.762,-0.183,0.061
1668255419195,2022-11-12T14:16:59.195,871.640,0.762,-0.122,0.000
1668255419235,2022-11-12T14:16:59.235,871.680,0.793,-0.213,0.000
1668255419275,2022-11-12T14:16:59.275,871.720,0.701,-0.152,0.122
1668255419315,2022-11-12T14:16:59.315,871.760,1.037,-0.213,-0.030
1668255419355,2022-11-12T14:16:59.355,871.800,1.067,-0.152,-0.030
1668255419395,2022-11-12T14:16:59.395,871.840,0.762,-0.213,0.030
1668255419435,2022-11-12T14:16:59.435,871.880,0.976,-0.152,-0.091
1668255419475,2022-11-12T14:16:59.475,871.920,0.854,-0.213,0.030
1668255419515,2022-11-12T14:16:59.515,871.960,0.884,-0.152,-0.030
1668255419555,2022-11-12T14:16:59.555,872.000,0.976,-0.152,-0.061
1668255419595,2022-11-12T14:16:59.595,872.040,0.915,-0.152,-0.030
1668255419635,2022-11-12T14:16:59.635,872.080,0.976,-0.091,-0.061
1668255419675,2022-11-12T14:16:59.675,872.120,0.854,-0.213,-0.030
1668255419715,2022-11-12T14:16:59.715,872.160,0.854,-0.213,-0.030
1668255419755,2022-11-12T14:16:59.755,872.200,0.854,-0.152,0.000
1668255419795,2022-11-12T14:16:59.795,872.240,0.640,-0.183,0.000
1668255419835,2022-11-12T14:16:59.835,872.280,1.037,-0.091,-0.061
1668255419875,2022-11-12T14:16:59.875,872.320,0.884,-0.122,0.122
1668255419915,2022-11-12T14:16:59.915,872.360,0.671,-0.396,0.000
1668255419955,2022-11-12T14:16:59.955,872.400,0.854,-0.213,-0.091
1668255419995,2022-11-12T14:16:59.995,872.440,0.793,-0.152,0.061
1668255420035,2022-11-12T14:17:00.035,872.480,0.762,-0.091,0.030
1668255420075,2022-11-12T14:17:00.075,872.520,0.732,-0.122,-0.030
1668255420115,2022-11-12T14:17:00.115,872.560,0.854,-0.213,-0.061
1668255420155,2022-11-12T14:17:00.155,872.600,0.854,-0.122,-0.030
1668255420195,2022-11-12T14:17:00.195,872.640,0.762,-0.183,0.030
1668255420235,2022-11-12T14:17:00.235,872.680,1.006,-0.213,-0.091
1668255420275,2022-11-12T14:17:00.275,872.720,0.854,-0.122,-0.061
1668255420315,2022-11-12T14:17:00.315,872.760,0.640,-0.061,0.030
1668255420355,2022-11-12T14:17:00.355,872.800,0.701,-0.244,0.061
1668255420395,2022-11-12T14:17:00.395,872.840,0.884,-0.091,0.030
1668255420435,2022-11-12T14:17:00.435,872.880,0.915,-0.122,0.030
1668255420475,2022-11-12T14:17:00.475,872.920,0.762,-0.274,0.000
1668255420515,2022-11-12T14:17:00.515,872.960,0.884,-0.152,0.000
1668255420555,2022-11-12T14:17:00.555,873.000,1.006,-0.152,-0.061
1668255420595,2022-11-12T14:17:00.595,873.040,0.762,-0.213,-0.030
1668255420635,2022-11-12T14:17:00.635,873.080,0.945,-0.061,-0.061
1668255420675,2022-11-12T14:17:00.675,873.120,0.732,-0.213,0.122
1668255420715,2022-11-12T14:17:00.715,873.160,0.762,-0.396,-0.061
1668255420755,2022-11-12T14:17:00.755,873.200,0.915,-0.152,-0.061
1668255420795,2022-11-12T14:17:00.795,873.240,0.762,-0.122,0.091
1668255420835,2022-11-12T14:17:00.835,873.280,0.915,-0.152,-0.030
1668255420875,2022-11-12T14:17:00.875,873.320,0.671,-0.183,0.000
1668255420915,2022-11-12T14:17:00.915,873.360,0.854,-0.152,-0.061
1668255420955,2022-11-12T14:17:00.955,873.400,0.945,-0.213,0.000
1668255420995,2022-11-12T14:17:00.995,873.440,0.884,-0.305,0.000
1668255421035,2022-11-12T14:17:01.035,873.480,1.037,-0.213,-0.061
1668255421075,2022-11-12T14:17:01.075,873.520,0.762,-0.183,0.030
1668255421115,2022-11-12T14:17:01.115,873.560,0.640,-0.152,0.000
1668255421155,2022-11-12T14:17:01.155,873.600,0.854,-0.122,-0.030
1668255421195,2022-11-12T14:17:01.195,873.640,0.884,-0.183,0.000
1668255421235,2022-11-12T14:17:01.235,873.680,0.732,-0.183,0.061
1668255421275,2022-11-12T14:17:01.275,873.720,0.762,-0.183,0.000
1668255421315,2022-11-12T14:17:01.315,873.760,0.884,-0.152,0.000
1668255421355,2022-11-12T14:17:01.355,873.800,0.823,-0.091,0.030
1668255421395,2022-11-12T14:17:01.395,873.840,0.945,-0.152,-0.091
1668255421435,2022-11-12T14:17:01.435,873.880,0.762,-0.183,0.061
1668255421475,2022-11-12T14:17:01.475,873.920,0.793,-0.335,0.000
1668255421515,2022-11-12T14:17:01.515,873.960,0.823,-0.213,0.000
1668255421555,2022-11-12T14:17:01.555,874.000,0.854,-0.152,0.091
1668255421595,2022-11-12T14:17:01.595,874.040,0.915,-0.061,-0.091
1668255421635,2022-11-12T14:17:01.635,874.080,0.671,-0.183,0.000
1668255421675,2022-11-12T14:17:01.675,874.120,0.823,-0.274,0.000
1668255421715,2022-11-12T14:17:01.715,874.160,1.128,-0.152,-0.091
1668255421755,2022-11-12T14:17:01.755,874.200,0.793,-0.274,0.030
1668255421795,2022-11-12T14:17:01.795,874.240,0.945,-0.213,-0.061
1668255421835,2022-11-12T14:17:01.835,874.280,0.854,-0.213,0.030
1668255421875,2022-11-12T14:17:01.875,874.320,0.701,-0.244,0.030
1668255421915,2022-11-12T14:17:01.915,874.360,0.945,-0.213,0.000
1668255421955,2022-11-12T14:17:01.955,874.400,0.915,-0.213,-0.061
1668255421995,2022-11-12T14:17:01.995,874.440,0.610,-0.152,0.061
1668255422035,2022-11-12T14:17:02.035,874.480,0.701,-0.183,0.122
1668255422075,2022-11-12T14:17:02.075,874.520,0.854,-0.244,-0.030
1668255422115,2022-11-12T14:17:02.115,874.560,0.762,-0.213,0.091
1668255422155,2022-11-12T14:17:02.155,874.600,0.732,-0.122,-0.030
1668255422195,2022-11-12T14:17:02.195,874.640,0.396,-0.274,-0.061
1668255422235,2022-11-12T14:17:02.235,874.680,0.457,-0.427,-0.030
1668255422275,2022-11-12T14:17:02.275,874.720,0.823,-0.244,0.000
1668255422315,2022-11-12T14:17:02.315,874.760,0.671,-0.183,0.061
1668255422355,2022-11-12T14:17:02.355,874.800,0.427,-0.061,-0.305
1668255422395,2022-11-12T14:17:02.395,874.840,-0.457,-0.335,-0.854
1668255422435,2022-11-12T14:17:02.435,874.880,0.183,-0.701,-0.427
1668255422475,2022-11-12T14:17:02.475,874.920,0.823,0.122,0.457
1668255422515,2022-11-12T14:17:02.515,874.960,1.128,-0.030,0.213
1668255422555,2022-11-12T14:17:02.555,875.000,1.006,-0.366,-0.122
1668255422595,2022-11-12T14:17:02.595,875.040,0.945,-0.244,0.030
1668255422635,2022-11-12T14:17:02.635,875.080,1.067,-0.091,0.305
1668255422675,2022-11-12T14:17:02.675,875.120,1.250,-0.213,0.213
1668255422715,2022-11-12T14:17:02.715,875.160,1.159,-0.335,0.122
1668255422755,2022-11-12T14:17:02.755,875.200,1.280,-0.152,0.305
1668255422795,2022-11-12T14:17:02.795,875.240,1.067,-0.152,0.152
1668255422835,2022-11-12T14:17:02.835,875.280,0.915,-0.335,-0.091
1668255422875,2022-11-12T14:17:02.875,875.320,0.701,-0.152,0.030
1668255422915,2022-11-12T14:17:02.915,875.360,1.037,-0.213,0.091
1668255422955,2022-11-12T14:17:02.955,875.400,0.884,-0.305,0.122
1668255422995,2022-11-12T14:17:02.995,875.440,0.854,-0.305,0.030
1668255423035,2022-11-12T14:17:03.035,875.480,1.067,-0.183,0.152
1668255423075,2022-11-12T14:17:03.075,875.520,0.884,-0.061,0.061
1668255423115,2022-11-12T14:17:03.115,875.560,0.823,-0.274,0.000
1668255423155,2022-11-12T14:17:03.155,875.600,0.976,-0.091,0.000
1668255423195,2022-11-12T14:17:03.195,875.640,0.945,-0.091,-0.030
1668255423235,2022-11-12T14:17:03.235,875.680,1.006,-0.183,-0.061
1668255423275,2022-11-12T14:17:03.275,875.720,0.854,-0.152,0.000
1668255423315,2022-11-12T14:17:03.315,875.760,0.793,-0.152,0.030
1668255423355,2022-11-12T14:17:03.355,875.800,0.915,-0.152,0.030
1668255423395,2022-11-12T14:17:03.395,875.840,0.884,-0.122,0.000
1668255423435,2022-11-12T14:17:03.435,875.880,0.915,-0.244,-0.152
1668255423475,2022-11-12T14:17:03.475,875.920,0.976,-0.183,-0.030
1668255423515,2022-11-12T14:17:03.515,875.960,0.915,-0.122,-0.091
1668255423555,2022-11-12T14:17:03.555,876.000,0.854,-0.122,0.000
1668255423595,2022-11-12T14:17:03.595,876.040,0.762,-0.213,0.122
1668255423635,2022-11-12T14:17:03.635,876.080,0.732,-0.305,-0.122
1668255423675,2022-11-12T14:17:03.675,876.120,0.701,-0.213,0.000
1668255423715,2022-11-12T14:17:03.715,876.160,1.067,-0.122,-0.030
1668255423755,2022-11-12T14:17:03.755,876.200,0.884,-0.122,-0.030
1668255423795,2022-11-12T14:17:03.795,876.240,0.793,-0.213,0.152
1668255423835,2022-11-12T14:17:03.835,876.280,0.945,-0.091,-0.061
1668255423875,2022-11-12T14:17:03.875,876.320,0.701,-0.213,0.000
1668255423915,2022-11-12T14:17:03.915,876.360,1.067,-0.213,0.000
1668255423955,2022-11-12T14:17:03.955,876.400,1.098,-0.091,0.122
1668255423995,2022-11-12T14:17:03.995,876.440,0.762,-0.122,0.030
1668255424035,2022-11-12T14:17:04.035,876.480,0.732,-0.274,-0.152
1668255424075,2022-11-12T14:17:04.075,876.520,0.915,-0.244,-0.091
1668255424115,2022-11-12T14:17:04.115,876.560,0.762,-0.061,0.061
1668255424155,2022-11-12T14:17:04.155,876.600,0.793,-0.244,0.030
1668255424195,2022-11-12T14:17:04.195,876.640,0.854,-0.183,-0.091
1668255424235,2022-11-12T14:17:04.235,876.680,0.823,-0.091,-0.061
1668255424275,2022-11-12T14:17:04.275,876.720,0.610,-0.274,0.061
1668255424315,2022-11-12T14:17:04.315,876.760,0.762,-0.305,-0.091
1668255424355,2022-11-12T14:17:04.355,876.800,0.732,-0.122,0.030
1668255424395,2022-11-12T14:17:04.395,876.840,0.915,-0.152,-0.061
1668255424435,2022-11-12T14:17:04.435,876.880,0.793,-0.152,-0.061
1668255424475,2022-11-12T14:17:04.475,876.920,0.732,-0.213,0.030
1668255424515,2022-11-12T14:17:04.515,876.960,0.884,-0.061,-0.061
1668255424555,2022-11-12T14:17:04.555,877.000,0.701,-0.183,0.000
1668255424595,2022-11-12T14:17:04.595,877.040,0.915,-0.183,-0.091
1668255424635,2022-11-12T14:17:04.635,877.080,0.884,-0.091,-0.061
1668255424675,2022-11-12T14:17:04.675,877.120,0.671,-0.152,0.061
1668255424715,2022-11-12T14:17:04.715,877.160,0.854,-0.152,-0.091
1668255424755,2022-11-12T14:17:04.755,877.200,0.884,-0.183,-0.061
1668255424795,2022-11-12T14:17:04.795,877.240,0.854,-0.183,0.030
1668255424835,2022-11-12T14:17:04.835,877.280,0.854,-0.152,-0.030
1668255424875,2022-11-12T14:17:04.875,877.320,0.823,-0.213,-0.061
1668255424915,2022-11-12T14:17:04.915,877.360,0.884,-0.030,-0.061
1668255424955,2022-11-12T14:17:04.955,877.400,0.549,-0.152,0.152
1668255424995,2022-11-12T14:17:04.995,877.440,0.671,-0.335,0.061
1668255425035,2022-11-12T14:17:05.035,877.480,0.945,-0.244,-0.030
1668255425075,2022-11-12T14:17:05.075,877.520,0.915,-0.091,0.000
1668255425115,2022-11-12T14:17:05.115,877.560,0.945,-0.183,-0.061
1668255425155,2022-11-12T14:17:05.155,877.600,0.762,-0.183,0.091
1668255425195,2022-11-12T14:17:05.195,877.640,0.915,-0.091,0.030
1668255425235,2022-11-12T14:17:05.235,877.680,0.884,-0.183,-0.030
1668255425275,2022-11-12T14:17:05.275,877.720,0.854,-0.244,0.000
1668255425315,2022-11-12T14:17:05.315,877.760,0.884,-0.183,-0.061
1668255425355,2022-11-12T14:17:05.355,877.800,0.793,-0.183,0.030
1668255425395,2022-11-12T14:17:05.395,877.840,0.854,-0.183,0.030
1668255425435,2022-11-12T14:17:05.435,877.880,0.884,-0.213,0.000
1668255425475,2022-11-12T14:17:05.475,877.920,0.854,-0.213,0.000
1668255425515,2022-11-12T14:17:05.515,877.960,0.915,-0.274,-0.030
1668255425555,2022-11-12T14:17:05.555,878.000,0.884,-0.213,0.030
1668255425595,2022-11-12T14:17:05.595,878.040,0.884,-0.183,0.061
1668255425635,2022-11-12T14:17:05.635,878.080,0.915,-0.183,-0.091
1668255425675,2022-11-12T14:17:05.675,878.120,0.793,-0.213,0.030
1668255425715,2022-11-12T14:17:05.715,878.160,0.793,-0.335,0.091
1668255425755,2022-11-12T14:17:05.755,878.200,0.854,-0.244,-0.030
1668255425795,2022-11-12T14:17:05.795,878.240,0.640,-0.183,0.030
1668255425835,2022-11-12T14:17:05.835,878.280,0.854,-0.213,-0.061
1668255425875,2022-11-12T14:17:05.875,878.320,0.915,-0.152,0.030
1668255425915,2022-11-12T14:17:05.915,878.360,0.701,-0.244,0.061
1668255425955,2022-11-12T14:17:05.955,878.400,0.884,-0.213,0.000
1668255425995,2022-11-12T14:17:05.995,878.440,0.945,-0.183,0.061
1668255426035,2022-11-12T14:17:06.035,878.480,0.884,-0.244,-0.061
1668255426075,2022-11-12T14:17:06.075,878.520,0.823,-0.274,-0.061
1668255426115,2022-11-12T14:17:06.115,878.560,0.823,-0.091,0.000
1668255426155,2022-11-12T14:17:06.155,878.600,0.823,-0.152,0.030
1668255426195,2022-11-12T14:17:06.195,878.640,1.037,-0.305,0.030
1668255426235,2022-11-12T14:17:06.235,878.680,1.098,-0.274,0.091
1668255426275,2022-11-12T14:17:06.275,878.720,0.823,-0.183,0.061
1668255426315,2022-11-12T14:17:06.315,878.760,0.793,-0.213,0.000
1668255426355,2022-11-12T14:17:06.355,878.800,0.854,-0.244,-0.030
1668255426395,2022-11-12T14:17:06.395,878.840,0.854,-0.183,0.122
1668255426435,2022-11-12T14:17:06.435,878.880,0.854,-0.274,0.000
1668255426475,2022-11-12T14:17:06.475,878.920,0.793,-0.274,-0.061
1668255426515,2022-11-12T14:17:06.515,878.960,0.854,-0.061,0.030
1668255426555,2022-11-12T14:17:06.555,879.000,1.037,-0.061,-0.091
1668255426595,2022-11-12T14:17:06.595,879.040,0.823,-0.244,0.000
1668255426635,2022-11-12T14:17:06.635,879.080,0.976,-0.213,-0.091
1668255426675,2022-11-12T14:17:06.675,879.120,0.915,-0.122,-0.030
1668255426715,2022-11-12T14:17:06.715,879.160,0.762,-0.213,-0.030
1668255426755,2022-11-12T14:17:06.755,879.200,0.945,-0.244,-0.091
1668255426795,2022-11-12T14:17:06.795,879.240,0.793,-0.091,0.061
1668255426835,2022-11-12T14:17:06.835,879.280,0.854,-0.122,0.000
1668255426875,2022-11-12T14:17:06.875,879.320,1.159,-0.152,0.000
1668255426915,2022-11-12T14:17:06.915,879.360,1.220,-0.091,0.091
1668255426955,2022-11-12T14:17:06.955,879.400,1.006,-0.213,0.061
1668255426995,2022-11-12T14:17:06.995,879.440,1.006,-0.305,-0.091
1668255427035,2022-11-12T14:17:07.035,879.480,0.610,-0.122,0.000
1668255427075,2022-11-12T14:17:07.075,879.520,0.671,-0.244,-0.122
1668255427115,2022-11-12T14:17:07.115,879.560,0.823,-0.183,0.000
1668255427155,2022-11-12T14:17:07.155,879.600,0.610,-0.244,0.061
1668255427195,2022-11-12T14:17:07.195,879.640,0.640,-0.274,0.000
1668255427235,2022-11-12T14:17:07.235,879.680,0.854,-0.152,-0.030
1668255427275,2022-11-12T14:17:07.275,879.720,0.793,-0.091,-0.061
1668255427315,2022-11-12T14:17:07.315,879.760,0.701,-0.183,0.030
1668255427355,2022-11-12T14:17:07.355,879.800,0.884,-0.183,0.000
1668255427395,2022-11-12T14:17:07.395,879.840,0.823,-0.091,-0.030
1668255427435,2022-11-12T14:17:07.435,879.880,0.793,-0.183,0.030
1668255427475,2022-11-12T14:17:07.475,879.920,0.915,-0.152,-0.061
1668255427515,2022-11-12T14:17:07.515,879.960,0.671,-0.152,0.000
1668255427555,2022-11-12T14:17:07.555,880.000,0.701,-0.122,0.061
1668255427595,2022-11-12T14:17:07.595,880.040,0.793,-0.152,0.000
1668255427635,2022-11-12T14:17:07.635,880.080,0.823,-0.213,-0.122
1668255427675,2022-11-12T14:17:07.675,880.120,0.793,-0.152,0.030
1668255427715,2022-11-12T14:17:07.715,880.160,0.732,-0.183,0.091
1668255427755,2022-11-12T14:17:07.755,880.200,0.701,-0.213,0.061
1668255427795,2022-11-12T14:17:07.795,880.240,0.732,-0.274,-0.030
1668255427835,2022-11-12T14:17:07.835,880.280,0.793,-0.122,0.000
1668255427875,2022-11-12T14:17:07.875,880.320,1.067,-0.091,-0.152
1668255427915,2022-11-12T14:17:07.915,880.360,0.945,-0.183,-0.091
1668255427955,2022-11-12T14:17:07.955,880.400,0.793,-0.335,0.000
1668255427995,2022-11-12T14:17:07.995,880.440,0.823,-0.335,-0.061
1668255428035,2022-11-12T14:17:08.035,880.480,0.945,-0.091,-0.030
1668255428075,2022-11-12T14:17:08.075,880.520,0.915,-0.091,-0.091
1668255428115,2022-11-12T14:17:08.115,880.560,0.762,-0.183,-0.030
1668255428155,2022-11-12T14:17:08.155,880.600,0.915,-0.152,0.061
1668255428195,2022-11-12T14:17:08.195,880.640,0.823,-0.091,-0.030
1668255428235,2022-11-12T14:17:08.235,880.680,0.732,-0.183,0.030
1668255428275,2022-11-12T14:17:08.275,880.720,0.793,-0.183,0.000
1668255428315,2022-11-12T14:17:08.315,880.760,0.884,-0.152,-0.030
1668255428355,2022-11-12T14:17:08.355,880.800,0.854,-0.183,0.061
1668255428395,2022-11-12T14:17:08.395,880.840,0.823,-0.213,-0.030
1668255428435,2022-11-12T14:17:08.435,880.880,0.884,-0.152,-0.061
1668255428475,2022-11-12T14:17:08.475,880.920,0.762,-0.274,0.091
1668255428515,2022-11-12T14:17:08.515,880.960,0.793,-0.274,0.152
1668255428555,2022-11-12T14:17:08.555,881.000,0.671,-0.366,0.152
1668255428595,2022-11-12T14:17:08.595,881.040,0.823,-0.335,-0.030
1668255428635,2022-11-12T14:17:08.635,881.080,0.976,-0.152,0.000
1668255428675,2022-11-12T14:17:08.675,881.120,0.854,-0.213,-0.061
1668255428715,2022-11-12T14:17:08.715,881.160,0.854,-0.183,0.030
1668255428755,2022-11-12T14:17:08.755,881.200,0.762,-0.183,0.061
1668255428795,2022-11-12T14:17:08.795,881.240,0.793,-0.305,-0.030
1668255428835,2022-11-12T14:17:08.835,881.280,0.793,-0.183,0.061
1668255428875,2022-11-12T14:17:08.875,881.320,0.945,-0.152,0.122
1668255428915,2022-11-12T14:17:08.915,881.360,0.854,-0.244,0.152
1668255428955,2022-11-12T14:17:08.955,881.400,0.823,-0.366,0.091
1668255428995,2022-11-12T14:17:08.995,881.440,1.098,-0.152,-0.122
1668255429035,2022-11-12T14:17:09.035,881.480,0.762,-0.183,0.091
1668255429075,2022-11-12T14:17:09.075,881.520,0.823,-0.335,-0.091
1668255429115,2022-11-12T14:17:09.115,881.560,1.037,-0.213,-0.061
1668255429155,2022-11-12T14:17:09.155,881.600,0.823,-0.213,0.091
1668255429195,2022-11-12T14:17:09.195,881.640,0.762,-0.183,0.030
1668255429235,2022-11-12T14:17:09.235,881.680,0.854,-0.213,-0.030
1668255429275,2022-11-12T14:17:09.275,881.720,0.793,-0.152,0.061
1668255429315,2022-11-12T14:17:09.315,881.760,0.793,-0.152,0.122
1668255429355,2022-11-12T14:17:09.355,881.800,0.884,-0.244,0.000
1668255429395,2022-11-12T14:17:09.395,881.840,0.884,-0.244,0.091
1668255429435,2022-11-12T14:17:09.435,881.880,0.884,-0.213,0.061
1668255429475,2022-11-12T14:17:09.475,881.920,0.915,-0.213,-0.183
1668255429515,2022-11-12T14:17:09.515,881.960,0.823,-0.274,0.122
1668255429555,2022-11-12T14:17:09.555,882.000,0.823,-0.305,0.091
1668255429595,2022-11-12T14:17:09.595,882.040,0.762,-0.335,-0.061
1668255429635,2022-11-12T14:17:09.635,882.080,0.793,-0.213,0.091
1668255429675,2022-11-12T14:17:09.675,882.120,0.976,-0.122,0.061
1668255429715,2022-11-12T14:17:09.715,882.160,0.884,-0.244,0.061
1668255429755,2022-11-12T14:17:09.755,882.200,0.762,-0.274,-0.030
1668255429795,2022-11-12T14:17:09.795,882.240,0.823,-0.183,0.030
1668255429835,2022-11-12T14:17:09.835,882.280,0.945,-0.213,0.061
1668255429875,2022-11-12T14:17:09.875,882.320,0.976,-0.152,-0.030
1668255429915,2022-11-12T14:17:09.915,882.360,0.793,-0.183,0.091
1668255429955,2022-11-12T14:17:09.955,882.400,0.915,-0.091,0.061
1668255429995,2022-11-12T14:17:09.995,882.440,0.945,-0.213,0.000
1668255430035,2022-11-12T14:17:10.035,882.480,0.854,-0.213,0.030
1668255430075,2022-11-12T14:17:10.075,882.520,0.945,-0.152,0.000
1668255430115,2022-11-12T14:17:10.115,882.560,0.945,-0.213,-0.030
1668255430155,2022-11-12T14:17:10.155,882.600,0.823,-0.183,0.091
1668255430195,2022-11-12T14:17:10.195,882.640,0.854,-0.091,-0.061
1668255430235,2022-11-12T14:17:10.235,882.680,0.884,-0.091,-0.061
1668255430275,2022-11-12T14:17:10.275,882.720,0.854,-0.274,0.030
1668255430315,2022-11-12T14:17:10.315,882.760,0.671,-0.274,-0.091
1668255430355,2022-11-12T14:17:10.355,882.800,0.793,-0.152,-0.030
1668255430395,2022-11-12T14:17:10.395,882.840,0.945,-0.061,-0.030
1668255430435,2022-11-12T14:17:10.435,882.880,0.854,-0.183,-0.030
1668255430475,2022-11-12T14:17:10.475,882.920,0.762,-0.213,0.000
1668255430515,2022-11-12T14:17:10.515,882.960,1.037,-0.061,-0.091
1668255430555,2022-11-12T14:17:10.555,883.000,0.884,-0.244,0.000
1668255430595,2022-11-12T14:17:10.595,883.040,0.854,-0.183,-0.061
1668255430635,2022-11-12T14:17:10.635,883.080,0.945,-0.152,-0.061
1668255430675,2022-11-12T14:17:10.675,883.120,0.762,-0.183,0.091
1668255430715,2022-11-12T14:17:10.715,883.160,0.793,-0.152,-0.030
1668255430755,2022-11-12T14:17:10.755,883.200,0.793,-0.213,-0.061
1668255430795,2022-11-12T14:17:10.795,883.240,0.884,-0.183,-0.030
1668255430835,2022-11-12T14:17:10.835,883.280,0.884,-0.213,-0.061
1668255430875,2022-11-12T14:17:10.875,883.320,0.793,-0.213,-0.030
1668255430915,2022-11-12T14:17:10.915,883.360,0.884,-0.122,-0.061
1668255430955,2022-11-12T14:17:10.955,883.400,0.793,-0.152,-0.061
1668255430995,2022-11-12T14:17:10.995,883.440,0.762,-0.274,0.030
1668255431035,2022-11-12T14:17:11.035,883.480,0.793,-0.305,-0.061
1668255431075,2022-11-12T14:17:11.075,883.520,0.762,-0.122,-0.030
1668255431115,2022-11-12T14:17:11.115,883.560,0.884,-0.152,-0.091
1668255431155,2022-11-12T14:17:11.155,883.600,0.793,-0.152,-0.030
1668255431195,2022-11-12T14:17:11.195,883.640,0.732,-0.183,0.030
1668255431235,2022-11-12T14:17:11.235,883.680,0.945,-0.152,-0.091
1668255431275,2022-11-12T14:17:11.275,883.720,0.793,-0.152,0.030
1668255431315,2022-11-12T14:17:11.315,883.760,0.915,-0.213,-0.030
1668255431355,2022-11-12T14:17:11.355,883.800,0.976,-0.152,-0.061
1668255431395,2022-11-12T14:17:11.395,883.840,0.762,-0.213,0.091
1668255431435,2022-11-12T14:17:11.435,883.880,0.762,-0.152,-0.030
1668255431475,2022-11-12T14:17:11.475,883.920,0.915,-0.152,-0.152
1668255431515,2022-11-12T14:17:11.515,883.960,0.884,-0.213,0.000
1668255431555,2022-11-12T14:17:11.555,884.000,0.762,-0.183,0.061
1668255431595,2022-11-12T14:17:11.595,884.040,0.884,-0.213,-0.061
1668255431635,2022-11-12T14:17:11.635,884.080,0.854,-0.213,0.000
1668255431675,2022-11-12T14:17:11.675,884.120,0.854,-0.091,0.000
1668255431715,2022-11-12T14:17:11.715,884.160,0.884,-0.091,0.000
1668255431755,2022-11-12T14:17:11.755,884.200,0.640,-0.335,0.030
1668255431795,2022-11-12T14:17:11.795,884.240,0.793,-0.244,-0.030
1668255431835,2022-11-12T14:17:11.835,884.280,0.854,-0.152,0.030
1668255431875,2022-11-12T14:17:11.875,884.320,0.854,-0.183,-0.030
1668255431915,2022-11-12T14:17:11.915,884.360,0.793,-0.183,0.030
1668255431955,2022-11-12T14:17:11.955,884.400,0.762,-0.122,0.061
1668255431995,2022-11-12T14:17:11.995,884.440,0.915,-0.122,-0.091
1668255432035,2022-11-12T14:17:12.035,884.480,0.823,-0.213,0.030
1668255432075,2022-11-12T14:17:12.075,884.520,0.915,-0.183,-0.030
1668255432115,2022-11-12T14:17:12.115,884.560,0.915,-0.183,-0.030
1668255432155,2022-11-12T14:17:12.155,884.600,0.701,-0.213,0.091
1668255432195,2022-11-12T14:17:12.195,884.640,0.915,-0.213,0.000
1668255432235,2022-11-12T14:17:12.235,884.680,0.915,-0.183,-0.061
1668255432275,2022-11-12T14:17:12.275,884.720,0.793,-0.152,0.091
1668255432315,2022-11-12T14:17:12.315,884.760,0.823,-0.213,0.000
1668255432355,2022-11-12T14:17:12.355,884.800,0.823,-0.213,0.000
1668255432395,2022-11-12T14:17:12.395,884.840,0.854,-0.183,0.030
1668255432435,2022-11-12T14:17:12.435,884.880,0.823,-0.213,0.030
1668255432475,2022-11-12T14:17:12.475,884.920,0.793,-0.213,0.000
1668255432515,2022-11-12T14:17:12.515,884.960,0.884,-0.244,0.000
1668255432555,2022-11-12T14:17:12.555,885.000,0.854,-0.122,-0.030
1668255432595,2022-11-12T14:17:12.595,885.040,0.701,-0.335,0.030
1668255432635,2022-11-12T14:17:12.635,885.080,0.732,-0.396,-0.061
1668255432675,2022-11-12T14:17:12.675,885.120,0.762,-0.213,0.030
1668255432715,2022-11-12T14:17:12.715,885.160,0.976,-0.152,0.030
1668255432755,2022-11-12T14:17:12.755,885.200,0.854,-0.244,0.030
1668255432795,2022-11-12T14:17:12.795,885.240,0.701,-0.244,0.061
1668255432835,2022-11-12T14:17:12.835,885.280,0.884,-0.183,-0.030
1668255432875,2022-11-12T14:17:12.875,885.320,0.793,-0.183,0.000
1668255432915,2022-11-12T14:17:12.915,885.360,0.793,-0.244,0.000
1668255432955,2022-11-12T14:17:12.955,885.400,1.006,-0.213,-0.030
1668255432995,2022-11-12T14:17:12.995,885.440,0.671,-0.213,0.030
1668255433035,2022-11-12T14:17:13.035,885.480,0.732,-0.213,0.061
1668255433075,2022-11-12T14:17:13.075,885.520,0.884,-0.213,-0.030
1668255433115,2022-11-12T14:17:13.115,885.560,0.854,-0.183,-0.030
1668255433155,2022-11-12T14:17:13.155,885.600,0.854,-0.244,0.000
1668255433195,2022-11-12T14:17:13.195,885.640,0.793,-0.213,0.000
1668255433235,2022-11-12T14:17:13.235,885.680,0.915,-0.274,-0.030
1668255433275,2022-11-12T14:17:13.275,885.720,0.793,-0.183,0.030
1668255433315,2022-11-12T14:17:13.315,885.760,0.823,-0.244,0.030
1668255433355,2022-11-12T14:17:13.355,885.800,0.854,-0.244,0.030
1668255433395,2022-11-12T14:17:13.395,885.840,0.793,-0.274,-0.030
1668255433435,2022-11-12T14:17:13.435,885.880,0.884,-0.091,0.030
1668255433475,2022-11-12T14:17:13.475,885.920,0.884,-0.274,0.061
1668255433515,2022-11-12T14:17:13.515,885.960,0.671,-0.335,0.030
1668255433555,2022-11-12T14:17:13.555,886.000,0.823,-0.213,-0.030
1668255433595,2022-11-12T14:17:13.595,886.040,0.915,-0.152,0.000
1668255433635,2022-11-12T14:17:13.635,886.080,0.823,-0.213,0.030
1668255433675,2022-11-12T14:17:13.675,886.120,0.762,-0.274,0.091
1668255433715,2022-11-12T14:17:13.715,886.160,0.762,-0.183,-0.030
1668255433755,2022-11-12T14:17:13.755,886.200,0.762,-0.213,0.061
1668255433795,2022-11-12T14:17:13.795,886.240,0.884,-0.183,0.030
1668255433835,2022-11-12T14:17:13.835,886.280,0.884,-0.213,0.030
1668255433875,2022-11-12T14:17:13.875,886.320,0.793,-0.152,0.091
1668255433915,2022-11-12T14:17:13.915,886.360,0.854,-0.213,0.030
1668255433955,2022-11-12T14:17:13.955,886.400,0.762,-0.244,0.000
1668255433995,2022-11-12T14:17:13.995,886.440,0.884,-0.183,0.000
1668255434035,2022-11-12T14:17:14.035,886.480,0.976,-0.183,0.030
1668255434075,2022-11-12T14:17:14.075,886.520,1.006,-0.122,0.000
1668255434115,2022-11-12T14:17:14.115,886.560,0.915,-0.122,-0.030
1668255434155,2022-11-12T14:17:14.155,886.600,0.915,-0.183,-0.030
1668255434195,2022-11-12T14:17:14.195,886.640,0.884,-0.122,-0.030
1668255434235,2022-11-12T14:17:14.235,886.680,0.945,-0.122,-0.061
1668255434275,2022-11-12T14:17:14.275,886.720,1.098,-0.152,-0.030
1668255434315,2022-11-12T14:17:14.315,886.760,0.793,-0.335,0.000
1668255434355,2022-11-12T14:17:14.355,886.800,0.701,-0.335,-0.091
1668255434395,2022-11-12T14:17:14.395,886.840,0.823,-0.091,0.030
1668255434435,2022-11-12T14:17:14.435,886.880,0.915,-0.122,-0.061
1668255434475,2022-11-12T14:17:14.475,886.920,0.640,-0.244,0.030
1668255434515,2022-11-12T14:17:14.515,886.960,0.854,-0.152,0.000
1668255434555,2022-11-12T14:17:14.555,887.000,0.915,-0.091,0.000
1668255434595,2022-11-12T14:17:14.595,887.040,0.732,-0.244,-0.030
1668255434635,2022-11-12T14:17:14.635,887.080,0.976,-0.213,-0.122
1668255434675,2022-11-12T14:17:14.675,887.120,0.762,-0.122,0.030
1668255434715,2022-11-12T14:17:14.715,887.160,0.762,-0.152,0.000
1668255434755,2022-11-12T14:17:14.755,887.200,0.976,-0.213,-0.091
1668255434795,2022-11-12T14:17:14.795,887.240,0.945,-0.183,-0.061
1668255434835,2022-11-12T14:17:14.835,887.280,0.884,-0.122,0.000
1668255434875,2022-11-12T14:17:14.875,887.320,0.793,-0.183,0.000
1668255434915,2022-11-12T14:17:14.915,887.360,0.823,-0.183,-0.061
1668255434955,2022-11-12T14:17:14.955,887.400,0.854,-0.152,0.000
1668255434995,2022-11-12T14:17:14.995,887.440,0.884,-0.091,-0.061
1668255435035,2022-11-12T14:17:15.035,887.480,0.915,-0.091,-0.122
1668255435075,2022-11-12T14:17:15.075,887.520,0.701,-0.213,0.061
1668255435115,2022-11-12T14:17:15.115,887.560,0.732,-0.366,0.000
1668255435155,2022-11-12T14:17:15.155,887.600,0.823,-0.152,0.000
1668255435195,2022-11-12T14:17:15.195,887.640,0.854,-0.122,-0.030
1668255435235,2022-11-12T14:17:15.235,887.680,0.884,-0.213,0.000
1668255435275,2022-11-12T14:17:15.275,887.720,0.762,-0.183,0.061
1668255435315,2022-11-12T14:17:15.315,887.760,0.945,-0.183,-0.061
1668255435355,2022-11-12T14:17:15.355,887.800,0.823,-0.152,0.000
1668255435395,2022-11-12T14:17:15.395,887.840,0.823,-0.152,-0.061
1668255435435,2022-11-12T14:17:15.435,887.880,0.854,-0.122,0.000
1668255435475,2022-11-12T14:17:15.475,887.920,0.701,-0.122,0.091
1668255435515,2022-11-12T14:17:15.515,887.960,0.610,-0.183,0.091
1668255435555,2022-11-12T14:17:15.555,888.000,0.915,-0.152,-0.061
1668255435595,2022-11-12T14:17:15.595,888.040,0.884,-0.152,-0.030
1668255435635,2022-11-12T14:17:15.635,888.080,0.854,-0.183,0.000
1668255435675,2022-11-12T14:17:15.675,888.120,0.823,-0.183,0.000
1668255435715,2022-11-12T14:17:15.715,888.160,0.945,-0.183,-0.030
1668255435755,2022-11-12T14:17:15.755,888.200,0.915,-0.152,0.000
1668255435795,2022-11-12T14:17:15.795,888.240,0.976,-0.183,-0.122
1668255435835,2022-11-12T14:17:15.835,888.280,0.976,-0.122,0.000
1668255435875,2022-11-12T14:17:15.875,888.320,0.732,-0.305,0.030
1668255435915,2022-11-12T14:17:15.915,888.360,0.854,-0.335,-0.091
1668255435955,2022-11-12T14:17:15.955,888.400,0.854,-0.152,0.061
1668255435995,2022-11-12T14:17:15.995,888.440,0.945,-0.152,-0.030
1668255436035,2022-11-12T14:17:16.035,888.480,0.793,-0.213,0.000
1668255436075,2022-11-12T14:17:16.075,888.520,0.732,-0.244,0.030
1668255436115,2022-11-12T14:17:16.115,888.560,0.945,-0.091,-0.061
1668255436155,2022-11-12T14:17:16.155,888.600,0.762,-0.213,0.030
1668255436195,2022-11-12T14:17:16.195,888.640,0.915,-0.244,-0.061
1668255436235,2022-11-12T14:17:16.235,888.680,0.854,-0.183,0.030
1668255436275,2022-11-12T14:17:16.275,888.720,0.732,-0.183,0.091
1668255436315,2022-11-12T14:17:16.315,888.760,0.854,-0.213,0.000
1668255436355,2022-11-12T14:17:16.355,888.800,0.854,-0.213,0.000
1668255436395,2022-11-12T14:17:16.395,888.840,0.823,-0.213,0.091
1668255436435,2022-11-12T14:17:16.435,888.880,0.823,-0.244,0.000
1668255436475,2022-11-12T14:17:16.475,888.920,0.976,-0.213,-0.030
1668255436515,2022-11-12T14:17:16.515,888.960,0.915,-0.152,0.061
1668255436555,2022-11-12T14:17:16.555,889.000,0.884,-0.183,0.000
1668255436595,2022-11-12T14:17:16.595,889.040,0.793,-0.213,0.000
1668255436635,2022-11-12T14:17:16.635,889.080,0.762,-0.335,0.061
1668255436675,2022-11-12T14:17:16.675,889.120,0.915,-0.366,-0.061
1668255436715,2022-11-12T14:17:16.715,889.160,0.793,-0.183,0.061
1668255436755,2022-11-12T14:17:16.755,889.200,0.823,-0.183,0.030
1668255436795,2022-11-12T14:17:16.795,889.240,0.915,-0.213,-0.030
1668255436835,2022-11-12T14:17:16.835,889.280,0.762,-0.213,0.091
1668255436875,2022-11-12T14:17:16.875,889.320,1.006,-0.122,0.000
1668255436915,2022-11-12T14:17:16.915,889.360,0.793,-0.244,0.091
1668255436955,2022-11-12T14:17:16.955,889.400,0.884,-0.244,0.030
1668255436995,2022-11-12T14:17:16.995,889.440,0.945,-0.152,0.030
1668255437035,2022-11-12T14:17:17.035,889.480,0.701,-0.183,0.152
1668255437075,2022-11-12T14:17:17.075,889.520,0.762,-0.152,0.091
1668255437115,2022-11-12T14:17:17.115,889.560,0.884,-0.274,0.000
1668255437155,2022-11-12T14:17:17.155,889.600,0.915,-0.152,0.122
1668255437195,2022-11-12T14:17:17.195,889.640,0.976,-0.244,-0.030
1668255437235,2022-11-12T14:17:17.235,889.680,0.854,-0.213,0.000
1668255437275,2022-11-12T14:17:17.275,889.720,0.762,-0.244,0.000
1668255437315,2022-11-12T14:17:17.315,889.760,0.854,-0.122,0.000
1668255437355,2022-11-12T14:17:17.355,889.800,0.854,-0.183,0.061
1668255437395,2022-11-12T14:17:17.395,889.840,0.732,-0.427,-0.061
1668255437435,2022-11-12T14:17:17.435,889.880,0.701,-0.244,0.061
1668255437475,2022-11-12T14:17:17.475,889.920,0.915,-0.091,0.091
1668255437515,2022-11-12T14:17:17.515,889.960,0.945,-0.213,-0.061
1668255437555,2022-11-12T14:17:17.555,890.000,0.640,-0.274,0.030
1668255437595,2022-11-12T14:17:17.595,890.040,1.067,-0.183,-0.061
1668255437635,2022-11-12T14:17:17.635,890.080,0.915,-0.152,0.030
1668255437675,2022-11-12T14:17:17.675,890.120,0.823,-0.305,0.030
1668255437715,2022-11-12T14:17:17.715,890.160,1.067,-0.122,-0.030
1668255437755,2022-11-12T14:17:17.755,890.200,0.854,-0.152,0.030
1668255437795,2022-11-12T14:17:17.795,890.240,0.762,-0.152,0.000
1668255437835,2022-11-12T14:17:17.835,890.280,0.945,-0.183,-0.061
1668255437875,2022-11-12T14:17:17.875,890.320,1.006,-0.183,-0.030
1668255437915,2022-11-12T14:17:17.915,890.360,1.006,-0.122,-0.030
1668255437955,2022-11-12T14:17:17.955,890.400,0.762,-0.183,-0.061
1668255437995,2022-11-12T14:17:17.995,890.440,0.793,-0.183,-0.061
1668255438035,2022-11-12T14:17:18.035,890.480,0.884,-0.183,0.030
1668255438075,2022-11-12T14:17:18.075,890.520,0.732,-0.274,0.000
1668255438115,2022-11-12T14:17:18.115,890.560,0.762,-0.213,-0.091
1668255438155,2022-11-12T14:17:18.155,890.600,0.945,-0.122,-0.030
1668255438195,2022-11-12T14:17:18.195,890.640,0.915,-0.183,-0.091
1668255438235,2022-11-12T14:17:18.235,890.680,0.671,-0.244,0.061
1668255438275,2022-11-12T14:17:18.275,890.720,1.006,-0.091,-0.030
1668255438315,2022-11-12T14:17:18.315,890.760,0.793,-0.091,0.000
1668255438355,2022-11-12T14:17:18.355,890.800,0.854,-0.244,-0.091
1668255438395,2022-11-12T14:17:18.395,890.840,1.067,-0.122,-0.061
1668255438435,2022-11-12T14:17:18.435,890.880,0.793,-0.183,0.061
1668255438475,2022-11-12T14:17:18.475,890.920,0.884,-0.213,0.000
1668255438515,2022-11-12T14:17:18.515,890.960,0.884,-0.183,-0.061
1668255438555,2022-11-12T14:17:18.555,891.000,0.854,-0.183,0.000
1668255438595,2022-11-12T14:17:18.595,891.040,0.884,-0.091,0.000
1668255438635,2022-11-12T14:17:18.635,891.080,0.732,-0.152,-0.030
1668255438675,2022-11-12T14:17:18.675,891.120,0.823,-0.091,-0.061
1668255438715,2022-11-12T14:17:18.715,891.160,0.732,-0.183,0.030
1668255438755,2022-11-12T14:17:18.755,891.200,0.732,-0.305,0.000
1668255438795,2022-11-12T14:17:18.795,891.240,0.915,-0.183,-0.061
1668255438835,2022-11-12T14:17:18.835,891.280,0.762,-0.122,0.000
1668255438875,2022-11-12T14:17:18.875,891.320,0.884,-0.183,-0.030
1668255438915,2022-11-12T14:17:18.915,891.360,0.823,-0.213,0.030
1668255438955,2022-11-12T14:17:18.955,891.400,0.732,-0.122,0.030
1668255438995,2022-11-12T14:17:18.995,891.440,0.976,-0.091,-0.091
1668255439035,2022-11-12T14:17:19.035,891.480,0.854,-0.183,0.000
1668255439075,2022-11-12T14:17:19.075,891.520,0.915,-0.152,-0.030
1668255439115,2022-11-12T14:17:19.115,891.560,0.793,-0.091,0.000
1668255439155,2022-11-12T14:17:19.155,891.600,0.793,-0.213,-0.030
1668255439195,2022-11-12T14:17:19.195,891.640,0.854,-0.183,-0.061
1668255439235,2022-11-12T14:17:19.235,891.680,0.884,-0.183,0.030
1668255439275,2022-11-12T14:17:19.275,891.720,0.823,-0.122,0.061
1668255439315,2022-11-12T14:17:19.315,891.760,0.823,-0.183,-0.061
1668255439355,2022-11-12T14:17:19.355,891.800,0.823,-0.183,-0.091
1668255439395,2022-11-12T14:17:19.395,891.840,0.884,-0.122,-0.091
1668255439435,2022-11-12T14:17:19.435,891.880,0.701,-0.274,0.091
1668255439475,2022-11-12T14:17:19.475,891.920,0.701,-0.305,0.030
1668255439515,2022-11-12T14:17:19.515,891.960,0.884,-0.152,-0.091
1668255439555,2022-11-12T14:17:19.555,892.000,0.793,-0.183,-0.030
1668255439595,2022-11-12T14:17:19.595,892.040,0.915,-0.152,-0.030
1668255439635,2022-11-12T14:17:19.635,892.080,0.762,-0.091,0.000
1668255439675,2022-11-12T14:17:19.675,892.120,0.701,-0.122,-0.152
1668255439715,2022-11-12T14:17:19.715,892.160,0.884,-0.091,-0.030
1668255439755,2022-11-12T14:17:19.755,892.200,0.884,-0.213,0.000
1668255439795,2022-11-12T14:17:19.795,892.240,0.884,-0.244,-0.122
1668255439835,2022-11-12T14:17:19.835,892.280,0.793,-0.183,0.122
1668255439875,2022-11-12T14:17:19.875,892.320,0.915,-0.152,0.122
1668255439915,2022-11-12T14:17:19.915,892.360,0.884,-0.213,-0.061
1668255439955,2022-11-12T14:17:19.955,892.400,0.945,-0.244,0.000
1668255439995,2022-11-12T14:17:19.995,892.440,0.823,-0.152,0.091
1668255440035,2022-11-12T14:17:20.035,892.480,0.701,-0.244,0.000
1668255440075,2022-11-12T14:17:20.075,892.520,0.884,-0.244,-0.030
1668255440115,2022-11-12T14:17:20.115,892.560,0.915,-0.152,0.091
1668255440155,2022-11-12T14:17:20.155,892.600,0.854,-0.152,-0.030
1668255440195,2022-11-12T14:17:20.195,892.640,0.762,-0.274,0.061
1668255440235,2022-11-12T14:17:20.235,892.680,0.671,-0.335,0.030
1668255440275,2022-11-12T14:17:20.275,892.720,0.945,-0.213,-0.061
1668255440315,2022-11-12T14:17:20.315,892.760,0.854,-0.244,0.000
1668255440355,2022-11-12T14:17:20.355,892.800,0.762,-0.213,-0.030
1668255440395,2022-11-12T14:17:20.395,892.840,0.793,-0.244,0.091
1668255440435,2022-11-12T14:17:20.435,892.880,0.854,-0.183,0.000
1668255440475,2022-11-12T14:17:20.475,892.920,0.945,-0.183,-0.061
1668255440515,2022-11-12T14:17:20.515,892.960,0.793,-0.213,0.122
1668255440555,2022-11-12T14:17:20.555,893.000,0.915,-0.213,-0.030
1668255440595,2022-11-12T14:17:20.595,893.040,0.610,-0.183,0.061
1668255440635,2022-11-12T14:17:20.635,893.080,0.671,-0.213,0.091
1668255440675,2022-11-12T14:17:20.675,893.120,0.915,-0.183,-0.030
1668255440715,2022-11-12T14:17:20.715,893.160,0.884,-0.213,0.000
1668255440755,2022-11-12T14:17:20.755,893.200,0.854,-0.213,0.000
1668255440795,2022-11-12T14:17:20.795,893.240,0.854,-0.152,0.061
1668255440835,2022-11-12T14:17:20.835,893.280,0.884,-0.244,0.000
1668255440875,2022-11-12T14:17:20.875,893.320,0.793,-0.244,0.061
1668255440915,2022-11-12T14:17:20.915,893.360,0.854,-0.183,0.030
1668255440955,2022-11-12T14:17:20.955,893.400,0.915,-0.152,0.030
1668255440995,2022-11-12T14:17:20.995,893.440,1.006,-0.213,-0.030
1668255441035,2022-11-12T14:17:21.035,893.480,0.793,-0.335,0.061
1668255441075,2022-11-12T14:17:21.075,893.520,0.671,-0.305,0.000
1668255441115,2022-11-12T14:17:21.115,893.560,0.823,-0.122,0.000
1668255441155,2022-11-12T14:17:21.155,893.600,0.793,-0.122,0.061
1668255441195,2022-11-12T14:17:21.195,893.640,0.732,-0.274,0.030
1668255441235,2022-11-12T14:17:21.235,893.680,0.884,-0.274,0.061
1668255441275,2022-11-12T14:17:21.275,893.720,1.067,-0.122,-0.091
1668255441315,2022-11-12T14:17:21.315,893.760,0.854,-0.213,0.030
1668255441355,2022-11-12T14:17:21.355,893.800,0.976,-0.183,-0.061
1668255441395,2022-11-12T14:17:21.395,893.840,0.823,-0.122,-0.030
1668255441435,2022-11-12T14:17:21.435,893.880,0.762,-0.183,0.091
1668255441475,2022-11-12T14:17:21.475,893.920,1.037,-0.091,-0.061
1668255441515,2022-11-12T14:17:21.515,893.960,0.915,-0.183,-0.091
1668255441555,2022-11-12T14:17:21.555,894.000,0.884,-0.213,0.030
1668255441595,2022-11-12T14:17:21.595,894.040,1.098,-0.183,-0.030
1668255441635,2022-11-12T14:17:21.635,894.080,0.915,-0.183,-0.030
1668255441675,2022-11-12T14:17:21.675,894.120,0.793,-0.152,0.030
1668255441715,2022-11-12T14:17:21.715,894.160,0.793,-0.091,0.000
1668255441755,2022-11-12T14:17:21.755,894.200,1.037,-0.091,-0.152
1668255441795,2022-11-12T14:17:21.795,894.240,0.884,-0.213,0.000
1668255441835,2022-11-12T14:17:21.835,894.280,0.640,-0.305,0.000
1668255441875,2022-11-12T14:17:21.875,894.320,0.762,-0.183,-0.030
1668255441915,2022-11-12T14:17:21.915,894.360,0.884,-0.091,0.000
1668255441955,2022-11-12T14:17:21.955,894.400,0.915,-0.091,-0.061
1668255441995,2022-11-12T14:17:21.995,894.440,0.701,-0.183,0.030
1668255442035,2022-11-12T14:17:22.035,894.480,0.915,-0.183,-0.061
1668255442075,2022-11-12T14:17:22.075,894.520,0.823,-0.061,0.000
1668255442115,2022-11-12T14:17:22.115,894.560,0.823,-0.183,-0.030
1668255442155,2022-11-12T14:17:22.155,894.600,1.037,-0.152,-0.122
1668255442195,2022-11-12T14:17:22.195,894.640,0.762,-0.152,0.030
1668255442235,2022-11-12T14:17:22.235,894.680,0.823,-0.152,0.000
1668255442275,2022-11-12T14:17:22.275,894.720,0.915,-0.183,-0.030
1668255442315,2022-11-12T14:17:22.315,894.760,0.945,-0.122,-0.061
1668255442355,2022-11-12T14:17:22.355,894.800,0.854,-0.152,0.030
1668255442395,2022-11-12T14:17:22.395,894.840,0.854,-0.213,0.000
1668255442435,2022-11-12T14:17:22.435,894.880,0.823,-0.152,-0.030
1668255442475,2022-11-12T14:17:22.475,894.920,0.793,-0.183,-0.030
1668255442515,2022-11-12T14:17:22.515,894.960,0.915,-0.183,-0.030
1668255442555,2022-11-12T14:17:22.555,895.000,0.976,-0.122,-0.091
1668255442595,2022-11-12T14:17:22.595,895.040,0.823,-0.091,-0.030
1668255442635,2022-11-12T14:17:22.635,895.080,0.732,-0.274,0.061
1668255442675,2022-11-12T14:17:22.675,895.120,0.915,-0.274,-0.122
1668255442715,2022-11-12T14:17:22.715,895.160,0.762,-0.152,0.000
1668255442755,2022-11-12T14:17:22.755,895.200,0.854,-0.091,-0.030
1668255442795,2022-11-12T14:17:22.795,895.240,0.884,-0.152,0.000
1668255442835,2022-11-12T14:17:22.835,895.280,0.762,-0.213,0.091
1668255442875,2022-11-12T14:17:22.875,895.320,0.823,-0.122,0.000
1668255442915,2022-11-12T14:17:22.915,895.360,0.915,-0.183,-0.030
1668255442955,2022-11-12T14:17:22.955,895.400,0.823,-0.213,0.061
1668255442995,2022-11-12T14:17:22.995,895.440,0.854,-0.183,0.061
1668255443035,2022-11-12T14:17:23.035,895.480,0.762,-0.152,0.030
1668255443075,2022-11-12T14:17:23.075,895.520,0.854,-0.183,-0.030
1668255443115,2022-11-12T14:17:23.115,895.560,0.915,-0.213,-0.030
1668255443155,2022-11-12T14:17:23.155,895.600,0.854,-0.152,0.030
1668255443195,2022-11-12T14:17:23.195,895.640,0.793,-0.213,0.000
1668255443235,2022-11-12T14:17:23.235,895.680,0.884,-0.183,0.000
1668255443275,2022-11-12T14:17:23.275,895.720,0.823,-0.183,0.000
1668255443315,2022-11-12T14:17:23.315,895.760,0.793,-0.183,0.030
1668255443355,2022-11-12T14:17:23.355,895.800,0.854,-0.122,-0.061
1668255443395,2022-11-12T14:17:23.395,895.840,0.884,-0.183,-0.061
1668255443435,2022-11-12T14:17:23.435,895.880,0.915,-0.152,-0.061
1668255443475,2022-11-12T14:17:23.475,895.920,0.915,-0.091,-0.030
1668255443515,2022-11-12T14:17:23.515,895.960,0.671,-0.274,0.091
1668255443555,2022-11-12T14:17:23.555,896.000,0.793,-0.427,-0.061
1668255443595,2022-11-12T14:17:23.595,896.040,0.915,-0.183,0.030
1668255443635,2022-11-12T14:17:23.635,896.080,0.854,-0.091,0.030
1668255443675,2022-11-12T14:17:23.675,896.120,0.823,-0.183,-0.030
1668255443715,2022-11-12T14:17:23.715,896.160,0.701,-0.213,0.091
1668255443755,2022-11-12T14:17:23.755,896.200,0.884,-0.152,-0.030
1668255443795,2022-11-12T14:17:23.795,896.240,0.854,-0.213,0.000
1668255443835,2022-11-12T14:17:23.835,896.280,0.823,-0.244,0.000
1668255443875,2022-11-12T14:17:23.875,896.320,0.915,-0.213,-0.030
1668255443915,2022-11-12T14:17:23.915,896.360,0.762,-0.183,0.061
1668255443955,2022-11-12T14:17:23.955,896.400,0.793,-0.213,0.000
1668255443995,2022-11-12T14:17:23.995,896.440,0.854,-0.213,0.000
1668255444035,2022-11-12T14:17:24.035,896.480,0.854,-0.213,0.061
1668255444075,2022-11-12T14:17:24.075,896.520,0.823,-0.244,0.030
1668255444115,2022-11-12T14:17:24.115,896.560,0.823,-0.213,0.061
1668255444155,2022-11-12T14:17:24.155,896.600,0.793,-0.213,0.061
1668255444195,2022-11-12T14:17:24.195,896.640,0.884,-0.244,-0.030
1668255444235,2022-11-12T14:17:24.235,896.680,0.884,-0.213,0.030
1668255444275,2022-11-12T14:17:24.275,896.720,0.854,-0.152,0.030
1668255444315,2022-11-12T14:17:24.315,896.760,0.915,-0.274,-0.030
1668255444355,2022-11-12T14:17:24.355,896.800,0.915,-0.213,-0.030
1668255444395,2022-11-12T14:17:24.395,896.840,0.701,-0.274,0.091
1668255444435,2022-11-12T14:17:24.435,896.880,0.762,-0.335,-0.061
1668255444475,2022-11-12T14:17:24.475,896.920,0.854,-0.183,0.030
1668255444515,2022-11-12T14:17:24.515,896.960,0.854,-0.122,0.091
1668255444555,2022-11-12T14:17:24.555,897.000,0.762,-0.274,0.030
1668255444595,2022-11-12T14:17:24.595,897.040,0.762,-0.305,0.061
1668255444635,2022-11-12T14:17:24.635,897.080,1.006,-0.213,-0.030
1668255444675,2022-11-12T14:17:24.675,897.120,0.884,-0.244,0.091
1668255444715,2022-11-12T14:17:24.715,897.160,0.884,-0.152,0.000
1668255444755,2022-11-12T14:17:24.755,897.200,0.854,-0.213,0.000
1668255444795,2022-11-12T14:17:24.795,897.240,0.762,-0.213,0.061
1668255444835,2022-11-12T14:17:24.835,897.280,0.823,-0.183,0.030
1668255444875,2022-11-12T14:17:24.875,897.320,0.884,-0.244,-0.030
1668255444915,2022-11-12T14:17:24.915,897.360,0.915,-0.244,0.030
1668255444955,2022-11-12T14:17:24.955,897.400,0.884,-0.183,0.030
1668255444995,2022-11-12T14:17:24.995,897.440,0.823,-0.183,0.000
1668255445035,2022-11-12T14:17:25.035,897.480,0.945,-0.183,0.000
1668255445075,2022-11-12T14:17:25.075,897.520,0.945,-0.122,-0.030
1668255445115,2022-11-12T14:17:25.115,897.560,0.884,-0.122,-0.122
1668255445155,2022-11-12T14:17:25.155,897.600,1.006,-0.122,0.000
1668255445195,2022-11-12T14:17:25.195,897.640,0.854,-0.213,0.000
1668255445235,2022-11-12T14:17:25.235,897.680,0.762,-0.244,-0.030
1668255445275,2022-11-12T14:17:25.275,897.720,0.854,-0.122,-0.030
1668255445315,2022-11-12T14:17:25.315,897.760,0.915,-0.091,-0.030
1668255445355,2022-11-12T14:17:25.355,897.800,0.732,-0.183,0.061
1668255445395,2022-11-12T14:17:25.395,897.840,0.884,-0.213,-0.061
1668255445435,2022-11-12T14:17:25.435,897.880,0.945,-0.152,-0.030
1668255445475,2022-11-12T14:17:25.475,897.920,0.823,-0.213,0.061
1668255445515,2022-11-12T14:17:25.515,897.960,0.976,-0.183,-0.061
1668255445555,2022-11-12T14:17:25.555,898.000,0.793,-0.183,0.000
1668255445595,2022-11-12T14:17:25.595,898.040,0.762,-0.152,0.000
1668255445635,2022-11-12T14:17:25.635,898.080,0.976,-0.183,-0.091
1668255445675,2022-11-12T14:17:25.675,898.120,0.976,-0.183,-0.061
1668255445715,2022-11-12T14:17:25.715,898.160,0.884,-0.122,0.000
1668255445755,2022-11-12T14:17:25.755,898.200,0.884,-0.244,-0.030
1668255445795,2022-11-12T14:17:25.795,898.240,0.854,-0.152,0.030
1668255445835,2022-11-12T14:17:25.835,898.280,0.854,-0.152,-0.061
1668255445875,2022-11-12T14:17:25.875,898.320,0.884,-0.122,-0.122
1668255445915,2022-11-12T14:17:25.915,898.360,0.762,-0.274,0.091
1668255445955,2022-11-12T14:17:25.955,898.400,0.732,-0.274,-0.030
1668255445995,2022-11-12T14:17:25.995,898.440,0.793,-0.183,-0.030
1668255446035,2022-11-12T14:17:26.035,898.480,0.762,-0.061,0.000
1668255446075,2022-11-12T14:17:26.075,898.520,0.854,-0.122,-0.030
1668255446115,2022-11-12T14:17:26.115,898.560,0.762,-0.213,0.061
1668255446155,2022-11-12T14:17:26.155,898.600,0.884,-0.091,-0.030
1668255446195,2022-11-12T14:17:26.195,898.640,0.793,-0.183,-0.030
1668255446235,2022-11-12T14:17:26.235,898.680,0.884,-0.183,-0.091
1668255446275,2022-11-12T14:17:26.275,898.720,1.006,-0.152,-0.061
1668255446315,2022-11-12T14:17:26.315,898.760,0.610,-0.213,0.091
1668255446355,2022-11-12T14:17:26.355,898.800,0.793,-0.183,-0.030
1668255446395,2022-11-12T14:17:26.395,898.840,0.945,-0.213,-0.061
1668255446435,2022-11-12T14:17:26.435,898.880,0.762,-0.183,0.030
1668255446475,2022-11-12T14:17:26.475,898.920,0.793,-0.213,0.030
1668255446515,2022-11-12T14:17:26.515,898.960,0.823,-0.244,0.000
1668255446555,2022-11-12T14:17:26.555,899.000,0.793,-0.213,0.000
1668255446595,2022-11-12T14:17:26.595,899.040,0.976,-0.091,-0.061
1668255446635,2022-11-12T14:17:26.635,899.080,0.854,-0.152,0.061
1668255446675,2022-11-12T14:17:26.675,899.120,0.671,-0.274,0.030
1668255446715,2022-11-12T14:17:26.715,899.160,0.884,-0.335,-0.122
1668255446755,2022-11-12T14:17:26.755,899.200,0.732,-0.152,0.061
1668255446795,2022-11-12T14:17:26.795,899.240,0.762,-0.122,0.030
1668255446835,2022-11-12T14:17:26.835,899.280,0.793,-0.183,0.000
1668255446875,2022-11-12T14:17:26.875,899.320,0.701,-0.183,0.000
1668255446915,2022-11-12T14:17:26.915,899.360,0.884,-0.152,-0.030
1668255446955,2022-11-12T14:17:26.955,899.400,0.762,-0.122,0.091
1668255446995,2022-11-12T14:17:26.995,899.440,0.762,-0.183,-0.030
1668255447035,2022-11-12T14:17:27.035,899.480,0.823,-0.213,0.000
1668255447075,2022-11-12T14:17:27.075,899.520,0.671,-0.183,0.122
1668255447115,2022-11-12T14:17:27.115,899.560,0.823,-0.213,0.000
1668255447155,2022-11-12T14:17:27.155,899.600,0.884,-0.274,-0.061
1668255447195,2022-11-12T14:17:27.195,899.640,0.793,-0.152,0.030
1668255447235,2022-11-12T14:17:27.235,899.680,0.823,-0.152,0.061
1668255447275,2022-11-12T14:17:27.275,899.720,0.732,-0.366,-0.030
1668255447315,2022-11-12T14:17:27.315,899.760,0.823,-0.122,0.061
1668255447355,2022-11-12T14:17:27.355,899.800,0.976,-0.152,0.000
1668255447395,2022-11-12T14:17:27.395,899.840,0.823,-0.183,-0.061
1668255447435,2022-11-12T14:17:27.435,899.880,0.671,-0.183,0.061
1668255447475,2022-11-12T14:17:27.475,899.920,0.762,-0.335,0.030
1668255447515,2022-11-12T14:17:27.515,899.960,0.854,-0.274,0.030
1668255447555,2022-11-12T14:17:27.555,900.000,0.915,-0.122,-0.030
1668255447595,2022-11-12T14:17:27.595,900.040,0.823,-0.152,-0.030
1668255447635,2022-11-12T14:17:27.635,900.080,0.732,-0.244,0.091
1668255447675,2022-11-12T14:17:27.675,900.120,0.823,-0.183,-0.030
1668255447715,2022-11-12T14:17:27.715,900.160,0.793,-0.183,0.030
1668255447755,2022-11-12T14:17:27.755,900.200,0.884,-0.244,0.030
1668255447795,2022-11-12T14:17:27.795,900.240,0.945,-0.183,0.000
1668255447835,2022-11-12T14:17:27.835,900.280,0.762,-0.213,0.061
1668255447875,2022-11-12T14:17:27.875,900.320,0.884,-0.183,0.030
1668255447915,2022-11-12T14:17:27.915,900.360,0.884,-0.213,0.000
1668255447955,2022-11-12T14:17:27.955,900.400,0.854,-0.274,0.061
1668255447995,2022-11-12T14:17:27.995,900.440,0.976,-0.183,0.000
1668255448035,2022-11-12T14:17:28.035,900.480,0.915,-0.244,-0.030
1668255448075,2022-11-12T14:17:28.075,900.520,0.762,-0.244,0.030
1668255448115,2022-11-12T14:17:28.115,900.560,0.762,-0.183,0.030
1668255448155,2022-11-12T14:17:28.155,900.600,0.945,-0.152,-0.030
1668255448195,2022-11-12T14:17:28.195,900.640,0.793,-0.183,0.091
1668255448235,2022-11-12T14:17:28.235,900.680,0.732,-0.366,-0.061
1668255448275,2022-11-12T14:17:28.275,900.720,0.732,-0.152,0.000
1668255448315,2022-11-12T14:17:28.315,900.760,0.823,-0.091,0.061
1668255448355,2022-11-12T14:17:28.355,900.800,0.976,-0.183,0.030
1668255448395,2022-11-12T14:17:28.395,900.840,0.793,-0.152,0.091
1668255448435,2022-11-12T14:17:28.435,900.880,0.976,-0.122,-0.061
1668255448475,2022-11-12T14:17:28.475,900.920,1.037,-0.091,0.000
1668255448515,2022-11-12T14:17:28.515,900.960,0.945,-0.213,-0.061
1668255448555,2022-11-12T14:17:28.555,901.000,0.854,-0.152,-0.030
1668255448595,2022-11-12T14:17:28.595,901.040,0.732,-0.091,0.091
1668255448635,2022-11-12T14:17:28.635,901.080,0.945,-0.152,0.000
1668255448675,2022-11-12T14:17:28.675,901.120,0.823,-0.183,-0.061
1668255448715,2022-11-12T14:17:28.715,901.160,0.945,-0.183,-0.030
1668255448755,2022-11-12T14:17:28.755,901.200,0.945,-0.152,0.000
1668255448795,2022-11-12T14:17:28.795,901.240,0.823,-0.183,-0.091
1668255448835,2022-11-12T14:17:28.835,901.280,0.793,-0.122,-0.030
1668255448875,2022-11-12T14:17:28.875,901.320,0.884,-0.122,-0.030
1668255448915,2022-11-12T14:17:28.915,901.360,0.793,-0.213,0.000
1668255448955,2022-11-12T14:17:28.955,901.400,0.732,-0.305,-0.061
1668255448995,2022-11-12T14:17:28.995,901.440,0.823,-0.213,0.030
1668255449035,2022-11-12T14:17:29.035,901.480,0.976,-0.091,-0.030
1668255449075,2022-11-12T14:17:29.075,901.520,0.854,-0.122,-0.122
1668255449115,2022-11-12T14:17:29.115,901.560,0.579,-0.213,0.122
1668255449155,2022-11-12T14:17:29.155,901.600,0.976,-0.122,-0.061
1668255449195,2022-11-12T14:17:29.195,901.640,0.854,-0.122,0.000
1668255449235,2022-11-12T14:17:29.235,901.680,0.854,-0.305,-0.030
1668255449275,2022-11-12T14:17:29.275,901.720,1.037,-0.152,-0.030
1668255449315,2022-11-12T14:17:29.315,901.760,0.732,-0.183,0.091
1668255449355,2022-11-12T14:17:29.355,901.800,0.793,-0.244,0.000
1668255449395,2022-11-12T14:17:29.395,901.840,1.006,-0.213,-0.061
1668255449435,2022-11-12T14:17:29.435,901.880,0.915,-0.152,0.030
1668255449475,2022-11-12T14:17:29.475,901.920,0.732,-0.183,0.030
1668255449515,2022-11-12T14:17:29.515,901.960,0.915,-0.244,-0.122
1668255449555,2022-11-12T14:17:29.555,902.000,0.793,-0.091,-0.030
1668255449595,2022-11-12T14:17:29.595,902.040,0.732,-0.122,0.061
1668255449635,2022-11-12T14:17:29.635,902.080,0.945,-0.152,-0.091
1668255449675,2022-11-12T14:17:29.675,902.120,0.793,-0.152,0.000
1668255449715,2022-11-12T14:17:29.715,902.160,0.671,-0.305,0.030
1668255449755,2022-11-12T14:17:29.755,902.200,0.823,-0.183,-0.030
1668255449795,2022-11-12T14:17:29.795,902.240,0.762,-0.091,-0.030
1668255449835,2022-11-12T14:17:29.835,902.280,0.823,-0.152,-0.030
1668255449875,2022-11-12T14:17:29.875,902.320,0.762,-0.213,0.030
1668255449915,2022-11-12T14:17:29.915,902.360,0.823,-0.183,0.030
1668255449955,2022-11-12T14:17:29.955,902.400,0.915,-0.122,-0.030
1668255449995,2022-11-12T14:17:29.995,902.440,0.823,-0.152,0.030
1668255450035,2022-11-12T14:17:30.035,902.480,0.945,-0.183,0.000
1668255450075,2022-11-12T14:17:30.075,902.520,0.793,-0.183,0.030
1668255450115,2022-11-12T14:17:30.115,902.560,0.793,-0.183,0.030
1668255450155,2022-11-12T14:17:30.155,902.600,0.915,-0.152,-0.030
1668255450195,2022-11-12T14:17:30.195,902.640,0.915,-0.183,0.000
1668255450235,2022-11-12T14:17:30.235,902.680,0.823,-0.213,0.061
1668255450275,2022-11-12T14:17:30.275,902.720,0.732,-0.183,0.030
1668255450315,2022-11-12T14:17:30.315,902.760,0.854,-0.213,-0.030
1668255450355,2022-11-12T14:17:30.355,902.800,0.884,-0.183,0.000
1668255450395,2022-11-12T14:17:30.395,902.840,0.793,-0.122,0.000
1668255450435,2022-11-12T14:17:30.435,902.880,0.884,-0.183,-0.061
1668255450475,2022-11-12T14:17:30.475,902.920,0.823,-0.183,0.061
1668255450515,2022-11-12T14:17:30.515,902.960,0.701,-0.274,-0.030
1668255450555,2022-11-12T14:17:30.555,903.000,0.854,-0.091,-0.152
1668255450595,2022-11-12T14:17:30.595,903.040,0.762,-0.061,-0.030
1668255450635,2022-11-12T14:17:30.635,903.080,0.793,-0.152,0.000
1668255450675,2022-11-12T14:17:30.675,903.120,0.823,-0.274,0.061
1668255450715,2022-11-12T14:17:30.715,903.160,0.854,-0.213,0.030
1668255450755,2022-11-12T14:17:30.755,903.200,0.915,-0.152,0.000
1668255450795,2022-11-12T14:17:30.795,903.240,0.793,-0.244,0.061
1668255450835,2022-11-12T14:17:30.835,903.280,0.854,-0.213,0.000
1668255450875,2022-11-12T14:17:30.875,903.320,0.732,-0.183,0.061
1668255450915,2022-11-12T14:17:30.915,903.360,0.640,-0.183,0.091
1668255450955,2022-11-12T14:17:30.955,903.400,0.762,-0.183,0.030
1668255450995,2022-11-12T14:17:30.995,903.440,0.823,-0.213,0.061
1668255451035,2022-11-12T14:17:31.035,903.480,0.884,-0.213,0.061
1668255451075,2022-11-12T14:17:31.075,903.520,0.823,-0.213,0.061
1668255451115,2022-11-12T14:17:31.115,903.560,0.793,-0.244,0.000
1668255451155,2022-11-12T14:17:31.155,903.600,0.884,-0.152,0.030
1668255451195,2022-11-12T14:17:31.195,903.640,0.762,-0.213,0.061
1668255451235,2022-11-12T14:17:31.235,903.680,0.945,-0.183,-0.061
1668255451275,2022-11-12T14:17:31.275,903.720,0.854,-0.213,0.091
1668255451315,2022-11-12T14:17:31.315,903.760,0.732,-0.366,0.061
1668255451355,2022-11-12T14:17:31.355,903.800,0.793,-0.244,-0.030
1668255451395,2022-11-12T14:17:31.395,903.840,0.732,-0.152,0.122
1668255451435,2022-11-12T14:17:31.435,903.880,0.854,-0.183,0.000
1668255451475,2022-11-12T14:17:31.475,903.920,0.793,-0.244,-0.030
1668255451515,2022-11-12T14:17:31.515,903.960,0.762,-0.213,0.030
1668255451555,2022-11-12T14:17:31.555,904.000,0.976,-0.183,0.030
1668255451595,2022-11-12T14:17:31.595,904.040,0.945,-0.183,0.091
1668255451635,2022-11-12T14:17:31.635,904.080,0.945,-0.244,0.061
1668255451675,2022-11-12T14:17:31.675,904.120,0.671,-0.213,0.122
1668255451715,2022-11-12T14:17:31.715,904.160,0.854,-0.183,0.061
1668255451755,2022-11-12T14:17:31.755,904.200,0.976,-0.183,0.030
1668255451795,2022-11-12T14:17:31.795,904.240,0.945,-0.244,0.030
1668255451835,2022-11-12T14:17:31.835,904.280,0.945,-0.274,0.030
1668255451875,2022-11-12T14:17:31.875,904.320,1.006,-0.213,0.030
1668255451915,2022-11-12T14:17:31.915,904.360,0.854,-0.244,0.000
1668255451955,2022-11-12T14:17:31.955,904.400,0.549,-0.091,0.030
1668255451995,2022-11-12T14:17:31.995,904.440,0.732,-0.091,-0.061
1668255452035,2022-11-12T14:17:32.035,904.480,0.793,-0.122,0.091
1668255452075,2022-11-12T14:17:32.075,904.520,0.732,-0.335,-0.030
1668255452115,2022-11-12T14:17:32.115,904.560,0.671,-0.213,-0.030
1668255452155,2022-11-12T14:17:32.155,904.600,0.823,-0.061,0.000
1668255452195,2022-11-12T14:17:32.195,904.640,0.915,-0.152,-0.061
1668255452235,2022-11-12T14:17:32.235,904.680,0.823,-0.274,0.030
1668255452275,2022-11-12T14:17:32.275,904.720,0.945,-0.152,-0.030
1668255452315,2022-11-12T14:17:32.315,904.760,1.037,-0.152,0.030
1668255452355,2022-11-12T14:17:32.355,904.800,1.098,-0.244,-0.091
1668255452395,2022-11-12T14:17:32.395,904.840,0.976,-0.183,-0.061
1668255452435,2022-11-12T14:17:32.435,904.880,0.854,-0.183,0.061
1668255452475,2022-11-12T14:17:32.475,904.920,0.915,-0.213,0.000
1668255452515,2022-11-12T14:17:32.515,904.960,0.732,-0.274,-0.030
1668255452555,2022-11-12T14:17:32.555,905.000,0.915,-0.213,-0.061
1668255452595,2022-11-12T14:17:32.595,905.040,0.976,-0.152,0.000
1668255452635,2022-11-12T14:17:32.635,905.080,0.762,-0.183,-0.030
1668255452675,2022-11-12T14:17:32.675,905.120,0.945,-0.213,-0.091
1668255452715,2022-11-12T14:17:32.715,905.160,0.915,-0.061,-0.030
1668255452755,2022-11-12T14:17:32.755,905.200,0.854,-0.213,0.000
1668255452795,2022-11-12T14:17:32.795,905.240,0.762,-0.366,0.000
1668255452835,2022-11-12T14:17:32.835,905.280,0.823,-0.183,0.000
1668255452875,2022-11-12T14:17:32.875,905.320,0.915,-0.122,0.000
1668255452915,2022-11-12T14:17:32.915,905.360,0.854,-0.122,0.000
1668255452955,2022-11-12T14:17:32.955,905.400,0.793,-0.213,0.061
1668255452995,2022-11-12T14:17:32.995,905.440,1.006,-0.122,0.030
1668255453035,2022-11-12T14:17:33.035,905.480,1.006,-0.122,0.030
1668255453075,2022-11-12T14:17:33.075,905.520,0.884,-0.183,-0.030
1668255453115,2022-11-12T14:17:33.115,905.560,0.884,-0.183,-0.122
1668255453155,2022-11-12T14:17:33.155,905.600,0.823,-0.091,0.061
1668255453195,2022-11-12T14:17:33.195,905.640,0.732,-0.122,0.000
1668255453235,2022-11-12T14:17:33.235,905.680,0.823,-0.244,-0.061
1668255453275,2022-11-12T14:17:33.275,905.720,0.945,-0.213,-0.061
1668255453315,2022-11-12T14:17:33.315,905.760,0.884,-0.183,0.030
1668255453355,2022-11-12T14:17:33.355,905.800,0.854,-0.152,-0.030
1668255453395,2022-11-12T14:17:33.395,905.840,0.823,-0.183,-0.030
1668255453435,2022-11-12T14:17:33.435,905.880,0.884,-0.091,-0.091
1668255453475,2022-11-12T14:17:33.475,905.920,0.762,-0.152,0.000
1668255453515,2022-11-12T14:17:33.515,905.960,0.671,-0.335,0.030
1668255453555,2022-11-12T14:17:33.555,906.000,0.793,-0.213,-0.030
1668255453595,2022-11-12T14:17:33.595,906.040,0.823,-0.122,0.030
1668255453635,2022-11-12T14:17:33.635,906.080,0.854,-0.152,-0.061
1668255453675,2022-11-12T14:17:33.675,906.120,0.793,-0.183,0.000
1668255453715,2022-11-12T14:17:33.715,906.160,0.793,-0.183,0.061
1668255453755,2022-11-12T14:17:33.755,906.200,0.945,-0.152,-0.091
1668255453795,2022-11-12T14:17:33.795,906.240,0.671,-0.213,0.061
1668255453835,2022-11-12T14:17:33.835,906.280,0.854,-0.152,-0.061
1668255453875,2022-11-12T14:17:33.875,906.320,0.854,-0.152,0.000
1668255453915,2022-11-12T14:17:33.915,906.360,0.610,-0.213,0.091
1668255453955,2022-11-12T14:17:33.955,906.400,0.945,-0.213,-0.030
1668255453995,2022-11-12T14:17:33.995,906.440,0.884,-0.152,0.000
1668255454035,2022-11-12T14:17:34.035,906.480,0.823,-0.183,0.030
1668255454075,2022-11-12T14:17:34.075,906.520,0.915,-0.152,0.030
1668255454115,2022-11-12T14:17:34.115,906.560,0.823,-0.183,0.030
1668255454155,2022-11-12T14:17:34.155,906.600,0.823,-0.152,0.030
1668255454195,2022-11-12T14:17:34.195,906.640,0.854,-0.183,0.030
1668255454235,2022-11-12T14:17:34.235,906.680,0.945,-0.122,-0.061
1668255454275,2022-11-12T14:17:34.275,906.720,0.793,-0.122,0.030
1668255454315,2022-11-12T14:17:34.315,906.760,0.701,-0.335,0.000
1668255454355,2022-11-12T14:17:34.355,906.800,0.823,-0.274,-0.030
1668255454395,2022-11-12T14:17:34.395,906.840,0.793,-0.122,0.030
1668255454435,2022-11-12T14:17:34.435,906.880,0.884,-0.122,-0.061
1668255454475,2022-11-12T14:17:34.475,906.920,0.732,-0.244,0.091
1668255454515,2022-11-12T14:17:34.515,906.960,0.793,-0.152,0.000
1668255454555,2022-11-12T14:17:34.555,907.000,0.915,-0.061,-0.061
1668255454595,2022-11-12T14:17:34.595,907.040,0.701,-0.183,0.061
1668255454635,2022-11-12T14:17:34.635,907.080,1.006,-0.183,-0.091
1668255454675,2022-11-12T14:17:34.675,907.120,0.762,-0.183,0.061
1668255454715,2022-11-12T14:17:34.715,907.160,0.671,-0.244,0.061
1668255454755,2022-11-12T14:17:34.755,907.200,0.884,-0.213,-0.030
1668255454795,2022-11-12T14:17:34.795,907.240,0.793,-0.183,-0.030
1668255454835,2022-11-12T14:17:34.835,907.280,0.762,-0.213,0.000
1668255454875,2022-11-12T14:17:34.875,907.320,0.854,-0.213,0.000
1668255454915,2022-11-12T14:17:34.915,907.360,0.762,-0.183,-0.030
1668255454955,2022-11-12T14:17:34.955,907.400,0.793,-0.122,0.061
1668255454995,2022-11-12T14:17:34.995,907.440,0.945,-0.244,0.000
1668255455035,2022-11-12T14:17:35.035,907.480,0.793,-0.244,0.122
1668255455075,2022-11-12T14:17:35.075,907.520,1.037,-0.091,0.000
1668255455115,2022-11-12T14:17:35.115,907.560,0.884,-0.183,-0.061
1668255455155,2022-11-12T14:17:35.155,907.600,0.579,-0.427,0.000
1668255455195,2022-11-12T14:17:35.195,907.640,0.793,-0.183,-0.030
1668255455235,2022-11-12T14:17:35.235,907.680,0.823,-0.122,0.091
1668255455275,2022-11-12T14:17:35.275,907.720,0.762,-0.152,0.030
1668255455315,2022-11-12T14:17:35.315,907.760,0.701,-0.213,-0.030
1668255455355,2022-11-12T14:17:35.355,907.800,0.823,-0.152,0.000
1668255455395,2022-11-12T14:17:35.395,907.840,0.884,-0.183,0.030
1668255455435,2022-11-12T14:17:35.435,907.880,0.823,-0.274,0.061
1668255455475,2022-11-12T14:17:35.475,907.920,0.915,-0.152,-0.030
1668255455515,2022-11-12T14:17:35.515,907.960,0.610,-0.183,0.030
1668255455555,2022-11-12T14:17:35.555,908.000,0.732,-0.152,0.091
1668255455595,2022-11-12T14:17:35.595,908.040,0.915,-0.183,-0.030
1668255455635,2022-11-12T14:17:35.635,908.080,0.884,-0.244,0.000
1668255455675,2022-11-12T14:17:35.675,908.120,0.854,-0.152,0.030
1668255455715,2022-11-12T14:17:35.715,908.160,0.945,-0.152,-0.030
1668255455755,2022-11-12T14:17:35.755,908.200,0.915,-0.213,0.030
1668255455795,2022-11-12T14:17:35.795,908.240,0.976,-0.183,0.061
1668255455835,2022-11-12T14:17:35.835,908.280,0.732,-0.091,0.061
1668255455875,2022-11-12T14:17:35.875,908.320,0.854,-0.213,-0.091
1668255455915,2022-11-12T14:17:35.915,908.360,0.854,-0.152,0.030
1668255455955,2022-11-12T14:17:35.955,908.400,0.732,-0.335,0.061
1668255455995,2022-11-12T14:17:35.995,908.440,0.732,-0.244,0.000
1668255456035,2022-11-12T14:17:36.035,908.480,0.884,-0.061,0.000
1668255456075,2022-11-12T14:17:36.075,908.520,0.854,-0.091,0.000
1668255456115,2022-11-12T14:17:36.115,908.560,0.762,-0.244,0.000
1668255456155,2022-11-12T14:17:36.155,908.600,0.854,-0.183,0.000
1668255456195,2022-11-12T14:17:36.195,908.640,0.945,-0.061,0.000
1668255456235,2022-11-12T14:17:36.235,908.680,0.884,-0.274,0.000
1668255456275,2022-11-12T14:17:36.275,908.720,0.976,-0.152,-0.061
1668255456315,2022-11-12T14:17:36.315,908.760,0.854,-0.183,0.030
1668255456355,2022-11-12T14:17:36.355,908.800,0.701,-0.152,0.061
1668255456395,2022-11-12T14:17:36.395,908.840,0.762,-0.213,-0.030
1668255456435,2022-11-12T14:17:36.435,908.880,0.915,-0.213,-0.030
1668255456475,2022-11-12T14:17:36.475,908.920,0.732,-0.152,0.061
1668255456515,2022-11-12T14:17:36.515,908.960,0.793,-0.152,-0.030
1668255456555,2022-11-12T14:17:36.555,909.000,0.854,-0.213,-0.091
1668255456595,2022-11-12T14:17:36.595,909.040,0.823,-0.213,0.030
1668255456635,2022-11-12T14:17:36.635,909.080,0.854,-0.152,0.030
1668255456675,2022-11-12T14:17:36.675,909.120,0.854,-0.183,-0.091
1668255456715,2022-11-12T14:17:36.715,909.160,0.854,-0.122,-0.030
1668255456755,2022-11-12T14:17:36.755,909.200,0.701,-0.366,0.030
1668255456795,2022-11-12T14:17:36.795,909.240,0.884,-0.335,-0.091
1668255456835,2022-11-12T14:17:36.835,909.280,0.854,-0.091,0.030
1668255456875,2022-11-12T14:17:36.875,909.320,0.884,-0.152,-0.061
1668255456915,2022-11-12T14:17:36.915,909.360,0.793,-0.152,0.000
1668255456955,2022-11-12T14:17:36.955,909.400,0.762,-0.244,0.061
1668255456995,2022-11-12T14:17:36.995,909.440,1.037,-0.122,-0.030
1668255457035,2022-11-12T14:17:37.035,909.480,0.793,-0.213,0.061
1668255457075,2022-11-12T14:17:37.075,909.520,0.884,-0.183,0.000
1668255457115,2022-11-12T14:17:37.115,909.560,1.006,-0.152,-0.030
1668255457155,2022-11-12T14:17:37.155,909.600,0.671,-0.183,0.091
1668255457195,2022-11-12T14:17:37.195,909.640,0.854,-0.213,-0.030
1668255457235,2022-11-12T14:17:37.235,909.680,0.945,-0.152,-0.061
1668255457275,2022-11-12T14:17:37.275,909.720,0.762,-0.213,0.000
1668255457315,2022-11-12T14:17:37.315,909.760,0.884,-0.152,0.030
1668255457355,2022-11-12T14:17:37.355,909.800,0.762,-0.183,0.061
1668255457395,2022-11-12T14:17:37.395,909.840,0.823,-0.183,0.061
1668255457435,2022-11-12T14:17:37.435,909.880,0.884,-0.122,0.030
1668255457475,2022-11-12T14:17:37.475,909.920,0.793,-0.213,-0.030
1668255457515,2022-11-12T14:17:37.515,909.960,1.006,-0.122,-0.122
1668255457555,2022-11-12T14:17:37.555,910.000,0.762,-0.244,0.061
1668255457595,2022-11-12T14:17:37.595,910.040,0.701,-0.396,-0.030
1668255457635,2022-11-12T14:17:37.635,910.080,0.915,-0.183,-0.030
1668255457675,2022-11-12T14:17:37.675,910.120,0.793,-0.122,0.030
1668255457715,2022-11-12T14:17:37.715,910.160,0.945,-0.152,-0.030
1668255457755,2022-11-12T14:17:37.755,910.200,0.793,-0.183,0.091
1668255457795,2022-11-12T14:17:37.795,910.240,0.884,-0.183,0.000
1668255457835,2022-11-12T14:17:37.835,910.280,0.976,-0.122,0.000
1668255457875,2022-11-12T14:17:37.875,910.320,0.854,-0.152,0.000
1668255457915,2022-11-12T14:17:37.915,910.360,0.915,-0.152,-0.091
1668255457955,2022-11-12T14:17:37.955,910.400,0.762,-0.213,0.061
1668255457995,2022-11-12T14:17:37.995,910.440,0.884,-0.152,0.000
1668255458035,2022-11-12T14:17:38.035,910.480,0.884,-0.244,0.030
1668255458075,2022-11-12T14:17:38.075,910.520,0.823,-0.213,0.000
1668255458115,2022-11-12T14:17:38.115,910.560,0.823,-0.122,0.000
1668255458155,2022-11-12T14:17:38.155,910.600,0.915,-0.183,0.030
1668255458195,2022-11-12T14:17:38.195,910.640,0.915,-0.183,0.030
1668255458235,2022-11-12T14:17:38.235,910.680,0.915,-0.183,0.061
1668255458275,2022-11-12T14:17:38.275,910.720,0.915,-0.244,0.030
1668255458315,2022-11-12T14:17:38.315,910.760,0.854,-0.183,-0.030
1668255458355,2022-11-12T14:17:38.355,910.800,0.793,-0.152,-0.030
1668255458395,2022-11-12T14:17:38.395,910.840,0.671,-0.335,0.061
1668255458435,2022-11-12T14:17:38.435,910.880,0.823,-0.274,-0.061
1668255458475,2022-11-12T14:17:38.475,910.920,0.732,-0.152,0.061
1668255458515,2022-11-12T14:17:38.515,910.960,0.823,-0.213,0.000
1668255458555,2022-11-12T14:17:38.555,911.000,0.915,-0.244,-0.030
1668255458595,2022-11-12T14:17:38.595,911.040,0.701,-0.213,0.091
1668255458635,2022-11-12T14:17:38.635,911.080,0.945,-0.152,-0.091
1668255458675,2022-11-12T14:17:38.675,911.120,0.793,-0.213,0.030
1668255458715,2022-11-12T14:17:38.715,911.160,0.823,-0.213,-0.030
1668255458755,2022-11-12T14:17:38.755,911.200,0.854,-0.183,0.030
1668255458795,2022-11-12T14:17:38.795,911.240,0.671,-0.152,0.000
1668255458835,2022-11-12T14:17:38.835,911.280,0.762,-0.213,0.000
1668255458875,2022-11-12T14:17:38.875,911.320,0.884,-0.213,0.000
1668255458915,2022-11-12T14:17:38.915,911.360,0.915,-0.213,0.000
1668255458955,2022-11-12T14:17:38.955,911.400,0.884,-0.183,0.061
1668255458995,2022-11-12T14:17:38.995,911.440,0.793,-0.274,0.030
1668255459035,2022-11-12T14:17:39.035,911.480,0.823,-0.244,0.000
1668255459075,2022-11-12T14:17:39.075,911.520,0.884,-0.152,0.030
1668255459115,2022-11-12T14:17:39.115,911.560,0.823,-0.183,-0.030
1668255459155,2022-11-12T14:17:39.155,911.600,0.854,-0.183,0.061
1668255459195,2022-11-12T14:17:39.195,911.640,0.854,-0.335,0.030
1668255459235,2022-11-12T14:17:39.235,911.680,0.701,-0.305,-0.030
1668255459275,2022-11-12T14:17:39.275,911.720,0.793,-0.122,0.091
1668255459315,2022-11-12T14:17:39.315,911.760,0.976,-0.152,-0.030
1668255459355,2022-11-12T14:17:39.355,911.800,0.732,-0.213,0.061
1668255459395,2022-11-12T14:17:39.395,911.840,0.915,-0.213,0.000
1668255459435,2022-11-12T14:17:39.435,911.880,1.098,-0.091,-0.091
1668255459475,2022-11-12T14:17:39.475,911.920,0.793,-0.213,0.000
1668255459515,2022-11-12T14:17:39.515,911.960,0.976,-0.152,-0.030
1668255459555,2022-11-12T14:17:39.555,912.000,0.945,-0.091,0.000
1668255459595,2022-11-12T14:17:39.595,912.040,0.823,-0.122,0.030
1668255459635,2022-11-12T14:17:39.635,912.080,0.915,-0.152,0.000
1668255459675,2022-11-12T14:17:39.675,912.120,1.006,-0.152,0.000
1668255459715,2022-11-12T14:17:39.715,912.160,0.976,-0.183,-0.030
1668255459755,2022-11-12T14:17:39.755,912.200,0.823,-0.152,-0.061
1668255459795,2022-11-12T14:17:39.795,912.240,0.671,-0.122,-0.061
1668255459835,2022-11-12T14:17:39.835,912.280,0.976,-0.091,-0.061
1668255459875,2022-11-12T14:17:39.875,912.320,0.793,-0.122,0.061
1668255459915,2022-11-12T14:17:39.915,912.360,0.640,-0.366,-0.030
1668255459955,2022-11-12T14:17:39.955,912.400,0.854,-0.244,0.030
1668255459995,2022-11-12T14:17:39.995,912.440,0.945,-0.091,0.091
1668255460035,2022-11-12T14:17:40.035,912.480,0.854,-0.122,-0.122
1668255460075,2022-11-12T14:17:40.075,912.520,0.579,-0.244,-0.122
1668255460115,2022-11-12T14:17:40.115,912.560,0.701,-0.183,-0.061
1668255460155,2022-11-12T14:17:40.155,912.600,0.701,-0.122,0.122
1668255460195,2022-11-12T14:17:40.195,912.640,0.976,-0.305,-0.122
1668255460235,2022-11-12T14:17:40.235,912.680,0.945,-0.183,-0.030
1668255460275,2022-11-12T14:17:40.275,912.720,1.037,-0.030,0.091
1668255460315,2022-11-12T14:17:40.315,912.760,1.006,-0.091,-0.030
1668255460355,2022-11-12T14:17:40.355,912.800,0.488,-0.244,0.091
1668255460395,2022-11-12T14:17:40.395,912.840,0.640,-0.213,-0.091
1668255460435,2022-11-12T14:17:40.435,912.880,0.793,-0.183,-0.213
1668255460475,2022-11-12T14:17:40.475,912.920,-0.244,-0.213,0.274
1668255460515,2022-11-12T14:17:40.515,912.960,0.091,-0.152,0.061
1668255460555,2022-11-12T14:17:40.555,913.000,0.854,-0.030,-0.091
1668255460595,2022-11-12T14:17:40.595,913.040,0.549,-0.274,0.122
1668255460635,2022-11-12T14:17:40.635,913.080,0.549,-0.183,0.061
1668255460675,2022-11-12T14:17:40.675,913.120,1.006,-0.122,-0.091
1668255460715,2022-11-12T14:17:40.715,913.160,1.220,-0.030,-0.335
1668255460755,2022-11-12T14:17:40.755,913.200,1.189,0.061,-0.274
1668255460795,2022-11-12T14:17:40.795,913.240,0.732,-0.122,0.030
1668255460835,2022-11-12T14:17:40.835,913.280,0.488,-0.244,0.122
1668255460875,2022-11-12T14:17:40.875,913.320,1.128,-0.030,-0.091
1668255460915,2022-11-12T14:17:40.915,913.360,1.372,-0.122,-0.183
1668255460955,2022-11-12T14:17:40.955,913.400,0.884,-0.183,0.030
1668255460995,2022-11-12T14:17:40.995,913.440,0.671,-0.274,0.152
1668255461035,2022-11-12T14:17:41.035,913.480,0.335,-0.457,0.061
1668255461075,2022-11-12T14:17:41.075,913.520,0.091,-0.640,-0.061
1668255461115,2022-11-12T14:17:41.115,913.560,0.213,-0.457,0.183
1668255461155,2022-11-12T14:17:41.155,913.600,0.854,-0.518,-0.244
1668255461195,2022-11-12T14:17:41.195,913.640,1.067,-1.189,0.610
1668255461235,2022-11-12T14:17:41.235,913.680,0.884,-0.823,1.372
1668255461275,2022-11-12T14:17:41.275,913.720,0.488,-1.555,0.427
1668255461315,2022-11-12T14:17:41.315,913.760,0.122,-1.829,-0.183
1668255461355,2022-11-12T14:17:41.355,913.800,0.488,-1.006,0.030
1668255461395,2022-11-12T14:17:41.395,913.840,-0.061,-1.159,0.579
1668255461435,2022-11-12T14:17:41.435,913.880,-0.671,-1.250,1.037
1668255461475,2022-11-12T14:17:41.475,913.920,-0.549,-1.494,1.159
1668255461515,2022-11-12T14:17:41.515,913.960,0.488,-0.366,0.915
1668255461555,2022-11-12T14:17:41.555,914.000,-0.732,1.341,-0.732
1668255461595,2022-11-12T14:17:41.595,914.040,-0.884,-0.701,-0.183
1668255461635,2022-11-12T14:17:41.635,914.080,0.213,-0.945,0.030
1668255461675,2022-11-12T14:17:41.675,914.120,0.579,-0.122,0.427
1668255461715,2022-11-12T14:17:41.715,914.160,0.762,-0.061,1.220
1668255461755,2022-11-12T14:17:41.755,914.200,0.671,-0.732,0.549
1668255461795,2022-11-12T14:17:41.795,914.240,1.433,-0.701,-0.244
1668255461835,2022-11-12T14:17:41.835,914.280,2.805,0.305,0.488
1668255461875,2022-11-12T14:17:41.875,914.320,1.128,-0.061,0.976
1668255461915,2022-11-12T14:17:41.915,914.360,0.640,-0.762,0.091
1668255461955,2022-11-12T14:17:41.955,914.400,-0.457,-0.976,0.274
1668255461995,2022-11-12T14:17:41.995,914.440,0.335,-0.671,-0.305
1668255462035,2022-11-12T14:17:42.035,914.480,0.671,-1.341,-0.427
1668255462075,2022-11-12T14:17:42.075,914.520,-1.250,-2.073,0.549
1668255462115,2022-11-12T14:17:42.115,914.560,-0.610,-1.433,0.000
1668255462155,2022-11-12T14:17:42.155,914.600,-0.732,-2.744,-0.152
1668255462195,2022-11-12T14:17:42.195,914.640,-1.707,-6.921,0.579
1668255462235,2022-11-12T14:17:42.235,914.680,-1.402,-5.000,1.189
1668255462275,2022-11-12T14:17:42.275,914.720,-3.902,-6.494,0.427
1668255462315,2022-11-12T14:17:42.315,914.760,-6.738,-7.470,-2.256
1668255462355,2022-11-12T14:17:42.355,914.800,-5.549,-7.104,-2.104
1668255462395,2022-11-12T14:17:42.395,914.840,0.549,-3.689,0.030
1668255462435,2022-11-12T14:17:42.435,914.880,4.604,-0.854,0.884
1668255462475,2022-11-12T14:17:42.475,914.920,4.543,0.396,-0.244
1668255462515,2022-11-12T14:17:42.515,914.960,2.683,-0.854,-1.738
1668255462555,2022-11-12T14:17:42.555,915.000,1.585,-1.402,-1.707
1668255462595,2022-11-12T14:17:42.595,915.040,1.220,-0.793,-0.701
1668255462635,2022-11-12T14:17:42.635,915.080,2.835,0.945,-0.427
1668255462675,2022-11-12T14:17:42.675,915.120,2.043,1.890,-1.067
1668255462715,2022-11-12T14:17:42.715,915.160,-1.982,0.976,-1.006
1668255462755,2022-11-12T14:17:42.755,915.200,-2.591,0.030,-0.640
1668255462795,2022-11-12T14:17:42.795,915.240,-0.274,-0.732,-0.213
1668255462835,2022-11-12T14:17:42.835,915.280,-0.701,-0.762,0.274
1668255462875,2022-11-12T14:17:42.875,915.320,0.396,-0.396,0.061
1668255462915,2022-11-12T14:17:42.915,915.360,0.274,-1.189,0.396
1668255462955,2022-11-12T14:17:42.955,915.400,-0.732,-2.927,-0.091
1668255462995,2022-11-12T14:17:42.995,915.440,-2.073,-3.354,-0.549
1668255463035,2022-11-12T14:17:43.035,915.480,-5.244,-2.348,-0.457
1668255463075,2022-11-12T14:17:43.075,915.520,-8.293,-0.610,-0.305
1668255463115,2022-11-12T14:17:43.115,915.560,-6.951,-1.098,-1.677
1668255463155,2022-11-12T14:17:43.155,915.600,-5.457,-2.835,-2.348
1668255463195,2022-11-12T14:17:43.195,915.640,-5.274,-3.110,-1.494
1668255463235,2022-11-12T14:17:43.235,915.680,-1.463,-1.890,-1.677
1668255463275,2022-11-12T14:17:43.275,915.720,-0.701,-0.061,-2.226
1668255463315,2022-11-12T14:17:43.315,915.760,-0.305,1.250,-3.720
1668255463355,2022-11-12T14:17:43.355,915.800,-1.585,0.610,-4.116
1668255463395,2022-11-12T14:17:43.395,915.840,1.311,-0.427,-2.957
1668255463435,2022-11-12T14:17:43.435,915.880,-2.500,-1.738,-3.628
1668255463475,2022-11-12T14:17:43.475,915.920,-4.421,-0.427,-3.445
1668255463515,2022-11-12T14:17:43.515,915.960,-2.683,1.280,-4.451
1668255463555,2022-11-12T14:17:43.555,916.000,-1.707,0.457,-2.287
1668255463595,2022-11-12T14:17:43.595,916.040,-0.793,1.067,-1.067
1668255463635,2022-11-12T14:17:43.635,916.080,-2.774,1.159,-3.963
1668255463675,2022-11-12T14:17:43.675,916.120,-8.415,-0.366,-6.037
1668255463715,2022-11-12T14:17:43.715,916.160,-10.061,-2.530,-5.396
1668255463755,2022-11-12T14:17:43.755,916.200,-8.110,-1.646,-4.756
1668255463795,2022-11-12T14:17:43.795,916.240,-7.774,0.945,-5.305
1668255463835,2022-11-12T14:17:43.835,916.280,-5.976,0.945,-3.720
1668255463875,2022-11-12T14:17:43.875,916.320,-3.659,1.616,-1.159
1668255463915,2022-11-12T14:17:43.915,916.360,-0.884,1.250,-0.518
1668255463955,2022-11-12T14:17:43.955,916.400,-1.585,2.927,0.457
1668255463995,2022-11-12T14:17:43.995,916.440,-3.841,4.299,-1.037
1668255464035,2022-11-12T14:17:44.035,916.480,-2.470,5.274,-3.293
1668255464075,2022-11-12T14:17:44.075,916.520,3.902,7.439,-1.280
1668255464115,2022-11-12T14:17:44.115,916.560,13.720,5.915,4.970
1668255464155,2022-11-12T14:17:44.155,916.600,16.494,3.872,8.110
1668255464195,2022-11-12T14:17:44.195,916.640,15.091,5.183,5.457
1668255464235,2022-11-12T14:17:44.235,916.680,15.518,9.451,4.146
1668255464275,2022-11-12T14:17:44.275,916.720,15.183,8.262,9.878
1668255464315,2022-11-12T14:17:44.315,916.760,23.079,-2.774,16.921
1668255464355,2022-11-12T14:17:44.355,916.800,17.713,-10.945,18.902
1668255464395,2022-11-12T14:17:44.395,916.840,8.506,-5.244,10.335
1668255464435,2022-11-12T14:17:44.435,916.880,1.951,4.909,-2.896
1668255464475,2022-11-12T14:17:44.475,916.920,-6.006,7.622,-11.890
1668255464515,2022-11-12T14:17:44.515,916.960,-2.134,6.220,-9.878
1668255464555,2022-11-12T14:17:44.555,917.000,-1.463,5.518,-8.506
1668255464595,2022-11-12T14:17:44.595,917.040,-2.713,6.311,-9.939
1668255464635,2022-11-12T14:17:44.635,917.080,0.305,5.488,-9.238
1668255464675,2022-11-12T14:17:44.675,917.120,4.482,4.329,-9.024
1668255464715,2022-11-12T14:17:44.715,917.160,5.579,2.012,-7.104
1668255464755,2022-11-12T14:17:44.755,917.200,5.335,-3.079,-1.738
1668255464795,2022-11-12T14:17:44.795,917.240,5.945,-7.226,0.366
1668255464835,2022-11-12T14:17:44.835,917.280,2.927,-3.933,-0.854
1668255464875,2022-11-12T14:17:44.875,917.320,2.378,-1.006,-2.134
1668255464915,2022-11-12T14:17:44.915,917.360,6.860,0.976,-3.811
1668255464955,2022-11-12T14:17:44.955,917.400,3.841,2.744,-7.591
1668255464995,2022-11-12T14:17:44.995,917.440,1.098,2.683,-6.494
1668255465035,2022-11-12T14:17:45.035,917.480,3.232,2.835,-4.848
1668255465075,2022-11-12T14:17:45.075,917.520,1.433,5.061,-6.738
1668255465115,2022-11-12T14:17:45.115,917.560,-4.055,7.165,-8.323
1668255465155,2022-11-12T14:17:45.155,917.600,-0.701,2.287,-4.329
1668255465195,2022-11-12T14:17:45.195,917.640,4.665,-2.530,-1.250
1668255465235,2022-11-12T14:17:45.235,917.680,2.470,1.585,-3.963
1668255465275,2022-11-12T14:17:45.275,917.720,2.988,0.610,-3.110
1668255465315,2022-11-12T14:17:45.315,917.760,7.439,-2.104,-0.640
1668255465355,2022-11-12T14:17:45.355,917.800,2.012,-1.677,1.860
1668255465395,2022-11-12T14:17:45.395,917.840,0.000,-2.226,2.683
1668255465435,2022-11-12T14:17:45.435,917.880,2.744,-3.506,2.622
1668255465475,2022-11-12T14:17:45.475,917.920,-1.159,-2.988,0.366
1668255465515,2022-11-12T14:17:45.515,917.960,-3.567,-2.073,0.640
1668255465555,2022-11-12T14:17:45.555,918.000,2.012,-3.537,1.860
1668255465595,2022-11-12T14:17:45.595,918.040,0.701,-1.677,0.976
1668255465635,2022-11-12T14:17:45.635,918.080,0.762,1.768,-1.738
1668255465675,2022-11-12T14:17:45.675,918.120,0.518,2.500,-1.098
1668255465715,2022-11-12T14:17:45.715,918.160,2.744,0.976,-1.372
1668255465755,2022-11-12T14:17:45.755,918.200,4.329,-0.579,-2.744
1668255465795,2022-11-12T14:17:45.795,918.240,3.811,-3.598,-4.451
1668255465835,2022-11-12T14:17:45.835,918.280,1.585,-1.311,-5.061
1668255465875,2022-11-12T14:17:45.875,918.320,0.549,-0.549,-4.085
1668255465915,2022-11-12T14:17:45.915,918.360,3.232,-0.854,-2.744
1668255465955,2022-11-12T14:17:45.955,918.400,0.854,-0.518,-2.896
1668255465995,2022-11-12T14:17:45.995,918.440,1.250,-1.341,-4.604
1668255466035,2022-11-12T14:17:46.035,918.480,6.524,-1.707,-4.756
1668255466075,2022-11-12T14:17:46.075,918.520,5.640,-2.043,-3.567
1668255466115,2022-11-12T14:17:46.115,918.560,0.427,0.244,-4.177
1668255466155,2022-11-12T14:17:46.155,918.600,-0.701,2.835,-3.689
1668255466195,2022-11-12T14:17:46.195,918.640,1.098,0.915,-3.598
1668255466235,2022-11-12T14:17:46.235,918.680,-0.793,1.098,-3.841
1668255466275,2022-11-12T14:17:46.275,918.720,-1.982,4.573,-3.780
1668255466315,2022-11-12T14:17:46.315,918.760,-2.317,0.884,-4.268
1668255466355,2022-11-12T14:17:46.355,918.800,-9.939,-3.506,-6.341
1668255466395,2022-11-12T14:17:46.395,918.840,-13.659,-4.177,-4.909
1668255466435,2022-11-12T14:17:46.435,918.880,-1.555,-7.195,0.610
1668255466475,2022-11-12T14:17:46.475,918.920,-2.226,-9.177,-1.860
1668255466515,2022-11-12T14:17:46.515,918.960,-16.585,-5.396,-11.280
1668255466555,2022-11-12T14:17:46.555,919.000,-29.055,-2.683,-17.774
1668255466595,2022-11-12T14:17:46.595,919.040,-35.213,2.744,-21.555
1668255466635,2022-11-12T14:17:46.635,919.080,-33.598,-3.201,-18.232
1668255466675,2022-11-12T14:17:46.675,919.120,-24.634,-6.555,-12.043
1668255466715,2022-11-12T14:17:46.715,919.160,-17.317,-5.061,-6.220
1668255466755,2022-11-12T14:17:46.755,919.200,-8.537,-16.890,5.335
1668255466795,2022-11-12T14:17:46.795,919.240,-13.811,-23.628,9.207
1668255466835,2022-11-12T14:17:46.835,919.280,-24.268,-9.055,8.476
1668255466875,2022-11-12T14:17:46.875,919.320,-30.915,1.037,16.402
1668255466915,2022-11-12T14:17:46.915,919.360,-27.012,4.756,32.348
1668255466955,2022-11-12T14:17:46.955,919.400,-18.445,2.652,52.439
1668255466995,2022-11-12T14:17:46.995,919.440,-4.756,6.250,64.207
1668255467035,2022-11-12T14:17:47.035,919.480,-2.165,23.720,62.561
1668255467075,2022-11-12T14:17:47.075,919.520,-18.567,42.134,50.579
1668255467115,2022-11-12T14:17:47.115,919.560,-26.463,47.439,41.890
1668255467155,2022-11-12T14:17:47.155,919.600,-19.482,40.030,44.939
1668255467195,2022-11-12T14:17:47.195,919.640,4.543,19.421,37.652
1668255467235,2022-11-12T14:17:47.235,919.680,6.555,6.402,33.415
1668255467275,2022-11-12T14:17:47.275,919.720,-19.085,-4.878,44.817
1668255467315,2022-11-12T14:17:47.315,919.760,-14.238,-23.963,46.159
1668255467355,2022-11-12T14:17:47.355,919.800,18.018,-16.463,28.628
1668255467395,2022-11-12T14:17:47.395,919.840,30.091,7.104,15.671
1668255467435,2022-11-12T14:17:47.435,919.880,21.372,18.598,8.293
1668255467475,2022-11-12T14:17:47.475,919.920,20.396,19.360,-9.939
1668255467515,2022-11-12T14:17:47.515,919.960,1.799,24.451,-25.793
1668255467555,2022-11-12T14:17:47.555,920.000,-11.646,27.165,-37.805
1668255467595,2022-11-12T14:17:47.595,920.040,-3.811,18.140,-42.805
1668255467635,2022-11-12T14:17:47.635,920.080,10.549,7.988,-39.939
1668255467675,2022-11-12T14:17:47.675,920.120,37.256,1.402,-41.829
1668255467715,2022-11-12T14:17:47.715,920.160,45.396,-3.506,-49.787
1668255467755,2022-11-12T14:17:47.755,920.200,45.457,-1.555,-69.360
1668255467795,2022-11-12T14:17:47.795,920.240,39.390,1.006,-81.433
1668255467835,2022-11-12T14:17:47.835,920.280,38.476,-6.067,-81.738
1668255467875,2022-11-12T14:17:47.875,920.320,41.646,-14.329,-78.659
1668255467915,2022-11-12T14:17:47.915,920.360,35.152,-24.848,-88.079
1668255467955,2022-11-12T14:17:47.955,920.400,21.037,-24.055,-100.061
1668255467995,2022-11-12T14:17:47.995,920.440,36.738,-25.823,-96.890
1668255468035,2022-11-12T14:17:48.035,920.480,41.951,-36.037,-87.927
1668255468075,2022-11-12T14:17:48.075,920.520,13.720,-35.274,-86.982
1668255468115,2022-11-12T14:17:48.115,920.560,5.122,-37.774,-82.104
1668255468155,2022-11-12T14:17:48.155,920.600,-5.305,-37.683,-63.323
1668255468195,2022-11-12T14:17:48.195,920.640,-13.750,-31.402,-42.866
1668255468235,2022-11-12T14:17:48.235,920.680,-17.530,-20.030,-26.189
1668255468275,2022-11-12T14:17:48.275,920.720,-5.183,-20.579,-19.817
1668255468315,2022-11-12T14:17:48.315,920.760,-2.012,-25.640,-16.951
1668255468355,2022-11-12T14:17:48.355,920.800,-4.909,-15.884,-21.189
1668255468395,2022-11-12T14:17:48.395,920.840,-9.817,2.530,-28.110
1668255468435,2022-11-12T14:17:48.435,920.880,-18.567,4.177,-23.720
1668255468475,2022-11-12T14:17:48.475,920.920,-8.049,-2.012,-6.250
1668255468515,2022-11-12T14:17:48.515,920.960,-9.482,-3.201,17.988
1668255468555,2022-11-12T14:17:48.555,921.000,-8.201,-6.037,32.439
1668255468595,2022-11-12T14:17:48.595,921.040,-3.079,-9.360,40.610
1668255468635,2022-11-12T14:17:48.635,921.080,-11.982,-10.030,49.421
1668255468675,2022-11-12T14:17:48.675,921.120,-17.470,-16.402,52.104
1668255468715,2022-11-12T14:17:48.715,921.160,-14.634,-19.055,53.841
1668255468755,2022-11-12T14:17:48.755,921.200,-3.232,-18.018,46.707
1668255468795,2022-11-12T14:17:48.795,921.240,6.189,-16.250,34.573
1668255468835,2022-11-12T14:17:48.835,921.280,7.744,-14.756,18.201
1668255468875,2022-11-12T14:17:48.875,921.320,4.421,-15.976,7.866
1668255468915,2022-11-12T14:17:48.915,921.360,0.854,-9.390,14.421
1668255468955,2022-11-12T14:17:48.955,921.400,5.671,-6.189,19.512
1668255468995,2022-11-12T14:17:48.995,921.440,-1.159,-6.159,17.957
1668255469035,2022-11-12T14:17:49.035,921.480,-2.256,-7.104,12.043
1668255469075,2022-11-12T14:17:49.075,921.520,1.585,-4.848,5.976
1668255469115,2022-11-12T14:17:49.115,921.560,4.238,-0.823,3.384
1668255469155,2022-11-12T14:17:49.155,921.600,7.104,2.896,4.390
1668255469195,2022-11-12T14:17:49.195,921.640,3.750,0.213,2.317
1668255469235,2022-11-12T14:17:49.235,921.680,2.591,-6.098,0.213
1668255469275,2022-11-12T14:17:49.275,921.720,-1.494,-5.488,-2.409
1668255469315,2022-11-12T14:17:49.315,921.760,-3.567,-3.567,-1.189
1668255469355,2022-11-12T14:17:49.355,921.800,0.823,-5.579,2.287
1668255469395,2022-11-12T14:17:49.395,921.840,8.780,-1.524,3.750
1668255469435,2022-11-12T14:17:49.435,921.880,8.506,0.854,1.463
1668255469475,2022-11-12T14:17:49.475,921.920,4.207,-0.335,0.213
1668255469515,2022-11-12T14:17:49.515,921.960,2.043,-0.945,-0.061
1668255469555,2022-11-12T14:17:49.555,922.000,0.427,-2.256,-0.091
1668255469595,2022-11-12T14:17:49.595,922.040,3.415,-3.232,-0.213
1668255469635,2022-11-12T14:17:49.635,922.080,3.476,-4.817,-1.616
1668255469675,2022-11-12T14:17:49.675,922.120,2.409,-5.610,-3.140
1668255469715,2022-11-12T14:17:49.715,922.160,2.896,-9.604,-3.110
1668255469755,2022-11-12T14:17:49.755,922.200,-0.518,-11.951,-0.091
1668255469795,2022-11-12T14:17:49.795,922.240,-1.067,-13.201,3.841
1668255469835,2022-11-12T14:17:49.835,922.280,1.402,-10.884,10.488
1668255469875,2022-11-12T14:17:49.875,922.320,-0.152,-8.323,17.713
1668255469915,2022-11-12T14:17:49.915,922.360,-8.628,-12.104,20.915
1668255469955,2022-11-12T14:17:49.955,922.400,-27.713,-20.579,20.823
1668255469995,2022-11-12T14:17:49.995,922.440,-39.512,-24.604,30.061
1668255470035,2022-11-12T14:17:50.035,922.480,-25.793,-10.518,47.104
1668255470075,2022-11-12T14:17:50.075,922.520,-15.457,7.073,63.506
1668255470115,2022-11-12T14:17:50.115,922.560,-11.921,24.146,76.860
1668255470155,2022-11-12T14:17:50.155,922.600,-29.939,26.067,91.433
1668255470195,2022-11-12T14:17:50.195,922.640,-55.823,17.744,115.549
1668255470235,2022-11-12T14:17:50.235,922.680,-23.049,50.457,115.213
1668255470275,2022-11-12T14:17:50.275,922.720,-9.726,81.890,102.409
1668255470315,2022-11-12T14:17:50.315,922.760,-7.043,84.421,92.835
1668255470355,2022-11-12T14:17:50.355,922.800,10.244,87.348,85.762
1668255470395,2022-11-12T14:17:50.395,922.840,-5.579,67.988,73.689
1668255470435,2022-11-12T14:17:50.435,922.880,-26.220,28.262,77.530
1668255470475,2022-11-12T14:17:50.475,922.920,-20.274,-4.878,71.921
1668255470515,2022-11-12T14:17:50.515,922.960,7.652,14.848,38.689
1668255470555,2022-11-12T14:17:50.555,923.000,13.384,25.000,16.402
1668255470595,2022-11-12T14:17:50.595,923.040,23.415,20.762,4.970
1668255470635,2022-11-12T14:17:50.635,923.080,36.311,12.652,-17.652
1668255470675,2022-11-12T14:17:50.675,923.120,41.982,12.500,-41.433
1668255470715,2022-11-12T14:17:50.715,923.160,42.073,12.134,-53.994
1668255470755,2022-11-12T14:17:50.755,923.200,45.366,-1.921,-68.079
1668255470795,2022-11-12T14:17:50.795,923.240,43.628,-4.665,-82.439
1668255470835,2022-11-12T14:17:50.835,923.280,46.707,-7.470,-91.616
1668255470875,2022-11-12T14:17:50.875,923.320,49.482,-14.604,-93.567
1668255470915,2022-11-12T14:17:50.915,923.360,50.091,-13.598,-97.378
1668255470955,2022-11-12T14:17:50.955,923.400,39.055,-12.317,-112.744
1668255470995,2022-11-12T14:17:50.995,923.440,34.451,-19.024,-112.957
1668255471035,2022-11-12T14:17:51.035,923.480,32.012,-25.488,-107.226
1668255471075,2022-11-12T14:17:51.075,923.520,25.579,-28.720,-96.707
1668255471115,2022-11-12T14:17:51.115,923.560,15.732,-32.134,-85.518
1668255471155,2022-11-12T14:17:51.155,923.600,-5.244,-26.494,-72.561
1668255471195,2022-11-12T14:17:51.195,923.640,-15.793,-31.098,-54.726
1668255471235,2022-11-12T14:17:51.235,923.680,11.067,-40.030,-35.640
1668255471275,2022-11-12T14:17:51.275,923.720,3.476,-42.378,-22.073
1668255471315,2022-11-12T14:17:51.315,923.760,6.494,-40.884,-16.433
1668255471355,2022-11-12T14:17:51.355,923.800,3.567,-35.518,-11.433
1668255471395,2022-11-12T14:17:51.395,923.840,-3.872,-24.329,-9.421
1668255471435,2022-11-12T14:17:51.435,923.880,0.762,-22.317,-5.457
1668255471475,2022-11-12T14:17:51.475,923.920,9.390,-31.098,7.957
1668255471515,2022-11-12T14:17:51.515,923.960,1.402,-30.152,24.421
1668255471555,2022-11-12T14:17:51.555,924.000,-12.256,-35.701,40.793
1668255471595,2022-11-12T14:17:51.595,924.040,-4.451,-36.646,56.616
1668255471635,2022-11-12T14:17:51.635,924.080,2.713,-18.201,61.951
1668255471675,2022-11-12T14:17:51.675,924.120,4.665,-0.335,62.317
1668255471715,2022-11-12T14:17:51.715,924.160,9.512,10.244,60.884
1668255471755,2022-11-12T14:17:51.755,924.200,14.329,16.250,56.006
1668255471795,2022-11-12T14:17:51.795,924.240,10.762,16.067,47.805
1668255471835,2022-11-12T14:17:51.835,924.280,15.671,6.951,38.841
1668255471875,2022-11-12T14:17:51.875,924.320,20.122,0.427,26.646
1668255471915,2022-11-12T14:17:51.915,924.360,12.256,1.128,11.494
1668255471955,2022-11-12T14:17:51.955,924.400,2.256,8.902,-0.183
1668255471995,2022-11-12T14:17:51.995,924.440,1.616,12.896,-3.780
1668255472035,2022-11-12T14:17:52.035,924.480,6.555,5.457,-1.860
1668255472075,2022-11-12T14:17:52.075,924.520,8.598,2.348,-1.311
1668255472115,2022-11-12T14:17:52.115,924.560,3.445,3.354,-3.079
1668255472155,2022-11-12T14:17:52.155,924.600,3.232,0.457,-4.329
1668255472195,2022-11-12T14:17:52.195,924.640,2.866,-3.201,-3.659
1668255472235,2022-11-12T14:17:52.235,924.680,1.280,-3.293,-3.567
1668255472275,2022-11-12T14:17:52.275,924.720,2.378,-1.280,-1.860
1668255472315,2022-11-12T14:17:52.315,924.760,3.537,-0.854,0.732
1668255472355,2022-11-12T14:17:52.355,924.800,6.860,-0.579,4.970
1668255472395,2022-11-12T14:17:52.395,924.840,9.970,2.500,7.774
1668255472435,2022-11-12T14:17:52.435,924.880,16.159,4.360,7.256
1668255472475,2022-11-12T14:17:52.475,924.920,15.061,-1.677,4.756
1668255472515,2022-11-12T14:17:52.515,924.960,9.268,-5.945,1.280
1668255472555,2022-11-12T14:17:52.555,925.000,5.396,-6.433,-0.274
1668255472595,2022-11-12T14:17:52.595,925.040,6.555,-4.421,1.189
1668255472635,2022-11-12T14:17:52.635,925.080,4.177,1.860,1.098
1668255472675,2022-11-12T14:17:52.675,925.120,-0.671,3.872,-0.579
1668255472715,2022-11-12T14:17:52.715,925.160,-0.976,-1.921,1.220
1668255472755,2022-11-12T14:17:52.755,925.200,-0.061,-4.360,2.500
1668255472795,2022-11-12T14:17:52.795,925.240,1.128,-2.622,2.683
1668255472835,2022-11-12T14:17:52.835,925.280,1.646,-1.951,2.927
1668255472875,2022-11-12T14:17:52.875,925.320,1.067,-1.768,1.982
1668255472915,2022-11-12T14:17:52.915,925.360,-3.933,-0.366,0.213
1668255472955,2022-11-12T14:17:52.955,925.400,-9.482,1.982,-1.799
1668255472995,2022-11-12T14:17:52.995,925.440,-10.244,5.915,-3.140
1668255473035,2022-11-12T14:17:53.035,925.480,-5.152,6.677,-1.037
1668255473075,2022-11-12T14:17:53.075,925.520,3.628,0.183,3.933
1668255473115,2022-11-12T14:17:53.115,925.560,5.915,0.732,5.671
1668255473155,2022-11-12T14:17:53.155,925.600,6.890,4.482,5.396
1668255473195,2022-11-12T14:17:53.195,925.640,6.494,4.329,6.220
1668255473235,2022-11-12T14:17:53.235,925.680,5.427,0.762,7.561
1668255473275,2022-11-12T14:17:53.275,925.720,5.671,0.396,7.012
1668255473315,2022-11-12T14:17:53.315,925.760,4.390,1.402,6.494
1668255473355,2022-11-12T14:17:53.355,925.800,4.451,3.567,6.189
1668255473395,2022-11-12T14:17:53.395,925.840,5.152,4.360,6.585
1668255473435,2022-11-12T14:17:53.435,925.880,5.945,3.720,5.152
1668255473475,2022-11-12T14:17:53.475,925.920,5.610,4.634,3.445
1668255473515,2022-11-12T14:17:53.515,925.960,3.750,3.659,0.671
1668255473555,2022-11-12T14:17:53.555,926.000,8.140,7.348,-2.317
1668255473595,2022-11-12T14:17:53.595,926.040,11.067,15.549,-6.677
1668255473635,2022-11-12T14:17:53.635,926.080,5.518,12.165,-8.201
1668255473675,2022-11-12T14:17:53.675,926.120,4.329,8.720,-6.250
1668255473715,2022-11-12T14:17:53.715,926.160,1.280,5.793,-1.677
1668255473755,2022-11-12T14:17:53.755,926.200,6.982,0.945,6.646
1668255473795,2022-11-12T14:17:53.795,926.240,8.963,-5.671,16.006
1668255473835,2022-11-12T14:17:53.835,926.280,6.829,-11.311,17.774
1668255473875,2022-11-12T14:17:53.875,926.320,1.220,-13.384,17.561
1668255473915,2022-11-12T14:17:53.915,926.360,-0.152,-13.201,15.000
1668255473955,2022-11-12T14:17:53.955,926.400,-1.555,-12.774,14.085
1668255473995,2022-11-12T14:17:53.995,926.440,-0.183,-11.921,13.659
1668255474035,2022-11-12T14:17:54.035,926.480,-2.012,-9.848,12.439
1668255474075,2022-11-12T14:17:54.075,926.520,-2.409,-8.262,12.226
1668255474115,2022-11-12T14:17:54.115,926.560,-0.152,-8.079,13.628
1668255474155,2022-11-12T14:17:54.155,926.600,1.433,-10.732,15.488
1668255474195,2022-11-12T14:17:54.195,926.640,0.732,-13.841,15.122
1668255474235,2022-11-12T14:17:54.235,926.680,-2.988,-11.524,14.055
1668255474275,2022-11-12T14:17:54.275,926.720,-3.933,-11.555,15.122
1668255474315,2022-11-12T14:17:54.315,926.760,2.226,-12.988,18.902
1668255474355,2022-11-12T14:17:54.355,926.800,1.250,-11.037,19.238
1668255474395,2022-11-12T14:17:54.395,926.840,-4.329,-6.128,14.207
1668255474435,2022-11-12T14:17:54.435,926.880,-5.488,-2.927,10.183
1668255474475,2022-11-12T14:17:54.475,926.920,-6.311,-1.707,8.445
1668255474515,2022-11-12T14:17:54.515,926.960,-5.854,2.043,9.634
1668255474555,2022-11-12T14:17:54.555,927.000,-1.372,-1.616,12.287
1668255474595,2022-11-12T14:17:54.595,927.040,2.713,-6.098,13.110
1668255474635,2022-11-12T14:17:54.635,927.080,4.421,-6.768,10.854
1668255474675,2022-11-12T14:17:54.675,927.120,15.579,-14.543,7.439
1668255474715,2022-11-12T14:17:54.715,927.160,6.524,-12.165,8.506
1668255474755,2022-11-12T14:17:54.755,927.200,-2.622,-5.305,6.402
1668255474795,2022-11-12T14:17:54.795,927.240,10.945,-4.329,4.207
1668255474835,2022-11-12T14:17:54.835,927.280,16.311,-3.415,2.591
1668255474875,2022-11-12T14:17:54.875,927.320,11.707,4.146,-1.860
1668255474915,2022-11-12T14:17:54.915,927.360,11.951,6.250,-2.652
1668255474955,2022-11-12T14:17:54.955,927.400,16.829,10.732,-2.165
1668255474995,2022-11-12T14:17:54.995,927.440,20.213,10.671,-0.518
1668255475035,2022-11-12T14:17:55.035,927.480,23.811,6.402,3.384
1668255475075,2022-11-12T14:17:55.075,927.520,19.482,5.427,3.567
1668255475115,2022-11-12T14:17:55.115,927.560,12.378,5.091,0.183
1668255475155,2022-11-12T14:17:55.155,927.600,8.018,2.378,-0.152
1668255475195,2022-11-12T14:17:55.195,927.640,6.738,4.451,2.348
1668255475235,2022-11-12T14:17:55.235,927.680,3.841,8.110,3.323
1668255475275,2022-11-12T14:17:55.275,927.720,4.939,8.506,0.396
1668255475315,2022-11-12T14:17:55.315,927.760,3.750,2.957,-1.829
1668255475355,2022-11-12T14:17:55.355,927.800,0.945,-0.183,-0.091
1668255475395,2022-11-12T14:17:55.395,927.840,3.872,4.329,0.579
1668255475435,2022-11-12T14:17:55.435,927.880,3.537,4.146,0.671
1668255475475,2022-11-12T14:17:55.475,927.920,1.768,1.585,0.000
1668255475515,2022-11-12T14:17:55.515,927.960,1.982,2.226,-0.701
1668255475555,2022-11-12T14:17:55.555,928.000,-0.122,1.555,-1.189
1668255475595,2022-11-12T14:17:55.595,928.040,-1.890,-1.616,-0.457
1668255475635,2022-11-12T14:17:55.635,928.080,-0.427,-1.006,0.457
1668255475675,2022-11-12T14:17:55.675,928.120,2.073,0.915,0.579
1668255475715,2022-11-12T14:17:55.715,928.160,2.683,1.128,0.976
1668255475755,2022-11-12T14:17:55.755,928.200,4.421,1.463,0.518
1668255475795,2022-11-12T14:17:55.795,928.240,3.018,2.073,1.189
1668255475835,2022-11-12T14:17:55.835,928.280,-1.372,1.585,2.195
1668255475875,2022-11-12T14:17:55.875,928.320,-1.402,1.799,2.012
1668255475915,2022-11-12T14:17:55.915,928.360,3.933,2.470,-0.701
1668255475955,2022-11-12T14:17:55.955,928.400,4.299,-2.866,-2.805
1668255475995,2022-11-12T14:17:55.995,928.440,0.183,-2.317,-0.610
1668255476035,2022-11-12T14:17:56.035,928.480,1.280,0.671,0.640
1668255476075,2022-11-12T14:17:56.075,928.520,1.433,0.457,1.250
1668255476115,2022-11-12T14:17:56.115,928.560,2.530,-0.579,-0.244
1668255476155,2022-11-12T14:17:56.155,928.600,1.616,-0.366,-0.122
1668255476195,2022-11-12T14:17:56.195,928.640,1.524,-0.518,-0.640
1668255476235,2022-11-12T14:17:56.235,928.680,1.037,-0.396,0.244
1668255476275,2022-11-12T14:17:56.275,928.720,1.433,0.915,0.610
1668255476315,2022-11-12T14:17:56.315,928.760,0.701,-0.396,0.396
1668255476355,2022-11-12T14:17:56.355,928.800,0.274,-1.280,0.000
1668255476395,2022-11-12T14:17:56.395,928.840,1.220,-0.854,-0.427
1668255476435,2022-11-12T14:17:56.435,928.880,1.341,0.152,0.579
1668255476475,2022-11-12T14:17:56.475,928.920,1.220,1.067,1.585
1668255476515,2022-11-12T14:17:56.515,928.960,1.341,1.006,0.915
1668255476555,2022-11-12T14:17:56.555,929.000,1.890,0.366,-0.305
1668255476595,2022-11-12T14:17:56.595,929.040,1.006,0.030,-0.061
1668255476635,2022-11-12T14:17:56.635,929.080,1.037,0.122,-0.030
1668255476675,2022-11-12T14:17:56.675,929.120,1.646,0.244,-0.091
1668255476715,2022-11-12T14:17:56.715,929.160,1.250,-0.335,-0.183
1668255476755,2022-11-12T14:17:56.755,929.200,-0.457,-0.976,0.183
1668255476795,2022-11-12T14:17:56.795,929.240,0.030,-0.518,0.396
1668255476835,2022-11-12T14:17:56.835,929.280,1.128,-0.305,-0.152
1668255476875,2022-11-12T14:17:56.875,929.320,1.646,-0.213,-0.152
1668255476915,2022-11-12T14:17:56.915,929.360,2.043,0.488,0.030
1668255476955,2022-11-12T14:17:56.955,929.400,1.829,-0.091,-0.091
1668255476995,2022-11-12T14:17:56.995,929.440,0.640,-1.006,-0.213
1668255477035,2022-11-12T14:17:57.035,929.480,0.091,-0.640,0.335
1668255477075,2022-11-12T14:17:57.075,929.520,0.732,-0.274,0.640
1668255477115,2022-11-12T14:17:57.115,929.560,2.012,-0.701,-0.122
1668255477155,2022-11-12T14:17:57.155,929.600,1.585,-0.518,-0.244
1668255477195,2022-11-12T14:17:57.195,929.640,0.152,-0.640,-0.091
1668255477235,2022-11-12T14:17:57.235,929.680,0.762,-0.823,-0.427
1668255477275,2022-11-12T14:17:57.275,929.720,1.280,-0.457,-0.061
1668255477315,2022-11-12T14:17:57.315,929.760,1.037,-0.457,-0.335
1668255477355,2022-11-12T14:17:57.355,929.800,1.006,-0.274,-0.213
1668255477395,2022-11-12T14:17:57.395,929.840,1.768,0.152,-0.427
1668255477435,2022-11-12T14:17:57.435,929.880,1.707,0.427,-0.640
1668255477475,2022-11-12T14:17:57.475,929.920,1.037,-0.305,-0.213
1668255477515,2022-11-12T14:17:57.515,929.960,1.311,-0.549,-0.366
1668255477555,2022-11-12T14:17:57.555,930.000,1.402,-0.457,-0.274
1668255477595,2022-11-12T14:17:57.595,930.040,0.701,-0.915,-0.244
1668255477635,2022-11-12T14:17:57.635,930.080,0.793,-1.067,-0.701
1668255477675,2022-11-12T14:17:57.675,930.120,1.311,-0.305,-0.579
1668255477715,2022-11-12T14:17:57.715,930.160,1.585,0.274,-0.335
1668255477755,2022-11-12T14:17:57.755,930.200,0.488,0.030,-0.152
1668255477795,2022-11-12T14:17:57.795,930.240,-0.427,-1.799,-0.579
1668255477835,2022-11-12T14:17:57.835,930.280,-0.610,-2.104,-0.671
1668255477875,2022-11-12T14:17:57.875,930.320,0.091,-0.122,0.457
1668255477915,2022-11-12T14:17:57.915,930.360,1.220,0.366,0.579
1668255477955,2022-11-12T14:17:57.955,930.400,1.189,-0.274,0.213
1668255477995,2022-11-12T14:17:57.995,930.440,0.274,-0.640,-0.091
1668255478035,2022-11-12T14:17:58.035,930.480,1.037,0.122,0.061
1668255478075,2022-11-12T14:17:58.075,930.520,1.402,0.427,0.396
1668255478115,2022-11-12T14:17:58.115,930.560,1.707,-0.549,0.030
1668255478155,2022-11-12T14:17:58.155,930.600,1.616,-0.244,0.122
1668255478195,2022-11-12T14:17:58.195,930.640,0.945,0.518,-0.030
1668255478235,2022-11-12T14:17:58.235,930.680,0.793,-0.549,-0.305
1668255478275,2022-11-12T14:17:58.275,930.720,0.579,-0.396,0.030
1668255478315,2022-11-12T14:17:58.315,930.760,0.122,-0.183,0.091
1668255478355,2022-11-12T14:17:58.355,930.800,-0.061,-0.518,0.274
1668255478395,2022-11-12T14:17:58.395,930.840,-0.518,-0.427,0.549
1668255478435,2022-11-12T14:17:58.435,930.880,-0.122,-0.884,0.152
1668255478475,2022-11-12T14:17:58.475,930.920,-0.274,-0.518,0.366
1668255478515,2022-11-12T14:17:58.515,930.960,0.091,-0.091,0.671
1668255478555,2022-11-12T14:17:58.555,931.000,0.793,-0.488,0.305
1668255478595,2022-11-12T14:17:58.595,931.040,1.220,-0.518,0.396
1668255478635,2022-11-12T14:17:58.635,931.080,1.220,-0.183,0.518
1668255478675,2022-11-12T14:17:58.675,931.120,0.793,-0.518,0.091
1668255478715,2022-11-12T14:17:58.715,931.160,0.701,-0.915,-0.396
1668255478755,2022-11-12T14:17:58.755,931.200,0.335,-0.274,0.000
1668255478795,2022-11-12T14:17:58.795,931.240,0.732,-0.152,0.274
1668255478835,2022-11-12T14:17:58.835,931.280,1.067,-0.213,0.244
1668255478875,2022-11-12T14:17:58.875,931.320,0.732,0.030,0.457
1668255478915,2022-11-12T14:17:58.915,931.360,0.793,-0.122,-0.030
1668255478955,2022-11-12T14:17:58.955,931.400,1.189,-0.335,-0.335
1668255478995,2022-11-12T14:17:58.995,931.440,1.189,-0.457,-0.122
1668255479035,2022-11-12T14:17:59.035,931.480,0.976,-0.152,-0.061
1668255479075,2022-11-12T14:17:59.075,931.520,1.341,0.244,0.152
1668255479115,2022-11-12T14:17:59.115,931.560,1.463,0.183,0.152
1668255479155,2022-11-12T14:17:59.155,931.600,1.372,-0.152,-0.122
1668255479195,2022-11-12T14:17:59.195,931.640,0.732,-0.122,-0.152
1668255479235,2022-11-12T14:17:59.235,931.680,0.762,-0.091,0.000
1668255479275,2022-11-12T14:17:59.275,931.720,1.037,-0.183,0.030
1668255479315,2022-11-12T14:17:59.315,931.760,0.427,-0.488,0.030
1668255479355,2022-11-12T14:17:59.355,931.800,-0.244,-0.305,0.152
1668255479395,2022-11-12T14:17:59.395,931.840,0.152,-0.183,-0.030
1668255479435,2022-11-12T14:17:59.435,931.880,0.396,-0.305,0.152
1668255479475,2022-11-12T14:17:59.475,931.920,0.579,-0.305,0.274
1668255479515,2022-11-12T14:17:59.515,931.960,1.677,0.213,0.061
1668255479555,2022-11-12T14:17:59.555,932.000,2.500,0.366,-0.183
1668255479595,2022-11-12T14:17:59.595,932.040,1.890,0.366,-0.488
1668255479635,2022-11-12T14:17:59.635,932.080,0.732,-0.518,-0.122
1668255479675,2022-11-12T14:17:59.675,932.120,1.616,-0.701,-0.091
1668255479715,2022-11-12T14:17:59.715,932.160,1.860,0.366,0.488
1668255479755,2022-11-12T14:17:59.755,932.200,0.884,0.396,0.396
1668255479795,2022-11-12T14:17:59.795,932.240,0.396,-0.488,-0.396
1668255479835,2022-11-12T14:17:59.835,932.280,0.244,-0.335,-0.091
1668255479875,2022-11-12T14:17:59.875,932.320,0.884,0.244,0.244
1668255479915,2022-11-12T14:17:59.915,932.360,0.915,-0.061,0.152
1668255479955,2022-11-12T14:17:59.955,932.400,0.427,-0.183,-0.091
1668255479995,2022-11-12T14:17:59.995,932.440,0.793,-0.213,-0.122
1668255480035,2022-11-12T14:18:00.035,932.480,0.884,0.061,0.152
1668255480075,2022-11-12T14:18:00.075,932.520,0.884,-0.274,0.244
1668255480115,2022-11-12T14:18:00.115,932.560,1.433,-0.579,-0.213
1668255480155,2022-11-12T14:18:00.155,932.600,1.250,-0.152,-0.091
1668255480195,2022-11-12T14:18:00.195,932.640,0.976,0.030,-0.061
1668255480235,2022-11-12T14:18:00.235,932.680,1.402,0.274,-0.305
1668255480275,2022-11-12T14:18:00.275,932.720,0.549,0.061,0.061
1668255480315,2022-11-12T14:18:00.315,932.760,-0.274,-0.366,0.183
1668255480355,2022-11-12T14:18:00.355,932.800,0.335,-0.152,0.061
1668255480395,2022-11-12T14:18:00.395,932.840,0.518,0.030,0.213
1668255480435,2022-11-12T14:18:00.435,932.880,0.579,-0.183,-0.061
1668255480475,2022-11-12T14:18:00.475,932.920,0.305,-0.305,0.030
1668255480515,2022-11-12T14:18:00.515,932.960,0.427,-0.091,0.122
1668255480555,2022-11-12T14:18:00.555,933.000,0.549,0.183,0.152
1668255480595,2022-11-12T14:18:00.595,933.040,0.457,-0.213,0.030
1668255480635,2022-11-12T14:18:00.635,933.080,1.311,-0.457,-0.274
1668255480675,2022-11-12T14:18:00.675,933.120,1.159,0.274,0.030
1668255480715,2022-11-12T14:18:00.715,933.160,0.549,0.122,0.091
1668255480755,2022-11-12T14:18:00.755,933.200,0.549,-0.305,-0.091
1668255480795,2022-11-12T14:18:00.795,933.240,0.549,-0.152,0.122
1668255480835,2022-11-12T14:18:00.835,933.280,0.640,-0.335,0.274
1668255480875,2022-11-12T14:18:00.875,933.320,1.280,-0.244,0.030
1668255480915,2022-11-12T14:18:00.915,933.360,1.616,-0.030,-0.213
1668255480955,2022-11-12T14:18:00.955,933.400,1.037,-0.152,-0.305
1668255480995,2022-11-12T14:18:00.995,933.440,0.579,-0.427,0.061
1668255481035,2022-11-12T14:18:01.035,933.480,1.250,-0.305,0.122
1668255481075,2022-11-12T14:18:01.075,933.520,1.067,-0.244,0.183
1668255481115,2022-11-12T14:18:01.115,933.560,0.549,-0.305,-0.030
1668255481155,2022-11-12T14:18:01.155,933.600,0.335,-0.122,0.030
1668255481195,2022-11-12T14:18:01.195,933.640,0.427,-0.335,0.244
1668255481235,2022-11-12T14:18:01.235,933.680,0.762,0.030,0.091
1668255481275,2022-11-12T14:18:01.275,933.720,0.945,0.152,0.091
1668255481315,2022-11-12T14:18:01.315,933.760,0.915,-0.183,0.030
1668255481355,2022-11-12T14:18:01.355,933.800,0.549,-0.335,-0.122
1668255481395,2022-11-12T14:18:01.395,933.840,0.152,-0.305,-0.213
1668255481435,2022-11-12T14:18:01.435,933.880,-0.152,-0.366,-0.122
1668255481475,2022-11-12T14:18:01.475,933.920,0.305,-0.518,0.000
1668255481515,2022-11-12T14:18:01.515,933.960,1.006,0.000,0.396
1668255481555,2022-11-12T14:18:01.555,934.000,1.463,0.122,0.152
1668255481595,2022-11-12T14:18:01.595,934.040,1.037,-0.396,-0.488
1668255481635,2022-11-12T14:18:01.635,934.080,-0.091,-0.366,-0.305
1668255481675,2022-11-12T14:18:01.675,934.120,0.640,-0.335,0.305
1668255481715,2022-11-12T14:18:01.715,934.160,1.646,-0.183,0.793
1668255481755,2022-11-12T14:18:01.755,934.200,1.463,0.000,-0.030
1668255481795,2022-11-12T14:18:01.795,934.240,-0.091,-0.366,-0.396
1668255481835,2022-11-12T14:18:01.835,934.280,-0.274,-0.488,-0.305
1668255481875,2022-11-12T14:18:01.875,934.320,0.793,-0.061,0.152
1668255481915,2022-11-12T14:18:01.915,934.360,0.884,0.061,0.335
1668255481955,2022-11-12T14:18:01.955,934.400,1.006,-0.457,0.000
1668255481995,2022-11-12T14:18:01.995,934.440,1.463,-0.396,-0.152
1668255482035,2022-11-12T14:18:02.035,934.480,1.402,-0.030,0.030
1668255482075,2022-11-12T14:18:02.075,934.520,1.159,-0.183,0.274
1668255482115,2022-11-12T14:18:02.115,934.560,0.274,-0.488,0.030
1668255482155,2022-11-12T14:18:02.155,934.600,0.000,-0.701,-0.122
1668255482195,2022-11-12T14:18:02.195,934.640,0.793,-0.183,0.030
1668255482235,2022-11-12T14:18:02.235,934.680,1.372,0.030,0.030
1668255482275,2022-11-12T14:18:02.275,934.720,0.488,-0.396,0.061
1668255482315,2022-11-12T14:18:02.315,934.760,0.183,-0.427,-0.091
1668255482355,2022-11-12T14:18:02.355,934.800,0.518,-0.305,-0.152
1668255482395,2022-11-12T14:18:02.395,934.840,0.274,-0.366,0.213
1668255482435,2022-11-12T14:18:02.435,934.880,0.518,-0.579,0.244
1668255482475,2022-11-12T14:18:02.475,934.920,0.915,-0.305,0.000
1668255482515,2022-11-12T14:18:02.515,934.960,1.402,0.152,-0.061
1668255482555,2022-11-12T14:18:02.555,935.000,1.220,0.030,0.000
1668255482595,2022-11-12T14:18:02.595,935.040,1.037,-0.305,0.183
1668255482635,2022-11-12T14:18:02.635,935.080,1.311,-0.152,0.091
1668255482675,2022-11-12T14:18:02.675,935.120,1.037,-0.091,-0.091
1668255482715,2022-11-12T14:18:02.715,935.160,0.732,-0.366,-0.305
1668255482755,2022-11-12T14:18:02.755,935.200,0.640,-0.183,-0.152
1668255482795,2022-11-12T14:18:02.795,935.240,0.701,-0.122,0.396
1668255482835,2022-11-12T14:18:02.835,935.280,0.854,-0.061,0.183
1668255482875,2022-11-12T14:18:02.875,935.320,0.671,-0.610,-0.183
1668255482915,2022-11-12T14:18:02.915,935.360,0.640,-0.213,0.061
1668255482955,2022-11-12T14:18:02.955,935.400,1.616,0.152,0.122
1668255482995,2022-11-12T14:18:02.995,935.440,2.073,-0.152,-0.030
1668255483035,2022-11-12T14:18:03.035,935.480,1.463,0.030,-0.183
1668255483075,2022-11-12T14:18:03.075,935.520,0.945,-0.183,-0.091
1668255483115,2022-11-12T14:18:03.115,935.560,0.945,-0.427,-0.061
1668255483155,2022-11-12T14:18:03.155,935.600,0.976,0.061,-0.061
1668255483195,2022-11-12T14:18:03.195,935.640,0.823,0.000,0.274
1668255483235,2022-11-12T14:18:03.235,935.680,1.128,-0.152,0.213
1668255483275,2022-11-12T14:18:03.275,935.720,0.945,-0.122,0.152
1668255483315,2022-11-12T14:18:03.315,935.760,0.305,-0.274,0.030
1668255483355,2022-11-12T14:18:03.355,935.800,0.244,-0.640,-0.091
1668255483395,2022-11-12T14:18:03.395,935.840,0.549,-0.274,-0.030
1668255483435,2022-11-12T14:18:03.435,935.880,0.793,0.305,0.122
1668255483475,2022-11-12T14:18:03.475,935.920,0.884,-0.122,0.335
1668255483515,2022-11-12T14:18:03.515,935.960,1.707,-0.213,0.183
1668255483555,2022-11-12T14:18:03.555,936.000,1.860,-0.030,0.030
1668255483595,2022-11-12T14:18:03.595,936.040,1.067,-0.244,-0.335
1668255483635,2022-11-12T14:18:03.635,936.080,0.640,-0.518,-0.244
1668255483675,2022-11-12T14:18:03.675,936.120,1.159,-0.122,0.061
1668255483715,2022-11-12T14:18:03.715,936.160,1.250,0.244,0.030
1668255483755,2022-11-12T14:18:03.755,936.200,0.823,-0.183,-0.122
1668255483795,2022-11-12T14:18:03.795,936.240,0.549,-0.366,-0.030
1668255483835,2022-11-12T14:18:03.835,936.280,0.732,-0.305,-0.061
1668255483875,2022-11-12T14:18:03.875,936.320,0.915,-0.122,0.091
1668255483915,2022-11-12T14:18:03.915,936.360,1.220,-0.091,-0.091
1668255483955,2022-11-12T14:18:03.955,936.400,0.640,-0.183,-0.152
1668255483995,2022-11-12T14:18:03.995,936.440,0.427,-0.335,0.000
1668255484035,2022-11-12T14:18:04.035,936.480,1.738,-0.183,0.061
1668255484075,2022-11-12T14:18:04.075,936.520,1.799,0.213,0.396
1668255484115,2022-11-12T14:18:04.115,936.560,0.854,0.030,-0.122
1668255484155,2022-11-12T14:18:04.155,936.600,0.427,-0.610,-0.427
1668255484195,2022-11-12T14:18:04.195,936.640,0.488,-0.244,0.030
1668255484235,2022-11-12T14:18:04.235,936.680,0.976,0.152,0.305
1668255484275,2022-11-12T14:18:04.275,936.720,1.006,0.122,0.244
1668255484315,2022-11-12T14:18:04.315,936.760,1.159,-0.213,-0.366
1668255484355,2022-11-12T14:18:04.355,936.800,0.671,-0.518,-0.122
1668255484395,2022-11-12T14:18:04.395,936.840,0.945,-0.183,0.183
1668255484435,2022-11-12T14:18:04.435,936.880,1.494,0.183,0.030
1668255484475,2022-11-12T14:18:04.475,936.920,1.159,-0.152,-0.122
1668255484515,2022-11-12T14:18:04.515,936.960,0.854,-0.457,-0.030
1668255484555,2022-11-12T14:18:04.555,937.000,0.671,-0.122,-0.061
1668255484595,2022-11-12T14:18:04.595,937.040,0.457,-0.030,0.030
1668255484635,2022-11-12T14:18:04.635,937.080,0.701,-0.457,-0.183
1668255484675,2022-11-12T14:18:04.675,937.120,0.518,-0.335,-0.061
1668255484715,2022-11-12T14:18:04.715,937.160,-0.091,0.061,0.183
1668255484755,2022-11-12T14:18:04.755,937.200,0.091,-0.213,0.030
1668255484795,2022-11-12T14:18:04.795,937.240,0.244,-0.244,0.213
1668255484835,2022-11-12T14:18:04.835,937.280,0.732,0.030,0.122
1668255484875,2022-11-12T14:18:04.875,937.320,1.189,-0.305,-0.091
1668255484915,2022-11-12T14:18:04.915,937.360,1.159,-0.274,-0.122
1668255484955,2022-11-12T14:18:04.955,937.400,0.732,-0.152,0.091
1668255484995,2022-11-12T14:18:04.995,937.440,1.280,-0.213,0.030
1668255485035,2022-11-12T14:18:05.035,937.480,1.616,-0.030,-0.030
1668255485075,2022-11-12T14:18:05.075,937.520,0.549,-0.244,-0.030
1668255485115,2022-11-12T14:18:05.115,937.560,0.701,-0.274,-0.091
1668255485155,2022-11-12T14:18:05.155,937.600,0.640,0.000,0.122
1668255485195,2022-11-12T14:18:05.195,937.640,0.396,-0.030,0.000
1668255485235,2022-11-12T14:18:05.235,937.680,0.579,-0.335,0.091
1668255485275,2022-11-12T14:18:05.275,937.720,1.037,-0.549,0.030
1668255485315,2022-11-12T14:18:05.315,937.760,0.854,-0.335,-0.061
1668255485355,2022-11-12T14:18:05.355,937.800,1.006,-0.244,0.030
1668255485395,2022-11-12T14:18:05.395,937.840,1.159,-0.427,-0.244
1668255485435,2022-11-12T14:18:05.435,937.880,0.701,-0.305,-0.061
1668255485475,2022-11-12T14:18:05.475,937.920,0.457,-0.152,0.122
1668255485515,2022-11-12T14:18:05.515,937.960,0.671,-0.183,0.122
1668255485555,2022-11-12T14:18:05.555,938.000,0.945,-0.305,0.030
1668255485595,2022-11-12T14:18:05.595,938.040,1.189,-0.274,-0.213
1668255485635,2022-11-12T14:18:05.635,938.080,1.037,-0.091,-0.091
1668255485675,2022-11-12T14:18:05.675,938.120,1.037,-0.213,0.000
1668255485715,2022-11-12T14:18:05.715,938.160,0.854,-0.183,0.061
1668255485755,2022-11-12T14:18:05.755,938.200,0.854,-0.152,0.000
1668255485795,2022-11-12T14:18:05.795,938.240,0.823,-0.274,0.061
1668255485835,2022-11-12T14:18:05.835,938.280,0.823,-0.488,0.061
1668255485875,2022-11-12T14:18:05.875,938.320,1.159,-0.244,-0.030
1668255485915,2022-11-12T14:18:05.915,938.360,0.945,0.061,0.152
1668255485955,2022-11-12T14:18:05.955,938.400,0.366,-0.213,-0.061
1668255485995,2022-11-12T14:18:05.995,938.440,0.183,-0.823,-0.030
1668255486035,2022-11-12T14:18:06.035,938.480,0.518,-0.396,0.122
1668255486075,2022-11-12T14:18:06.075,938.520,0.732,0.213,0.366
1668255486115,2022-11-12T14:18:06.115,938.560,1.067,-0.122,-0.030
1668255486155,2022-11-12T14:18:06.155,938.600,0.701,-0.366,-0.152
1668255486195,2022-11-12T14:18:06.195,938.640,0.213,-0.152,0.091
1668255486235,2022-11-12T14:18:06.235,938.680,0.915,-0.030,0.000
1668255486275,2022-11-12T14:18:06.275,938.720,1.280,-0.152,0.091
1668255486315,2022-11-12T14:18:06.315,938.760,1.067,-0.061,0.000
1668255486355,2022-11-12T14:18:06.355,938.800,0.823,0.091,0.000
1668255486395,2022-11-12T14:18:06.395,938.840,0.701,-0.213,-0.030
1668255486435,2022-11-12T14:18:06.435,938.880,0.884,-0.122,0.000
1668255486475,2022-11-12T14:18:06.475,938.920,0.884,0.030,0.152
1668255486515,2022-11-12T14:18:06.515,938.960,0.884,-0.305,-0.152
1668255486555,2022-11-12T14:18:06.555,939.000,0.976,-0.244,-0.152
1668255486595,2022-11-12T14:18:06.595,939.040,0.793,0.030,0.152
1668255486635,2022-11-12T14:18:06.635,939.080,1.067,-0.274,-0.183
1668255486675,2022-11-12T14:18:06.675,939.120,0.640,-0.274,-0.091
1668255486715,2022-11-12T14:18:06.715,939.160,0.213,-0.274,-0.122
1668255486755,2022-11-12T14:18:06.755,939.200,0.488,-0.213,0.061
1668255486795,2022-11-12T14:18:06.795,939.240,1.159,-0.305,0.244
1668255486835,2022-11-12T14:18:06.835,939.280,1.646,-0.274,-0.030
1668255486875,2022-11-12T14:18:06.875,939.320,0.762,-0.183,0.000
1668255486915,2022-11-12T14:18:06.915,939.360,0.335,-0.396,-0.213
1668255486955,2022-11-12T14:18:06.955,939.400,0.884,-0.366,0.000
1668255486995,2022-11-12T14:18:06.995,939.440,0.823,-0.457,0.305
1668255487035,2022-11-12T14:18:07.035,939.480,0.335,-0.183,0.549
1668255487075,2022-11-12T14:18:07.075,939.520,0.640,0.061,0.091
1668255487115,2022-11-12T14:18:07.115,939.560,0.457,-0.122,-0.152
1668255487155,2022-11-12T14:18:07.155,939.600,0.884,-0.030,-0.061
1668255487195,2022-11-12T14:18:07.195,939.640,1.829,0.152,-0.061
1668255487235,2022-11-12T14:18:07.235,939.680,1.372,0.091,-0.061
1668255487275,2022-11-12T14:18:07.275,939.720,0.884,-0.122,-0.213
1668255487315,2022-11-12T14:18:07.315,939.760,0.671,-0.183,-0.244
1668255487355,2022-11-12T14:18:07.355,939.800,0.732,0.061,0.030
1668255487395,2022-11-12T14:18:07.395,939.840,0.610,0.000,0.122
1668255487435,2022-11-12T14:18:07.435,939.880,0.762,-0.183,0.030
1668255487475,2022-11-12T14:18:07.475,939.920,0.945,-0.427,0.122
1668255487515,2022-11-12T14:18:07.515,939.960,1.280,-0.183,-0.091
1668255487555,2022-11-12T14:18:07.555,940.000,0.945,0.152,-0.152
1668255487595,2022-11-12T14:18:07.595,940.040,0.610,-0.061,0.000
1668255487635,2022-11-12T14:18:07.635,940.080,1.372,-0.244,0.000
1668255487675,2022-11-12T14:18:07.675,940.120,1.402,-0.061,0.183
1668255487715,2022-11-12T14:18:07.715,940.160,1.159,-0.152,-0.152
1668255487755,2022-11-12T14:18:07.755,940.200,0.732,0.030,-0.091
1668255487795,2022-11-12T14:18:07.795,940.240,0.457,-0.091,0.274
1668255487835,2022-11-12T14:18:07.835,940.280,0.427,-0.366,0.122
1668255487875,2022-11-12T14:18:07.875,940.320,0.183,-0.366,0.000
1668255487915,2022-11-12T14:18:07.915,940.360,0.183,-0.305,-0.061
1668255487955,2022-11-12T14:18:07.955,940.400,0.854,0.030,0.030
1668255487995,2022-11-12T14:18:07.995,940.440,1.280,0.183,0.244
1668255488035,2022-11-12T14:18:08.035,940.480,1.463,-0.030,0.091
1668255488075,2022-11-12T14:18:08.075,940.520,1.402,-0.396,-0.366
1668255488115,2022-11-12T14:18:08.115,940.560,0.976,-0.732,-0.244
1668255488155,2022-11-12T14:18:08.155,940.600,0.549,-0.244,-0.152
1668255488195,2022-11-12T14:18:08.195,940.640,-0.457,-0.244,0.274
1668255488235,2022-11-12T14:18:08.235,940.680,-0.183,-0.366,0.091
1668255488275,2022-11-12T14:18:08.275,940.720,0.915,0.091,0.000
1668255488315,2022-11-12T14:18:08.315,940.760,1.189,0.061,0.274
1668255488355,2022-11-12T14:18:08.355,940.800,1.494,0.061,-0.122
1668255488395,2022-11-12T14:18:08.395,940.840,0.823,0.091,-0.366
1668255488435,2022-11-12T14:18:08.435,940.880,0.335,-0.061,-0.305
1668255488475,2022-11-12T14:18:08.475,940.920,0.640,0.091,-0.183
1668255488515,2022-11-12T14:18:08.515,940.960,0.701,-0.091,0.152
1668255488555,2022-11-12T14:18:08.555,941.000,0.640,-0.061,0.305
1668255488595,2022-11-12T14:18:08.595,941.040,1.159,0.000,0.152
1668255488635,2022-11-12T14:18:08.635,941.080,1.189,-0.122,0.091
1668255488675,2022-11-12T14:18:08.675,941.120,0.976,-0.213,0.091
1668255488715,2022-11-12T14:18:08.715,941.160,1.311,-0.183,-0.061
1668255488755,2022-11-12T14:18:08.755,941.200,1.372,0.000,-0.213
1668255488795,2022-11-12T14:18:08.795,941.240,0.671,0.152,-0.244
1668255488835,2022-11-12T14:18:08.835,941.280,0.000,-0.427,-0.030
1668255488875,2022-11-12T14:18:08.875,941.320,0.244,-0.427,0.122
1668255488915,2022-11-12T14:18:08.915,941.360,1.037,0.061,0.305
1668255488955,2022-11-12T14:18:08.955,941.400,1.189,-0.061,0.030
1668255488995,2022-11-12T14:18:08.995,941.440,0.762,-0.335,-0.213
1668255489035,2022-11-12T14:18:09.035,941.480,0.549,-0.305,-0.061
1668255489075,2022-11-12T14:18:09.075,941.520,1.098,-0.183,0.061
1668255489115,2022-11-12T14:18:09.115,941.560,1.189,-0.091,0.152
1668255489155,2022-11-12T14:18:09.155,941.600,1.067,-0.030,-0.152
1668255489195,2022-11-12T14:18:09.195,941.640,0.884,-0.122,0.030
1668255489235,2022-11-12T14:18:09.235,941.680,1.372,-0.030,0.213
1668255489275,2022-11-12T14:18:09.275,941.720,1.616,0.091,-0.061
1668255489315,2022-11-12T14:18:09.315,941.760,0.793,-0.122,-0.122
1668255489355,2022-11-12T14:18:09.355,941.800,0.793,-0.305,-0.335
1668255489395,2022-11-12T14:18:09.395,941.840,0.732,-0.122,0.091
1668255489435,2022-11-12T14:18:09.435,941.880,0.610,-0.183,0.274
1668255489475,2022-11-12T14:18:09.475,941.920,0.671,-0.244,-0.122
1668255489515,2022-11-12T14:18:09.515,941.960,0.793,-0.213,-0.122
1668255489555,2022-11-12T14:18:09.555,942.000,0.823,-0.305,0.335
1668255489595,2022-11-12T14:18:09.595,942.040,1.250,-0.427,0.061
1668255489635,2022-11-12T14:18:09.635,942.080,1.189,0.061,-0.091
1668255489675,2022-11-12T14:18:09.675,942.120,0.305,-0.427,-0.305
1668255489715,2022-11-12T14:18:09.715,942.160,-0.274,-0.854,0.091
1668255489755,2022-11-12T14:18:09.755,942.200,0.122,-0.152,0.671
1668255489795,2022-11-12T14:18:09.795,942.240,1.341,0.762,0.244
1668255489835,2022-11-12T14:18:09.835,942.280,1.921,0.793,-0.549
1668255489875,2022-11-12T14:18:09.875,942.320,1.585,-0.152,-1.250
1668255489915,2022-11-12T14:18:09.915,942.360,0.244,-0.213,-0.457
1668255489955,2022-11-12T14:18:09.955,942.400,-0.701,-0.152,0.854
1668255489995,2022-11-12T14:18:09.995,942.440,1.372,0.396,0.427
1668255490035,2022-11-12T14:18:10.035,942.480,2.317,0.488,0.427
1668255490075,2022-11-12T14:18:10.075,942.520,1.372,-0.091,0.183
1668255490115,2022-11-12T14:18:10.115,942.560,0.976,-0.305,0.030
1668255490155,2022-11-12T14:18:10.155,942.600,1.098,0.061,0.183
1668255490195,2022-11-12T14:18:10.195,942.640,1.311,0.274,0.305
1668255490235,2022-11-12T14:18:10.235,942.680,0.762,0.274,0.335
1668255490275,2022-11-12T14:18:10.275,942.720,0.732,-0.244,-0.061
1668255490315,2022-11-12T14:18:10.315,942.760,1.006,-0.274,-0.091
1668255490355,2022-11-12T14:18:10.355,942.800,1.128,0.122,0.274
1668255490395,2022-11-12T14:18:10.395,942.840,1.555,0.122,0.335
1668255490435,2022-11-12T14:18:10.435,942.880,1.982,0.427,0.244
1668255490475,2022-11-12T14:18:10.475,942.920,1.646,0.488,-0.152
1668255490515,2022-11-12T14:18:10.515,942.960,0.152,0.305,-1.067
1668255490555,2022-11-12T14:18:10.555,943.000,-1.341,0.305,-2.378
1668255490595,2022-11-12T14:18:10.595,943.040,-1.220,0.518,-2.591
1668255490635,2022-11-12T14:18:10.635,943.080,-0.183,0.976,-0.030
1668255490675,2022-11-12T14:18:10.675,943.120,1.159,0.823,1.646
1668255490715,2022-11-12T14:18:10.715,943.160,2.134,0.122,0.030
1668255490755,2022-11-12T14:18:10.755,943.200,0.884,-0.244,-0.213
1668255490795,2022-11-12T14:18:10.795,943.240,-0.274,-0.244,0.091
1668255490835,2022-11-12T14:18:10.835,943.280,0.274,-0.976,-0.061
1668255490875,2022-11-12T14:18:10.875,943.320,0.305,-0.671,0.366
1668255490915,2022-11-12T14:18:10.915,943.360,0.762,-0.244,0.610
1668255490955,2022-11-12T14:18:10.955,943.400,1.524,-0.183,0.030
1668255490995,2022-11-12T14:18:10.995,943.440,1.189,-0.427,-0.061
1668255491035,2022-11-12T14:18:11.035,943.480,1.494,-0.488,0.000
1668255491075,2022-11-12T14:18:11.075,943.520,2.073,0.000,-0.122
1668255491115,2022-11-12T14:18:11.115,943.560,1.646,0.213,-0.366
1668255491155,2022-11-12T14:18:11.155,943.600,1.037,-0.579,-0.152
1668255491195,2022-11-12T14:18:11.195,943.640,0.671,-0.366,0.518
1668255491235,2022-11-12T14:18:11.235,943.680,0.213,0.122,1.128
1668255491275,2022-11-12T14:18:11.275,943.720,-0.213,-0.183,0.823
1668255491315,2022-11-12T14:18:11.315,943.760,0.579,-0.762,-0.213
1668255491355,2022-11-12T14:18:11.355,943.800,1.159,-0.122,-0.152
1668255491395,2022-11-12T14:18:11.395,943.840,1.524,-0.061,-0.244
1668255491435,2022-11-12T14:18:11.435,943.880,1.829,-0.305,-0.549
1668255491475,2022-11-12T14:18:11.475,943.920,1.128,0.030,0.091
1668255491515,2022-11-12T14:18:11.515,943.960,0.671,-0.244,0.793
1668255491555,2022-11-12T14:18:11.555,944.000,0.762,-0.213,0.335
1668255491595,2022-11-12T14:18:11.595,944.040,0.701,0.244,0.030
1668255491635,2022-11-12T14:18:11.635,944.080,0.945,0.549,0.183
1668255491675,2022-11-12T14:18:11.675,944.120,1.433,0.183,0.213
1668255491715,2022-11-12T14:18:11.715,944.160,0.823,0.427,0.427
1668255491755,2022-11-12T14:18:11.755,944.200,0.762,0.488,0.366
1668255491795,2022-11-12T14:18:11.795,944.240,1.159,0.762,0.152
1668255491835,2022-11-12T14:18:11.835,944.280,1.159,1.128,0.579
1668255491875,2022-11-12T14:18:11.875,944.320,0.213,0.518,0.244
1668255491915,2022-11-12T14:18:11.915,944.360,-1.098,-0.671,-0.366
1668255491955,2022-11-12T14:18:11.955,944.400,-0.915,-0.457,0.030
1668255491995,2022-11-12T14:18:11.995,944.440,0.671,0.122,0.152
1668255492035,2022-11-12T14:18:12.035,944.480,0.518,-0.335,-0.030
1668255492075,2022-11-12T14:18:12.075,944.520,0.732,-1.037,0.701
1668255492115,2022-11-12T14:18:12.115,944.560,-0.183,-0.549,-0.976
1668255492155,2022-11-12T14:18:12.155,944.600,0.030,-0.732,-0.945
1668255492195,2022-11-12T14:18:12.195,944.640,2.348,-0.122,0.854
1668255492235,2022-11-12T14:18:12.235,944.680,2.409,0.701,0.884
1668255492275,2022-11-12T14:18:12.275,944.720,0.457,0.274,0.518
1668255492315,2022-11-12T14:18:12.315,944.760,0.427,-0.884,-0.366
1668255492355,2022-11-12T14:18:12.355,944.800,0.518,-0.518,-0.823
1668255492395,2022-11-12T14:18:12.395,944.840,1.890,0.152,-0.549
1668255492435,2022-11-12T14:18:12.435,944.880,2.470,0.122,-0.518
1668255492475,2022-11-12T14:18:12.475,944.920,1.341,-0.213,0.091
1668255492515,2022-11-12T14:18:12.515,944.960,0.854,-0.091,0.640
1668255492555,2022-11-12T14:18:12.555,945.000,1.037,-0.183,-0.183
1668255492595,2022-11-12T14:18:12.595,945.040,1.677,0.000,-0.884
1668255492635,2022-11-12T14:18:12.635,945.080,1.524,0.732,-0.152
1668255492675,2022-11-12T14:18:12.675,945.120,1.707,1.098,0.183
1668255492715,2022-11-12T14:18:12.715,945.160,1.067,0.915,0.213
1668255492755,2022-11-12T14:18:12.755,945.200,-0.213,0.488,-0.061
1668255492795,2022-11-12T14:18:12.795,945.240,-0.884,0.457,-0.488
1668255492835,2022-11-12T14:18:12.835,945.280,-0.427,0.335,-0.061
1668255492875,2022-11-12T14:18:12.875,945.320,1.220,0.152,-0.183
1668255492915,2022-11-12T14:18:12.915,945.360,1.189,0.579,-0.457
1668255492955,2022-11-12T14:18:12.955,945.400,1.159,0.915,0.152
1668255492995,2022-11-12T14:18:12.995,945.440,2.317,0.854,-0.244
1668255493035,2022-11-12T14:18:13.035,945.480,1.677,0.488,-0.244
1668255493075,2022-11-12T14:18:13.075,945.520,0.518,1.159,0.579
1668255493115,2022-11-12T14:18:13.115,945.560,0.762,1.524,1.006
1668255493155,2022-11-12T14:18:13.155,945.600,1.738,1.463,0.884
1668255493195,2022-11-12T14:18:13.195,945.640,1.220,0.884,0.122
1668255493235,2022-11-12T14:18:13.235,945.680,0.640,-0.122,-1.220
1668255493275,2022-11-12T14:18:13.275,945.720,0.030,-0.335,-1.311
1668255493315,2022-11-12T14:18:13.315,945.760,-0.610,0.762,-0.091
1668255493355,2022-11-12T14:18:13.355,945.800,0.488,0.793,-1.799
1668255493395,2022-11-12T14:18:13.395,945.840,-1.098,0.183,-1.951
1668255493435,2022-11-12T14:18:13.435,945.880,-0.793,-0.457,-1.006
1668255493475,2022-11-12T14:18:13.475,945.920,0.061,0.274,0.671
1668255493515,2022-11-12T14:18:13.515,945.960,-1.616,0.335,1.982
1668255493555,2022-11-12T14:18:13.555,946.000,-2.439,2.195,2.317
1668255493595,2022-11-12T14:18:13.595,946.040,-0.945,2.470,1.707
1668255493635,2022-11-12T14:18:13.635,946.080,0.854,0.274,0.152
1668255493675,2022-11-12T14:18:13.675,946.120,1.280,0.976,-0.488
1668255493715,2022-11-12T14:18:13.715,946.160,2.317,-0.030,-2.165
1668255493755,2022-11-12T14:18:13.755,946.200,2.073,-0.762,-1.524
1668255493795,2022-11-12T14:18:13.795,946.240,1.616,-0.610,-0.640
1668255493835,2022-11-12T14:18:13.835,946.280,-0.244,-0.152,1.616
1668255493875,2022-11-12T14:18:13.875,946.320,-0.122,0.945,2.500
1668255493915,2022-11-12T14:18:13.915,946.360,1.067,1.311,1.341
1668255493955,2022-11-12T14:18:13.955,946.400,-0.335,0.396,-0.457
1668255493995,2022-11-12T14:18:13.995,946.440,0.152,-0.152,-1.768
1668255494035,2022-11-12T14:18:14.035,946.480,2.896,1.829,-1.982
1668255494075,2022-11-12T14:18:14.075,946.520,3.262,3.323,-0.671
1668255494115,2022-11-12T14:18:14.115,946.560,2.165,2.226,0.701
1668255494155,2022-11-12T14:18:14.155,946.600,0.793,0.945,1.799
1668255494195,2022-11-12T14:18:14.195,946.640,0.732,0.671,0.732
1668255494235,2022-11-12T14:18:14.235,946.680,-1.128,-1.250,-0.488
1668255494275,2022-11-12T14:18:14.275,946.720,-0.549,-1.982,-0.701
1668255494315,2022-11-12T14:18:14.315,946.760,1.067,-0.579,-0.366
1668255494355,2022-11-12T14:18:14.355,946.800,2.195,0.366,-0.518
1668255494395,2022-11-12T14:18:14.395,946.840,1.951,-0.061,-0.366
1668255494435,2022-11-12T14:18:14.435,946.880,1.006,-0.091,-0.427
1668255494475,2022-11-12T14:18:14.475,946.920,0.671,-0.030,-0.396
1668255494515,2022-11-12T14:18:14.515,946.960,0.000,-0.701,-0.579
1668255494555,2022-11-12T14:18:14.555,947.000,-0.091,-0.671,-0.244
1668255494595,2022-11-12T14:18:14.595,947.040,0.793,0.335,0.457
1668255494635,2022-11-12T14:18:14.635,947.080,0.701,0.488,0.366
1668255494675,2022-11-12T14:18:14.675,947.120,-0.061,-0.030,-0.091
1668255494715,2022-11-12T14:18:14.715,947.160,1.037,0.000,-0.366
1668255494755,2022-11-12T14:18:14.755,947.200,2.439,0.518,-0.854
1668255494795,2022-11-12T14:18:14.795,947.240,2.774,0.183,-1.433
1668255494835,2022-11-12T14:18:14.835,947.280,0.945,-0.335,-0.366
1668255494875,2022-11-12T14:18:14.875,947.320,-0.488,-0.366,0.244
1668255494915,2022-11-12T14:18:14.915,947.360,0.335,0.091,0.518
1668255494955,2022-11-12T14:18:14.955,947.400,1.707,0.366,0.640
1668255494995,2022-11-12T14:18:14.995,947.440,1.189,2.195,0.732
1668255495035,2022-11-12T14:18:15.035,947.480,1.433,1.098,0.945
1668255495075,2022-11-12T14:18:15.075,947.520,2.073,-0.884,-0.122
1668255495115,2022-11-12T14:18:15.115,947.560,1.524,-1.220,-1.037
1668255495155,2022-11-12T14:18:15.155,947.600,-0.793,-2.195,0.061
1668255495195,2022-11-12T14:18:15.195,947.640,-0.183,-2.012,0.030
1668255495235,2022-11-12T14:18:15.235,947.680,0.823,-0.061,0.305
1668255495275,2022-11-12T14:18:15.275,947.720,1.159,0.884,0.549
1668255495315,2022-11-12T14:18:15.315,947.760,1.738,1.098,0.030
1668255495355,2022-11-12T14:18:15.355,947.800,0.427,0.396,-0.396
1668255495395,2022-11-12T14:18:15.395,947.840,-1.280,0.213,-0.061
1668255495435,2022-11-12T14:18:15.435,947.880,-0.335,-0.701,-0.213
1668255495475,2022-11-12T14:18:15.475,947.920,0.793,-1.098,-0.701
1668255495515,2022-11-12T14:18:15.515,947.960,0.457,-0.640,-0.610
1668255495555,2022-11-12T14:18:15.555,948.000,1.402,-0.213,0.000
1668255495595,2022-11-12T14:18:15.595,948.040,2.195,0.488,0.701
1668255495635,2022-11-12T14:18:15.635,948.080,1.128,-0.213,0.457
1668255495675,2022-11-12T14:18:15.675,948.120,0.671,-1.311,-0.152
1668255495715,2022-11-12T14:18:15.715,948.160,0.884,-1.037,0.244
1668255495755,2022-11-12T14:18:15.755,948.200,1.250,-1.189,0.000
1668255495795,2022-11-12T14:18:15.795,948.240,0.732,-1.220,0.396
1668255495835,2022-11-12T14:18:15.835,948.280,1.585,-0.457,0.183
1668255495875,2022-11-12T14:18:15.875,948.320,1.311,-0.030,-0.213
1668255495915,2022-11-12T14:18:15.915,948.360,0.305,-0.274,0.030
1668255495955,2022-11-12T14:18:15.955,948.400,1.433,0.152,-0.366
1668255495995,2022-11-12T14:18:15.995,948.440,0.671,0.244,-0.061
1668255496035,2022-11-12T14:18:16.035,948.480,0.610,0.061,0.396
1668255496075,2022-11-12T14:18:16.075,948.520,1.616,0.640,0.579
1668255496115,2022-11-12T14:18:16.115,948.560,1.372,0.549,-0.122
1668255496155,2022-11-12T14:18:16.155,948.600,0.518,-0.274,-0.732
1668255496195,2022-11-12T14:18:16.195,948.640,0.396,-0.061,0.122
1668255496235,2022-11-12T14:18:16.235,948.680,0.549,-0.061,-0.213
1668255496275,2022-11-12T14:18:16.275,948.720,0.640,-0.945,-0.518
1668255496315,2022-11-12T14:18:16.315,948.760,0.701,-0.793,0.183
1668255496355,2022-11-12T14:18:16.355,948.800,1.006,-0.640,0.701
1668255496395,2022-11-12T14:18:16.395,948.840,1.433,-0.122,0.274
1668255496435,2022-11-12T14:18:16.435,948.880,0.549,0.579,0.579
1668255496475,2022-11-12T14:18:16.475,948.920,0.518,0.701,0.610
1668255496515,2022-11-12T14:18:16.515,948.960,1.799,0.366,-0.061
1668255496555,2022-11-12T14:18:16.555,949.000,2.439,0.152,0.152
1668255496595,2022-11-12T14:18:16.595,949.040,2.409,1.220,0.244
1668255496635,2022-11-12T14:18:16.635,949.080,1.341,0.579,0.152
1668255496675,2022-11-12T14:18:16.675,949.120,0.701,-0.915,0.823
1668255496715,2022-11-12T14:18:16.715,949.160,1.098,-0.091,0.518
1668255496755,2022-11-12T14:18:16.755,949.200,2.652,-0.762,-0.152
1668255496795,2022-11-12T14:18:16.795,949.240,3.476,-2.988,-1.341
1668255496835,2022-11-12T14:18:16.835,949.280,3.201,-2.348,-2.043
1668255496875,2022-11-12T14:18:16.875,949.320,1.646,-0.549,-1.372
1668255496915,2022-11-12T14:18:16.915,949.360,1.372,0.335,-0.061
1668255496955,2022-11-12T14:18:16.955,949.400,1.128,0.701,0.701
1668255496995,2022-11-12T14:18:16.995,949.440,1.098,0.671,0.244
1668255497035,2022-11-12T14:18:17.035,949.480,-0.488,0.366,-0.213
1668255497075,2022-11-12T14:18:17.075,949.520,-0.884,0.427,-0.213
1668255497115,2022-11-12T14:18:17.115,949.560,0.518,0.518,0.061
1668255497155,2022-11-12T14:18:17.155,949.600,2.713,0.579,0.030
1668255497195,2022-11-12T14:18:17.195,949.640,3.689,1.494,-0.244
1668255497235,2022-11-12T14:18:17.235,949.680,3.110,0.579,-0.884
1668255497275,2022-11-12T14:18:17.275,949.720,2.835,-0.061,-0.945
1668255497315,2022-11-12T14:18:17.315,949.760,2.073,1.037,0.213
1668255497355,2022-11-12T14:18:17.355,949.800,2.378,1.159,0.213
1668255497395,2022-11-12T14:18:17.395,949.840,1.982,0.518,-0.274
1668255497435,2022-11-12T14:18:17.435,949.880,1.128,-0.152,-0.091
1668255497475,2022-11-12T14:18:17.475,949.920,1.159,0.579,0.030
1668255497515,2022-11-12T14:18:17.515,949.960,0.823,0.915,0.122
1668255497555,2022-11-12T14:18:17.555,950.000,1.159,0.488,0.244
1668255497595,2022-11-12T14:18:17.595,950.040,0.945,0.244,0.183
1668255497635,2022-11-12T14:18:17.635,950.080,1.402,-0.091,-0.213
1668255497675,2022-11-12T14:18:17.675,950.120,1.738,0.152,0.091
1668255497715,2022-11-12T14:18:17.715,950.160,2.348,0.976,-0.061
1668255497755,2022-11-12T14:18:17.755,950.200,3.049,1.524,-0.884
1668255497795,2022-11-12T14:18:17.795,950.240,2.866,1.982,-1.524
1668255497835,2022-11-12T14:18:17.835,950.280,1.555,0.915,-1.037
1668255497875,2022-11-12T14:18:17.875,950.320,-0.122,0.488,-0.061
1668255497915,2022-11-12T14:18:17.915,950.360,0.122,0.823,-0.091
1668255497955,2022-11-12T14:18:17.955,950.400,0.549,0.671,0.335
1668255497995,2022-11-12T14:18:17.995,950.440,0.915,0.884,0.305
1668255498035,2022-11-12T14:18:18.035,950.480,0.549,0.732,0.274
1668255498075,2022-11-12T14:18:18.075,950.520,-0.030,0.366,0.244
1668255498115,2022-11-12T14:18:18.115,950.560,-0.335,0.518,0.518
1668255498155,2022-11-12T14:18:18.155,950.600,-2.073,1.799,0.518
1668255498195,2022-11-12T14:18:18.195,950.640,-3.963,3.567,0.823
1668255498235,2022-11-12T14:18:18.235,950.680,-1.341,0.366,0.335
1668255498275,2022-11-12T14:18:18.275,950.720,1.220,-0.915,-0.305
1668255498315,2022-11-12T14:18:18.315,950.760,1.860,-0.884,0.183
1668255498355,2022-11-12T14:18:18.355,950.800,0.061,-0.854,0.457
1668255498395,2022-11-12T14:18:18.395,950.840,-0.854,-1.555,0.335
1668255498435,2022-11-12T14:18:18.435,950.880,0.183,-1.006,-0.335
1668255498475,2022-11-12T14:18:18.475,950.920,0.915,-0.915,-0.762
1668255498515,2022-11-12T14:18:18.515,950.960,3.018,-1.372,-0.945
1668255498555,2022-11-12T14:18:18.555,951.000,2.683,-1.067,-0.549
1668255498595,2022-11-12T14:18:18.595,951.040,1.616,-0.061,0.274
1668255498635,2022-11-12T14:18:18.635,951.080,1.220,0.793,0.915
1668255498675,2022-11-12T14:18:18.675,951.120,0.457,-0.183,0.640
1668255498715,2022-11-12T14:18:18.715,951.160,0.305,-0.396,-0.091
1668255498755,2022-11-12T14:18:18.755,951.200,0.945,0.091,-0.213
1668255498795,2022-11-12T14:18:18.795,951.240,0.274,-0.335,-0.152
1668255498835,2022-11-12T14:18:18.835,951.280,0.518,-0.213,-0.701
1668255498875,2022-11-12T14:18:18.875,951.320,1.220,-0.457,-0.945
1668255498915,2022-11-12T14:18:18.915,951.360,1.677,-0.579,-0.579
1668255498955,2022-11-12T14:18:18.955,951.400,1.555,0.183,1.098
1668255498995,2022-11-12T14:18:18.995,951.440,2.409,0.274,0.976
1668255499035,2022-11-12T14:18:19.035,951.480,1.738,0.061,0.183
1668255499075,2022-11-12T14:18:19.075,951.520,0.305,-0.854,-0.122
1668255499115,2022-11-12T14:18:19.115,951.560,0.183,-0.701,0.000
1668255499155,2022-11-12T14:18:19.155,951.600,1.555,-0.152,-0.030
1668255499195,2022-11-12T14:18:19.195,951.640,1.677,-0.244,0.030
1668255499235,2022-11-12T14:18:19.235,951.680,1.433,-0.579,-0.305
1668255499275,2022-11-12T14:18:19.275,951.720,1.555,-0.488,-0.518
1668255499315,2022-11-12T14:18:19.315,951.760,2.226,-0.244,-0.701
1668255499355,2022-11-12T14:18:19.355,951.800,2.561,-0.732,-0.823
1668255499395,2022-11-12T14:18:19.395,951.840,1.860,-0.518,-0.213
1668255499435,2022-11-12T14:18:19.435,951.880,0.579,0.640,0.579
1668255499475,2022-11-12T14:18:19.475,951.920,-0.549,0.976,1.341
1668255499515,2022-11-12T14:18:19.515,951.960,-1.128,0.396,1.768
1668255499555,2022-11-12T14:18:19.555,952.000,-1.128,0.701,2.409
1668255499595,2022-11-12T14:18:19.595,952.040,-0.305,-0.244,1.341
1668255499635,2022-11-12T14:18:19.635,952.080,0.701,-0.915,-0.244
1668255499675,2022-11-12T14:18:19.675,952.120,1.677,-0.610,-0.579
1668255499715,2022-11-12T14:18:19.715,952.160,2.470,-0.305,0.152
1668255499755,2022-11-12T14:18:19.755,952.200,3.171,-0.091,-0.366
1668255499795,2022-11-12T14:18:19.795,952.240,2.439,-0.152,-0.549
1668255499835,2022-11-12T14:18:19.835,952.280,0.854,-0.701,-0.335
1668255499875,2022-11-12T14:18:19.875,952.320,0.823,-0.427,-0.274
1668255499915,2022-11-12T14:18:19.915,952.360,1.311,-0.457,0.091
1668255499955,2022-11-12T14:18:19.955,952.400,1.220,-0.274,-0.030
1668255499995,2022-11-12T14:18:19.995,952.440,1.311,0.183,-0.122
1668255500035,2022-11-12T14:18:20.035,952.480,1.220,0.213,-0.274
1668255500075,2022-11-12T14:18:20.075,952.520,1.372,-0.091,-0.152
1668255500115,2022-11-12T14:18:20.115,952.560,0.915,0.732,-0.366
1668255500155,2022-11-12T14:18:20.155,952.600,-0.305,0.213,-1.250
1668255500195,2022-11-12T14:18:20.195,952.640,-0.366,-0.335,-0.427
1668255500235,2022-11-12T14:18:20.235,952.680,-0.945,1.890,1.585
1668255500275,2022-11-12T14:18:20.275,952.720,0.549,1.189,0.640
1668255500315,2022-11-12T14:18:20.315,952.760,3.018,-0.274,-1.067
1668255500355,2022-11-12T14:18:20.355,952.800,2.348,-0.427,-0.579
1668255500395,2022-11-12T14:18:20.395,952.840,0.488,-0.701,0.091
1668255500435,2022-11-12T14:18:20.435,952.880,0.122,-0.305,0.488
1668255500475,2022-11-12T14:18:20.475,952.920,1.311,-0.244,0.610
1668255500515,2022-11-12T14:18:20.515,952.960,1.341,-0.213,0.732
1668255500555,2022-11-12T14:18:20.555,953.000,0.610,-0.244,0.122
1668255500595,2022-11-12T14:18:20.595,953.040,0.030,0.305,0.122
1668255500635,2022-11-12T14:18:20.635,953.080,0.579,-0.122,0.244
1668255500675,2022-11-12T14:18:20.675,953.120,1.616,-0.549,0.061
1668255500715,2022-11-12T14:18:20.715,953.160,1.982,-0.427,-0.030
1668255500755,2022-11-12T14:18:20.755,953.200,1.677,-0.244,-0.366
1668255500795,2022-11-12T14:18:20.795,953.240,1.159,-0.183,-0.427
1668255500835,2022-11-12T14:18:20.835,953.280,1.006,-0.213,-0.274
1668255500875,2022-11-12T14:18:20.875,953.320,0.884,-0.030,-0.061
1668255500915,2022-11-12T14:18:20.915,953.360,0.945,0.152,-0.030
1668255500955,2022-11-12T14:18:20.955,953.400,1.220,0.122,-0.091
1668255500995,2022-11-12T14:18:20.995,953.440,0.945,0.091,-0.457
1668255501035,2022-11-12T14:18:21.035,953.480,0.671,-0.061,0.183
1668255501075,2022-11-12T14:18:21.075,953.520,-0.030,-0.549,1.311
1668255501115,2022-11-12T14:18:21.115,953.560,-1.585,-0.366,1.555
1668255501155,2022-11-12T14:18:21.155,953.600,0.122,0.518,0.549
1668255501195,2022-11-12T14:18:21.195,953.640,2.866,0.000,-0.457
1668255501235,2022-11-12T14:18:21.235,953.680,1.829,-0.762,-0.884
1668255501275,2022-11-12T14:18:21.275,953.720,1.128,-0.915,-0.396
1668255501315,2022-11-12T14:18:21.315,953.760,2.866,0.030,0.152
1668255501355,2022-11-12T14:18:21.355,953.800,2.195,0.091,0.366
1668255501395,2022-11-12T14:18:21.395,953.840,-0.213,-0.854,-0.701
1668255501435,2022-11-12T14:18:21.435,953.880,-0.732,0.244,-0.823
1668255501475,2022-11-12T14:18:21.475,953.920,0.335,0.183,-0.427
1668255501515,2022-11-12T14:18:21.515,953.960,1.159,-0.122,0.152
1668255501555,2022-11-12T14:18:21.555,954.000,1.006,-0.213,0.030
1668255501595,2022-11-12T14:18:21.595,954.040,0.396,-0.579,-0.183
1668255501635,2022-11-12T14:18:21.635,954.080,0.305,0.030,0.183
1668255501675,2022-11-12T14:18:21.675,954.120,0.427,0.274,0.671
1668255501715,2022-11-12T14:18:21.715,954.160,-0.030,0.366,1.616
1668255501755,2022-11-12T14:18:21.755,954.200,0.640,0.701,1.250
1668255501795,2022-11-12T14:18:21.795,954.240,2.561,-1.037,-0.122
1668255501835,2022-11-12T14:18:21.835,954.280,2.226,-0.457,-0.061
1668255501875,2022-11-12T14:18:21.875,954.320,2.317,1.250,0.335
1668255501915,2022-11-12T14:18:21.915,954.360,1.829,0.854,0.671
1668255501955,2022-11-12T14:18:21.955,954.400,0.000,-0.183,-0.122
1668255501995,2022-11-12T14:18:21.995,954.440,-0.366,0.213,-0.274
1668255502035,2022-11-12T14:18:22.035,954.480,0.610,-0.030,-0.213
1668255502075,2022-11-12T14:18:22.075,954.520,0.915,-0.366,-0.122
1668255502115,2022-11-12T14:18:22.115,954.560,1.311,-0.061,-0.396
1668255502155,2022-11-12T14:18:22.155,954.600,1.433,-0.061,-0.244
1668255502195,2022-11-12T14:18:22.195,954.640,1.768,0.000,0.061
1668255502235,2022-11-12T14:18:22.235,954.680,1.006,-0.061,0.030
1668255502275,2022-11-12T14:18:22.275,954.720,0.610,-0.335,-0.183
1668255502315,2022-11-12T14:18:22.315,954.760,1.463,0.061,-0.152
1668255502355,2022-11-12T14:18:22.355,954.800,2.012,0.152,0.000
1668255502395,2022-11-12T14:18:22.395,954.840,1.006,0.213,0.000
1668255502435,2022-11-12T14:18:22.435,954.880,0.884,-0.213,-0.091
1668255502475,2022-11-12T14:18:22.475,954.920,1.372,-0.305,-0.122
1668255502515,2022-11-12T14:18:22.515,954.960,1.159,-0.305,-0.335
1668255502555,2022-11-12T14:18:22.555,955.000,1.128,-0.549,-0.366
1668255502595,2022-11-12T14:18:22.595,955.040,1.921,0.000,-0.274
1668255502635,2022-11-12T14:18:22.635,955.080,1.738,-0.122,-0.122
1668255502675,2022-11-12T14:18:22.675,955.120,1.524,-0.366,-0.213
1668255502715,2022-11-12T14:18:22.715,955.160,1.768,-0.183,-0.213
1668255502755,2022-11-12T14:18:22.755,955.200,1.738,-0.549,-0.274
1668255502795,2022-11-12T14:18:22.795,955.240,1.341,-0.305,-0.396
1668255502835,2022-11-12T14:18:22.835,955.280,0.945,0.000,-0.213
1668255502875,2022-11-12T14:18:22.875,955.320,0.793,-0.030,0.305
1668255502915,2022-11-12T14:18:22.915,955.360,1.189,-0.061,0.640
1668255502955,2022-11-12T14:18:22.955,955.400,1.433,-0.061,0.488
1668255502995,2022-11-12T14:18:22.995,955.440,0.915,-0.091,0.152
1668255503035,2022-11-12T14:18:23.035,955.480,0.854,0.061,-0.274
1668255503075,2022-11-12T14:18:23.075,955.520,0.640,0.000,-0.366
1668255503115,2022-11-12T14:18:23.115,955.560,0.000,0.061,0.152
1668255503155,2022-11-12T14:18:23.155,955.600,0.122,-0.213,0.366
1668255503195,2022-11-12T14:18:23.195,955.640,0.610,-0.122,0.030
1668255503235,2022-11-12T14:18:23.235,955.680,1.128,-0.030,-0.183
1668255503275,2022-11-12T14:18:23.275,955.720,0.884,0.183,-0.091
1668255503315,2022-11-12T14:18:23.315,955.760,0.701,-0.122,-0.030
1668255503355,2022-11-12T14:18:23.355,955.800,0.701,-0.152,-0.061
1668255503395,2022-11-12T14:18:23.395,955.840,0.701,0.244,0.030
1668255503435,2022-11-12T14:18:23.435,955.880,1.250,0.244,-0.061
1668255503475,2022-11-12T14:18:23.475,955.920,1.159,0.000,-0.183
1668255503515,2022-11-12T14:18:23.515,955.960,1.220,-0.122,-0.122
1668255503555,2022-11-12T14:18:23.555,956.000,0.945,0.000,0.244
1668255503595,2022-11-12T14:18:23.595,956.040,1.067,-0.152,-0.061
1668255503635,2022-11-12T14:18:23.635,956.080,0.854,-0.366,-0.244
1668255503675,2022-11-12T14:18:23.675,956.120,0.701,-0.396,-0.152
1668255503715,2022-11-12T14:18:23.715,956.160,0.091,0.091,0.335
1668255503755,2022-11-12T14:18:23.755,956.200,-0.671,0.061,0.854
1668255503795,2022-11-12T14:18:23.795,956.240,-0.152,0.091,0.427
1668255503835,2022-11-12T14:18:23.835,956.280,0.366,-0.244,-0.091
1668255503875,2022-11-12T14:18:23.875,956.320,0.457,-0.274,0.213
1668255503915,2022-11-12T14:18:23.915,956.360,0.579,0.061,0.274
1668255503955,2022-11-12T14:18:23.955,956.400,0.488,-0.183,0.091
1668255503995,2022-11-12T14:18:23.995,956.440,0.610,-0.213,0.061
1668255504035,2022-11-12T14:18:24.035,956.480,0.610,0.091,0.183
1668255504075,2022-11-12T14:18:24.075,956.520,0.640,-0.091,0.122
1668255504115,2022-11-12T14:18:24.115,956.560,1.128,-0.244,-0.091
1668255504155,2022-11-12T14:18:24.155,956.600,1.402,-0.091,-0.183
1668255504195,2022-11-12T14:18:24.195,956.640,1.433,-0.091,-0.274
1668255504235,2022-11-12T14:18:24.235,956.680,0.945,-0.030,-0.122
1668255504275,2022-11-12T14:18:24.275,956.720,0.854,-0.274,0.091
1668255504315,2022-11-12T14:18:24.315,956.760,1.006,-0.244,0.030
1668255504355,2022-11-12T14:18:24.355,956.800,0.823,-0.030,0.061
1668255504395,2022-11-12T14:18:24.395,956.840,1.067,-0.030,0.000
1668255504435,2022-11-12T14:18:24.435,956.880,1.646,-0.183,-0.335
1668255504475,2022-11-12T14:18:24.475,956.920,1.067,-0.335,0.091
1668255504515,2022-11-12T14:18:24.515,956.960,0.671,-0.396,0.061
1668255504555,2022-11-12T14:18:24.555,957.000,0.945,-0.091,-0.152
1668255504595,2022-11-12T14:18:24.595,957.040,0.915,0.183,-0.030
1668255504635,2022-11-12T14:18:24.635,957.080,0.915,-0.213,0.152
1668255504675,2022-11-12T14:18:24.675,957.120,1.494,-0.396,0.030
1668255504715,2022-11-12T14:18:24.715,957.160,1.524,0.122,-0.030
1668255504755,2022-11-12T14:18:24.755,957.200,0.945,-0.152,0.183
1668255504795,2022-11-12T14:18:24.795,957.240,0.000,-0.457,0.579
1668255504835,2022-11-12T14:18:24.835,957.280,-0.030,0.122,0.488
1668255504875,2022-11-12T14:18:24.875,957.320,0.335,0.000,0.213
1668255504915,2022-11-12T14:18:24.915,957.360,0.762,-0.091,0.061
1668255504955,2022-11-12T14:18:24.955,957.400,1.037,-0.183,-0.244
1668255504995,2022-11-12T14:18:24.995,957.440,1.220,-0.457,-0.244
1668255505035,2022-11-12T14:18:25.035,957.480,1.220,-0.183,0.000
1668255505075,2022-11-12T14:18:25.075,957.520,1.128,-0.183,-0.152
1668255505115,2022-11-12T14:18:25.115,957.560,0.610,-0.518,0.274
1668255505155,2022-11-12T14:18:25.155,957.600,0.976,-0.457,0.213
1668255505195,2022-11-12T14:18:25.195,957.640,0.884,-0.061,0.213
1668255505235,2022-11-12T14:18:25.235,957.680,0.823,-0.152,0.061
1668255505275,2022-11-12T14:18:25.275,957.720,0.884,-0.274,-0.030
1668255505315,2022-11-12T14:18:25.315,957.760,1.098,-0.518,-0.061
1668255505355,2022-11-12T14:18:25.355,957.800,1.159,-0.122,0.122
1668255505395,2022-11-12T14:18:25.395,957.840,1.280,-0.061,-0.030
1668255505435,2022-11-12T14:18:25.435,957.880,1.067,-0.366,-0.122
1668255505475,2022-11-12T14:18:25.475,957.920,0.945,-0.488,0.030
1668255505515,2022-11-12T14:18:25.515,957.960,1.159,-0.396,0.183
1668255505555,2022-11-12T14:18:25.555,958.000,1.463,-0.061,0.152
1668255505595,2022-11-12T14:18:25.595,958.040,1.067,-0.030,0.183
1668255505635,2022-11-12T14:18:25.635,958.080,0.579,-0.152,0.000
1668255505675,2022-11-12T14:18:25.675,958.120,0.244,-0.122,-0.030
1668255505715,2022-11-12T14:18:25.715,958.160,0.030,-0.396,0.366
1668255505755,2022-11-12T14:18:25.755,958.200,0.579,-0.213,0.366
1668255505795,2022-11-12T14:18:25.795,958.240,0.793,-0.183,-0.213
1668255505835,2022-11-12T14:18:25.835,958.280,0.793,-0.244,-0.061
1668255505875,2022-11-12T14:18:25.875,958.320,0.884,-0.091,0.122
1668255505915,2022-11-12T14:18:25.915,958.360,0.793,-0.030,0.091
1668255505955,2022-11-12T14:18:25.955,958.400,1.250,-0.366,-0.030
1668255505995,2022-11-12T14:18:25.995,958.440,1.555,-0.640,-0.061
1668255506035,2022-11-12T14:18:26.035,958.480,0.915,-0.274,-0.274
1668255506075,2022-11-12T14:18:26.075,958.520,0.366,-0.427,-0.671
1668255506115,2022-11-12T14:18:26.115,958.560,-0.945,-0.366,-0.183
1668255506155,2022-11-12T14:18:26.155,958.600,-0.854,-0.396,-0.518
1668255506195,2022-11-12T14:18:26.195,958.640,0.396,-0.671,-0.579
1668255506235,2022-11-12T14:18:26.235,958.680,0.579,-0.183,0.152
1668255506275,2022-11-12T14:18:26.275,958.720,1.372,0.061,-0.122
1668255506315,2022-11-12T14:18:26.315,958.760,1.494,-0.244,-0.274
1668255506355,2022-11-12T14:18:26.355,958.800,1.098,-0.335,-0.274
1668255506395,2022-11-12T14:18:26.395,958.840,0.945,-0.183,-0.244
1668255506435,2022-11-12T14:18:26.435,958.880,1.098,0.030,0.030
1668255506475,2022-11-12T14:18:26.475,958.920,1.341,0.030,0.152
1668255506515,2022-11-12T14:18:26.515,958.960,1.128,-0.183,0.030
1668255506555,2022-11-12T14:18:26.555,959.000,1.006,-0.274,-0.244
1668255506595,2022-11-12T14:18:26.595,959.040,1.250,-0.518,-0.335
1668255506635,2022-11-12T14:18:26.635,959.080,1.189,-0.457,-0.213
1668255506675,2022-11-12T14:18:26.675,959.120,1.159,-0.305,-0.244
1668255506715,2022-11-12T14:18:26.715,959.160,1.250,0.030,-0.152
1668255506755,2022-11-12T14:18:26.755,959.200,0.823,-0.122,-0.122
1668255506795,2022-11-12T14:18:26.795,959.240,0.793,-0.457,-0.183
1668255506835,2022-11-12T14:18:26.835,959.280,0.945,0.000,0.061
1668255506875,2022-11-12T14:18:26.875,959.320,1.280,0.091,-0.030
1668255506915,2022-11-12T14:18:26.915,959.360,1.159,-0.213,0.183
1668255506955,2022-11-12T14:18:26.955,959.400,0.549,-0.427,0.183
1668255506995,2022-11-12T14:18:26.995,959.440,0.549,-0.457,-0.213
1668255507035,2022-11-12T14:18:27.035,959.480,0.732,-0.030,0.061
1668255507075,2022-11-12T14:18:27.075,959.520,1.250,-0.183,-0.030
1668255507115,2022-11-12T14:18:27.115,959.560,1.067,-0.183,-0.091
1668255507155,2022-11-12T14:18:27.155,959.600,0.884,-0.122,-0.122
1668255507195,2022-11-12T14:18:27.195,959.640,1.220,-0.244,-0.030
1668255507235,2022-11-12T14:18:27.235,959.680,0.732,-0.183,0.213
1668255507275,2022-11-12T14:18:27.275,959.720,-0.823,-0.579,0.823
1668255507315,2022-11-12T14:18:27.315,959.760,-0.823,-0.183,1.128
1668255507355,2022-11-12T14:18:27.355,959.800,1.189,0.549,0.671
1668255507395,2022-11-12T14:18:27.395,959.840,1.890,-0.122,-0.244
1668255507435,2022-11-12T14:18:27.435,959.880,1.098,-0.396,-0.640
1668255507475,2022-11-12T14:18:27.475,959.920,1.463,-0.213,-0.549
1668255507515,2022-11-12T14:18:27.515,959.960,1.951,-0.061,-0.274
1668255507555,2022-11-12T14:18:27.555,960.000,1.220,-0.061,-0.396
1668255507595,2022-11-12T14:18:27.595,960.040,0.396,-0.274,-0.518
1668255507635,2022-11-12T14:18:27.635,960.080,0.457,-0.244,-0.030
1668255507675,2022-11-12T14:18:27.675,960.120,0.335,0.000,0.427
1668255507715,2022-11-12T14:18:27.715,960.160,0.488,0.000,0.183
1668255507755,2022-11-12T14:18:27.755,960.200,1.311,-0.091,-0.152
1668255507795,2022-11-12T14:18:27.795,960.240,1.433,-0.091,-0.061
1668255507835,2022-11-12T14:18:27.835,960.280,0.762,-0.152,0.122
1668255507875,2022-11-12T14:18:27.875,960.320,0.427,-0.244,0.030
1668255507915,2022-11-12T14:18:27.915,960.360,0.640,-0.061,0.152
1668255507955,2022-11-12T14:18:27.955,960.400,0.640,0.091,0.152
1668255507995,2022-11-12T14:18:27.995,960.440,0.457,0.061,0.030
1668255508035,2022-11-12T14:18:28.035,960.480,0.762,-0.061,0.030
1668255508075,2022-11-12T14:18:28.075,960.520,1.159,-0.152,-0.061
1668255508115,2022-11-12T14:18:28.115,960.560,1.159,-0.305,-0.061
1668255508155,2022-11-12T14:18:28.155,960.600,0.610,-0.488,0.122
1668255508195,2022-11-12T14:18:28.195,960.640,0.762,-0.427,-0.183
1668255508235,2022-11-12T14:18:28.235,960.680,1.006,0.000,0.000
1668255508275,2022-11-12T14:18:28.275,960.720,1.037,0.030,-0.091
1668255508315,2022-11-12T14:18:28.315,960.760,0.793,-0.244,-0.183
1668255508355,2022-11-12T14:18:28.355,960.800,0.732,-0.061,-0.030
1668255508395,2022-11-12T14:18:28.395,960.840,0.793,0.000,0.213
1668255508435,2022-11-12T14:18:28.435,960.880,1.006,-0.335,0.000
1668255508475,2022-11-12T14:18:28.475,960.920,0.915,-0.488,-0.183
1668255508515,2022-11-12T14:18:28.515,960.960,0.823,-0.213,0.030
1668255508555,2022-11-12T14:18:28.555,961.000,1.067,-0.274,0.122
1668255508595,2022-11-12T14:18:28.595,961.040,0.884,-0.366,0.030
1668255508635,2022-11-12T14:18:28.635,961.080,0.762,-0.335,-0.061
1668255508675,2022-11-12T14:18:28.675,961.120,0.762,-0.244,0.061
1668255508715,2022-11-12T14:18:28.715,961.160,0.732,-0.366,-0.030
1668255508755,2022-11-12T14:18:28.755,961.200,0.549,-0.579,0.152
1668255508795,2022-11-12T14:18:28.795,961.240,0.884,-0.488,-0.122
1668255508835,2022-11-12T14:18:28.835,961.280,1.433,-0.183,-0.091
1668255508875,2022-11-12T14:18:28.875,961.320,1.372,0.061,-0.030
1668255508915,2022-11-12T14:18:28.915,961.360,0.945,-0.152,0.000
1668255508955,2022-11-12T14:18:28.955,961.400,0.823,-0.305,0.061
1668255508995,2022-11-12T14:18:28.995,961.440,1.098,-0.457,0.152
1668255509035,2022-11-12T14:18:29.035,961.480,1.646,-0.457,-0.061
1668255509075,2022-11-12T14:18:29.075,961.520,0.793,-0.122,-0.122
1668255509115,2022-11-12T14:18:29.115,961.560,0.427,-0.396,0.091
1668255509155,2022-11-12T14:18:29.155,961.600,0.579,-0.274,0.152
1668255509195,2022-11-12T14:18:29.195,961.640,0.732,-0.305,0.091
1668255509235,2022-11-12T14:18:29.235,961.680,0.854,-0.183,0.030
1668255509275,2022-11-12T14:18:29.275,961.720,1.067,-0.213,-0.122
1668255509315,2022-11-12T14:18:29.315,961.760,0.976,-0.122,-0.061
1668255509355,2022-11-12T14:18:29.355,961.800,0.671,-0.335,0.183
1668255509395,2022-11-12T14:18:29.395,961.840,0.823,-0.549,-0.061
1668255509435,2022-11-12T14:18:29.435,961.880,0.884,-0.122,-0.061
1668255509475,2022-11-12T14:18:29.475,961.920,0.854,-0.091,0.030
1668255509515,2022-11-12T14:18:29.515,961.960,0.732,-0.152,0.000
1668255509555,2022-11-12T14:18:29.555,962.000,0.793,-0.213,-0.030
1668255509595,2022-11-12T14:18:29.595,962.040,0.915,-0.091,0.152
1668255509635,2022-11-12T14:18:29.635,962.080,0.732,-0.152,0.091
1668255509675,2022-11-12T14:18:29.675,962.120,0.854,-0.274,-0.213
1668255509715,2022-11-12T14:18:29.715,962.160,1.006,-0.030,-0.061
1668255509755,2022-11-12T14:18:29.755,962.200,0.854,0.030,0.091
1668255509795,2022-11-12T14:18:29.795,962.240,0.884,-0.244,-0.030
1668255509835,2022-11-12T14:18:29.835,962.280,0.915,-0.183,-0.091
1668255509875,2022-11-12T14:18:29.875,962.320,1.067,0.061,-0.030
1668255509915,2022-11-12T14:18:29.915,962.360,1.037,-0.122,-0.244
1668255509955,2022-11-12T14:18:29.955,962.400,0.579,-0.488,0.000
1668255509995,2022-11-12T14:18:29.995,962.440,0.701,-0.244,-0.030
1668255510035,2022-11-12T14:18:30.035,962.480,0.854,-0.061,0.000
1668255510075,2022-11-12T14:18:30.075,962.520,0.732,-0.122,0.000
1668255510115,2022-11-12T14:18:30.115,962.560,0.610,-0.122,-0.091
1668255510155,2022-11-12T14:18:30.155,962.600,0.579,-0.183,-0.152
1668255510195,2022-11-12T14:18:30.195,962.640,0.610,0.000,0.122
1668255510235,2022-11-12T14:18:30.235,962.680,0.884,-0.061,0.091
1668255510275,2022-11-12T14:18:30.275,962.720,0.945,-0.213,-0.152
1668255510315,2022-11-12T14:18:30.315,962.760,0.671,-0.183,0.000
1668255510355,2022-11-12T14:18:30.355,962.800,0.823,0.000,0.091
1668255510395,2022-11-12T14:18:30.395,962.840,1.006,-0.183,-0.030
1668255510435,2022-11-12T14:18:30.435,962.880,0.793,-0.061,0.030
1668255510475,2022-11-12T14:18:30.475,962.920,0.945,-0.030,-0.030
1668255510515,2022-11-12T14:18:30.515,962.960,1.037,-0.030,-0.030
1668255510555,2022-11-12T14:18:30.555,963.000,0.610,-0.152,0.122
1668255510595,2022-11-12T14:18:30.595,963.040,0.549,-0.457,-0.030
1668255510635,2022-11-12T14:18:30.635,963.080,0.732,-0.030,0.000
1668255510675,2022-11-12T14:18:30.675,963.120,0.915,0.000,0.030
1668255510715,2022-11-12T14:18:30.715,963.160,0.823,-0.183,0.000
1668255510755,2022-11-12T14:18:30.755,963.200,0.732,-0.244,0.061
1668255510795,2022-11-12T14:18:30.795,963.240,0.945,-0.091,0.000
1668255510835,2022-11-12T14:18:30.835,963.280,0.854,-0.030,0.061
1668255510875,2022-11-12T14:18:30.875,963.320,0.732,-0.274,-0.122
1668255510915,2022-11-12T14:18:30.915,963.360,0.701,-0.061,-0.030
1668255510955,2022-11-12T14:18:30.955,963.400,0.732,-0.030,0.091
1668255510995,2022-11-12T14:18:30.995,963.440,0.823,-0.091,0.030
1668255511035,2022-11-12T14:18:31.035,963.480,0.854,-0.274,-0.061
1668255511075,2022-11-12T14:18:31.075,963.520,0.762,-0.152,0.000
1668255511115,2022-11-12T14:18:31.115,963.560,0.549,0.030,-0.061
1668255511155,2022-11-12T14:18:31.155,963.600,0.091,-0.244,-0.518
1668255511195,2022-11-12T14:18:31.195,963.640,0.549,-0.274,-0.549
1668255511235,2022-11-12T14:18:31.235,963.680,0.579,0.152,0.457
1668255511275,2022-11-12T14:18:31.275,963.720,0.701,-0.244,0.152
1668255511315,2022-11-12T14:18:31.315,963.760,0.579,-0.244,-0.183
1668255511355,2022-11-12T14:18:31.355,963.800,0.884,-0.030,-0.091
1668255511395,2022-11-12T14:18:31.395,963.840,1.220,0.030,0.091
1668255511435,2022-11-12T14:18:31.435,963.880,0.884,-0.061,0.122
1668255511475,2022-11-12T14:18:31.475,963.920,0.945,-0.335,-0.305
1668255511515,2022-11-12T14:18:31.515,963.960,0.976,0.000,0.030
1668255511555,2022-11-12T14:18:31.555,964.000,0.915,-0.091,0.091
1668255511595,2022-11-12T14:18:31.595,964.040,0.884,-0.335,-0.152
1668255511635,2022-11-12T14:18:31.635,964.080,0.701,-0.183,0.030
1668255511675,2022-11-12T14:18:31.675,964.120,0.823,-0.183,0.061
1668255511715,2022-11-12T14:18:31.715,964.160,0.884,-0.152,0.000
1668255511755,2022-11-12T14:18:31.755,964.200,0.945,-0.152,-0.122
1668255511795,2022-11-12T14:18:31.795,964.240,1.006,-0.091,-0.030
1668255511835,2022-11-12T14:18:31.835,964.280,1.128,-0.183,0.030
1668255511875,2022-11-12T14:18:31.875,964.320,0.945,-0.183,-0.030
1668255511915,2022-11-12T14:18:31.915,964.360,0.823,-0.091,-0.030
1668255511955,2022-11-12T14:18:31.955,964.400,1.128,-0.183,-0.152
1668255511995,2022-11-12T14:18:31.995,964.440,0.854,-0.335,0.122
1668255512035,2022-11-12T14:18:32.035,964.480,0.701,-0.427,0.061
1668255512075,2022-11-12T14:18:32.075,964.520,1.037,-0.305,-0.152
1668255512115,2022-11-12T14:18:32.115,964.560,1.037,-0.091,-0.061
1668255512155,2022-11-12T14:18:32.155,964.600,0.854,-0.091,-0.091
1668255512195,2022-11-12T14:18:32.195,964.640,0.762,-0.274,0.030
1668255512235,2022-11-12T14:18:32.235,964.680,1.006,-0.152,-0.061
1668255512275,2022-11-12T14:18:32.275,964.720,1.037,0.030,-0.061
1668255512315,2022-11-12T14:18:32.315,964.760,0.915,-0.274,-0.030
1668255512355,2022-11-12T14:18:32.355,964.800,1.037,-0.335,-0.152
1668255512395,2022-11-12T14:18:32.395,964.840,0.854,-0.122,0.030
1668255512435,2022-11-12T14:18:32.435,964.880,0.793,-0.091,0.122
1668255512475,2022-11-12T14:18:32.475,964.920,0.884,-0.244,-0.030
1668255512515,2022-11-12T14:18:32.515,964.960,0.884,-0.244,-0.091
1668255512555,2022-11-12T14:18:32.555,965.000,0.976,-0.183,-0.030
1668255512595,2022-11-12T14:18:32.595,965.040,0.945,-0.152,-0.030
1668255512635,2022-11-12T14:18:32.635,965.080,0.762,-0.213,0.000
1668255512675,2022-11-12T14:18:32.675,965.120,0.915,-0.305,0.000
1668255512715,2022-11-12T14:18:32.715,965.160,0.945,-0.335,0.000
1668255512755,2022-11-12T14:18:32.755,965.200,0.793,-0.274,-0.030
1668255512795,2022-11-12T14:18:32.795,965.240,1.006,-0.213,-0.122
1668255512835,2022-11-12T14:18:32.835,965.280,0.976,-0.244,0.000
1668255512875,2022-11-12T14:18:32.875,965.320,0.610,-0.488,0.274
1668255512915,2022-11-12T14:18:32.915,965.360,0.579,-0.427,0.000
1668255512955,2022-11-12T14:18:32.955,965.400,0.884,-0.213,-0.030
1668255512995,2022-11-12T14:18:32.995,965.440,0.915,-0.244,0.061
1668255513035,2022-11-12T14:18:33.035,965.480,0.793,-0.274,0.091
1668255513075,2022-11-12T14:18:33.075,965.520,0.701,-0.183,0.152
1668255513115,2022-11-12T14:18:33.115,965.560,0.762,-0.152,0.061
1668255513155,2022-11-12T14:18:33.155,965.600,0.762,-0.213,0.091
1668255513195,2022-11-12T14:18:33.195,965.640,0.762,-0.335,0.091
1668255513235,2022-11-12T14:18:33.235,965.680,0.854,-0.213,0.030
1668255513275,2022-11-12T14:18:33.275,965.720,0.732,-0.213,0.091
1668255513315,2022-11-12T14:18:33.315,965.760,0.640,-0.305,0.183
1668255513355,2022-11-12T14:18:33.355,965.800,0.732,-0.274,0.030
1668255513395,2022-11-12T14:18:33.395,965.840,0.823,-0.274,0.000
1668255513435,2022-11-12T14:18:33.435,965.880,0.854,-0.183,0.152
1668255513475,2022-11-12T14:18:33.475,965.920,0.793,-0.183,0.091
1668255513515,2022-11-12T14:18:33.515,965.960,0.945,-0.305,0.000
1668255513555,2022-11-12T14:18:33.555,966.000,0.823,-0.274,0.122
1668255513595,2022-11-12T14:18:33.595,966.040,0.945,-0.274,0.000
1668255513635,2022-11-12T14:18:33.635,966.080,1.098,-0.244,-0.152
1668255513675,2022-11-12T14:18:33.675,966.120,0.884,-0.335,0.030
1668255513715,2022-11-12T14:18:33.715,966.160,0.671,-0.457,0.122
1668255513755,2022-11-12T14:18:33.755,966.200,0.793,-0.244,-0.122
1668255513795,2022-11-12T14:18:33.795,966.240,0.945,-0.122,0.000
1668255513835,2022-11-12T14:18:33.835,966.280,1.037,-0.091,-0.030
1668255513875,2022-11-12T14:18:33.875,966.320,0.762,-0.244,0.000
1668255513915,2022-11-12T14:18:33.915,966.360,0.854,-0.244,-0.122
1668255513955,2022-11-12T14:18:33.955,966.400,1.189,-0.152,-0.091
1668255513995,2022-11-12T14:18:33.995,966.440,1.463,-0.335,0.183
1668255514035,2022-11-12T14:18:34.035,966.480,1.524,-0.152,0.274
1668255514075,2022-11-12T14:18:34.075,966.520,1.006,-0.152,0.030
1668255514115,2022-11-12T14:18:34.115,966.560,0.671,-0.213,-0.152
1668255514155,2022-11-12T14:18:34.155,966.600,0.457,-0.061,0.091
1668255514195,2022-11-12T14:18:34.195,966.640,0.732,-0.183,0.061
1668255514235,2022-11-12T14:18:34.235,966.680,1.067,-0.152,-0.244
1668255514275,2022-11-12T14:18:34.275,966.720,0.915,-0.152,-0.152
1668255514315,2022-11-12T14:18:34.315,966.760,1.037,-0.183,-0.152
1668255514355,2022-11-12T14:18:34.355,966.800,1.159,-0.122,-0.183
1668255514395,2022-11-12T14:18:34.395,966.840,1.098,-0.091,-0.366
1668255514435,2022-11-12T14:18:34.435,966.880,0.640,-0.213,-0.183
1668255514475,2022-11-12T14:18:34.475,966.920,0.610,-0.305,-0.030
1668255514515,2022-11-12T14:18:34.515,966.960,0.976,-0.091,-0.030
1668255514555,2022-11-12T14:18:34.555,967.000,1.067,-0.030,-0.061
1668255514595,2022-11-12T14:18:34.595,967.040,1.037,-0.183,-0.213
1668255514635,2022-11-12T14:18:34.635,967.080,0.884,-0.244,-0.061
1668255514675,2022-11-12T14:18:34.675,967.120,0.854,-0.061,0.000
1668255514715,2022-11-12T14:18:34.715,967.160,0.762,-0.030,0.152
1668255514755,2022-11-12T14:18:34.755,967.200,0.762,-0.091,0.000
1668255514795,2022-11-12T14:18:34.795,967.240,0.762,-0.152,-0.030
1668255514835,2022-11-12T14:18:34.835,967.280,0.671,-0.091,0.152
1668255514875,2022-11-12T14:18:34.875,967.320,0.793,-0.152,0.030
1668255514915,2022-11-12T14:18:34.915,967.360,0.762,-0.183,-0.091
1668255514955,2022-11-12T14:18:34.955,967.400,0.823,-0.183,-0.091
1668255514995,2022-11-12T14:18:34.995,967.440,0.823,-0.061,0.061
1668255515035,2022-11-12T14:18:35.035,967.480,0.762,-0.122,0.061
1668255515075,2022-11-12T14:18:35.075,967.520,0.884,-0.183,0.000
1668255515115,2022-11-12T14:18:35.115,967.560,0.884,-0.061,-0.061
1668255515155,2022-11-12T14:18:35.155,967.600,1.037,-0.152,-0.152
1668255515195,2022-11-12T14:18:35.195,967.640,0.701,-0.213,0.061
1668255515235,2022-11-12T14:18:35.235,967.680,0.610,-0.274,0.030
1668255515275,2022-11-12T14:18:35.275,967.720,0.701,-0.122,0.000
1668255515315,2022-11-12T14:18:35.315,967.760,1.006,-0.061,0.030
1668255515355,2022-11-12T14:18:35.355,967.800,1.067,-0.122,-0.183
1668255515395,2022-11-12T14:18:35.395,967.840,0.884,-0.213,-0.091
1668255515435,2022-11-12T14:18:35.435,967.880,0.915,-0.152,-0.061
1668255515475,2022-11-12T14:18:35.475,967.920,0.945,-0.061,0.000
1668255515515,2022-11-12T14:18:35.515,967.960,0.732,-0.183,-0.030
1668255515555,2022-11-12T14:18:35.555,968.000,0.793,-0.335,-0.183
1668255515595,2022-11-12T14:18:35.595,968.040,0.762,-0.122,0.030
1668255515635,2022-11-12T14:18:35.635,968.080,0.976,-0.274,0.061
1668255515675,2022-11-12T14:18:35.675,968.120,0.823,-0.152,0.000
1668255515715,2022-11-12T14:18:35.715,968.160,0.823,-0.183,-0.122
1668255515755,2022-11-12T14:18:35.755,968.200,0.823,-0.213,0.061
1668255515795,2022-11-12T14:18:35.795,968.240,0.762,-0.183,0.091
1668255515835,2022-11-12T14:18:35.835,968.280,0.823,-0.183,0.030
1668255515875,2022-11-12T14:18:35.875,968.320,0.671,-0.091,0.122
1668255515915,2022-11-12T14:18:35.915,968.360,0.671,-0.061,0.061
1668255515955,2022-11-12T14:18:35.955,968.400,1.006,-0.152,-0.213
1668255515995,2022-11-12T14:18:35.995,968.440,0.915,-0.091,0.000
1668255516035,2022-11-12T14:18:36.035,968.480,0.671,-0.305,0.213
1668255516075,2022-11-12T14:18:36.075,968.520,0.823,-0.427,-0.122
1668255516115,2022-11-12T14:18:36.115,968.560,0.915,-0.122,-0.030
1668255516155,2022-11-12T14:18:36.155,968.600,1.128,-0.061,-0.061
1668255516195,2022-11-12T14:18:36.195,968.640,0.915,-0.152,-0.061
1668255516235,2022-11-12T14:18:36.235,968.680,0.701,-0.305,-0.030
1668255516275,2022-11-12T14:18:36.275,968.720,0.732,-0.152,0.061
1668255516315,2022-11-12T14:18:36.315,968.760,0.701,-0.122,0.183
1668255516355,2022-11-12T14:18:36.355,968.800,0.762,-0.213,0.000
1668255516395,2022-11-12T14:18:36.395,968.840,0.915,-0.183,-0.061
1668255516435,2022-11-12T14:18:36.435,968.880,1.067,-0.183,-0.091
1668255516475,2022-11-12T14:18:36.475,968.920,1.006,-0.213,-0.091
1668255516515,2022-11-12T14:18:36.515,968.960,0.945,-0.213,-0.122
1668255516555,2022-11-12T14:18:36.555,969.000,0.915,-0.183,-0.061
1668255516595,2022-11-12T14:18:36.595,969.040,0.762,-0.274,0.091
1668255516635,2022-11-12T14:18:36.635,969.080,0.793,-0.274,-0.061
1668255516675,2022-11-12T14:18:36.675,969.120,0.549,-0.183,0.122
1668255516715,2022-11-12T14:18:36.715,969.160,0.640,-0.274,0.152
1668255516755,2022-11-12T14:18:36.755,969.200,0.945,-0.274,0.030
1668255516795,2022-11-12T14:18:36.795,969.240,0.976,-0.152,0.000
1668255516835,2022-11-12T14:18:36.835,969.280,0.945,-0.152,-0.030
1668255516875,2022-11-12T14:18:36.875,969.320,0.610,-0.488,0.183
1668255516915,2022-11-12T14:18:36.915,969.360,0.671,-0.427,0.091
1668255516955,2022-11-12T14:18:36.955,969.400,0.854,-0.274,0.030
1668255516995,2022-11-12T14:18:36.995,969.440,0.915,-0.244,0.061
1668255517035,2022-11-12T14:18:37.035,969.480,0.671,-0.183,0.091
1668255517075,2022-11-12T14:18:37.075,969.520,0.549,-0.396,0.213
1668255517115,2022-11-12T14:18:37.115,969.560,0.976,-0.152,0.000
1668255517155,2022-11-12T14:18:37.155,969.600,0.915,-0.091,0.091
1668255517195,2022-11-12T14:18:37.195,969.640,1.037,-0.396,-0.122
1668255517235,2022-11-12T14:18:37.235,969.680,1.006,-0.244,-0.061
1668255517275,2022-11-12T14:18:37.275,969.720,0.823,-0.183,0.152
1668255517315,2022-11-12T14:18:37.315,969.760,0.762,-0.152,0.152
1668255517355,2022-11-12T14:18:37.355,969.800,0.671,-0.213,0.061
1668255517395,2022-11-12T14:18:37.395,969.840,0.671,-0.244,0.091
1668255517435,2022-11-12T14:18:37.435,969.880,0.854,-0.152,0.152
1668255517475,2022-11-12T14:18:37.475,969.920,0.915,-0.183,0.122
1668255517515,2022-11-12T14:18:37.515,969.960,1.098,-0.366,0.152
1668255517555,2022-11-12T14:18:37.555,970.000,1.067,-0.122,0.427
1668255517595,2022-11-12T14:18:37.595,970.040,1.098,-0.061,0.366
1668255517635,2022-11-12T14:18:37.635,970.080,0.976,-0.366,-0.122
1668255517675,2022-11-12T14:18:37.675,970.120,0.579,-0.488,-0.061
1668255517715,2022-11-12T14:18:37.715,970.160,0.640,-0.244,0.091
1668255517755,2022-11-12T14:18:37.755,970.200,1.128,0.000,0.152
1668255517795,2022-11-12T14:18:37.795,970.240,1.128,-0.030,-0.061
1668255517835,2022-11-12T14:18:37.835,970.280,0.945,-0.244,-0.152
1668255517875,2022-11-12T14:18:37.875,970.320,0.945,-0.183,-0.274
1668255517915,2022-11-12T14:18:37.915,970.360,0.976,-0.061,-0.122
1668255517955,2022-11-12T14:18:37.955,970.400,0.823,-0.152,-0.122
1668255517995,2022-11-12T14:18:37.995,970.440,0.854,-0.152,-0.213
1668255518035,2022-11-12T14:18:38.035,970.480,0.823,0.000,-0.030
1668255518075,2022-11-12T14:18:38.075,970.520,0.945,-0.122,0.030
1668255518115,2022-11-12T14:18:38.115,970.560,0.793,-0.122,0.030
1668255518155,2022-11-12T14:18:38.155,970.600,0.915,-0.213,-0.213
1668255518195,2022-11-12T14:18:38.195,970.640,0.945,-0.091,-0.122
1668255518235,2022-11-12T14:18:38.235,970.680,0.762,-0.030,0.061
1668255518275,2022-11-12T14:18:38.275,970.720,0.640,-0.152,0.061
1668255518315,2022-11-12T14:18:38.315,970.760,0.854,-0.061,-0.091
1668255518355,2022-11-12T14:18:38.355,970.800,0.701,-0.122,0.091
1668255518395,2022-11-12T14:18:38.395,970.840,0.732,-0.335,0.000
1668255518435,2022-11-12T14:18:38.435,970.880,0.823,-0.213,-0.030
1668255518475,2022-11-12T14:18:38.475,970.920,0.793,-0.122,0.061
1668255518515,2022-11-12T14:18:38.515,970.960,0.793,-0.335,-0.061
1668255518555,2022-11-12T14:18:38.555,971.000,0.610,-0.305,0.030
1668255518595,2022-11-12T14:18:38.595,971.040,0.823,-0.122,-0.030
1668255518635,2022-11-12T14:18:38.635,971.080,0.671,-0.213,0.030
1668255518675,2022-11-12T14:18:38.675,971.120,0.701,-0.305,-0.061
1668255518715,2022-11-12T14:18:38.715,971.160,0.823,-0.091,-0.030
1668255518755,2022-11-12T14:18:38.755,971.200,0.762,-0.152,0.030
1668255518795,2022-11-12T14:18:38.795,971.240,0.915,-0.091,-0.183
1668255518835,2022-11-12T14:18:38.835,971.280,1.128,-0.061,-0.213
1668255518875,2022-11-12T14:18:38.875,971.320,1.037,-0.091,-0.183
1668255518915,2022-11-12T14:18:38.915,971.360,1.037,-0.183,-0.244
1668255518955,2022-11-12T14:18:38.955,971.400,0.732,-0.335,-0.274
1668255518995,2022-11-12T14:18:38.995,971.440,0.823,-0.244,-0.183
1668255519035,2022-11-12T14:18:39.035,971.480,1.037,0.183,0.061
1668255519075,2022-11-12T14:18:39.075,971.520,0.823,-0.244,0.030
1668255519115,2022-11-12T14:18:39.115,971.560,0.671,-0.274,-0.091
1668255519155,2022-11-12T14:18:39.155,971.600,0.854,-0.030,0.061
1668255519195,2022-11-12T14:18:39.195,971.640,0.823,-0.030,0.122
1668255519235,2022-11-12T14:18:39.235,971.680,0.640,-0.183,-0.030
1668255519275,2022-11-12T14:18:39.275,971.720,0.640,-0.213,0.000
1668255519315,2022-11-12T14:18:39.315,971.760,0.823,0.061,0.061
1668255519355,2022-11-12T14:18:39.355,971.800,0.732,-0.122,0.152
1668255519395,2022-11-12T14:18:39.395,971.840,0.762,-0.183,0.000
1668255519435,2022-11-12T14:18:39.435,971.880,0.762,-0.061,0.000
1668255519475,2022-11-12T14:18:39.475,971.920,0.732,-0.122,0.030
1668255519515,2022-11-12T14:18:39.515,971.960,0.793,-0.244,0.000
1668255519555,2022-11-12T14:18:39.555,972.000,0.915,-0.183,-0.091
1668255519595,2022-11-12T14:18:39.595,972.040,1.128,-0.152,-0.030
1668255519635,2022-11-12T14:18:39.635,972.080,0.884,-0.213,0.030
1668255519675,2022-11-12T14:18:39.675,972.120,0.762,-0.122,0.152
1668255519715,2022-11-12T14:18:39.715,972.160,0.854,-0.030,0.091
1668255519755,2022-11-12T14:18:39.755,972.200,0.945,-0.030,-0.152
1668255519795,2022-11-12T14:18:39.795,972.240,0.793,-0.152,0.030
1668255519835,2022-11-12T14:18:39.835,972.280,0.701,-0.305,0.030
1668255519875,2022-11-12T14:18:39.875,972.320,0.976,-0.152,-0.091
1668255519915,2022-11-12T14:18:39.915,972.360,0.854,-0.152,0.000
1668255519955,2022-11-12T14:18:39.955,972.400,0.823,-0.213,-0.061
1668255519995,2022-11-12T14:18:39.995,972.440,0.762,-0.152,0.091
1668255520035,2022-11-12T14:18:40.035,972.480,0.884,-0.152,0.000
1668255520075,2022-11-12T14:18:40.075,972.520,0.915,-0.122,0.000
1668255520115,2022-11-12T14:18:40.115,972.560,0.701,-0.183,0.091
1668255520155,2022-11-12T14:18:40.155,972.600,0.854,-0.244,-0.061
1668255520195,2022-11-12T14:18:40.195,972.640,0.945,-0.152,0.000
1668255520235,2022-11-12T14:18:40.235,972.680,0.854,-0.213,0.061
1668255520275,2022-11-12T14:18:40.275,972.720,0.884,-0.183,-0.061
1668255520315,2022-11-12T14:18:40.315,972.760,1.037,-0.122,-0.183
1668255520355,2022-11-12T14:18:40.355,972.800,0.915,-0.152,0.000
1668255520395,2022-11-12T14:18:40.395,972.840,0.762,-0.183,0.091
1668255520435,2022-11-12T14:18:40.435,972.880,0.884,-0.244,0.000
1668255520475,2022-11-12T14:18:40.475,972.920,0.945,-0.152,-0.061
1668255520515,2022-11-12T14:18:40.515,972.960,1.037,-0.183,-0.274
1668255520555,2022-11-12T14:18:40.555,973.000,0.854,-0.183,-0.030
1668255520595,2022-11-12T14:18:40.595,973.040,0.549,-0.274,0.152
1668255520635,2022-11-12T14:18:40.635,973.080,0.823,-0.244,-0.122
1668255520675,2022-11-12T14:18:40.675,973.120,0.976,-0.061,-0.030
1668255520715,2022-11-12T14:18:40.715,973.160,0.976,-0.152,-0.061
1668255520755,2022-11-12T14:18:40.755,973.200,0.701,-0.213,0.000
1668255520795,2022-11-12T14:18:40.795,973.240,0.671,-0.244,0.152
1668255520835,2022-11-12T14:18:40.835,973.280,0.945,-0.152,0.030
1668255520875,2022-11-12T14:18:40.875,973.320,0.762,-0.183,0.061
1668255520915,2022-11-12T14:18:40.915,973.360,0.762,-0.305,-0.061
1668255520955,2022-11-12T14:18:40.955,973.400,0.793,-0.244,0.091
1668255520995,2022-11-12T14:18:40.995,973.440,0.884,-0.122,0.183
1668255521035,2022-11-12T14:18:41.035,973.480,0.732,-0.366,0.000
1668255521075,2022-11-12T14:18:41.075,973.520,0.640,-0.305,0.091
1668255521115,2022-11-12T14:18:41.115,973.560,0.976,-0.213,0.000
1668255521155,2022-11-12T14:18:41.155,973.600,0.732,-0.213,0.091
1668255521195,2022-11-12T14:18:41.195,973.640,0.610,-0.366,0.152
1668255521235,2022-11-12T14:18:41.235,973.680,0.793,-0.274,0.030
1668255521275,2022-11-12T14:18:41.275,973.720,0.915,-0.244,0.091
1668255521315,2022-11-12T14:18:41.315,973.760,0.823,-0.213,0.091
1668255521355,2022-11-12T14:18:41.355,973.800,0.945,-0.213,-0.091
1668255521395,2022-11-12T14:18:41.395,973.840,0.793,-0.366,0.183
1668255521435,2022-11-12T14:18:41.435,973.880,0.701,-0.488,0.061
1668255521475,2022-11-12T14:18:41.475,973.920,0.610,-0.366,0.061
1668255521515,2022-11-12T14:18:41.515,973.960,0.823,-0.183,0.061
1668255521555,2022-11-12T14:18:41.555,974.000,0.884,-0.152,0.061
1668255521595,2022-11-12T14:18:41.595,974.040,0.549,-0.213,0.183
1668255521635,2022-11-12T14:18:41.635,974.080,1.037,-0.335,-0.091
1668255521675,2022-11-12T14:18:41.675,974.120,1.067,-0.091,0.030
1668255521715,2022-11-12T14:18:41.715,974.160,1.250,-0.305,-0.244
1668255521755,2022-11-12T14:18:41.755,974.200,1.037,-0.366,-0.122
1668255521795,2022-11-12T14:18:41.795,974.240,0.884,-0.091,0.122
1668255521835,2022-11-12T14:18:41.835,974.280,1.067,-0.152,0.000
1668255521875,2022-11-12T14:18:41.875,974.320,0.671,-0.213,0.122
1668255521915,2022-11-12T14:18:41.915,974.360,0.762,-0.213,0.122
1668255521955,2022-11-12T14:18:41.955,974.400,1.067,0.061,0.183
1668255521995,2022-11-12T14:18:41.995,974.440,0.427,-0.152,0.366
1668255522035,2022-11-12T14:18:42.035,974.480,0.244,-0.396,0.396
1668255522075,2022-11-12T14:18:42.075,974.520,0.793,-0.091,0.061
1668255522115,2022-11-12T14:18:42.115,974.560,1.006,-0.061,0.000
1668255522155,2022-11-12T14:18:42.155,974.600,1.128,-0.183,0.030
1668255522195,2022-11-12T14:18:42.195,974.640,1.402,-0.335,-0.305
1668255522235,2022-11-12T14:18:42.235,974.680,1.189,-0.183,-0.122
1668255522275,2022-11-12T14:18:42.275,974.720,1.402,0.000,-0.122
1668255522315,2022-11-12T14:18:42.315,974.760,1.280,-0.091,-0.213
1668255522355,2022-11-12T14:18:42.355,974.800,1.006,-0.061,-0.183
1668255522395,2022-11-12T14:18:42.395,974.840,1.372,-0.091,-0.335
1668255522435,2022-11-12T14:18:42.435,974.880,1.128,-0.152,-0.091
1668255522475,2022-11-12T14:18:42.475,974.920,0.976,-0.152,-0.183
1668255522515,2022-11-12T14:18:42.515,974.960,0.854,-0.061,-0.122
1668255522555,2022-11-12T14:18:42.555,975.000,0.793,-0.183,0.152
1668255522595,2022-11-12T14:18:42.595,975.040,0.732,-0.152,0.122
1668255522635,2022-11-12T14:18:42.635,975.080,0.945,-0.091,-0.122
1668255522675,2022-11-12T14:18:42.675,975.120,0.976,-0.366,0.000
1668255522715,2022-11-12T14:18:42.715,975.160,0.640,-0.274,0.152
1668255522755,2022-11-12T14:18:42.755,975.200,0.457,-0.091,0.122
1668255522795,2022-11-12T14:18:42.795,975.240,0.579,-0.152,0.030
1668255522835,2022-11-12T14:18:42.835,975.280,0.884,-0.030,0.000
1668255522875,2022-11-12T14:18:42.875,975.320,1.220,-0.091,-0.244
1668255522915,2022-11-12T14:18:42.915,975.360,1.250,-0.213,-0.427
1668255522955,2022-11-12T14:18:42.955,975.400,1.006,-0.213,-0.030
1668255522995,2022-11-12T14:18:42.995,975.440,0.396,-0.213,0.366
1668255523035,2022-11-12T14:18:43.035,975.480,0.366,-0.335,0.274
1668255523075,2022-11-12T14:18:43.075,975.520,0.823,-0.122,0.152
1668255523115,2022-11-12T14:18:43.115,975.560,1.067,-0.152,0.091
1668255523155,2022-11-12T14:18:43.155,975.600,0.640,-0.305,0.274
1668255523195,2022-11-12T14:18:43.195,975.640,0.701,-0.366,-0.030
1668255523235,2022-11-12T14:18:43.235,975.680,1.067,-0.213,-0.213
1668255523275,2022-11-12T14:18:43.275,975.720,0.945,-0.152,0.061
1668255523315,2022-11-12T14:18:43.315,975.760,0.732,-0.244,0.091
1668255523355,2022-11-12T14:18:43.355,975.800,1.128,-0.122,-0.274
1668255523395,2022-11-12T14:18:43.395,975.840,1.189,-0.122,-0.152
1668255523435,2022-11-12T14:18:43.435,975.880,0.915,-0.183,0.183
1668255523475,2022-11-12T14:18:43.475,975.920,1.220,-0.030,-0.091
1668255523515,2022-11-12T14:18:43.515,975.960,1.098,-0.030,-0.274
1668255523555,2022-11-12T14:18:43.555,976.000,0.305,-0.396,0.244
1668255523595,2022-11-12T14:18:43.595,976.040,0.610,-0.305,0.030
1668255523635,2022-11-12T14:18:43.635,976.080,1.524,-0.122,-0.366
1668255523675,2022-11-12T14:18:43.675,976.120,1.311,-0.305,-0.335
1668255523715,2022-11-12T14:18:43.715,976.160,0.396,-0.335,0.000
1668255523755,2022-11-12T14:18:43.755,976.200,0.061,-0.274,0.030
1668255523795,2022-11-12T14:18:43.795,976.240,0.518,-0.122,0.091
1668255523835,2022-11-12T14:18:43.835,976.280,0.305,-0.061,0.396
1668255523875,2022-11-12T14:18:43.875,976.320,0.762,-0.488,-0.213
1668255523915,2022-11-12T14:18:43.915,976.360,1.098,-0.183,-0.183
1668255523955,2022-11-12T14:18:43.955,976.400,1.037,-0.061,0.122
1668255523995,2022-11-12T14:18:43.995,976.440,0.823,-0.305,0.091
1668255524035,2022-11-12T14:18:44.035,976.480,0.823,-0.274,-0.213
1668255524075,2022-11-12T14:18:44.075,976.520,0.915,-0.274,-0.030
1668255524115,2022-11-12T14:18:44.115,976.560,1.006,-0.152,0.061
1668255524155,2022-11-12T14:18:44.155,976.600,0.976,-0.122,-0.152
1668255524195,2022-11-12T14:18:44.195,976.640,0.549,-0.335,0.122
1668255524235,2022-11-12T14:18:44.235,976.680,0.579,-0.274,0.213
1668255524275,2022-11-12T14:18:44.275,976.720,0.915,-0.152,0.000
1668255524315,2022-11-12T14:18:44.315,976.760,0.701,-0.183,0.030
1668255524355,2022-11-12T14:18:44.355,976.800,0.701,-0.152,-0.061
1668255524395,2022-11-12T14:18:44.395,976.840,0.945,-0.091,0.000
1668255524435,2022-11-12T14:18:44.435,976.880,0.671,-0.122,0.091
1668255524475,2022-11-12T14:18:44.475,976.920,0.732,-0.213,-0.030
1668255524515,2022-11-12T14:18:44.515,976.960,0.671,-0.183,0.061
1668255524555,2022-11-12T14:18:44.555,977.000,0.884,-0.122,0.000
1668255524595,2022-11-12T14:18:44.595,977.040,0.915,-0.152,-0.061
1668255524635,2022-11-12T14:18:44.635,977.080,0.762,-0.213,-0.061
1668255524675,2022-11-12T14:18:44.675,977.120,0.762,-0.152,0.000
1668255524715,2022-11-12T14:18:44.715,977.160,0.854,-0.183,0.030
1668255524755,2022-11-12T14:18:44.755,977.200,0.945,-0.396,-0.091
1668255524795,2022-11-12T14:18:44.795,977.240,0.823,-0.366,-0.274
1668255524835,2022-11-12T14:18:44.835,977.280,0.701,-0.183,-0.122
1668255524875,2022-11-12T14:18:44.875,977.320,0.701,-0.061,0.213
1668255524915,2022-11-12T14:18:44.915,977.360,0.823,-0.213,-0.030
1668255524955,2022-11-12T14:18:44.955,977.400,0.915,-0.122,-0.091
1668255524995,2022-11-12T14:18:44.995,977.440,1.037,0.030,0.244
1668255525035,2022-11-12T14:18:45.035,977.480,1.585,-0.061,0.457
1668255525075,2022-11-12T14:18:45.075,977.520,1.311,0.152,0.457
1668255525115,2022-11-12T14:18:45.115,977.560,0.945,-0.366,-0.457
1668255525155,2022-11-12T14:18:45.155,977.600,0.366,-0.213,-0.061
1668255525195,2022-11-12T14:18:45.195,977.640,0.579,-0.152,0.091
1668255525235,2022-11-12T14:18:45.235,977.680,0.945,-0.274,-0.183
1668255525275,2022-11-12T14:18:45.275,977.720,0.854,-0.091,-0.091
1668255525315,2022-11-12T14:18:45.315,977.760,0.823,-0.152,-0.030
1668255525355,2022-11-12T14:18:45.355,977.800,1.128,-0.152,-0.122
1668255525395,2022-11-12T14:18:45.395,977.840,1.037,-0.152,-0.183
1668255525435,2022-11-12T14:18:45.435,977.880,0.793,-0.244,-0.091
1668255525475,2022-11-12T14:18:45.475,977.920,0.610,-0.091,0.061
1668255525515,2022-11-12T14:18:45.515,977.960,0.549,0.000,0.091
1668255525555,2022-11-12T14:18:45.555,978.000,0.701,-0.244,0.152
1668255525595,2022-11-12T14:18:45.595,978.040,0.854,-0.396,-0.061
1668255525635,2022-11-12T14:18:45.635,978.080,0.854,-0.152,-0.152
1668255525675,2022-11-12T14:18:45.675,978.120,0.915,-0.091,-0.122
1668255525715,2022-11-12T14:18:45.715,978.160,0.823,-0.183,0.030
1668255525755,2022-11-12T14:18:45.755,978.200,0.671,-0.244,0.122
1668255525795,2022-11-12T14:18:45.795,978.240,1.006,-0.183,-0.061
1668255525835,2022-11-12T14:18:45.835,978.280,0.854,-0.091,0.152
1668255525875,2022-11-12T14:18:45.875,978.320,0.762,-0.213,0.061
1668255525915,2022-11-12T14:18:45.915,978.360,0.884,-0.183,-0.091
1668255525955,2022-11-12T14:18:45.955,978.400,0.915,-0.122,-0.030
1668255525995,2022-11-12T14:18:45.995,978.440,0.915,-0.274,0.030
1668255526035,2022-11-12T14:18:46.035,978.480,0.945,-0.335,0.000
1668255526075,2022-11-12T14:18:46.075,978.520,0.915,-0.152,-0.061
1668255526115,2022-11-12T14:18:46.115,978.560,0.762,-0.122,0.000
1668255526155,2022-11-12T14:18:46.155,978.600,0.762,-0.183,0.000
1668255526195,2022-11-12T14:18:46.195,978.640,0.884,-0.183,-0.061
1668255526235,2022-11-12T14:18:46.235,978.680,0.945,0.030,-0.061
1668255526275,2022-11-12T14:18:46.275,978.720,0.884,-0.152,0.030
1668255526315,2022-11-12T14:18:46.315,978.760,0.762,-0.305,0.030
1668255526355,2022-11-12T14:18:46.355,978.800,0.793,-0.274,-0.122
1668255526395,2022-11-12T14:18:46.395,978.840,0.884,-0.122,0.000
1668255526435,2022-11-12T14:18:46.435,978.880,0.884,-0.091,-0.030
1668255526475,2022-11-12T14:18:46.475,978.920,0.640,-0.335,-0.152
1668255526515,2022-11-12T14:18:46.515,978.960,0.732,-0.457,-0.274
1668255526555,2022-11-12T14:18:46.555,979.000,0.976,-0.183,0.061
1668255526595,2022-11-12T14:18:46.595,979.040,0.884,-0.183,0.213
1668255526635,2022-11-12T14:18:46.635,979.080,0.945,-0.396,0.000
1668255526675,2022-11-12T14:18:46.675,979.120,0.976,-0.183,0.152
1668255526715,2022-11-12T14:18:46.715,979.160,0.854,0.000,0.152
1668255526755,2022-11-12T14:18:46.755,979.200,0.701,-0.335,0.000
1668255526795,2022-11-12T14:18:46.795,979.240,0.823,-0.244,-0.091
1668255526835,2022-11-12T14:18:46.835,979.280,1.098,-0.091,0.030
1668255526875,2022-11-12T14:18:46.875,979.320,1.006,-0.335,0.122
1668255526915,2022-11-12T14:18:46.915,979.360,0.671,-0.335,0.000
1668255526955,2022-11-12T14:18:46.955,979.400,0.823,-0.366,-0.030
1668255526995,2022-11-12T14:18:46.995,979.440,0.854,-0.457,0.122
1668255527035,2022-11-12T14:18:47.035,979.480,0.732,-0.396,0.061
1668255527075,2022-11-12T14:18:47.075,979.520,1.006,-0.244,-0.183
1668255527115,2022-11-12T14:18:47.115,979.560,0.610,-0.213,0.213
1668255527155,2022-11-12T14:18:47.155,979.600,0.427,-0.457,0.183
1668255527195,2022-11-12T14:18:47.195,979.640,0.732,-0.335,-0.061
1668255527235,2022-11-12T14:18:47.235,979.680,0.854,-0.213,0.091
1668255527275,2022-11-12T14:18:47.275,979.720,0.884,-0.366,0.030
1668255527315,2022-11-12T14:18:47.315,979.760,0.823,-0.427,-0.030
1668255527355,2022-11-12T14:18:47.355,979.800,0.884,-0.091,-0.061
1668255527395,2022-11-12T14:18:47.395,979.840,0.701,-0.061,0.091
1668255527435,2022-11-12T14:18:47.435,979.880,0.762,-0.244,-0.061
1668255527475,2022-11-12T14:18:47.475,979.920,0.915,-0.183,-0.122
1668255527515,2022-11-12T14:18:47.515,979.960,0.854,-0.091,0.091
1668255527555,2022-11-12T14:18:47.555,980.000,0.793,-0.183,0.000
1668255527595,2022-11-12T14:18:47.595,980.040,0.701,-0.122,-0.061
1668255527635,2022-11-12T14:18:47.635,980.080,0.549,-0.305,0.000
1668255527675,2022-11-12T14:18:47.675,980.120,0.640,-0.366,-0.152
1668255527715,2022-11-12T14:18:47.715,980.160,0.976,-0.457,-0.183
1668255527755,2022-11-12T14:18:47.755,980.200,0.823,-0.244,0.030
1668255527795,2022-11-12T14:18:47.795,980.240,1.037,0.000,0.091
1668255527835,2022-11-12T14:18:47.835,980.280,0.854,-0.183,-0.030
1668255527875,2022-11-12T14:18:47.875,980.320,0.823,-0.152,-0.183
1668255527915,2022-11-12T14:18:47.915,980.360,0.793,-0.091,0.061
1668255527955,2022-11-12T14:18:47.955,980.400,0.854,-0.366,0.030
1668255527995,2022-11-12T14:18:47.995,980.440,0.793,-0.274,-0.091
1668255528035,2022-11-12T14:18:48.035,980.480,0.915,-0.274,-0.183
1668255528075,2022-11-12T14:18:48.075,980.520,0.823,-0.213,-0.030
1668255528115,2022-11-12T14:18:48.115,980.560,0.579,-0.183,0.183
1668255528155,2022-11-12T14:18:48.155,980.600,1.006,-0.213,-0.152
1668255528195,2022-11-12T14:18:48.195,980.640,0.884,-0.091,0.030
1668255528235,2022-11-12T14:18:48.235,980.680,0.884,-0.244,-0.030
1668255528275,2022-11-12T14:18:48.275,980.720,1.006,-0.305,-0.152
1668255528315,2022-11-12T14:18:48.315,980.760,0.854,0.000,0.030
1668255528355,2022-11-12T14:18:48.355,980.800,0.976,-0.152,-0.030
1668255528395,2022-11-12T14:18:48.395,980.840,0.854,-0.244,-0.061
1668255528435,2022-11-12T14:18:48.435,980.880,0.884,-0.061,-0.030
1668255528475,2022-11-12T14:18:48.475,980.920,0.854,-0.091,0.091
1668255528515,2022-11-12T14:18:48.515,980.960,0.610,-0.183,0.152
1668255528555,2022-11-12T14:18:48.555,981.000,0.427,-0.366,0.122
1668255528595,2022-11-12T14:18:48.595,981.040,0.671,-0.213,0.000
1668255528635,2022-11-12T14:18:48.635,981.080,0.793,-0.244,-0.030
1668255528675,2022-11-12T14:18:48.675,981.120,0.823,-0.274,-0.061
1668255528715,2022-11-12T14:18:48.715,981.160,0.976,-0.091,-0.122
1668255528755,2022-11-12T14:18:48.755,981.200,1.067,-0.152,0.000
1668255528795,2022-11-12T14:18:48.795,981.240,0.762,-0.396,0.061
1668255528835,2022-11-12T14:18:48.835,981.280,0.762,-0.244,-0.091
1668255528875,2022-11-12T14:18:48.875,981.320,0.976,-0.152,-0.030
1668255528915,2022-11-12T14:18:48.915,981.360,1.006,-0.061,-0.061
1668255528955,2022-11-12T14:18:48.955,981.400,0.793,-0.061,0.030
1668255528995,2022-11-12T14:18:48.995,981.440,0.793,-0.152,0.000
1668255529035,2022-11-12T14:18:49.035,981.480,1.037,-0.122,-0.183
1668255529075,2022-11-12T14:18:49.075,981.520,0.823,-0.244,0.061
1668255529115,2022-11-12T14:18:49.115,981.560,0.732,-0.244,0.030
1668255529155,2022-11-12T14:18:49.155,981.600,0.701,-0.244,0.000
1668255529195,2022-11-12T14:18:49.195,981.640,0.701,-0.244,0.091
1668255529235,2022-11-12T14:18:49.235,981.680,0.732,-0.152,0.000
1668255529275,2022-11-12T14:18:49.275,981.720,0.976,-0.091,-0.061
1668255529315,2022-11-12T14:18:49.315,981.760,1.067,-0.152,-0.030
1668255529355,2022-11-12T14:18:49.355,981.800,0.762,-0.183,0.061
1668255529395,2022-11-12T14:18:49.395,981.840,0.762,-0.152,0.030
1668255529435,2022-11-12T14:18:49.435,981.880,0.915,-0.183,0.030
1668255529475,2022-11-12T14:18:49.475,981.920,1.006,-0.213,-0.030
1668255529515,2022-11-12T14:18:49.515,981.960,1.037,-0.305,-0.061
1668255529555,2022-11-12T14:18:49.555,982.000,0.823,-0.213,0.000
1668255529595,2022-11-12T14:18:49.595,982.040,1.006,-0.183,-0.061
1668255529635,2022-11-12T14:18:49.635,982.080,1.098,-0.122,-0.244
1668255529675,2022-11-12T14:18:49.675,982.120,0.579,-0.305,-0.091
1668255529715,2022-11-12T14:18:49.715,982.160,0.396,-0.274,0.000
1668255529755,2022-11-12T14:18:49.755,982.200,0.823,-0.122,0.000
1668255529795,2022-11-12T14:18:49.795,982.240,0.823,-0.183,-0.091
1668255529835,2022-11-12T14:18:49.835,982.280,0.793,-0.244,-0.183
1668255529875,2022-11-12T14:18:49.875,982.320,0.884,-0.244,-0.061
1668255529915,2022-11-12T14:18:49.915,982.360,0.823,-0.030,0.030
1668255529955,2022-11-12T14:18:49.955,982.400,0.793,-0.152,0.030
1668255529995,2022-11-12T14:18:49.995,982.440,0.762,-0.366,-0.030
1668255530035,2022-11-12T14:18:50.035,982.480,0.762,-0.183,-0.030
1668255530075,2022-11-12T14:18:50.075,982.520,0.732,-0.152,0.030
1668255530115,2022-11-12T14:18:50.115,982.560,0.854,-0.213,0.000
1668255530155,2022-11-12T14:18:50.155,982.600,0.884,-0.183,0.000
1668255530195,2022-11-12T14:18:50.195,982.640,0.976,-0.152,0.000
1668255530235,2022-11-12T14:18:50.235,982.680,0.854,-0.152,0.000
1668255530275,2022-11-12T14:18:50.275,982.720,0.762,-0.183,0.030
1668255530315,2022-11-12T14:18:50.315,982.760,0.823,-0.152,0.000
1668255530355,2022-11-12T14:18:50.355,982.800,0.884,-0.183,0.030
1668255530395,2022-11-12T14:18:50.395,982.840,0.854,-0.183,-0.061
1668255530435,2022-11-12T14:18:50.435,982.880,0.915,-0.183,-0.030
1668255530475,2022-11-12T14:18:50.475,982.920,1.067,-0.091,-0.030
1668255530515,2022-11-12T14:18:50.515,982.960,1.341,0.030,-0.091
1668255530555,2022-11-12T14:18:50.555,983.000,0.732,-0.183,0.152
1668255530595,2022-11-12T14:18:50.595,983.040,0.396,-0.457,0.061
1668255530635,2022-11-12T14:18:50.635,983.080,0.976,-0.091,-0.122
1668255530675,2022-11-12T14:18:50.675,983.120,1.006,-0.091,-0.061
1668255530715,2022-11-12T14:18:50.715,983.160,0.762,-0.366,-0.091
1668255530755,2022-11-12T14:18:50.755,983.200,0.640,-0.244,0.122
1668255530795,2022-11-12T14:18:50.795,983.240,0.884,-0.091,0.000
1668255530835,2022-11-12T14:18:50.835,983.280,0.884,-0.213,0.000
1668255530875,2022-11-12T14:18:50.875,983.320,0.976,-0.396,-0.183
1668255530915,2022-11-12T14:18:50.915,983.360,1.037,-0.305,-0.122
1668255530955,2022-11-12T14:18:50.955,983.400,0.884,-0.274,0.030
1668255530995,2022-11-12T14:18:50.995,983.440,0.854,-0.305,-0.030
1668255531035,2022-11-12T14:18:51.035,983.480,1.037,-0.244,-0.091
1668255531075,2022-11-12T14:18:51.075,983.520,1.037,-0.152,0.000
1668255531115,2022-11-12T14:18:51.115,983.560,0.732,-0.183,0.061
1668255531155,2022-11-12T14:18:51.155,983.600,0.823,-0.305,-0.030
1668255531195,2022-11-12T14:18:51.195,983.640,0.884,-0.305,0.000
1668255531235,2022-11-12T14:18:51.235,983.680,0.976,-0.579,0.091
1668255531275,2022-11-12T14:18:51.275,983.720,0.884,-0.762,0.122
1668255531315,2022-11-12T14:18:51.315,983.760,0.305,-0.122,0.244
1668255531355,2022-11-12T14:18:51.355,983.800,0.457,-0.518,0.152
1668255531395,2022-11-12T14:18:51.395,983.840,0.793,-0.305,0.000
1668255531435,2022-11-12T14:18:51.435,983.880,1.098,-0.091,-0.152
1668255531475,2022-11-12T14:18:51.475,983.920,0.793,-0.183,0.000
1668255531515,2022-11-12T14:18:51.515,983.960,0.640,-0.152,0.091
1668255531555,2022-11-12T14:18:51.555,984.000,0.762,-0.305,0.091
1668255531595,2022-11-12T14:18:51.595,984.040,0.793,-0.213,0.000
1668255531635,2022-11-12T14:18:51.635,984.080,0.579,-0.274,0.091
1668255531675,2022-11-12T14:18:51.675,984.120,0.610,-0.274,0.183
1668255531715,2022-11-12T14:18:51.715,984.160,0.945,-0.213,0.061
1668255531755,2022-11-12T14:18:51.755,984.200,0.915,-0.152,0.061
1668255531795,2022-11-12T14:18:51.795,984.240,0.701,-0.244,-0.030
1668255531835,2022-11-12T14:18:51.835,984.280,0.854,-0.244,0.000
1668255531875,2022-11-12T14:18:51.875,984.320,0.762,-0.091,0.030
1668255531915,2022-11-12T14:18:51.915,984.360,0.701,-0.274,0.000
1668255531955,2022-11-12T14:18:51.955,984.400,0.671,-0.335,0.061
1668255531995,2022-11-12T14:18:51.995,984.440,0.488,-0.213,0.091
1668255532035,2022-11-12T14:18:52.035,984.480,0.732,-0.122,0.061
1668255532075,2022-11-12T14:18:52.075,984.520,0.854,-0.122,0.000
1668255532115,2022-11-12T14:18:52.115,984.560,0.823,-0.183,0.000
1668255532155,2022-11-12T14:18:52.155,984.600,0.610,-0.305,0.061
1668255532195,2022-11-12T14:18:52.195,984.640,0.701,-0.274,-0.122
1668255532235,2022-11-12T14:18:52.235,984.680,0.884,-0.122,0.030
1668255532275,2022-11-12T14:18:52.275,984.720,1.006,-0.152,-0.030
1668255532315,2022-11-12T14:18:52.315,984.760,0.732,-0.213,0.000
1668255532355,2022-11-12T14:18:52.355,984.800,0.884,-0.152,-0.122
1668255532395,2022-11-12T14:18:52.395,984.840,0.884,-0.152,0.000
1668255532435,2022-11-12T14:18:52.435,984.880,0.823,-0.183,-0.030
1668255532475,2022-11-12T14:18:52.475,984.920,0.915,-0.030,-0.152
1668255532515,2022-11-12T14:18:52.515,984.960,0.884,-0.061,-0.061
1668255532555,2022-11-12T14:18:52.555,985.000,0.732,-0.091,0.000
1668255532595,2022-11-12T14:18:52.595,985.040,0.823,-0.061,-0.091
1668255532635,2022-11-12T14:18:52.635,985.080,1.037,-0.091,-0.274
1668255532675,2022-11-12T14:18:52.675,985.120,0.823,-0.152,-0.213
1668255532715,2022-11-12T14:18:52.715,985.160,0.793,-0.183,-0.152
1668255532755,2022-11-12T14:18:52.755,985.200,0.976,-0.061,-0.061
1668255532795,2022-11-12T14:18:52.795,985.240,0.945,-0.091,-0.152
1668255532835,2022-11-12T14:18:52.835,985.280,0.854,-0.183,-0.183
1668255532875,2022-11-12T14:18:52.875,985.320,0.549,-0.366,0.122
1668255532915,2022-11-12T14:18:52.915,985.360,0.701,-0.366,0.000
1668255532955,2022-11-12T14:18:52.955,985.400,0.793,-0.061,0.122
1668255532995,2022-11-12T14:18:52.995,985.440,0.762,-0.030,-0.030
1668255533035,2022-11-12T14:18:53.035,985.480,0.793,-0.122,-0.122
1668255533075,2022-11-12T14:18:53.075,985.520,0.823,-0.152,0.030
1668255533115,2022-11-12T14:18:53.115,985.560,1.098,-0.122,-0.091
1668255533155,2022-11-12T14:18:53.155,985.600,0.854,-0.122,-0.122
1668255533195,2022-11-12T14:18:53.195,985.640,0.671,-0.305,-0.366
1668255533235,2022-11-12T14:18:53.235,985.680,0.640,-0.122,-0.122
1668255533275,2022-11-12T14:18:53.275,985.720,0.854,-0.091,-0.061
1668255533315,2022-11-12T14:18:53.315,985.760,0.854,-0.183,0.000
1668255533355,2022-11-12T14:18:53.355,985.800,0.915,-0.152,-0.091
1668255533395,2022-11-12T14:18:53.395,985.840,1.006,-0.122,-0.183
1668255533435,2022-11-12T14:18:53.435,985.880,0.793,-0.213,-0.030
1668255533475,2022-11-12T14:18:53.475,985.920,0.701,-0.213,0.030
1668255533515,2022-11-12T14:18:53.515,985.960,0.884,-0.091,0.061
1668255533555,2022-11-12T14:18:53.555,986.000,0.915,-0.030,-0.030
1668255533595,2022-11-12T14:18:53.595,986.040,0.915,-0.152,-0.091
1668255533635,2022-11-12T14:18:53.635,986.080,0.640,-0.183,0.122
1668255533675,2022-11-12T14:18:53.675,986.120,0.549,-0.335,-0.030
1668255533715,2022-11-12T14:18:53.715,986.160,1.006,-0.152,0.030
1668255533755,2022-11-12T14:18:53.755,986.200,1.067,-0.061,0.030
1668255533795,2022-11-12T14:18:53.795,986.240,0.579,-0.274,-0.061
1668255533835,2022-11-12T14:18:53.835,986.280,0.335,-0.213,0.061
1668255533875,2022-11-12T14:18:53.875,986.320,0.793,0.061,-0.030
1668255533915,2022-11-12T14:18:53.915,986.360,0.823,-0.122,0.061
1668255533955,2022-11-12T14:18:53.955,986.400,0.701,-0.274,0.030
1668255533995,2022-11-12T14:18:53.995,986.440,0.823,-0.152,-0.061
1668255534035,2022-11-12T14:18:54.035,986.480,0.854,-0.061,0.091
1668255534075,2022-11-12T14:18:54.075,986.520,0.793,-0.244,0.061
1668255534115,2022-11-12T14:18:54.115,986.560,0.854,-0.213,-0.061
1668255534155,2022-11-12T14:18:54.155,986.600,0.915,-0.305,-0.030
1668255534195,2022-11-12T14:18:54.195,986.640,0.976,-0.183,0.030
1668255534235,2022-11-12T14:18:54.235,986.680,0.762,-0.091,0.091
1668255534275,2022-11-12T14:18:54.275,986.720,0.732,-0.305,-0.030
1668255534315,2022-11-12T14:18:54.315,986.760,0.884,-0.183,0.000
1668255534355,2022-11-12T14:18:54.355,986.800,0.915,-0.122,0.000
1668255534395,2022-11-12T14:18:54.395,986.840,0.823,-0.213,-0.061
1668255534435,2022-11-12T14:18:54.435,986.880,0.671,-0.244,0.091
1668255534475,2022-11-12T14:18:54.475,986.920,0.762,-0.274,-0.091
1668255534515,2022-11-12T14:18:54.515,986.960,0.915,-0.213,-0.152
1668255534555,2022-11-12T14:18:54.555,987.000,0.915,-0.183,-0.122
1668255534595,2022-11-12T14:18:54.595,987.040,0.915,-0.152,0.061
1668255534635,2022-11-12T14:18:54.635,987.080,0.823,-0.183,0.091
1668255534675,2022-11-12T14:18:54.675,987.120,0.854,-0.183,-0.122
1668255534715,2022-11-12T14:18:54.715,987.160,0.518,-0.274,0.122
1668255534755,2022-11-12T14:18:54.755,987.200,0.701,-0.183,0.000
1668255534795,2022-11-12T14:18:54.795,987.240,0.915,-0.091,-0.061
1668255534835,2022-11-12T14:18:54.835,987.280,0.884,-0.244,0.061
1668255534875,2022-11-12T14:18:54.875,987.320,0.823,-0.213,0.000
1668255534915,2022-11-12T14:18:54.915,987.360,0.823,-0.183,0.000
1668255534955,2022-11-12T14:18:54.955,987.400,0.823,-0.122,0.091
1668255534995,2022-11-12T14:18:54.995,987.440,0.762,-0.183,0.061
1668255535035,2022-11-12T14:18:55.035,987.480,0.640,-0.244,-0.061
1668255535075,2022-11-12T14:18:55.075,987.520,0.701,-0.183,0.000
1668255535115,2022-11-12T14:18:55.115,987.560,0.884,-0.122,0.000
1668255535155,2022-11-12T14:18:55.155,987.600,0.915,-0.244,-0.030
1668255535195,2022-11-12T14:18:55.195,987.640,0.854,-0.274,-0.122
1668255535235,2022-11-12T14:18:55.235,987.680,0.976,-0.122,-0.122
1668255535275,2022-11-12T14:18:55.275,987.720,0.854,-0.244,0.091
1668255535315,2022-11-12T14:18:55.315,987.760,0.640,-0.488,0.061
1668255535355,2022-11-12T14:18:55.355,987.800,0.945,-0.335,-0.122
1668255535395,2022-11-12T14:18:55.395,987.840,0.976,-0.030,0.030
1668255535435,2022-11-12T14:18:55.435,987.880,0.823,-0.122,0.000
1668255535475,2022-11-12T14:18:55.475,987.920,0.701,-0.305,0.091
1668255535515,2022-11-12T14:18:55.515,987.960,0.854,-0.213,0.000
1668255535555,2022-11-12T14:18:55.555,988.000,0.945,-0.152,-0.061
1668255535595,2022-11-12T14:18:55.595,988.040,0.762,-0.152,0.061
1668255535635,2022-11-12T14:18:55.635,988.080,0.762,-0.152,-0.061
1668255535675,2022-11-12T14:18:55.675,988.120,0.488,-0.366,-0.091
1668255535715,2022-11-12T14:18:55.715,988.160,0.701,-0.274,0.091
1668255535755,2022-11-12T14:18:55.755,988.200,0.823,-0.061,0.122
1668255535795,2022-11-12T14:18:55.795,988.240,0.823,-0.305,0.000
1668255535835,2022-11-12T14:18:55.835,988.280,0.854,-0.305,-0.061
1668255535875,2022-11-12T14:18:55.875,988.320,0.762,-0.152,0.030
1668255535915,2022-11-12T14:18:55.915,988.360,0.823,-0.213,0.152
1668255535955,2022-11-12T14:18:55.955,988.400,0.884,-0.213,0.061
1668255535995,2022-11-12T14:18:55.995,988.440,0.854,-0.152,0.061
1668255536035,2022-11-12T14:18:56.035,988.480,0.823,-0.274,0.122
1668255536075,2022-11-12T14:18:56.075,988.520,0.945,-0.244,0.091
1668255536115,2022-11-12T14:18:56.115,988.560,0.884,-0.061,-0.061
1668255536155,2022-11-12T14:18:56.155,988.600,0.884,-0.244,-0.061
1668255536195,2022-11-12T14:18:56.195,988.640,0.793,-0.213,0.213
1668255536235,2022-11-12T14:18:56.235,988.680,0.915,-0.305,-0.061
1668255536275,2022-11-12T14:18:56.275,988.720,0.884,-0.152,0.030
1668255536315,2022-11-12T14:18:56.315,988.760,0.976,0.000,0.030
1668255536355,2022-11-12T14:18:56.355,988.800,0.884,-0.061,0.061
1668255536395,2022-11-12T14:18:56.395,988.840,0.823,-0.366,0.274
1668255536435,2022-11-12T14:18:56.435,988.880,0.884,-0.152,0.122
1668255536475,2022-11-12T14:18:56.475,988.920,0.945,-0.213,0.030
1668255536515,2022-11-12T14:18:56.515,988.960,1.006,-0.213,-0.091
1668255536555,2022-11-12T14:18:56.555,989.000,0.945,-0.183,-0.030
1668255536595,2022-11-12T14:18:56.595,989.040,0.915,-0.122,0.122
1668255536635,2022-11-12T14:18:56.635,989.080,0.915,-0.122,0.030
1668255536675,2022-11-12T14:18:56.675,989.120,0.854,-0.274,-0.030
1668255536715,2022-11-12T14:18:56.715,989.160,1.037,-0.091,-0.061
1668255536755,2022-11-12T14:18:56.755,989.200,1.128,-0.091,0.030
1668255536795,2022-11-12T14:18:56.795,989.240,0.915,-0.213,-0.091
1668255536835,2022-11-12T14:18:56.835,989.280,0.854,-0.213,0.030
1668255536875,2022-11-12T14:18:56.875,989.320,0.945,-0.152,0.061
1668255536915,2022-11-12T14:18:56.915,989.360,1.067,-0.183,-0.030
1668255536955,2022-11-12T14:18:56.955,989.400,1.341,-0.091,-0.030
1668255536995,2022-11-12T14:18:56.995,989.440,2.012,-0.061,0.030
1668255537035,2022-11-12T14:18:57.035,989.480,1.159,0.061,0.305
1668255537075,2022-11-12T14:18:57.075,989.520,0.396,-0.549,-0.396
1668255537115,2022-11-12T14:18:57.115,989.560,0.335,-0.244,-0.213
1668255537155,2022-11-12T14:18:57.155,989.600,1.037,0.152,0.122
1668255537195,2022-11-12T14:18:57.195,989.640,1.006,-0.061,0.091
1668255537235,2022-11-12T14:18:57.235,989.680,0.823,-0.305,0.061
1668255537275,2022-11-12T14:18:57.275,989.720,1.372,-0.091,0.061
1668255537315,2022-11-12T14:18:57.315,989.760,0.976,-0.091,0.152
1668255537355,2022-11-12T14:18:57.355,989.800,0.610,-0.366,-0.091
1668255537395,2022-11-12T14:18:57.395,989.840,0.854,-0.152,-0.183
1668255537435,2022-11-12T14:18:57.435,989.880,0.793,-0.213,0.061
1668255537475,2022-11-12T14:18:57.475,989.920,0.579,-0.732,0.152
1668255537515,2022-11-12T14:18:57.515,989.960,0.640,-0.610,0.000
1668255537555,2022-11-12T14:18:57.555,990.000,0.823,-0.213,-0.122
1668255537595,2022-11-12T14:18:57.595,990.040,0.915,0.122,0.030
1668255537635,2022-11-12T14:18:57.635,990.080,0.671,-0.030,0.091
1668255537675,2022-11-12T14:18:57.675,990.120,0.701,-0.152,-0.061
1668255537715,2022-11-12T14:18:57.715,990.160,0.976,-0.061,-0.030
1668255537755,2022-11-12T14:18:57.755,990.200,0.915,0.000,-0.091
1668255537795,2022-11-12T14:18:57.795,990.240,0.854,-0.030,0.000
1668255537835,2022-11-12T14:18:57.835,990.280,0.610,-0.183,0.183
1668255537875,2022-11-12T14:18:57.875,990.320,0.579,-0.274,0.000
1668255537915,2022-11-12T14:18:57.915,990.360,0.549,-0.091,0.030
1668255537955,2022-11-12T14:18:57.955,990.400,0.549,-0.122,0.030
1668255537995,2022-11-12T14:18:57.995,990.440,0.762,-0.030,0.122
1668255538035,2022-11-12T14:18:58.035,990.480,0.701,-0.152,0.122
1668255538075,2022-11-12T14:18:58.075,990.520,0.793,-0.152,-0.030
1668255538115,2022-11-12T14:18:58.115,990.560,0.854,-0.244,0.030
1668255538155,2022-11-12T14:18:58.155,990.600,0.793,-0.274,0.030
1668255538195,2022-11-12T14:18:58.195,990.640,0.579,-0.213,0.244
1668255538235,2022-11-12T14:18:58.235,990.680,0.549,-0.152,0.183
1668255538275,2022-11-12T14:18:58.275,990.720,0.518,-0.183,0.061
1668255538315,2022-11-12T14:18:58.315,990.760,0.549,0.244,0.152
1668255538355,2022-11-12T14:18:58.355,990.800,0.610,0.366,0.152
1668255538395,2022-11-12T14:18:58.395,990.840,0.701,-0.091,0.152
1668255538435,2022-11-12T14:18:58.435,990.880,0.854,-0.305,0.000
1668255538475,2022-11-12T14:18:58.475,990.920,0.915,-0.274,-0.122
1668255538515,2022-11-12T14:18:58.515,990.960,1.006,-0.152,-0.030
1668255538555,2022-11-12T14:18:58.555,991.000,1.220,-0.213,-0.183
1668255538595,2022-11-12T14:18:58.595,991.040,0.671,-0.244,0.091
1668255538635,2022-11-12T14:18:58.635,991.080,0.671,-0.244,-0.030
1668255538675,2022-11-12T14:18:58.675,991.120,0.640,0.122,0.030
1668255538715,2022-11-12T14:18:58.715,991.160,0.366,0.213,0.213
1668255538755,2022-11-12T14:18:58.755,991.200,0.610,-0.030,0.000
1668255538795,2022-11-12T14:18:58.795,991.240,0.884,-0.396,-0.030
1668255538835,2022-11-12T14:18:58.835,991.280,1.006,-0.244,-0.061
1668255538875,2022-11-12T14:18:58.875,991.320,1.006,-0.183,-0.030
1668255538915,2022-11-12T14:18:58.915,991.360,0.823,-0.305,0.000
1668255538955,2022-11-12T14:18:58.955,991.400,0.671,-0.122,0.000
1668255538995,2022-11-12T14:18:58.995,991.440,0.427,0.335,0.274
1668255539035,2022-11-12T14:18:59.035,991.480,0.518,0.244,0.274
1668255539075,2022-11-12T14:18:59.075,991.520,0.732,-0.152,0.091
1668255539115,2022-11-12T14:18:59.115,991.560,0.945,-0.244,-0.091
1668255539155,2022-11-12T14:18:59.155,991.600,0.793,-0.091,0.030
1668255539195,2022-11-12T14:18:59.195,991.640,0.671,-0.091,0.061
1668255539235,2022-11-12T14:18:59.235,991.680,0.823,-0.274,-0.091
1668255539275,2022-11-12T14:18:59.275,991.720,0.701,-0.061,0.061
1668255539315,2022-11-12T14:18:59.315,991.760,0.701,0.091,0.061
1668255539355,2022-11-12T14:18:59.355,991.800,0.854,-0.061,-0.030
1668255539395,2022-11-12T14:18:59.395,991.840,0.549,-0.335,0.091
1668255539435,2022-11-12T14:18:59.435,991.880,0.671,-0.305,-0.030
1668255539475,2022-11-12T14:18:59.475,991.920,1.006,-0.030,0.030
1668255539515,2022-11-12T14:18:59.515,991.960,0.732,-0.061,0.061
1668255539555,2022-11-12T14:18:59.555,992.000,0.640,-0.335,0.000
1668255539595,2022-11-12T14:18:59.595,992.040,0.793,-0.183,0.122
1668255539635,2022-11-12T14:18:59.635,992.080,0.945,-0.061,-0.030
1668255539675,2022-11-12T14:18:59.675,992.120,0.671,-0.305,0.061
1668255539715,2022-11-12T14:18:59.715,992.160,0.793,-0.335,0.030
1668255539755,2022-11-12T14:18:59.755,992.200,0.945,-0.152,0.061
1668255539795,2022-11-12T14:18:59.795,992.240,0.823,-0.305,0.061
1668255539835,2022-11-12T14:18:59.835,992.280,0.762,-0.488,0.000
1668255539875,2022-11-12T14:18:59.875,992.320,0.610,-0.335,0.152
1668255539915,2022-11-12T14:18:59.915,992.360,0.640,-0.457,0.091
1668255539955,2022-11-12T14:18:59.955,992.400,0.671,-0.366,0.152
1668255539995,2022-11-12T14:18:59.995,992.440,0.701,-0.122,0.213
1668255540035,2022-11-12T14:19:00.035,992.480,0.945,-0.305,0.000
1668255540075,2022-11-12T14:19:00.075,992.520,1.006,-0.366,0.000
1668255540115,2022-11-12T14:19:00.115,992.560,0.823,-0.366,0.091
1668255540155,2022-11-12T14:19:00.155,992.600,1.037,-0.305,-0.091
1668255540195,2022-11-12T14:19:00.195,992.640,0.762,-0.335,0.152
1668255540235,2022-11-12T14:19:00.235,992.680,0.732,-0.518,0.061
1668255540275,2022-11-12T14:19:00.275,992.720,0.793,-0.335,-0.122
1668255540315,2022-11-12T14:19:00.315,992.760,0.518,-0.152,0.183
1668255540355,2022-11-12T14:19:00.355,992.800,0.823,-0.244,0.152
1668255540395,2022-11-12T14:19:00.395,992.840,0.823,-0.366,0.152
1668255540435,2022-11-12T14:19:00.435,992.880,0.884,-0.152,0.030
1668255540475,2022-11-12T14:19:00.475,992.920,0.762,-0.152,0.122
1668255540515,2022-11-12T14:19:00.515,992.960,1.006,-0.335,0.000
1668255540555,2022-11-12T14:19:00.555,993.000,0.915,-0.274,-0.091
1668255540595,2022-11-12T14:19:00.595,993.040,0.823,-0.183,0.122
1668255540635,2022-11-12T14:19:00.635,993.080,0.823,-0.122,0.091
1668255540675,2022-11-12T14:19:00.675,993.120,0.823,-0.427,0.000
1668255540715,2022-11-12T14:19:00.715,993.160,0.854,-0.457,-0.030
1668255540755,2022-11-12T14:19:00.755,993.200,0.945,-0.274,-0.091
1668255540795,2022-11-12T14:19:00.795,993.240,0.762,-0.213,0.061
1668255540835,2022-11-12T14:19:00.835,993.280,1.006,-0.122,0.030
1668255540875,2022-11-12T14:19:00.875,993.320,1.006,0.000,0.000
1668255540915,2022-11-12T14:19:00.915,993.360,0.915,-0.122,-0.152
1668255540955,2022-11-12T14:19:00.955,993.400,0.976,-0.305,-0.030
1668255540995,2022-11-12T14:19:00.995,993.440,0.945,-0.366,-0.091
1668255541035,2022-11-12T14:19:01.035,993.480,0.884,-0.152,-0.091
1668255541075,2022-11-12T14:19:01.075,993.520,0.915,-0.091,-0.061
1668255541115,2022-11-12T14:19:01.115,993.560,0.793,-0.244,-0.091
1668255541155,2022-11-12T14:19:01.155,993.600,0.579,-0.183,0.061
1668255541195,2022-11-12T14:19:01.195,993.640,0.854,-0.183,-0.091
1668255541235,2022-11-12T14:19:01.235,993.680,1.037,-0.122,0.091
1668255541275,2022-11-12T14:19:01.275,993.720,1.189,-0.244,-0.061
1668255541315,2022-11-12T14:19:01.315,993.760,1.189,-0.183,-0.152
1668255541355,2022-11-12T14:19:01.355,993.800,0.762,-0.122,0.061
1668255541395,2022-11-12T14:19:01.395,993.840,0.640,-0.213,0.091
1668255541435,2022-11-12T14:19:01.435,993.880,0.854,-0.152,0.091
1668255541475,2022-11-12T14:19:01.475,993.920,1.006,-0.183,0.030
1668255541515,2022-11-12T14:19:01.515,993.960,0.793,-0.122,0.000
1668255541555,2022-11-12T14:19:01.555,994.000,0.823,-0.183,-0.061
1668255541595,2022-11-12T14:19:01.595,994.040,0.762,0.000,-0.030
1668255541635,2022-11-12T14:19:01.635,994.080,0.884,-0.061,-0.122
1668255541675,2022-11-12T14:19:01.675,994.120,0.854,-0.061,0.061
1668255541715,2022-11-12T14:19:01.715,994.160,0.701,-0.244,0.030
1668255541755,2022-11-12T14:19:01.755,994.200,0.732,-0.122,-0.030
1668255541795,2022-11-12T14:19:01.795,994.240,0.884,0.000,-0.030
1668255541835,2022-11-12T14:19:01.835,994.280,1.037,-0.061,-0.152
1668255541875,2022-11-12T14:19:01.875,994.320,0.793,-0.091,0.030
1668255541915,2022-11-12T14:19:01.915,994.360,0.915,-0.183,-0.091
1668255541955,2022-11-12T14:19:01.955,994.400,0.823,-0.061,0.000
1668255541995,2022-11-12T14:19:01.995,994.440,0.640,-0.152,0.122
1668255542035,2022-11-12T14:19:02.035,994.480,0.854,-0.183,-0.091
1668255542075,2022-11-12T14:19:02.075,994.520,0.823,-0.091,-0.030
1668255542115,2022-11-12T14:19:02.115,994.560,0.823,-0.183,0.030
1668255542155,2022-11-12T14:19:02.155,994.600,0.793,-0.122,-0.030
1668255542195,2022-11-12T14:19:02.195,994.640,0.884,-0.183,-0.091
1668255542235,2022-11-12T14:19:02.235,994.680,0.945,-0.213,-0.061
1668255542275,2022-11-12T14:19:02.275,994.720,0.854,-0.152,0.030
1668255542315,2022-11-12T14:19:02.315,994.760,0.671,-0.244,0.030
1668255542355,2022-11-12T14:19:02.355,994.800,0.732,-0.122,-0.061
1668255542395,2022-11-12T14:19:02.395,994.840,1.006,-0.091,-0.091
1668255542435,2022-11-12T14:19:02.435,994.880,1.006,0.000,-0.152
1668255542475,2022-11-12T14:19:02.475,994.920,0.793,-0.213,-0.091
1668255542515,2022-11-12T14:19:02.515,994.960,0.274,-0.457,-0.183
1668255542555,2022-11-12T14:19:02.555,995.000,0.518,-0.244,-0.183
1668255542595,2022-11-12T14:19:02.595,995.040,0.884,0.061,0.122
1668255542635,2022-11-12T14:19:02.635,995.080,0.793,-0.152,-0.030
1668255542675,2022-11-12T14:19:02.675,995.120,0.701,-0.335,-0.030
1668255542715,2022-11-12T14:19:02.715,995.160,1.037,-0.213,0.061
1668255542755,2022-11-12T14:19:02.755,995.200,1.067,0.000,0.000
1668255542795,2022-11-12T14:19:02.795,995.240,0.640,-0.274,0.000
1668255542835,2022-11-12T14:19:02.835,995.280,0.915,-0.274,-0.091
1668255542875,2022-11-12T14:19:02.875,995.320,1.006,-0.122,0.030
1668255542915,2022-11-12T14:19:02.915,995.360,0.762,-0.152,0.030
1668255542955,2022-11-12T14:19:02.955,995.400,0.640,-0.274,-0.122
1668255542995,2022-11-12T14:19:02.995,995.440,0.854,-0.091,-0.030
1668255543035,2022-11-12T14:19:03.035,995.480,1.159,-0.091,0.000
1668255543075,2022-11-12T14:19:03.075,995.520,0.945,-0.244,-0.061
1668255543115,2022-11-12T14:19:03.115,995.560,0.732,-0.213,-0.152
1668255543155,2022-11-12T14:19:03.155,995.600,0.884,-0.091,-0.122
1668255543195,2022-11-12T14:19:03.195,995.640,0.823,-0.122,0.091
1668255543235,2022-11-12T14:19:03.235,995.680,0.701,-0.213,0.030
1668255543275,2022-11-12T14:19:03.275,995.720,0.793,-0.091,-0.030
1668255543315,2022-11-12T14:19:03.315,995.760,0.915,-0.091,-0.030
1668255543355,2022-11-12T14:19:03.355,995.800,1.037,-0.091,-0.122
1668255543395,2022-11-12T14:19:03.395,995.840,0.671,-0.213,0.122
1668255543435,2022-11-12T14:19:03.435,995.880,0.610,-0.244,0.000
1668255543475,2022-11-12T14:19:03.475,995.920,1.006,-0.122,-0.061
1668255543515,2022-11-12T14:19:03.515,995.960,0.884,-0.152,-0.061
1668255543555,2022-11-12T14:19:03.555,996.000,0.793,-0.213,-0.091
1668255543595,2022-11-12T14:19:03.595,996.040,0.823,-0.305,0.091
1668255543635,2022-11-12T14:19:03.635,996.080,0.884,-0.152,0.091
1668255543675,2022-11-12T14:19:03.675,996.120,0.762,-0.152,0.000
1668255543715,2022-11-12T14:19:03.715,996.160,0.762,-0.366,0.030
1668255543755,2022-11-12T14:19:03.755,996.200,0.976,-0.122,0.030
1668255543795,2022-11-12T14:19:03.795,996.240,0.823,-0.122,0.061
1668255543835,2022-11-12T14:19:03.835,996.280,0.701,-0.213,0.030
1668255543875,2022-11-12T14:19:03.875,996.320,0.854,-0.366,0.000
1668255543915,2022-11-12T14:19:03.915,996.360,0.823,-0.244,0.000
1668255543955,2022-11-12T14:19:03.955,996.400,0.793,-0.244,0.061
1668255543995,2022-11-12T14:19:03.995,996.440,0.793,-0.305,0.061
1668255544035,2022-11-12T14:19:04.035,996.480,0.823,-0.183,0.091
1668255544075,2022-11-12T14:19:04.075,996.520,0.884,-0.152,0.061
1668255544115,2022-11-12T14:19:04.115,996.560,0.762,-0.244,0.030
1668255544155,2022-11-12T14:19:04.155,996.600,0.732,-0.244,0.061
1668255544195,2022-11-12T14:19:04.195,996.640,0.884,-0.183,0.061
1668255544235,2022-11-12T14:19:04.235,996.680,0.915,-0.244,-0.122
1668255544275,2022-11-12T14:19:04.275,996.720,0.823,-0.152,-0.122
1668255544315,2022-11-12T14:19:04.315,996.760,0.701,-0.335,0.152
1668255544355,2022-11-12T14:19:04.355,996.800,0.762,-0.427,0.091
1668255544395,2022-11-12T14:19:04.395,996.840,0.762,-0.244,-0.030
1668255544435,2022-11-12T14:19:04.435,996.880,0.884,-0.213,0.000
1668255544475,2022-11-12T14:19:04.475,996.920,0.732,-0.152,0.061
1668255544515,2022-11-12T14:19:04.515,996.960,0.610,-0.305,0.122
1668255544555,2022-11-12T14:19:04.555,997.000,0.732,-0.244,0.000
1668255544595,2022-11-12T14:19:04.595,997.040,0.610,-0.244,0.244
1668255544635,2022-11-12T14:19:04.635,997.080,0.640,-0.274,0.122
1668255544675,2022-11-12T14:19:04.675,997.120,0.732,-0.122,0.000
1668255544715,2022-11-12T14:19:04.715,997.160,0.762,-0.183,0.122
1668255544755,2022-11-12T14:19:04.755,997.200,0.793,-0.091,0.061
1668255544795,2022-11-12T14:19:04.795,997.240,0.823,-0.183,0.000
1668255544835,2022-11-12T14:19:04.835,997.280,1.037,-0.183,-0.091
1668255544875,2022-11-12T14:19:04.875,997.320,1.098,-0.244,-0.122
1668255544915,2022-11-12T14:19:04.915,997.360,1.037,-0.396,-0.152
1668255544955,2022-11-12T14:19:04.955,997.400,0.884,-0.335,-0.183
1668255544995,2022-11-12T14:19:04.995,997.440,0.915,-0.030,-0.061
1668255545035,2022-11-12T14:19:05.035,997.480,0.732,0.122,0.122
1668255545075,2022-11-12T14:19:05.075,997.520,0.884,-0.030,-0.152
1668255545115,2022-11-12T14:19:05.115,997.560,0.884,-0.183,0.000
1668255545155,2022-11-12T14:19:05.155,997.600,0.732,-0.213,0.061
1668255545195,2022-11-12T14:19:05.195,997.640,0.701,-0.152,0.000
1668255545235,2022-11-12T14:19:05.235,997.680,0.854,-0.061,-0.061
1668255545275,2022-11-12T14:19:05.275,997.720,0.793,-0.152,-0.091
1668255545315,2022-11-12T14:19:05.315,997.760,0.762,-0.213,0.000
1668255545355,2022-11-12T14:19:05.355,997.800,0.823,-0.122,0.000
1668255545395,2022-11-12T14:19:05.395,997.840,0.823,-0.122,0.000
1668255545435,2022-11-12T14:19:05.435,997.880,0.762,-0.152,0.000
1668255545475,2022-11-12T14:19:05.475,997.920,0.884,-0.152,-0.122
1668255545515,2022-11-12T14:19:05.515,997.960,0.915,-0.183,0.000
1668255545555,2022-11-12T14:19:05.555,998.000,0.823,-0.183,0.000
1668255545595,2022-11-12T14:19:05.595,998.040,0.793,-0.183,-0.061
1668255545635,2022-11-12T14:19:05.635,998.080,0.915,-0.152,-0.061
1668255545675,2022-11-12T14:19:05.675,998.120,0.884,-0.091,-0.030
1668255545715,2022-11-12T14:19:05.715,998.160,0.762,-0.122,0.061
1668255545755,2022-11-12T14:19:05.755,998.200,0.732,-0.183,0.000
1668255545795,2022-11-12T14:19:05.795,998.240,0.915,-0.122,0.000
1668255545835,2022-11-12T14:19:05.835,998.280,0.915,-0.213,0.030
1668255545875,2022-11-12T14:19:05.875,998.320,0.854,-0.152,-0.030
1668255545915,2022-11-12T14:19:05.915,998.360,0.762,-0.183,0.061
1668255545955,2022-11-12T14:19:05.955,998.400,0.579,-0.274,0.091
1668255545995,2022-11-12T14:19:05.995,998.440,0.701,-0.244,-0.061
1668255546035,2022-11-12T14:19:06.035,998.480,0.945,-0.091,0.000
1668255546075,2022-11-12T14:19:06.075,998.520,0.915,-0.183,0.000
1668255546115,2022-11-12T14:19:06.115,998.560,0.732,-0.213,0.030
1668255546155,2022-11-12T14:19:06.155,998.600,0.915,-0.183,-0.061
1668255546195,2022-11-12T14:19:06.195,998.640,0.854,-0.061,0.000
1668255546235,2022-11-12T14:19:06.235,998.680,0.793,-0.183,-0.030
1668255546275,2022-11-12T14:19:06.275,998.720,0.976,-0.244,-0.122
1668255546315,2022-11-12T14:19:06.315,998.760,0.915,-0.091,-0.030
1668255546355,2022-11-12T14:19:06.355,998.800,0.823,-0.152,0.030
1668255546395,2022-11-12T14:19:06.395,998.840,0.732,-0.213,0.000
1668255546435,2022-11-12T14:19:06.435,998.880,0.854,-0.183,0.000
1668255546475,2022-11-12T14:19:06.475,998.920,0.915,-0.213,0.000
1668255546515,2022-11-12T14:19:06.515,998.960,0.762,-0.152,0.061
1668255546555,2022-11-12T14:19:06.555,999.000,0.884,-0.244,-0.030
1668255546595,2022-11-12T14:19:06.595,999.040,0.457,-0.427,0.030
1668255546635,2022-11-12T14:19:06.635,999.080,-0.213,-0.244,0.091
1668255546675,2022-11-12T14:19:06.675,999.120,0.671,-0.030,-0.061
1668255546715,2022-11-12T14:19:06.715,999.160,1.067,-0.061,0.061
1668255546755,2022-11-12T14:19:06.755,999.200,1.220,-0.335,0.000
1668255546795,2022-11-12T14:19:06.795,999.240,1.372,-0.396,-0.244
1668255546835,2022-11-12T14:19:06.835,999.280,1.128,-0.122,-0.061
1668255546875,2022-11-12T14:19:06.875,999.320,1.006,-0.091,-0.091
1668255546915,2022-11-12T14:19:06.915,999.360,0.793,-0.274,0.030
1668255546955,2022-11-12T14:19:06.955,999.400,0.762,-0.152,0.030
1668255546995,2022-11-12T14:19:06.995,999.440,0.915,-0.091,-0.061
1668255547035,2022-11-12T14:19:07.035,999.480,0.762,-0.152,0.091
1668255547075,2022-11-12T14:19:07.075,999.520,0.884,-0.122,-0.030
1668255547115,2022-11-12T14:19:07.115,999.560,1.067,-0.274,-0.091
1668255547155,2022-11-12T14:19:07.155,999.600,0.793,-0.244,0.030
1668255547195,2022-11-12T14:19:07.195,999.640,0.701,-0.183,0.030
1668255547235,2022-11-12T14:19:07.235,999.680,0.762,-0.122,0.061
1668255547275,2022-11-12T14:19:07.275,999.720,0.823,-0.213,0.030
1668255547315,2022-11-12T14:19:07.315,999.760,0.793,-0.213,0.061
1668255547355,2022-11-12T14:19:07.355,999.800,0.823,-0.091,0.000
1668255547395,2022-11-12T14:19:07.395,999.840,0.854,-0.152,0.000
1668255547435,2022-11-12T14:19:07.435,999.880,0.793,-0.305,0.000
1668255547475,2022-11-12T14:19:07.475,999.920,0.884,-0.183,0.030
1668255547515,2022-11-12T14:19:07.515,999.960,1.037,0.030,-0.061
1668255547555,2022-11-12T14:19:07.555,1000.000,0.915,-0.122,-0.030
1668255547595,2022-11-12T14:19:07.595,1000.040,0.579,-0.335,0.091
1668255547635,2022-11-12T14:19:07.635,1000.080,0.823,-0.213,-0.030
1668255547675,2022-11-12T14:19:07.675,1000.120,0.884,-0.061,0.061
1668255547715,2022-11-12T14:19:07.715,1000.160,0.793,-0.152,-0.061
1668255547755,2022-11-12T14:19:07.755,1000.200,0.793,-0.213,0.000
1668255547795,2022-11-12T14:19:07.795,1000.240,0.884,-0.183,0.030
1668255547835,2022-11-12T14:19:07.835,1000.280,0.854,-0.061,-0.122
1668255547875,2022-11-12T14:19:07.875,1000.320,0.427,-0.183,-0.061
1668255547915,2022-11-12T14:19:07.915,1000.360,0.640,-0.274,-0.274
1668255547955,2022-11-12T14:19:07.955,1000.400,0.945,-0.091,-0.030
1668255547995,2022-11-12T14:19:07.995,1000.440,0.915,-0.091,0.152
1668255548035,2022-11-12T14:19:08.035,1000.480,0.854,-0.274,-0.061
1668255548075,2022-11-12T14:19:08.075,1000.520,1.006,-0.213,0.000
1668255548115,2022-11-12T14:19:08.115,1000.560,1.128,-0.122,0.122
1668255548155,2022-11-12T14:19:08.155,1000.600,0.732,-0.183,0.091
1668255548195,2022-11-12T14:19:08.195,1000.640,0.701,-0.274,0.061
1668255548235,2022-11-12T14:19:08.235,1000.680,0.915,-0.183,0.152
1668255548275,2022-11-12T14:19:08.275,1000.720,0.854,-0.244,0.122
1668255548315,2022-11-12T14:19:08.315,1000.760,0.793,-0.274,-0.030
1668255548355,2022-11-12T14:19:08.355,1000.800,0.976,-0.183,-0.122
1668255548395,2022-11-12T14:19:08.395,1000.840,0.823,-0.213,0.091
1668255548435,2022-11-12T14:19:08.435,1000.880,0.671,-0.427,0.091
1668255548475,2022-11-12T14:19:08.475,1000.920,0.762,-0.335,-0.030
1668255548515,2022-11-12T14:19:08.515,1000.960,0.884,-0.122,0.122
1668255548555,2022-11-12T14:19:08.555,1001.000,0.945,-0.152,0.000
1668255548595,2022-11-12T14:19:08.595,1001.040,0.640,-0.213,0.030
1668255548635,2022-11-12T14:19:08.635,1001.080,0.884,-0.152,0.000
1668255548675,2022-11-12T14:19:08.675,1001.120,0.945,-0.122,0.061
1668255548715,2022-11-12T14:19:08.715,1001.160,0.732,-0.183,0.152
1668255548755,2022-11-12T14:19:08.755,1001.200,0.976,-0.213,-0.122
1668255548795,2022-11-12T14:19:08.795,1001.240,0.915,-0.122,-0.061
1668255548835,2022-11-12T14:19:08.835,1001.280,0.793,-0.061,0.000
1668255548875,2022-11-12T14:19:08.875,1001.320,0.793,-0.183,0.030
1668255548915,2022-11-12T14:19:08.915,1001.360,0.945,-0.152,-0.091
1668255548955,2022-11-12T14:19:08.955,1001.400,0.915,-0.152,0.000
1668255548995,2022-11-12T14:19:08.995,1001.440,0.793,-0.152,0.061
1668255549035,2022-11-12T14:19:09.035,1001.480,0.945,-0.183,-0.030
1668255549075,2022-11-12T14:19:09.075,1001.520,0.945,-0.091,-0.030
1668255549115,2022-11-12T14:19:09.115,1001.560,0.945,-0.122,-0.122
1668255549155,2022-11-12T14:19:09.155,1001.600,0.854,-0.152,0.000
1668255549195,2022-11-12T14:19:09.195,1001.640,0.610,-0.274,0.030
1668255549235,2022-11-12T14:19:09.235,1001.680,0.732,-0.244,-0.122
1668255549275,2022-11-12T14:19:09.275,1001.720,0.793,-0.152,0.030
1668255549315,2022-11-12T14:19:09.315,1001.760,0.915,-0.061,-0.030
1668255549355,2022-11-12T14:19:09.355,1001.800,0.671,-0.183,-0.030
1668255549395,2022-11-12T14:19:09.395,1001.840,0.884,-0.213,-0.091
1668255549435,2022-11-12T14:19:09.435,1001.880,0.976,-0.061,0.000
1668255549475,2022-11-12T14:19:09.475,1001.920,0.732,-0.244,0.091
1668255549515,2022-11-12T14:19:09.515,1001.960,0.793,-0.152,-0.091
1668255549555,2022-11-12T14:19:09.555,1002.000,0.976,-0.061,-0.030
1668255549595,2022-11-12T14:19:09.595,1002.040,0.823,-0.183,0.061
1668255549635,2022-11-12T14:19:09.635,1002.080,0.701,-0.183,0.030
1668255549675,2022-11-12T14:19:09.675,1002.120,0.915,-0.152,0.000
1668255549715,2022-11-12T14:19:09.715,1002.160,0.884,-0.152,0.000
1668255549755,2022-11-12T14:19:09.755,1002.200,0.793,-0.244,0.000
1668255549795,2022-11-12T14:19:09.795,1002.240,0.915,-0.183,0.000
1668255549835,2022-11-12T14:19:09.835,1002.280,0.945,-0.061,-0.030
1668255549875,2022-11-12T14:19:09.875,1002.320,0.945,-0.122,-0.091
1668255549915,2022-11-12T14:19:09.915,1002.360,0.732,-0.305,0.091
1668255549955,2022-11-12T14:19:09.955,1002.400,0.823,-0.396,-0.091
1668255549995,2022-11-12T14:19:09.995,1002.440,0.945,-0.244,-0.061
1668255550035,2022-11-12T14:19:10.035,1002.480,0.823,-0.122,0.030
1668255550075,2022-11-12T14:19:10.075,1002.520,0.945,-0.274,-0.030
1668255550115,2022-11-12T14:19:10.115,1002.560,0.915,-0.457,0.061
1668255550155,2022-11-12T14:19:10.155,1002.600,1.220,-0.488,-0.122
1668255550195,2022-11-12T14:19:10.195,1002.640,1.006,-0.183,0.061
1668255550235,2022-11-12T14:19:10.235,1002.680,0.732,-0.091,0.152
1668255550275,2022-11-12T14:19:10.275,1002.720,0.854,-0.061,0.030
1668255550315,2022-11-12T14:19:10.315,1002.760,0.762,-0.183,0.030
1668255550355,2022-11-12T14:19:10.355,1002.800,0.762,-0.274,0.061
1668255550395,2022-11-12T14:19:10.395,1002.840,0.823,-0.091,0.000
1668255550435,2022-11-12T14:19:10.435,1002.880,1.006,-0.335,-0.091
1668255550475,2022-11-12T14:19:10.475,1002.920,0.884,-0.244,0.030
1668255550515,2022-11-12T14:19:10.515,1002.960,0.793,-0.152,0.061
1668255550555,2022-11-12T14:19:10.555,1003.000,0.854,-0.183,-0.061
1668255550595,2022-11-12T14:19:10.595,1003.040,0.976,-0.213,-0.091
1668255550635,2022-11-12T14:19:10.635,1003.080,0.915,-0.244,-0.030
1668255550675,2022-11-12T14:19:10.675,1003.120,0.762,-0.274,0.152
1668255550715,2022-11-12T14:19:10.715,1003.160,0.762,-0.396,-0.091
1668255550755,2022-11-12T14:19:10.755,1003.200,0.732,-0.213,-0.030
1668255550795,2022-11-12T14:19:10.795,1003.240,0.732,-0.091,-0.091
1668255550835,2022-11-12T14:19:10.835,1003.280,0.549,-0.183,0.000
1668255550875,2022-11-12T14:19:10.875,1003.320,0.762,-0.305,0.061
1668255550915,2022-11-12T14:19:10.915,1003.360,1.067,-0.061,-0.061
1668255550955,2022-11-12T14:19:10.955,1003.400,0.793,-0.183,0.091
1668255550995,2022-11-12T14:19:10.995,1003.440,0.793,-0.305,-0.061
1668255551035,2022-11-12T14:19:11.035,1003.480,0.915,-0.183,-0.061
1668255551075,2022-11-12T14:19:11.075,1003.520,0.854,-0.122,0.091
1668255551115,2022-11-12T14:19:11.115,1003.560,0.701,-0.213,0.030
1668255551155,2022-11-12T14:19:11.155,1003.600,0.793,-0.274,-0.061
1668255551195,2022-11-12T14:19:11.195,1003.640,0.976,-0.213,-0.030
1668255551235,2022-11-12T14:19:11.235,1003.680,0.823,-0.213,0.061
1668255551275,2022-11-12T14:19:11.275,1003.720,0.640,-0.213,0.061
1668255551315,2022-11-12T14:19:11.315,1003.760,0.762,-0.213,0.061
1668255551355,2022-11-12T14:19:11.355,1003.800,0.976,-0.213,0.000
1668255551395,2022-11-12T14:19:11.395,1003.840,0.915,-0.183,-0.091
1668255551435,2022-11-12T14:19:11.435,1003.880,0.671,-0.244,0.122
1668255551475,2022-11-12T14:19:11.475,1003.920,0.579,-0.396,0.061
1668255551515,2022-11-12T14:19:11.515,1003.960,0.793,-0.274,0.000
1668255551555,2022-11-12T14:19:11.555,1004.000,1.006,-0.152,0.030
1668255551595,2022-11-12T14:19:11.595,1004.040,0.854,-0.183,0.000
1668255551635,2022-11-12T14:19:11.635,1004.080,0.579,-0.244,0.061
1668255551675,2022-11-12T14:19:11.675,1004.120,0.854,-0.213,-0.061
1668255551715,2022-11-12T14:19:11.715,1004.160,0.732,-0.152,0.122
1668255551755,2022-11-12T14:19:11.755,1004.200,0.732,-0.274,0.091
1668255551795,2022-11-12T14:19:11.795,1004.240,0.945,-0.244,-0.091
1668255551835,2022-11-12T14:19:11.835,1004.280,0.915,-0.274,0.000
1668255551875,2022-11-12T14:19:11.875,1004.320,0.793,-0.274,0.061
1668255551915,2022-11-12T14:19:11.915,1004.360,0.732,-0.305,0.000
1668255551955,2022-11-12T14:19:11.955,1004.400,0.762,-0.183,0.061
1668255551995,2022-11-12T14:19:11.995,1004.440,0.945,-0.122,0.000
1668255552035,2022-11-12T14:19:12.035,1004.480,0.732,-0.213,0.061
1668255552075,2022-11-12T14:19:12.075,1004.520,0.762,-0.244,0.030
1668255552115,2022-11-12T14:19:12.115,1004.560,0.762,-0.122,0.061
1668255552155,2022-11-12T14:19:12.155,1004.600,0.823,-0.122,0.000
1668255552195,2022-11-12T14:19:12.195,1004.640,0.732,-0.335,0.183
1668255552235,2022-11-12T14:19:12.235,1004.680,0.701,-0.396,0.030
1668255552275,2022-11-12T14:19:12.275,1004.720,0.762,-0.213,-0.030
1668255552315,2022-11-12T14:19:12.315,1004.760,0.823,-0.213,-0.030
1668255552355,2022-11-12T14:19:12.355,1004.800,0.671,-0.183,-0.030
1668255552395,2022-11-12T14:19:12.395,1004.840,0.518,-0.213,0.030
1668255552435,2022-11-12T14:19:12.435,1004.880,0.945,-0.152,-0.122
1668255552475,2022-11-12T14:19:12.475,1004.920,0.884,-0.091,0.030
1668255552515,2022-11-12T14:19:12.515,1004.960,0.945,-0.213,-0.091
1668255552555,2022-11-12T14:19:12.555,1005.000,0.854,-0.061,-0.061
1668255552595,2022-11-12T14:19:12.595,1005.040,0.823,-0.152,0.030
1668255552635,2022-11-12T14:19:12.635,1005.080,0.793,-0.152,0.030
1668255552675,2022-11-12T14:19:12.675,1005.120,0.915,-0.122,-0.030
1668255552715,2022-11-12T14:19:12.715,1005.160,1.006,-0.122,-0.091
1668255552755,2022-11-12T14:19:12.755,1005.200,0.854,-0.122,-0.030
1668255552795,2022-11-12T14:19:12.795,1005.240,0.915,-0.152,-0.061
1668255552835,2022-11-12T14:19:12.835,1005.280,0.976,-0.091,-0.091
1668255552875,2022-11-12T14:19:12.875,1005.320,0.945,0.030,-0.091
1668255552915,2022-11-12T14:19:12.915,1005.360,0.762,-0.152,0.030
1668255552955,2022-11-12T14:19:12.955,1005.400,0.671,-0.305,-0.030
1668255552995,2022-11-12T14:19:12.995,1005.440,0.762,-0.152,0.000
1668255553035,2022-11-12T14:19:13.035,1005.480,0.854,-0.061,0.000
1668255553075,2022-11-12T14:19:13.075,1005.520,0.884,-0.183,-0.122
1668255553115,2022-11-12T14:19:13.115,1005.560,0.793,-0.213,0.030
1668255553155,2022-11-12T14:19:13.155,1005.600,1.037,-0.122,-0.122
1668255553195,2022-11-12T14:19:13.195,1005.640,0.854,-0.091,0.030
1668255553235,2022-11-12T14:19:13.235,1005.680,0.823,-0.213,-0.061
1668255553275,2022-11-12T14:19:13.275,1005.720,0.945,-0.122,-0.152
1668255553315,2022-11-12T14:19:13.315,1005.760,0.854,-0.091,0.030
1668255553355,2022-11-12T14:19:13.355,1005.800,0.854,-0.183,0.030
1668255553395,2022-11-12T14:19:13.395,1005.840,0.915,-0.244,-0.061
1668255553435,2022-11-12T14:19:13.435,1005.880,0.945,-0.122,-0.061
1668255553475,2022-11-12T14:19:13.475,1005.920,0.762,-0.152,0.000
1668255553515,2022-11-12T14:19:13.515,1005.960,0.732,-0.213,0.061
1668255553555,2022-11-12T14:19:13.555,1006.000,0.884,-0.213,-0.030
1668255553595,2022-11-12T14:19:13.595,1006.040,0.915,-0.244,-0.061
1668255553635,2022-11-12T14:19:13.635,1006.080,1.006,-0.183,-0.091
1668255553675,2022-11-12T14:19:13.675,1006.120,0.823,-0.244,0.091
1668255553715,2022-11-12T14:19:13.715,1006.160,0.640,-0.366,0.030
1668255553755,2022-11-12T14:19:13.755,1006.200,0.945,-0.122,-0.122
1668255553795,2022-11-12T14:19:13.795,1006.240,0.945,-0.030,0.000
1668255553835,2022-11-12T14:19:13.835,1006.280,0.915,-0.183,-0.061
1668255553875,2022-11-12T14:19:13.875,1006.320,0.793,-0.244,0.030
1668255553915,2022-11-12T14:19:13.915,1006.360,0.884,-0.122,0.000
1668255553955,2022-11-12T14:19:13.955,1006.400,0.854,-0.213,-0.061
1668255553995,2022-11-12T14:19:13.995,1006.440,0.671,-0.244,0.030
1668255554035,2022-11-12T14:19:14.035,1006.480,0.823,-0.213,0.000
1668255554075,2022-11-12T14:19:14.075,1006.520,0.854,-0.183,0.030
1668255554115,2022-11-12T14:19:14.115,1006.560,0.732,-0.183,0.030
1668255554155,2022-11-12T14:19:14.155,1006.600,0.823,-0.152,0.000
1668255554195,2022-11-12T14:19:14.195,1006.640,0.945,-0.061,0.030
1668255554235,2022-11-12T14:19:14.235,1006.680,0.793,-0.122,0.061
1668255554275,2022-11-12T14:19:14.275,1006.720,0.884,-0.244,0.030
1668255554315,2022-11-12T14:19:14.315,1006.760,0.945,-0.152,-0.030
1668255554355,2022-11-12T14:19:14.355,1006.800,0.854,-0.152,0.061
1668255554395,2022-11-12T14:19:14.395,1006.840,0.762,-0.213,0.030
1668255554435,2022-11-12T14:19:14.435,1006.880,1.006,-0.152,-0.122
1668255554475,2022-11-12T14:19:14.475,1006.920,0.915,-0.183,0.152
1668255554515,2022-11-12T14:19:14.515,1006.960,0.762,-0.274,0.091
1668255554555,2022-11-12T14:19:14.555,1007.000,0.854,-0.213,-0.152
1668255554595,2022-11-12T14:19:14.595,1007.040,0.854,-0.152,0.000
1668255554635,2022-11-12T14:19:14.635,1007.080,0.854,-0.122,0.030
1668255554675,2022-11-12T14:19:14.675,1007.120,0.762,-0.213,0.030
1668255554715,2022-11-12T14:19:14.715,1007.160,0.762,-0.213,-0.030
1668255554755,2022-11-12T14:19:14.755,1007.200,0.884,-0.152,-0.030
1668255554795,2022-11-12T14:19:14.795,1007.240,0.701,-0.213,0.091
1668255554835,2022-11-12T14:19:14.835,1007.280,0.854,-0.152,-0.030
1668255554875,2022-11-12T14:19:14.875,1007.320,0.884,-0.152,0.000
1668255554915,2022-11-12T14:19:14.915,1007.360,0.793,-0.213,0.091
1668255554955,2022-11-12T14:19:14.955,1007.400,0.823,-0.213,0.000
1668255554995,2022-11-12T14:19:14.995,1007.440,0.915,-0.183,0.000
1668255555035,2022-11-12T14:19:15.035,1007.480,0.854,-0.183,0.000
1668255555075,2022-11-12T14:19:15.075,1007.520,0.793,-0.183,0.061
1668255555115,2022-11-12T14:19:15.115,1007.560,0.823,-0.183,0.030
1668255555155,2022-11-12T14:19:15.155,1007.600,0.762,-0.183,-0.030
1668255555195,2022-11-12T14:19:15.195,1007.640,0.762,-0.183,0.000
1668255555235,2022-11-12T14:19:15.235,1007.680,0.884,-0.152,0.000
1668255555275,2022-11-12T14:19:15.275,1007.720,0.976,-0.152,-0.091
1668255555315,2022-11-12T14:19:15.315,1007.760,0.854,-0.152,0.061
1668255555355,2022-11-12T14:19:15.355,1007.800,0.671,-0.244,0.152
1668255555395,2022-11-12T14:19:15.395,1007.840,0.793,-0.305,-0.061
1668255555435,2022-11-12T14:19:15.435,1007.880,0.854,-0.244,-0.030
1668255555475,2022-11-12T14:19:15.475,1007.920,0.915,-0.183,-0.030
1668255555515,2022-11-12T14:19:15.515,1007.960,0.701,-0.244,0.122
1668255555555,2022-11-12T14:19:15.555,1008.000,0.854,-0.305,0.000
1668255555595,2022-11-12T14:19:15.595,1008.040,0.884,-0.183,-0.030
1668255555635,2022-11-12T14:19:15.635,1008.080,0.671,-0.305,0.122
1668255555675,2022-11-12T14:19:15.675,1008.120,0.854,-0.305,-0.091
1668255555715,2022-11-12T14:19:15.715,1008.160,0.915,-0.244,0.000
1668255555755,2022-11-12T14:19:15.755,1008.200,0.884,-0.335,0.061
1668255555795,2022-11-12T14:19:15.795,1008.240,0.945,-0.396,0.000
1668255555835,2022-11-12T14:19:15.835,1008.280,1.006,-0.427,-0.061
1668255555875,2022-11-12T14:19:15.875,1008.320,0.945,-0.335,-0.030
1668255555915,2022-11-12T14:19:15.915,1008.360,0.915,-0.183,0.091
1668255555955,2022-11-12T14:19:15.955,1008.400,0.854,-0.244,0.061
1668255555995,2022-11-12T14:19:15.995,1008.440,0.701,-0.244,0.000
1668255556035,2022-11-12T14:19:16.035,1008.480,0.884,-0.335,-0.030
1668255556075,2022-11-12T14:19:16.075,1008.520,0.915,-0.335,0.000
1668255556115,2022-11-12T14:19:16.115,1008.560,1.037,-0.335,-0.122
1668255556155,2022-11-12T14:19:16.155,1008.600,0.945,-0.427,0.030
1668255556195,2022-11-12T14:19:16.195,1008.640,0.640,-0.396,0.091
1668255556235,2022-11-12T14:19:16.235,1008.680,0.762,-0.274,-0.091
1668255556275,2022-11-12T14:19:16.275,1008.720,0.854,-0.213,0.000
1668255556315,2022-11-12T14:19:16.315,1008.760,0.823,-0.122,0.091
1668255556355,2022-11-12T14:19:16.355,1008.800,0.793,-0.244,0.091
1668255556395,2022-11-12T14:19:16.395,1008.840,0.884,-0.244,-0.061
1668255556435,2022-11-12T14:19:16.435,1008.880,0.823,-0.091,0.091
1668255556475,2022-11-12T14:19:16.475,1008.920,0.945,-0.244,0.061
1668255556515,2022-11-12T14:19:16.515,1008.960,0.976,-0.274,-0.122
1668255556555,2022-11-12T14:19:16.555,1009.000,0.854,-0.274,0.030
1668255556595,2022-11-12T14:19:16.595,1009.040,0.945,-0.183,0.030
1668255556635,2022-11-12T14:19:16.635,1009.080,0.823,-0.213,0.000
1668255556675,2022-11-12T14:19:16.675,1009.120,0.915,-0.183,-0.061
1668255556715,2022-11-12T14:19:16.715,1009.160,0.915,-0.152,-0.061
1668255556755,2022-11-12T14:19:16.755,1009.200,0.915,-0.091,0.000
1668255556795,2022-11-12T14:19:16.795,1009.240,0.823,-0.061,0.000
1668255556835,2022-11-12T14:19:16.835,1009.280,0.915,-0.091,0.000
1668255556875,2022-11-12T14:19:16.875,1009.320,0.854,-0.030,0.030
1668255556915,2022-11-12T14:19:16.915,1009.360,0.915,-0.030,-0.091
1668255556955,2022-11-12T14:19:16.955,1009.400,0.732,-0.091,0.152
1668255556995,2022-11-12T14:19:16.995,1009.440,0.762,-0.366,-0.061
1668255557035,2022-11-12T14:19:17.035,1009.480,0.884,-0.213,-0.061
1668255557075,2022-11-12T14:19:17.075,1009.520,0.854,-0.030,0.000
1668255557115,2022-11-12T14:19:17.115,1009.560,0.762,-0.061,-0.030
1668255557155,2022-11-12T14:19:17.155,1009.600,0.671,-0.091,0.030
1668255557195,2022-11-12T14:19:17.195,1009.640,0.793,-0.427,-0.396
1668255557235,2022-11-12T14:19:17.235,1009.680,-0.091,-0.396,-0.457
1668255557275,2022-11-12T14:19:17.275,1009.720,0.152,-0.335,-0.366
1668255557315,2022-11-12T14:19:17.315,1009.760,0.915,0.000,0.030
1668255557355,2022-11-12T14:19:17.355,1009.800,0.915,-0.030,0.244
1668255557395,2022-11-12T14:19:17.395,1009.840,0.732,-0.213,-0.030
1668255557435,2022-11-12T14:19:17.435,1009.880,0.884,-0.152,0.030
1668255557475,2022-11-12T14:19:17.475,1009.920,1.006,0.000,0.152
1668255557515,2022-11-12T14:19:17.515,1009.960,0.884,-0.030,0.152
1668255557555,2022-11-12T14:19:17.555,1010.000,0.793,-0.274,0.030
1668255557595,2022-11-12T14:19:17.595,1010.040,1.006,-0.183,0.030
1668255557635,2022-11-12T14:19:17.635,1010.080,0.945,-0.030,0.122
1668255557675,2022-11-12T14:19:17.675,1010.120,0.976,-0.122,-0.030
1668255557715,2022-11-12T14:19:17.715,1010.160,0.640,-0.152,0.091
1668255557755,2022-11-12T14:19:17.755,1010.200,0.518,-0.488,-0.213
1668255557795,2022-11-12T14:19:17.795,1010.240,0.884,-0.213,-0.091
1668255557835,2022-11-12T14:19:17.835,1010.280,0.945,0.030,0.091
1668255557875,2022-11-12T14:19:17.875,1010.320,0.915,-0.152,-0.091
1668255557915,2022-11-12T14:19:17.915,1010.360,0.762,-0.183,0.030
1668255557955,2022-11-12T14:19:17.955,1010.400,0.945,-0.122,0.000
1668255557995,2022-11-12T14:19:17.995,1010.440,0.915,0.030,0.122
1668255558035,2022-11-12T14:19:18.035,1010.480,0.701,-0.183,0.152
1668255558075,2022-11-12T14:19:18.075,1010.520,0.854,-0.244,-0.061
1668255558115,2022-11-12T14:19:18.115,1010.560,0.915,-0.091,0.091
1668255558155,2022-11-12T14:19:18.155,1010.600,0.762,-0.213,0.061
1668255558195,2022-11-12T14:19:18.195,1010.640,0.823,-0.213,0.030
1668255558235,2022-11-12T14:19:18.235,1010.680,0.915,-0.122,0.000
1668255558275,2022-11-12T14:19:18.275,1010.720,0.762,-0.122,0.000
1668255558315,2022-11-12T14:19:18.315,1010.760,0.671,-0.183,0.061
1668255558355,2022-11-12T14:19:18.355,1010.800,0.640,0.061,0.091
1668255558395,2022-11-12T14:19:18.395,1010.840,0.793,0.091,0.061
1668255558435,2022-11-12T14:19:18.435,1010.880,0.945,-0.030,0.030
1668255558475,2022-11-12T14:19:18.475,1010.920,0.640,-0.366,0.122
1668255558515,2022-11-12T14:19:18.515,1010.960,0.793,-0.396,-0.091
1668255558555,2022-11-12T14:19:18.555,1011.000,0.945,-0.183,-0.061
1668255558595,2022-11-12T14:19:18.595,1011.040,0.884,-0.244,0.030
1668255558635,2022-11-12T14:19:18.635,1011.080,0.793,-0.213,0.000
1668255558675,2022-11-12T14:19:18.675,1011.120,0.671,-0.274,0.061
1668255558715,2022-11-12T14:19:18.715,1011.160,0.884,-0.152,-0.030
1668255558755,2022-11-12T14:19:18.755,1011.200,0.762,-0.152,0.122
1668255558795,2022-11-12T14:19:18.795,1011.240,0.732,-0.335,0.000
1668255558835,2022-11-12T14:19:18.835,1011.280,0.915,-0.152,-0.030
1668255558875,2022-11-12T14:19:18.875,1011.320,0.976,-0.152,0.030
1668255558915,2022-11-12T14:19:18.915,1011.360,0.854,-0.152,0.000
1668255558955,2022-11-12T14:19:18.955,1011.400,0.884,-0.244,-0.091
1668255558995,2022-11-12T14:19:18.995,1011.440,1.006,-0.213,-0.061
1668255559035,2022-11-12T14:19:19.035,1011.480,0.976,-0.152,0.030
1668255559075,2022-11-12T14:19:19.075,1011.520,0.701,-0.213,0.030
1668255559115,2022-11-12T14:19:19.115,1011.560,0.854,-0.305,-0.061
1668255559155,2022-11-12T14:19:19.155,1011.600,1.067,-0.305,-0.122
1668255559195,2022-11-12T14:19:19.195,1011.640,0.915,-0.335,0.030
1668255559235,2022-11-12T14:19:19.235,1011.680,0.488,-0.396,0.091
1668255559275,2022-11-12T14:19:19.275,1011.720,0.732,-0.305,-0.030
1668255559315,2022-11-12T14:19:19.315,1011.760,0.884,-0.091,0.122
1668255559355,2022-11-12T14:19:19.355,1011.800,0.854,-0.122,0.030
1668255559395,2022-11-12T14:19:19.395,1011.840,0.762,-0.213,0.061
1668255559435,2022-11-12T14:19:19.435,1011.880,0.762,-0.244,0.061
1668255559475,2022-11-12T14:19:19.475,1011.920,0.793,-0.274,0.030
1668255559515,2022-11-12T14:19:19.515,1011.960,0.732,-0.244,0.091
1668255559555,2022-11-12T14:19:19.555,1012.000,0.884,-0.213,0.000
1668255559595,2022-11-12T14:19:19.595,1012.040,0.823,-0.183,0.061
1668255559635,2022-11-12T14:19:19.635,1012.080,0.793,-0.213,0.030
1668255559675,2022-11-12T14:19:19.675,1012.120,0.762,-0.335,0.061
1668255559715,2022-11-12T14:19:19.715,1012.160,0.945,-0.213,0.000
1668255559755,2022-11-12T14:19:19.755,1012.200,0.915,-0.274,-0.061
1668255559795,2022-11-12T14:19:19.795,1012.240,0.732,-0.335,0.061
1668255559835,2022-11-12T14:19:19.835,1012.280,0.823,-0.213,0.000
1668255559875,2022-11-12T14:19:19.875,1012.320,0.945,-0.152,-0.061
1668255559915,2022-11-12T14:19:19.915,1012.360,0.854,-0.305,0.091
1668255559955,2022-11-12T14:19:19.955,1012.400,0.610,-0.396,0.061
1668255559995,2022-11-12T14:19:19.995,1012.440,0.640,-0.305,-0.030
1668255560035,2022-11-12T14:19:20.035,1012.480,0.823,-0.183,0.000
1668255560075,2022-11-12T14:19:20.075,1012.520,0.945,-0.305,-0.030
1668255560115,2022-11-12T14:19:20.115,1012.560,0.884,-0.366,0.000
1668255560155,2022-11-12T14:19:20.155,1012.600,0.976,-0.061,-0.061
1668255560195,2022-11-12T14:19:20.195,1012.640,0.915,-0.152,0.000
1668255560235,2022-11-12T14:19:20.235,1012.680,0.823,-0.305,0.061
1668255560275,2022-11-12T14:19:20.275,1012.720,0.915,-0.274,-0.061
1668255560315,2022-11-12T14:19:20.315,1012.760,0.732,-0.305,0.152
1668255560355,2022-11-12T14:19:20.355,1012.800,0.610,-0.274,0.152
1668255560395,2022-11-12T14:19:20.395,1012.840,0.854,-0.122,0.000
1668255560435,2022-11-12T14:19:20.435,1012.880,1.220,-0.213,-0.183
1668255560475,2022-11-12T14:19:20.475,1012.920,1.159,-0.152,-0.152
1668255560515,2022-11-12T14:19:20.515,1012.960,1.037,-0.152,0.000
1668255560555,2022-11-12T14:19:20.555,1013.000,0.945,-0.122,-0.030
1668255560595,2022-11-12T14:19:20.595,1013.040,0.854,-0.061,0.030
1668255560635,2022-11-12T14:19:20.635,1013.080,0.640,-0.335,0.091
1668255560675,2022-11-12T14:19:20.675,1013.120,0.762,-0.244,-0.152
1668255560715,2022-11-12T14:19:20.715,1013.160,0.915,-0.122,-0.061
1668255560755,2022-11-12T14:19:20.755,1013.200,0.823,-0.183,-0.030
1668255560795,2022-11-12T14:19:20.795,1013.240,0.823,-0.091,-0.030
1668255560835,2022-11-12T14:19:20.835,1013.280,0.854,-0.122,-0.030
1668255560875,2022-11-12T14:19:20.875,1013.320,0.701,-0.061,0.061
1668255560915,2022-11-12T14:19:20.915,1013.360,0.823,-0.244,0.061
1668255560955,2022-11-12T14:19:20.955,1013.400,1.006,-0.122,-0.152
1668255560995,2022-11-12T14:19:20.995,1013.440,0.854,0.000,0.030
1668255561035,2022-11-12T14:19:21.035,1013.480,1.037,-0.213,-0.091
1668255561075,2022-11-12T14:19:21.075,1013.520,1.006,-0.183,-0.122
1668255561115,2022-11-12T14:19:21.115,1013.560,0.854,-0.152,-0.030
1668255561155,2022-11-12T14:19:21.155,1013.600,0.854,-0.213,0.000
1668255561195,2022-11-12T14:19:21.195,1013.640,0.671,-0.091,0.091
1668255561235,2022-11-12T14:19:21.235,1013.680,0.823,-0.061,0.000
1668255561275,2022-11-12T14:19:21.275,1013.720,1.067,-0.061,-0.091
1668255561315,2022-11-12T14:19:21.315,1013.760,0.854,-0.183,0.061
1668255561355,2022-11-12T14:19:21.355,1013.800,0.610,-0.335,-0.030
1668255561395,2022-11-12T14:19:21.395,1013.840,0.701,-0.152,-0.061
1668255561435,2022-11-12T14:19:21.435,1013.880,0.854,-0.122,-0.030
1668255561475,2022-11-12T14:19:21.475,1013.920,0.915,-0.213,-0.030
1668255561515,2022-11-12T14:19:21.515,1013.960,0.640,-0.152,0.030
1668255561555,2022-11-12T14:19:21.555,1014.000,0.884,-0.213,-0.091
1668255561595,2022-11-12T14:19:21.595,1014.040,1.006,-0.091,0.000
1668255561635,2022-11-12T14:19:21.635,1014.080,0.762,-0.213,0.030
1668255561675,2022-11-12T14:19:21.675,1014.120,0.915,-0.244,-0.061
1668255561715,2022-11-12T14:19:21.715,1014.160,0.976,-0.030,-0.030
1668255561755,2022-11-12T14:19:21.755,1014.200,0.793,-0.213,0.030
1668255561795,2022-11-12T14:19:21.795,1014.240,0.732,-0.213,0.000
1668255561835,2022-11-12T14:19:21.835,1014.280,0.884,-0.152,0.030
1668255561875,2022-11-12T14:19:21.875,1014.320,0.823,-0.183,0.000
1668255561915,2022-11-12T14:19:21.915,1014.360,0.701,-0.244,0.030
1668255561955,2022-11-12T14:19:21.955,1014.400,0.945,-0.213,-0.061
1668255561995,2022-11-12T14:19:21.995,1014.440,1.098,-0.122,-0.152
1668255562035,2022-11-12T14:19:22.035,1014.480,1.006,-0.213,0.000
1668255562075,2022-11-12T14:19:22.075,1014.520,0.732,-0.427,0.030
1668255562115,2022-11-12T14:19:22.115,1014.560,0.854,-0.213,-0.030
1668255562155,2022-11-12T14:19:22.155,1014.600,0.945,-0.183,0.000
1668255562195,2022-11-12T14:19:22.195,1014.640,0.884,-0.152,-0.061
1668255562235,2022-11-12T14:19:22.235,1014.680,0.701,-0.183,0.122
1668255562275,2022-11-12T14:19:22.275,1014.720,0.823,-0.183,0.030
1668255562315,2022-11-12T14:19:22.315,1014.760,0.854,-0.061,-0.030
1668255562355,2022-11-12T14:19:22.355,1014.800,0.549,-0.274,0.061
1668255562395,2022-11-12T14:19:22.395,1014.840,0.640,-0.366,-0.061
1668255562435,2022-11-12T14:19:22.435,1014.880,0.793,-0.152,-0.030
1668255562475,2022-11-12T14:19:22.475,1014.920,0.701,-0.183,0.061
1668255562515,2022-11-12T14:19:22.515,1014.960,0.610,-0.213,0.000
1668255562555,2022-11-12T14:19:22.555,1015.000,0.854,-0.213,-0.030
1668255562595,2022-11-12T14:19:22.595,1015.040,1.006,-0.122,0.061
1668255562635,2022-11-12T14:19:22.635,1015.080,0.732,-0.213,0.061
1668255562675,2022-11-12T14:19:22.675,1015.120,0.610,-0.244,0.030
1668255562715,2022-11-12T14:19:22.715,1015.160,0.854,-0.183,-0.030
1668255562755,2022-11-12T14:19:22.755,1015.200,0.884,-0.183,0.000
1668255562795,2022-11-12T14:19:22.795,1015.240,0.823,-0.183,0.000
1668255562835,2022-11-12T14:19:22.835,1015.280,0.579,-0.396,0.152
1668255562875,2022-11-12T14:19:22.875,1015.320,0.640,-0.274,0.000
1668255562915,2022-11-12T14:19:22.915,1015.360,0.915,-0.183,0.000
1668255562955,2022-11-12T14:19:22.955,1015.400,0.762,-0.183,-0.030
1668255562995,2022-11-12T14:19:22.995,1015.440,0.701,-0.305,-0.030
1668255563035,2022-11-12T14:19:23.035,1015.480,0.823,-0.213,0.152
1668255563075,2022-11-12T14:19:23.075,1015.520,1.098,-0.091,0.091
1668255563115,2022-11-12T14:19:23.115,1015.560,0.854,-0.274,0.122
1668255563155,2022-11-12T14:19:23.155,1015.600,0.701,-0.366,-0.061
1668255563195,2022-11-12T14:19:23.195,1015.640,0.884,-0.213,0.030
1668255563235,2022-11-12T14:19:23.235,1015.680,0.915,-0.152,0.152
1668255563275,2022-11-12T14:19:23.275,1015.720,0.915,-0.183,0.122
1668255563315,2022-11-12T14:19:23.315,1015.760,0.945,-0.335,0.000
1668255563355,2022-11-12T14:19:23.355,1015.800,0.884,-0.244,0.122
1668255563395,2022-11-12T14:19:23.395,1015.840,0.823,-0.152,0.152
1668255563435,2022-11-12T14:19:23.435,1015.880,0.854,-0.213,-0.030
1668255563475,2022-11-12T14:19:23.475,1015.920,0.823,-0.213,-0.030
1668255563515,2022-11-12T14:19:23.515,1015.960,1.037,-0.183,-0.061
1668255563555,2022-11-12T14:19:23.555,1016.000,0.945,-0.366,0.152
1668255563595,2022-11-12T14:19:23.595,1016.040,0.701,-0.457,0.061
1668255563635,2022-11-12T14:19:23.635,1016.080,0.762,-0.274,-0.061
1668255563675,2022-11-12T14:19:23.675,1016.120,0.915,0.000,0.030
1668255563715,2022-11-12T14:19:23.715,1016.160,0.915,-0.152,0.061
1668255563755,2022-11-12T14:19:23.755,1016.200,0.671,-0.183,0.091
1668255563795,2022-11-12T14:19:23.795,1016.240,0.976,-0.091,-0.122
1668255563835,2022-11-12T14:19:23.835,1016.280,0.884,-0.122,0.091
1668255563875,2022-11-12T14:19:23.875,1016.320,0.945,-0.183,-0.061
1668255563915,2022-11-12T14:19:23.915,1016.360,1.006,-0.213,-0.122
1668255563955,2022-11-12T14:19:23.955,1016.400,1.037,-0.305,0.061
1668255563995,2022-11-12T14:19:23.995,1016.440,1.220,-0.427,-0.183
1668255564035,2022-11-12T14:19:24.035,1016.480,1.220,-0.518,-0.213
1668255564075,2022-11-12T14:19:24.075,1016.520,1.220,-0.396,-0.122
1668255564115,2022-11-12T14:19:24.115,1016.560,0.976,-0.061,0.061
1668255564155,2022-11-12T14:19:24.155,1016.600,0.793,-0.061,0.000
1668255564195,2022-11-12T14:19:24.195,1016.640,0.823,-0.030,-0.091
1668255564235,2022-11-12T14:19:24.235,1016.680,0.884,0.000,-0.030
1668255564275,2022-11-12T14:19:24.275,1016.720,0.701,-0.274,0.030
1668255564315,2022-11-12T14:19:24.315,1016.760,0.732,-0.213,-0.061
1668255564355,2022-11-12T14:19:24.355,1016.800,0.915,-0.122,0.030
1668255564395,2022-11-12T14:19:24.395,1016.840,0.854,-0.030,0.091
1668255564435,2022-11-12T14:19:24.435,1016.880,0.732,-0.183,-0.030
1668255564475,2022-11-12T14:19:24.475,1016.920,0.854,-0.183,-0.091
1668255564515,2022-11-12T14:19:24.515,1016.960,0.854,-0.061,0.030
1668255564555,2022-11-12T14:19:24.555,1017.000,0.823,-0.183,0.061
1668255564595,2022-11-12T14:19:24.595,1017.040,0.945,-0.152,-0.061
1668255564635,2022-11-12T14:19:24.635,1017.080,0.823,-0.091,0.061
1668255564675,2022-11-12T14:19:24.675,1017.120,0.732,-0.183,0.030
1668255564715,2022-11-12T14:19:24.715,1017.160,0.762,-0.122,0.000
1668255564755,2022-11-12T14:19:24.755,1017.200,0.884,-0.213,-0.122
1668255564795,2022-11-12T14:19:24.795,1017.240,0.823,-0.122,-0.030
1668255564835,2022-11-12T14:19:24.835,1017.280,0.732,-0.183,0.061
1668255564875,2022-11-12T14:19:24.875,1017.320,0.732,-0.183,0.000
1668255564915,2022-11-12T14:19:24.915,1017.360,0.945,-0.061,0.000
1668255564955,2022-11-12T14:19:24.955,1017.400,0.945,-0.152,-0.061
1668255564995,2022-11-12T14:19:24.995,1017.440,0.732,-0.152,0.061
1668255565035,2022-11-12T14:19:25.035,1017.480,0.701,-0.244,-0.030
1668255565075,2022-11-12T14:19:25.075,1017.520,0.640,-0.122,-0.091
1668255565115,2022-11-12T14:19:25.115,1017.560,0.701,-0.244,-0.274
1668255565155,2022-11-12T14:19:25.155,1017.600,0.762,-0.213,-0.091
1668255565195,2022-11-12T14:19:25.195,1017.640,0.732,-0.030,0.061
1668255565235,2022-11-12T14:19:25.235,1017.680,0.915,-0.213,-0.030
1668255565275,2022-11-12T14:19:25.275,1017.720,0.854,-0.122,0.000
1668255565315,2022-11-12T14:19:25.315,1017.760,0.793,-0.183,0.122
1668255565355,2022-11-12T14:19:25.355,1017.800,0.976,-0.305,-0.061
1668255565395,2022-11-12T14:19:25.395,1017.840,0.854,-0.244,-0.061
1668255565435,2022-11-12T14:19:25.435,1017.880,0.762,-0.183,0.061
1668255565475,2022-11-12T14:19:25.475,1017.920,0.823,-0.091,0.061
1668255565515,2022-11-12T14:19:25.515,1017.960,0.884,-0.152,-0.091
1668255565555,2022-11-12T14:19:25.555,1018.000,0.793,-0.152,0.000
1668255565595,2022-11-12T14:19:25.595,1018.040,0.854,-0.213,0.030
1668255565635,2022-11-12T14:19:25.635,1018.080,0.854,-0.152,0.061
1668255565675,2022-11-12T14:19:25.675,1018.120,1.006,-0.122,-0.030
1668255565715,2022-11-12T14:19:25.715,1018.160,1.037,-0.152,-0.061
1668255565755,2022-11-12T14:19:25.755,1018.200,0.945,-0.091,-0.091
1668255565795,2022-11-12T14:19:25.795,1018.240,0.732,-0.152,0.122
1668255565835,2022-11-12T14:19:25.835,1018.280,0.732,-0.366,0.000
1668255565875,2022-11-12T14:19:25.875,1018.320,0.976,-0.213,-0.091
1668255565915,2022-11-12T14:19:25.915,1018.360,0.915,-0.152,0.030
1668255565955,2022-11-12T14:19:25.955,1018.400,0.884,-0.183,-0.030
1668255565995,2022-11-12T14:19:25.995,1018.440,0.701,-0.244,0.030
1668255566035,2022-11-12T14:19:26.035,1018.480,1.006,-0.335,-0.030
1668255566075,2022-11-12T14:19:26.075,1018.520,0.915,-0.244,0.061
1668255566115,2022-11-12T14:19:26.115,1018.560,0.640,-0.244,0.061
1668255566155,2022-11-12T14:19:26.155,1018.600,0.976,-0.274,-0.030
1668255566195,2022-11-12T14:19:26.195,1018.640,1.037,-0.213,0.091
1668255566235,2022-11-12T14:19:26.235,1018.680,0.732,-0.213,0.030
1668255566275,2022-11-12T14:19:26.275,1018.720,0.793,-0.335,0.000
1668255566315,2022-11-12T14:19:26.315,1018.760,0.976,-0.213,0.061
1668255566355,2022-11-12T14:19:26.355,1018.800,0.823,-0.183,0.122
1668255566395,2022-11-12T14:19:26.395,1018.840,0.671,-0.396,0.000
1668255566435,2022-11-12T14:19:26.435,1018.880,0.671,-0.274,0.000
1668255566475,2022-11-12T14:19:26.475,1018.920,0.793,-0.152,0.152
1668255566515,2022-11-12T14:19:26.515,1018.960,0.793,-0.091,0.000
1668255566555,2022-11-12T14:19:26.555,1019.000,0.518,-0.213,0.183
1668255566595,2022-11-12T14:19:26.595,1019.040,0.671,-0.457,0.152
1668255566635,2022-11-12T14:19:26.635,1019.080,0.915,-0.396,-0.091
1668255566675,2022-11-12T14:19:26.675,1019.120,0.793,-0.183,0.061
1668255566715,2022-11-12T14:19:26.715,1019.160,0.915,-0.244,0.152
1668255566755,2022-11-12T14:19:26.755,1019.200,0.793,-0.335,0.122
1668255566795,2022-11-12T14:19:26.795,1019.240,0.610,-0.305,-0.030
1668255566835,2022-11-12T14:19:26.835,1019.280,0.366,-0.244,0.183
1668255566875,2022-11-12T14:19:26.875,1019.320,0.457,-0.274,0.213
1668255566915,2022-11-12T14:19:26.915,1019.360,0.884,-0.213,-0.091
1668255566955,2022-11-12T14:19:26.955,1019.400,0.793,-0.244,0.091
1668255566995,2022-11-12T14:19:26.995,1019.440,0.793,-0.274,0.183
1668255567035,2022-11-12T14:19:27.035,1019.480,1.037,-0.274,0.122
1668255567075,2022-11-12T14:19:27.075,1019.520,0.854,-0.183,0.061
1668255567115,2022-11-12T14:19:27.115,1019.560,0.854,-0.091,0.122
1668255567155,2022-11-12T14:19:27.155,1019.600,0.823,-0.061,0.091
1668255567195,2022-11-12T14:19:27.195,1019.640,0.640,0.030,0.091
1668255567235,2022-11-12T14:19:27.235,1019.680,0.915,-0.061,0.000
1668255567275,2022-11-12T14:19:27.275,1019.720,0.945,-0.305,0.091
1668255567315,2022-11-12T14:19:27.315,1019.760,0.762,-0.457,0.030
1668255567355,2022-11-12T14:19:27.355,1019.800,0.732,-0.244,-0.030
1668255567395,2022-11-12T14:19:27.395,1019.840,0.915,-0.061,0.152
1668255567435,2022-11-12T14:19:27.435,1019.880,0.976,-0.335,0.000
1668255567475,2022-11-12T14:19:27.475,1019.920,0.701,-0.335,0.000
1668255567515,2022-11-12T14:19:27.515,1019.960,0.976,-0.213,-0.091
1668255567555,2022-11-12T14:19:27.555,1020.000,0.976,-0.122,0.122
1668255567595,2022-11-12T14:19:27.595,1020.040,0.793,-0.152,-0.030
1668255567635,2022-11-12T14:19:27.635,1020.080,0.793,-0.183,-0.030
1668255567675,2022-11-12T14:19:27.675,1020.120,0.976,-0.183,0.030
1668255567715,2022-11-12T14:19:27.715,1020.160,1.037,-0.213,0.000
1668255567755,2022-11-12T14:19:27.755,1020.200,0.945,-0.213,0.000
1668255567795,2022-11-12T14:19:27.795,1020.240,1.128,-0.305,-0.244
1668255567835,2022-11-12T14:19:27.835,1020.280,0.945,-0.122,-0.061
1668255567875,2022-11-12T14:19:27.875,1020.320,0.793,-0.030,0.061
1668255567915,2022-11-12T14:19:27.915,1020.360,0.884,-0.091,-0.091
1668255567955,2022-11-12T14:19:27.955,1020.400,0.762,-0.152,0.122
1668255567995,2022-11-12T14:19:27.995,1020.440,0.793,-0.335,-0.030
1668255568035,2022-11-12T14:19:28.035,1020.480,0.854,-0.152,-0.091
1668255568075,2022-11-12T14:19:28.075,1020.520,0.915,-0.091,0.000
1668255568115,2022-11-12T14:19:28.115,1020.560,0.762,-0.152,-0.091
1668255568155,2022-11-12T14:19:28.155,1020.600,0.701,-0.152,0.030
1668255568195,2022-11-12T14:19:28.195,1020.640,0.945,-0.122,-0.061
1668255568235,2022-11-12T14:19:28.235,1020.680,0.793,-0.183,0.000
1668255568275,2022-11-12T14:19:28.275,1020.720,0.884,-0.152,-0.122
1668255568315,2022-11-12T14:19:28.315,1020.760,0.884,-0.061,-0.091
1668255568355,2022-11-12T14:19:28.355,1020.800,0.945,-0.091,0.030
1668255568395,2022-11-12T14:19:28.395,1020.840,0.884,-0.183,-0.030
1668255568435,2022-11-12T14:19:28.435,1020.880,0.793,-0.122,-0.122
1668255568475,2022-11-12T14:19:28.475,1020.920,1.006,-0.122,-0.183
1668255568515,2022-11-12T14:19:28.515,1020.960,0.945,-0.152,0.000
1668255568555,2022-11-12T14:19:28.555,1021.000,0.976,-0.183,-0.091
1668255568595,2022-11-12T14:19:28.595,1021.040,0.915,-0.183,-0.122
1668255568635,2022-11-12T14:19:28.635,1021.080,0.488,-0.305,0.183
1668255568675,2022-11-12T14:19:28.675,1021.120,0.701,-0.427,0.061
1668255568715,2022-11-12T14:19:28.715,1021.160,0.915,-0.213,-0.030
1668255568755,2022-11-12T14:19:28.755,1021.200,0.854,-0.213,-0.122
1668255568795,2022-11-12T14:19:28.795,1021.240,0.915,-0.213,-0.091
1668255568835,2022-11-12T14:19:28.835,1021.280,0.793,-0.152,0.152
1668255568875,2022-11-12T14:19:28.875,1021.320,0.854,-0.122,-0.030
1668255568915,2022-11-12T14:19:28.915,1021.360,0.793,-0.244,-0.030
1668255568955,2022-11-12T14:19:28.955,1021.400,0.793,-0.244,0.030
1668255568995,2022-11-12T14:19:28.995,1021.440,1.128,-0.244,-0.122
1668255569035,2022-11-12T14:19:29.035,1021.480,1.250,-0.305,-0.061
1668255569075,2022-11-12T14:19:29.075,1021.520,0.976,-0.244,-0.061
1668255569115,2022-11-12T14:19:29.115,1021.560,1.037,-0.366,-0.152
1668255569155,2022-11-12T14:19:29.155,1021.600,1.220,-0.213,-0.091
1668255569195,2022-11-12T14:19:29.195,1021.640,0.854,-0.152,0.061
1668255569235,2022-11-12T14:19:29.235,1021.680,0.671,-0.213,0.030
1668255569275,2022-11-12T14:19:29.275,1021.720,0.976,-0.091,-0.091
1668255569315,2022-11-12T14:19:29.315,1021.760,0.732,0.030,0.000
1668255569355,2022-11-12T14:19:29.355,1021.800,0.366,-0.213,0.183
1668255569395,2022-11-12T14:19:29.395,1021.840,0.549,-0.152,0.061
1668255569435,2022-11-12T14:19:29.435,1021.880,0.793,0.000,0.061
1668255569475,2022-11-12T14:19:29.475,1021.920,0.884,-0.122,-0.030
1668255569515,2022-11-12T14:19:29.515,1021.960,0.793,-0.305,-0.030
1668255569555,2022-11-12T14:19:29.555,1022.000,0.640,-0.213,0.213
1668255569595,2022-11-12T14:19:29.595,1022.040,0.762,0.061,0.061
1668255569635,2022-11-12T14:19:29.635,1022.080,0.732,-0.183,0.061
1668255569675,2022-11-12T14:19:29.675,1022.120,0.823,-0.244,0.000
1668255569715,2022-11-12T14:19:29.715,1022.160,0.945,-0.152,-0.061
1668255569755,2022-11-12T14:19:29.755,1022.200,0.915,-0.213,0.061
1668255569795,2022-11-12T14:19:29.795,1022.240,0.915,-0.213,-0.030
1668255569835,2022-11-12T14:19:29.835,1022.280,0.976,-0.335,-0.091
1668255569875,2022-11-12T14:19:29.875,1022.320,0.701,-0.396,0.091
1668255569915,2022-11-12T14:19:29.915,1022.360,0.457,-0.305,0.152
1668255569955,2022-11-12T14:19:29.955,1022.400,0.823,-0.061,0.061
1668255569995,2022-11-12T14:19:29.995,1022.440,1.006,-0.122,-0.091
1668255570035,2022-11-12T14:19:30.035,1022.480,0.945,-0.091,-0.061
1668255570075,2022-11-12T14:19:30.075,1022.520,0.549,-0.183,0.183
1668255570115,2022-11-12T14:19:30.115,1022.560,0.793,-0.305,0.030
1668255570155,2022-11-12T14:19:30.155,1022.600,0.976,-0.152,0.030
1668255570195,2022-11-12T14:19:30.195,1022.640,0.915,-0.152,0.030
1668255570235,2022-11-12T14:19:30.235,1022.680,0.854,-0.335,0.061
1668255570275,2022-11-12T14:19:30.275,1022.720,0.579,-0.366,0.244
1668255570315,2022-11-12T14:19:30.315,1022.760,0.884,-0.579,0.000
1668255570355,2022-11-12T14:19:30.355,1022.800,0.915,-0.549,0.244
1668255570395,2022-11-12T14:19:30.395,1022.840,1.067,-0.274,0.244
1668255570435,2022-11-12T14:19:30.435,1022.880,0.335,-0.213,0.152
1668255570475,2022-11-12T14:19:30.475,1022.920,0.518,-0.366,-0.122
1668255570515,2022-11-12T14:19:30.515,1022.960,0.854,-0.244,0.030
1668255570555,2022-11-12T14:19:30.555,1023.000,0.884,-0.122,0.213
1668255570595,2022-11-12T14:19:30.595,1023.040,0.762,-0.122,0.061
1668255570635,2022-11-12T14:19:30.635,1023.080,0.945,-0.305,-0.030
1668255570675,2022-11-12T14:19:30.675,1023.120,1.037,-0.091,0.122
1668255570715,2022-11-12T14:19:30.715,1023.160,0.884,-0.183,0.030
1668255570755,2022-11-12T14:19:30.755,1023.200,1.220,-0.396,-0.183
1668255570795,2022-11-12T14:19:30.795,1023.240,1.189,-0.427,0.061
1668255570835,2022-11-12T14:19:30.835,1023.280,0.854,-0.427,0.000
1668255570875,2022-11-12T14:19:30.875,1023.320,0.671,-0.244,-0.061
1668255570915,2022-11-12T14:19:30.915,1023.360,0.854,-0.091,0.183
1668255570955,2022-11-12T14:19:30.955,1023.400,0.884,-0.091,0.030
1668255570995,2022-11-12T14:19:30.995,1023.440,0.549,-0.244,0.122
1668255571035,2022-11-12T14:19:31.035,1023.480,0.854,-0.152,0.000
1668255571075,2022-11-12T14:19:31.075,1023.520,0.854,-0.213,0.183
1668255571115,2022-11-12T14:19:31.115,1023.560,0.793,-0.244,0.030
1668255571155,2022-11-12T14:19:31.155,1023.600,0.823,-0.030,0.000
1668255571195,2022-11-12T14:19:31.195,1023.640,0.884,-0.061,0.152
1668255571235,2022-11-12T14:19:31.235,1023.680,0.854,-0.091,0.061
1668255571275,2022-11-12T14:19:31.275,1023.720,0.854,-0.244,-0.030
1668255571315,2022-11-12T14:19:31.315,1023.760,0.945,-0.213,-0.091
1668255571355,2022-11-12T14:19:31.355,1023.800,1.098,-0.213,0.061
1668255571395,2022-11-12T14:19:31.395,1023.840,1.037,-0.091,0.061
1668255571435,2022-11-12T14:19:31.435,1023.880,0.915,-0.183,-0.061
1668255571475,2022-11-12T14:19:31.475,1023.920,0.793,-0.122,0.000
1668255571515,2022-11-12T14:19:31.515,1023.960,0.793,-0.213,0.030
1668255571555,2022-11-12T14:19:31.555,1024.000,0.915,-0.244,-0.091
1668255571595,2022-11-12T14:19:31.595,1024.040,0.915,-0.244,-0.122
1668255571635,2022-11-12T14:19:31.635,1024.080,0.854,-0.396,-0.213
1668255571675,2022-11-12T14:19:31.675,1024.120,0.823,-0.183,-0.091
1668255571715,2022-11-12T14:19:31.715,1024.160,0.945,-0.091,-0.030
1668255571755,2022-11-12T14:19:31.755,1024.200,0.945,-0.091,-0.030
1668255571795,2022-11-12T14:19:31.795,1024.240,0.854,-0.152,0.030
1668255571835,2022-11-12T14:19:31.835,1024.280,0.915,-0.183,-0.030
1668255571875,2022-11-12T14:19:31.875,1024.320,1.037,0.000,0.091
1668255571915,2022-11-12T14:19:31.915,1024.360,0.884,-0.091,0.000
1668255571955,2022-11-12T14:19:31.955,1024.400,0.793,-0.152,-0.061
1668255571995,2022-11-12T14:19:31.995,1024.440,0.854,-0.122,-0.061
1668255572035,2022-11-12T14:19:32.035,1024.480,0.884,-0.152,0.061
1668255572075,2022-11-12T14:19:32.075,1024.520,0.793,-0.091,0.030
1668255572115,2022-11-12T14:19:32.115,1024.560,0.762,-0.091,-0.122
1668255572155,2022-11-12T14:19:32.155,1024.600,0.854,-0.030,-0.091
1668255572195,2022-11-12T14:19:32.195,1024.640,0.701,-0.122,0.061
1668255572235,2022-11-12T14:19:32.235,1024.680,0.762,-0.244,-0.061
1668255572275,2022-11-12T14:19:32.275,1024.720,0.945,-0.091,0.030
1668255572315,2022-11-12T14:19:32.315,1024.760,1.006,-0.061,-0.061
1668255572355,2022-11-12T14:19:32.355,1024.800,0.701,-0.213,-0.030
1668255572395,2022-11-12T14:19:32.395,1024.840,0.793,-0.152,0.030
1668255572435,2022-11-12T14:19:32.435,1024.880,0.976,0.000,-0.061
1668255572475,2022-11-12T14:19:32.475,1024.920,0.793,-0.122,0.091
1668255572515,2022-11-12T14:19:32.515,1024.960,1.402,-0.091,-0.122
1668255572555,2022-11-12T14:19:32.555,1025.000,1.250,0.000,-0.122
1668255572595,2022-11-12T14:19:32.595,1025.040,0.701,-0.183,0.122
1668255572635,2022-11-12T14:19:32.635,1025.080,0.671,-0.305,0.061
1668255572675,2022-11-12T14:19:32.675,1025.120,0.518,-0.213,0.030
1668255572715,2022-11-12T14:19:32.715,1025.160,0.823,-0.579,0.030
1668255572755,2022-11-12T14:19:32.755,1025.200,0.793,-0.488,0.244
1668255572795,2022-11-12T14:19:32.795,1025.240,0.823,-0.366,-0.030
1668255572835,2022-11-12T14:19:32.835,1025.280,1.372,0.000,0.213
1668255572875,2022-11-12T14:19:32.875,1025.320,1.220,0.305,0.183
1668255572915,2022-11-12T14:19:32.915,1025.360,1.677,0.823,-0.305
1668255572955,2022-11-12T14:19:32.955,1025.400,1.921,0.274,-0.732
1668255572995,2022-11-12T14:19:32.995,1025.440,0.305,-0.671,0.030
1668255573035,2022-11-12T14:19:33.035,1025.480,0.183,-0.671,0.427
1668255573075,2022-11-12T14:19:33.075,1025.520,0.640,-0.671,0.610
1668255573115,2022-11-12T14:19:33.115,1025.560,0.793,-0.793,0.579
1668255573155,2022-11-12T14:19:33.155,1025.600,2.043,-0.274,-0.091
1668255573195,2022-11-12T14:19:33.195,1025.640,1.524,-0.061,0.091
1668255573235,2022-11-12T14:19:33.235,1025.680,0.823,-0.427,-0.183
1668255573275,2022-11-12T14:19:33.275,1025.720,0.518,-0.152,0.000
1668255573315,2022-11-12T14:19:33.315,1025.760,1.220,0.030,0.091
1668255573355,2022-11-12T14:19:33.355,1025.800,1.402,0.061,0.152
1668255573395,2022-11-12T14:19:33.395,1025.840,1.006,-0.213,-0.091
1668255573435,2022-11-12T14:19:33.435,1025.880,0.518,-0.366,0.061
1668255573475,2022-11-12T14:19:33.475,1025.920,0.640,-0.091,0.427
1668255573515,2022-11-12T14:19:33.515,1025.960,1.250,-0.244,0.213
1668255573555,2022-11-12T14:19:33.555,1026.000,1.098,-0.274,-0.030
1668255573595,2022-11-12T14:19:33.595,1026.040,0.762,-0.244,0.213
1668255573635,2022-11-12T14:19:33.635,1026.080,1.098,-0.396,0.152
1668255573675,2022-11-12T14:19:33.675,1026.120,0.915,-0.274,0.213
1668255573715,2022-11-12T14:19:33.715,1026.160,0.884,-0.152,0.183
1668255573755,2022-11-12T14:19:33.755,1026.200,1.159,-0.366,-0.061
1668255573795,2022-11-12T14:19:33.795,1026.240,0.640,-0.366,0.274
1668255573835,2022-11-12T14:19:33.835,1026.280,1.311,-0.183,0.000
1668255573875,2022-11-12T14:19:33.875,1026.320,1.311,0.000,0.122
1668255573915,2022-11-12T14:19:33.915,1026.360,0.793,0.122,-0.030
1668255573955,2022-11-12T14:19:33.955,1026.400,0.915,0.030,-0.427
1668255573995,2022-11-12T14:19:33.995,1026.440,0.427,-0.244,0.152
1668255574035,2022-11-12T14:19:34.035,1026.480,0.976,-0.030,0.122
1668255574075,2022-11-12T14:19:34.075,1026.520,1.463,-0.091,-0.244
1668255574115,2022-11-12T14:19:34.115,1026.560,0.701,-0.457,-0.030
1668255574155,2022-11-12T14:19:34.155,1026.600,0.823,-0.061,0.213
1668255574195,2022-11-12T14:19:34.195,1026.640,1.159,-0.122,0.061
1668255574235,2022-11-12T14:19:34.235,1026.680,0.610,-0.366,0.122
1668255574275,2022-11-12T14:19:34.275,1026.720,0.335,-0.244,0.244
1668255574315,2022-11-12T14:19:34.315,1026.760,0.793,-0.152,0.030
1668255574355,2022-11-12T14:19:34.355,1026.800,1.067,-0.122,0.030
1668255574395,2022-11-12T14:19:34.395,1026.840,1.189,0.000,-0.061
1668255574435,2022-11-12T14:19:34.435,1026.880,0.427,-0.366,0.122
1668255574475,2022-11-12T14:19:34.475,1026.920,0.488,-0.396,0.183
1668255574515,2022-11-12T14:19:34.515,1026.960,1.098,-0.030,-0.061
1668255574555,2022-11-12T14:19:34.555,1027.000,0.701,-0.091,0.091
1668255574595,2022-11-12T14:19:34.595,1027.040,0.823,-0.061,-0.152
1668255574635,2022-11-12T14:19:34.635,1027.080,1.372,0.000,-0.213
1668255574675,2022-11-12T14:19:34.675,1027.120,1.159,-0.152,-0.061
1668255574715,2022-11-12T14:19:34.715,1027.160,0.732,-0.244,-0.030
1668255574755,2022-11-12T14:19:34.755,1027.200,0.610,-0.305,-0.061
1668255574795,2022-11-12T14:19:34.795,1027.240,0.518,-0.122,0.213
1668255574835,2022-11-12T14:19:34.835,1027.280,0.793,-0.061,0.122
1668255574875,2022-11-12T14:19:34.875,1027.320,1.037,-0.091,-0.091
1668255574915,2022-11-12T14:19:34.915,1027.360,0.610,-0.152,0.061
1668255574955,2022-11-12T14:19:34.955,1027.400,0.152,-0.366,0.030
1668255574995,2022-11-12T14:19:34.995,1027.440,0.335,-0.244,0.000
1668255575035,2022-11-12T14:19:35.035,1027.480,0.640,0.122,0.305
1668255575075,2022-11-12T14:19:35.075,1027.520,0.762,0.091,0.183
1668255575115,2022-11-12T14:19:35.115,1027.560,0.701,-0.427,-0.061
1668255575155,2022-11-12T14:19:35.155,1027.600,0.884,-0.244,-0.061
1668255575195,2022-11-12T14:19:35.195,1027.640,1.067,-0.061,0.152
1668255575235,2022-11-12T14:19:35.235,1027.680,1.037,-0.152,0.030
1668255575275,2022-11-12T14:19:35.275,1027.720,1.189,-0.061,-0.091
1668255575315,2022-11-12T14:19:35.315,1027.760,1.433,0.122,0.183
1668255575355,2022-11-12T14:19:35.355,1027.800,2.043,-0.091,0.732
1668255575395,2022-11-12T14:19:35.395,1027.840,1.220,0.396,1.677
1668255575435,2022-11-12T14:19:35.435,1027.880,-0.427,0.488,0.305
1668255575475,2022-11-12T14:19:35.475,1027.920,0.488,-0.335,-0.793
1668255575515,2022-11-12T14:19:35.515,1027.960,1.280,-0.549,-0.457
1668255575555,2022-11-12T14:19:35.555,1028.000,1.098,-0.335,-0.183
1668255575595,2022-11-12T14:19:35.595,1028.040,0.305,-0.213,-0.152
1668255575635,2022-11-12T14:19:35.635,1028.080,0.335,-0.305,-0.152
1668255575675,2022-11-12T14:19:35.675,1028.120,0.701,0.183,0.091
1668255575715,2022-11-12T14:19:35.715,1028.160,1.159,0.122,0.061
1668255575755,2022-11-12T14:19:35.755,1028.200,2.165,-0.122,0.000
1668255575795,2022-11-12T14:19:35.795,1028.240,1.494,0.000,0.000
1668255575835,2022-11-12T14:19:35.835,1028.280,0.549,-0.244,-0.061
1668255575875,2022-11-12T14:19:35.875,1028.320,0.396,-0.183,0.030
1668255575915,2022-11-12T14:19:35.915,1028.360,0.854,-0.091,-0.061
1668255575955,2022-11-12T14:19:35.955,1028.400,1.128,-0.335,0.000
1668255575995,2022-11-12T14:19:35.995,1028.440,1.463,-0.671,0.213
1668255576035,2022-11-12T14:19:36.035,1028.480,1.860,-0.244,0.305
1668255576075,2022-11-12T14:19:36.075,1028.520,0.396,0.244,0.030
1668255576115,2022-11-12T14:19:36.115,1028.560,0.366,-0.396,-0.213
1668255576155,2022-11-12T14:19:36.155,1028.600,1.037,-0.061,-0.335
1668255576195,2022-11-12T14:19:36.195,1028.640,1.280,-0.061,-0.091
1668255576235,2022-11-12T14:19:36.235,1028.680,0.610,-0.305,0.030
1668255576275,2022-11-12T14:19:36.275,1028.720,0.610,-0.366,-0.274
1668255576315,2022-11-12T14:19:36.315,1028.760,0.793,-0.274,0.030
1668255576355,2022-11-12T14:19:36.355,1028.800,0.854,0.000,0.091
1668255576395,2022-11-12T14:19:36.395,1028.840,0.762,-0.091,-0.061
1668255576435,2022-11-12T14:19:36.435,1028.880,0.518,-0.152,-0.030
1668255576475,2022-11-12T14:19:36.475,1028.920,0.671,-0.091,-0.061
1668255576515,2022-11-12T14:19:36.515,1028.960,0.701,-0.305,0.122
1668255576555,2022-11-12T14:19:36.555,1029.000,0.793,-0.335,0.305
1668255576595,2022-11-12T14:19:36.595,1029.040,0.884,-0.335,0.061
1668255576635,2022-11-12T14:19:36.635,1029.080,0.793,-0.213,-0.122
1668255576675,2022-11-12T14:19:36.675,1029.120,0.640,-0.152,0.000
1668255576715,2022-11-12T14:19:36.715,1029.160,0.762,-0.152,0.000
1668255576755,2022-11-12T14:19:36.755,1029.200,0.671,-0.091,0.030
1668255576795,2022-11-12T14:19:36.795,1029.240,0.671,-0.091,0.152
1668255576835,2022-11-12T14:19:36.835,1029.280,0.915,-0.091,0.000
1668255576875,2022-11-12T14:19:36.875,1029.320,0.518,-0.122,-0.061
1668255576915,2022-11-12T14:19:36.915,1029.360,0.366,-0.488,-0.061
1668255576955,2022-11-12T14:19:36.955,1029.400,0.976,-0.335,-0.244
1668255576995,2022-11-12T14:19:36.995,1029.440,1.250,0.000,0.030
1668255577035,2022-11-12T14:19:37.035,1029.480,0.945,-0.152,-0.122
1668255577075,2022-11-12T14:19:37.075,1029.520,0.701,-0.274,-0.061
1668255577115,2022-11-12T14:19:37.115,1029.560,0.976,-0.091,0.061
1668255577155,2022-11-12T14:19:37.155,1029.600,0.945,-0.122,0.061
1668255577195,2022-11-12T14:19:37.195,1029.640,0.884,-0.366,0.061
1668255577235,2022-11-12T14:19:37.235,1029.680,0.884,-0.244,-0.030
1668255577275,2022-11-12T14:19:37.275,1029.720,0.884,-0.030,0.122
1668255577315,2022-11-12T14:19:37.315,1029.760,0.884,-0.091,-0.030
1668255577355,2022-11-12T14:19:37.355,1029.800,0.854,-0.213,-0.183
1668255577395,2022-11-12T14:19:37.395,1029.840,1.006,-0.305,-0.091
1668255577435,2022-11-12T14:19:37.435,1029.880,1.220,-0.305,0.000
1668255577475,2022-11-12T14:19:37.475,1029.920,0.915,-0.488,0.030
1668255577515,2022-11-12T14:19:37.515,1029.960,0.732,-0.396,0.030
1668255577555,2022-11-12T14:19:37.555,1030.000,0.823,0.091,0.061
1668255577595,2022-11-12T14:19:37.595,1030.040,0.915,0.030,0.000
1668255577635,2022-11-12T14:19:37.635,1030.080,0.701,-0.152,-0.030
1668255577675,2022-11-12T14:19:37.675,1030.120,0.579,-0.152,0.244
1668255577715,2022-11-12T14:19:37.715,1030.160,1.037,-0.183,0.030
1668255577755,2022-11-12T14:19:37.755,1030.200,1.037,-0.274,-0.152
1668255577795,2022-11-12T14:19:37.795,1030.240,0.762,-0.396,-0.061
1668255577835,2022-11-12T14:19:37.835,1030.280,1.037,-0.427,0.122
1668255577875,2022-11-12T14:19:37.875,1030.320,1.402,-0.091,0.061
1668255577915,2022-11-12T14:19:37.915,1030.360,0.915,0.000,0.000
1668255577955,2022-11-12T14:19:37.955,1030.400,0.762,-0.335,0.122
1668255577995,2022-11-12T14:19:37.995,1030.440,1.067,-0.091,-0.030
1668255578035,2022-11-12T14:19:38.035,1030.480,1.037,-0.030,-0.061
1668255578075,2022-11-12T14:19:38.075,1030.520,0.823,-0.213,0.122
1668255578115,2022-11-12T14:19:38.115,1030.560,1.006,-0.152,0.091
1668255578155,2022-11-12T14:19:38.155,1030.600,1.037,-0.091,0.000
1668255578195,2022-11-12T14:19:38.195,1030.640,0.854,-0.244,-0.030
1668255578235,2022-11-12T14:19:38.235,1030.680,0.762,-0.213,0.061
1668255578275,2022-11-12T14:19:38.275,1030.720,0.701,-0.183,0.152
1668255578315,2022-11-12T14:19:38.315,1030.760,1.006,-0.274,0.061
1668255578355,2022-11-12T14:19:38.355,1030.800,1.098,-0.244,-0.030
1668255578395,2022-11-12T14:19:38.395,1030.840,0.823,-0.427,0.091
1668255578435,2022-11-12T14:19:38.435,1030.880,0.457,-0.732,0.335
1668255578475,2022-11-12T14:19:38.475,1030.920,0.549,-0.671,0.000
1668255578515,2022-11-12T14:19:38.515,1030.960,0.823,-0.213,0.030
1668255578555,2022-11-12T14:19:38.555,1031.000,1.098,0.000,0.061
1668255578595,2022-11-12T14:19:38.595,1031.040,0.915,-0.152,0.030
1668255578635,2022-11-12T14:19:38.635,1031.080,0.884,-0.213,0.030
1668255578675,2022-11-12T14:19:38.675,1031.120,1.159,-0.152,-0.061
1668255578715,2022-11-12T14:19:38.715,1031.160,1.220,-0.305,0.000
1668255578755,2022-11-12T14:19:38.755,1031.200,1.006,-0.244,-0.122
1668255578795,2022-11-12T14:19:38.795,1031.240,0.396,-0.366,-0.152
1668255578835,2022-11-12T14:19:38.835,1031.280,0.061,-0.610,0.000
1668255578875,2022-11-12T14:19:38.875,1031.320,0.274,-0.488,0.000
1668255578915,2022-11-12T14:19:38.915,1031.360,0.854,-0.335,0.000
1668255578955,2022-11-12T14:19:38.955,1031.400,0.854,0.061,0.091
1668255578995,2022-11-12T14:19:38.995,1031.440,1.159,-0.030,-0.152
1668255579035,2022-11-12T14:19:39.035,1031.480,0.945,0.061,0.030
1668255579075,2022-11-12T14:19:39.075,1031.520,0.915,0.061,0.000
1668255579115,2022-11-12T14:19:39.115,1031.560,1.067,0.000,0.061
1668255579155,2022-11-12T14:19:39.155,1031.600,0.854,-0.274,0.122
1668255579195,2022-11-12T14:19:39.195,1031.640,0.793,-0.396,-0.091
1668255579235,2022-11-12T14:19:39.235,1031.680,0.701,-0.061,0.091
1668255579275,2022-11-12T14:19:39.275,1031.720,0.854,-0.061,0.091
1668255579315,2022-11-12T14:19:39.315,1031.760,0.701,-0.366,0.030
1668255579355,2022-11-12T14:19:39.355,1031.800,0.915,-0.183,-0.183
1668255579395,2022-11-12T14:19:39.395,1031.840,1.098,-0.122,-0.030
1668255579435,2022-11-12T14:19:39.435,1031.880,0.793,-0.213,0.061
1668255579475,2022-11-12T14:19:39.475,1031.920,0.884,-0.183,-0.091
1668255579515,2022-11-12T14:19:39.515,1031.960,0.976,-0.061,-0.030
1668255579555,2022-11-12T14:19:39.555,1032.000,0.640,-0.366,0.000
1668255579595,2022-11-12T14:19:39.595,1032.040,0.518,-0.244,0.000
1668255579635,2022-11-12T14:19:39.635,1032.080,0.854,-0.030,0.000
1668255579675,2022-11-12T14:19:39.675,1032.120,0.793,-0.183,0.061
1668255579715,2022-11-12T14:19:39.715,1032.160,0.884,-0.244,-0.091
1668255579755,2022-11-12T14:19:39.755,1032.200,1.037,-0.061,-0.122
1668255579795,2022-11-12T14:19:39.795,1032.240,1.037,0.091,0.000
1668255579835,2022-11-12T14:19:39.835,1032.280,0.762,-0.335,0.000
1668255579875,2022-11-12T14:19:39.875,1032.320,0.579,-0.488,-0.152
1668255579915,2022-11-12T14:19:39.915,1032.360,0.762,-0.061,0.091
1668255579955,2022-11-12T14:19:39.955,1032.400,0.945,0.030,0.030
1668255579995,2022-11-12T14:19:39.995,1032.440,0.610,-0.213,-0.061
1668255580035,2022-11-12T14:19:40.035,1032.480,0.701,-0.213,0.030
1668255580075,2022-11-12T14:19:40.075,1032.520,1.067,-0.091,-0.030
1668255580115,2022-11-12T14:19:40.115,1032.560,0.823,-0.274,0.122
1668255580155,2022-11-12T14:19:40.155,1032.600,0.701,-0.183,-0.030
1668255580195,2022-11-12T14:19:40.195,1032.640,1.006,-0.122,0.000
1668255580235,2022-11-12T14:19:40.235,1032.680,0.823,-0.030,0.152
1668255580275,2022-11-12T14:19:40.275,1032.720,0.854,-0.122,-0.122
1668255580315,2022-11-12T14:19:40.315,1032.760,1.037,-0.244,-0.305
1668255580355,2022-11-12T14:19:40.355,1032.800,1.006,-0.244,0.030
1668255580395,2022-11-12T14:19:40.395,1032.840,0.854,-0.213,0.061
1668255580435,2022-11-12T14:19:40.435,1032.880,0.671,-0.244,0.000
1668255580475,2022-11-12T14:19:40.475,1032.920,0.701,-0.183,-0.061
1668255580515,2022-11-12T14:19:40.515,1032.960,0.884,-0.183,0.122
1668255580555,2022-11-12T14:19:40.555,1033.000,0.640,-0.152,0.152
1668255580595,2022-11-12T14:19:40.595,1033.040,0.518,-0.244,-0.091
1668255580635,2022-11-12T14:19:40.635,1033.080,0.396,-0.244,-0.091
1668255580675,2022-11-12T14:19:40.675,1033.120,0.457,0.061,0.091
1668255580715,2022-11-12T14:19:40.715,1033.160,0.640,0.122,0.183
1668255580755,2022-11-12T14:19:40.755,1033.200,0.762,-0.305,-0.305
1668255580795,2022-11-12T14:19:40.795,1033.240,0.732,-0.305,-0.640
1668255580835,2022-11-12T14:19:40.835,1033.280,0.366,0.061,-0.030
1668255580875,2022-11-12T14:19:40.875,1033.320,0.427,0.030,0.091
1668255580915,2022-11-12T14:19:40.915,1033.360,0.793,-0.091,0.061
1668255580955,2022-11-12T14:19:40.955,1033.400,1.006,-0.091,0.091
1668255580995,2022-11-12T14:19:40.995,1033.440,0.915,-0.244,-0.030
1668255581035,2022-11-12T14:19:41.035,1033.480,1.159,-0.213,-0.061
1668255581075,2022-11-12T14:19:41.075,1033.520,1.189,-0.152,0.183
1668255581115,2022-11-12T14:19:41.115,1033.560,1.006,-0.305,0.061
1668255581155,2022-11-12T14:19:41.155,1033.600,1.311,-0.396,-0.335
1668255581195,2022-11-12T14:19:41.195,1033.640,1.829,-0.579,0.122
1668255581235,2022-11-12T14:19:41.235,1033.680,2.043,-0.732,0.671
1668255581275,2022-11-12T14:19:41.275,1033.720,1.768,-0.549,0.183
1668255581315,2022-11-12T14:19:41.315,1033.760,-0.152,-0.976,0.457
1668255581355,2022-11-12T14:19:41.355,1033.800,-0.488,-0.610,0.732
1668255581395,2022-11-12T14:19:41.395,1033.840,0.945,0.305,0.518
1668255581435,2022-11-12T14:19:41.435,1033.880,1.250,-0.213,-0.061
1668255581475,2022-11-12T14:19:41.475,1033.920,0.884,-0.518,-0.274
1668255581515,2022-11-12T14:19:41.515,1033.960,1.006,0.183,0.366
1668255581555,2022-11-12T14:19:41.555,1034.000,1.311,-0.122,-0.030
1668255581595,2022-11-12T14:19:41.595,1034.040,1.220,-0.396,-0.396
1668255581635,2022-11-12T14:19:41.635,1034.080,0.884,0.030,0.122
1668255581675,2022-11-12T14:19:41.675,1034.120,0.884,0.183,0.152
1668255581715,2022-11-12T14:19:41.715,1034.160,0.823,-0.030,-0.030
1668255581755,2022-11-12T14:19:41.755,1034.200,0.793,-0.244,0.061
1668255581795,2022-11-12T14:19:41.795,1034.240,1.280,-0.091,0.091
1668255581835,2022-11-12T14:19:41.835,1034.280,1.341,-0.244,-0.091
1668255581875,2022-11-12T14:19:41.875,1034.320,0.396,-0.213,-0.061
1668255581915,2022-11-12T14:19:41.915,1034.360,0.854,0.030,-0.091
1668255581955,2022-11-12T14:19:41.955,1034.400,0.976,-0.213,0.244
1668255581995,2022-11-12T14:19:41.995,1034.440,0.396,-0.305,0.152
1668255582035,2022-11-12T14:19:42.035,1034.480,0.762,-0.122,-0.061
1668255582075,2022-11-12T14:19:42.075,1034.520,1.220,-0.091,-0.152
1668255582115,2022-11-12T14:19:42.115,1034.560,0.884,-0.244,-0.030
1668255582155,2022-11-12T14:19:42.155,1034.600,0.762,-0.305,0.030
1668255582195,2022-11-12T14:19:42.195,1034.640,1.128,-0.091,-0.030
1668255582235,2022-11-12T14:19:42.235,1034.680,0.732,-0.061,0.091
1668255582275,2022-11-12T14:19:42.275,1034.720,0.762,-0.244,-0.122
1668255582315,2022-11-12T14:19:42.315,1034.760,0.671,-0.335,-0.091
1668255582355,2022-11-12T14:19:42.355,1034.800,0.488,-0.213,-0.030
1668255582395,2022-11-12T14:19:42.395,1034.840,0.549,-0.152,0.122
1668255582435,2022-11-12T14:19:42.435,1034.880,0.732,-0.061,0.091
1668255582475,2022-11-12T14:19:42.475,1034.920,0.732,-0.152,0.000
1668255582515,2022-11-12T14:19:42.515,1034.960,0.671,-0.183,0.030
1668255582555,2022-11-12T14:19:42.555,1035.000,1.220,-0.061,-0.122
1668255582595,2022-11-12T14:19:42.595,1035.040,1.220,-0.091,-0.152
1668255582635,2022-11-12T14:19:42.635,1035.080,1.220,0.000,-0.183
1668255582675,2022-11-12T14:19:42.675,1035.120,0.732,-0.549,-0.030
1668255582715,2022-11-12T14:19:42.715,1035.160,0.488,-0.701,-0.213
1668255582755,2022-11-12T14:19:42.755,1035.200,0.793,-0.122,-0.030
1668255582795,2022-11-12T14:19:42.795,1035.240,1.006,-0.061,0.152
1668255582835,2022-11-12T14:19:42.835,1035.280,0.610,-0.366,0.000
1668255582875,2022-11-12T14:19:42.875,1035.320,0.518,-0.305,-0.091
1668255582915,2022-11-12T14:19:42.915,1035.360,0.854,-0.061,0.183
1668255582955,2022-11-12T14:19:42.955,1035.400,0.335,-0.183,0.366
1668255582995,2022-11-12T14:19:42.995,1035.440,0.579,-0.396,0.061
1668255583035,2022-11-12T14:19:43.035,1035.480,0.610,-0.152,0.213
1668255583075,2022-11-12T14:19:43.075,1035.520,0.732,-0.274,0.091
1668255583115,2022-11-12T14:19:43.115,1035.560,0.488,-0.396,0.000
1668255583155,2022-11-12T14:19:43.155,1035.600,0.793,-0.091,0.061
1668255583195,2022-11-12T14:19:43.195,1035.640,0.854,0.244,-0.152
1668255583235,2022-11-12T14:19:43.235,1035.680,0.457,-0.030,-0.030
1668255583275,2022-11-12T14:19:43.275,1035.720,0.671,-0.213,0.183
1668255583315,2022-11-12T14:19:43.315,1035.760,0.945,0.000,0.122
1668255583355,2022-11-12T14:19:43.355,1035.800,0.671,-0.244,0.152
1668255583395,2022-11-12T14:19:43.395,1035.840,0.579,-0.366,0.061
1668255583435,2022-11-12T14:19:43.435,1035.880,0.762,-0.183,0.030
1668255583475,2022-11-12T14:19:43.475,1035.920,1.006,-0.091,0.061
1668255583515,2022-11-12T14:19:43.515,1035.960,0.762,-0.183,-0.030
1668255583555,2022-11-12T14:19:43.555,1036.000,0.610,-0.274,0.152
1668255583595,2022-11-12T14:19:43.595,1036.040,0.915,0.061,0.091
1668255583635,2022-11-12T14:19:43.635,1036.080,0.976,-0.183,0.030
1668255583675,2022-11-12T14:19:43.675,1036.120,0.762,-0.366,-0.061
1668255583715,2022-11-12T14:19:43.715,1036.160,0.854,-0.183,0.030
1668255583755,2022-11-12T14:19:43.755,1036.200,0.884,-0.152,0.091
1668255583795,2022-11-12T14:19:43.795,1036.240,0.823,-0.335,0.030
1668255583835,2022-11-12T14:19:43.835,1036.280,0.671,-0.274,0.122
1668255583875,2022-11-12T14:19:43.875,1036.320,1.006,-0.183,0.000
1668255583915,2022-11-12T14:19:43.915,1036.360,1.128,-0.183,-0.091
1668255583955,2022-11-12T14:19:43.955,1036.400,0.945,-0.213,-0.030
1668255583995,2022-11-12T14:19:43.995,1036.440,0.945,-0.274,0.061
1668255584035,2022-11-12T14:19:44.035,1036.480,0.823,-0.335,0.122
1668255584075,2022-11-12T14:19:44.075,1036.520,0.823,-0.427,-0.213
1668255584115,2022-11-12T14:19:44.115,1036.560,0.945,-0.152,-0.091
1668255584155,2022-11-12T14:19:44.155,1036.600,1.037,-0.030,0.000
1668255584195,2022-11-12T14:19:44.195,1036.640,0.762,-0.244,-0.091
1668255584235,2022-11-12T14:19:44.235,1036.680,0.671,-0.244,-0.122
1668255584275,2022-11-12T14:19:44.275,1036.720,0.915,-0.122,-0.030
1668255584315,2022-11-12T14:19:44.315,1036.760,0.854,-0.305,0.061
1668255584355,2022-11-12T14:19:44.355,1036.800,0.884,-0.305,-0.122
1668255584395,2022-11-12T14:19:44.395,1036.840,0.823,-0.244,-0.061
1668255584435,2022-11-12T14:19:44.435,1036.880,0.884,-0.274,-0.152
1668255584475,2022-11-12T14:19:44.475,1036.920,1.098,-0.213,-0.213
1668255584515,2022-11-12T14:19:44.515,1036.960,0.793,0.000,-0.030
1668255584555,2022-11-12T14:19:44.555,1037.000,0.335,-0.152,0.000
1668255584595,2022-11-12T14:19:44.595,1037.040,0.610,-0.213,-0.122
1668255584635,2022-11-12T14:19:44.635,1037.080,0.945,-0.061,0.000
1668255584675,2022-11-12T14:19:44.675,1037.120,0.640,-0.335,0.122
1668255584715,2022-11-12T14:19:44.715,1037.160,0.518,-0.274,-0.335
1668255584755,2022-11-12T14:19:44.755,1037.200,-0.671,0.335,-0.793
1668255584795,2022-11-12T14:19:44.795,1037.240,-0.457,-0.183,-0.213
1668255584835,2022-11-12T14:19:44.835,1037.280,0.701,0.152,0.396
1668255584875,2022-11-12T14:19:44.875,1037.320,1.037,0.061,0.183
1668255584915,2022-11-12T14:19:44.915,1037.360,1.006,-0.152,-0.061
1668255584955,2022-11-12T14:19:44.955,1037.400,1.067,-0.183,0.030
1668255584995,2022-11-12T14:19:44.995,1037.440,1.128,-0.122,-0.061
1668255585035,2022-11-12T14:19:45.035,1037.480,0.976,-0.183,-0.122
1668255585075,2022-11-12T14:19:45.075,1037.520,0.701,-0.122,0.030
1668255585115,2022-11-12T14:19:45.115,1037.560,0.701,-0.061,0.061
1668255585155,2022-11-12T14:19:45.155,1037.600,0.854,-0.305,-0.152
1668255585195,2022-11-12T14:19:45.195,1037.640,1.037,-0.305,-0.213
1668255585235,2022-11-12T14:19:45.235,1037.680,1.067,-0.213,0.030
1668255585275,2022-11-12T14:19:45.275,1037.720,1.159,-0.091,-0.152
1668255585315,2022-11-12T14:19:45.315,1037.760,1.128,-0.091,-0.091
1668255585355,2022-11-12T14:19:45.355,1037.800,0.671,-0.152,0.122
1668255585395,2022-11-12T14:19:45.395,1037.840,0.640,-0.061,-0.091
1668255585435,2022-11-12T14:19:45.435,1037.880,0.640,-0.122,-0.213
1668255585475,2022-11-12T14:19:45.475,1037.920,0.671,-0.061,-0.152
1668255585515,2022-11-12T14:19:45.515,1037.960,0.793,0.000,-0.030
1668255585555,2022-11-12T14:19:45.555,1038.000,0.762,-0.122,0.030
1668255585595,2022-11-12T14:19:45.595,1038.040,0.945,0.000,-0.030
1668255585635,2022-11-12T14:19:45.635,1038.080,0.915,-0.213,0.061
1668255585675,2022-11-12T14:19:45.675,1038.120,0.976,-0.122,-0.030
1668255585715,2022-11-12T14:19:45.715,1038.160,0.976,0.030,0.000
1668255585755,2022-11-12T14:19:45.755,1038.200,0.701,-0.061,0.000
1668255585795,2022-11-12T14:19:45.795,1038.240,0.945,-0.213,-0.061
1668255585835,2022-11-12T14:19:45.835,1038.280,0.915,-0.030,0.091
1668255585875,2022-11-12T14:19:45.875,1038.320,0.945,-0.183,0.030
1668255585915,2022-11-12T14:19:45.915,1038.360,0.945,-0.274,-0.030
1668255585955,2022-11-12T14:19:45.955,1038.400,0.854,0.000,0.030
1668255585995,2022-11-12T14:19:45.995,1038.440,1.006,0.030,-0.061
1668255586035,2022-11-12T14:19:46.035,1038.480,0.884,-0.213,0.091
1668255586075,2022-11-12T14:19:46.075,1038.520,0.579,-0.305,-0.030
1668255586115,2022-11-12T14:19:46.115,1038.560,0.793,-0.152,-0.122
1668255586155,2022-11-12T14:19:46.155,1038.600,0.762,-0.152,0.122
1668255586195,2022-11-12T14:19:46.195,1038.640,0.854,-0.183,-0.061
1668255586235,2022-11-12T14:19:46.235,1038.680,0.762,-0.213,-0.030
1668255586275,2022-11-12T14:19:46.275,1038.720,0.854,-0.183,-0.030
1668255586315,2022-11-12T14:19:46.315,1038.760,0.945,-0.122,0.030
1668255586355,2022-11-12T14:19:46.355,1038.800,0.793,-0.183,-0.030
1668255586395,2022-11-12T14:19:46.395,1038.840,0.915,-0.244,-0.061
1668255586435,2022-11-12T14:19:46.435,1038.880,1.037,-0.061,0.030
1668255586475,2022-11-12T14:19:46.475,1038.920,1.037,-0.122,-0.030
1668255586515,2022-11-12T14:19:46.515,1038.960,0.793,-0.152,-0.030
1668255586555,2022-11-12T14:19:46.555,1039.000,0.701,-0.122,0.000
1668255586595,2022-11-12T14:19:46.595,1039.040,0.915,-0.183,0.030
1668255586635,2022-11-12T14:19:46.635,1039.080,0.823,-0.152,0.000
1668255586675,2022-11-12T14:19:46.675,1039.120,0.549,-0.183,0.061
1668255586715,2022-11-12T14:19:46.715,1039.160,1.006,-0.213,-0.061
1668255586755,2022-11-12T14:19:46.755,1039.200,1.159,-0.152,-0.122
1668255586795,2022-11-12T14:19:46.795,1039.240,0.823,-0.122,0.061
1668255586835,2022-11-12T14:19:46.835,1039.280,0.610,-0.274,0.030
1668255586875,2022-11-12T14:19:46.875,1039.320,0.732,-0.152,-0.030
1668255586915,2022-11-12T14:19:46.915,1039.360,0.976,-0.122,-0.091
1668255586955,2022-11-12T14:19:46.955,1039.400,0.854,-0.091,-0.091
1668255586995,2022-11-12T14:19:46.995,1039.440,0.640,-0.061,0.091
1668255587035,2022-11-12T14:19:47.035,1039.480,0.762,-0.244,0.000
1668255587075,2022-11-12T14:19:47.075,1039.520,0.884,-0.061,-0.030
1668255587115,2022-11-12T14:19:47.115,1039.560,0.732,-0.091,0.061
1668255587155,2022-11-12T14:19:47.155,1039.600,0.884,-0.274,-0.122
1668255587195,2022-11-12T14:19:47.195,1039.640,0.915,-0.152,0.030
1668255587235,2022-11-12T14:19:47.235,1039.680,0.793,-0.061,0.061
1668255587275,2022-11-12T14:19:47.275,1039.720,0.671,-0.244,0.061
1668255587315,2022-11-12T14:19:47.315,1039.760,1.098,-0.244,-0.030
1668255587355,2022-11-12T14:19:47.355,1039.800,0.976,-0.091,0.030
1668255587395,2022-11-12T14:19:47.395,1039.840,0.671,-0.305,0.000
1668255587435,2022-11-12T14:19:47.435,1039.880,0.945,-0.427,-0.152
1668255587475,2022-11-12T14:19:47.475,1039.920,1.098,-0.244,-0.061
1668255587515,2022-11-12T14:19:47.515,1039.960,0.701,-0.091,0.183
1668255587555,2022-11-12T14:19:47.555,1040.000,0.854,-0.122,0.183
1668255587595,2022-11-12T14:19:47.595,1040.040,1.128,0.030,0.000
1668255587635,2022-11-12T14:19:47.635,1040.080,1.006,0.000,-0.030
1668255587675,2022-11-12T14:19:47.675,1040.120,0.671,-0.274,-0.030
1668255587715,2022-11-12T14:19:47.715,1040.160,0.884,-0.366,-0.366
1668255587755,2022-11-12T14:19:47.755,1040.200,0.823,0.000,0.000
1668255587795,2022-11-12T14:19:47.795,1040.240,0.823,-0.091,0.061
1668255587835,2022-11-12T14:19:47.835,1040.280,0.884,-0.305,0.000
1668255587875,2022-11-12T14:19:47.875,1040.320,0.671,-0.244,0.030
1668255587915,2022-11-12T14:19:47.915,1040.360,0.701,-0.122,0.000
1668255587955,2022-11-12T14:19:47.955,1040.400,0.854,-0.244,0.061
1668255587995,2022-11-12T14:19:47.995,1040.440,1.006,-0.274,-0.030
1668255588035,2022-11-12T14:19:48.035,1040.480,0.884,-0.244,0.030
1668255588075,2022-11-12T14:19:48.075,1040.520,0.732,-0.244,0.091
1668255588115,2022-11-12T14:19:48.115,1040.560,0.915,-0.274,0.030
1668255588155,2022-11-12T14:19:48.155,1040.600,1.067,-0.305,0.000
1668255588195,2022-11-12T14:19:48.195,1040.640,0.976,-0.213,0.000
1668255588235,2022-11-12T14:19:48.235,1040.680,0.762,-0.122,0.030
1668255588275,2022-11-12T14:19:48.275,1040.720,0.976,-0.213,0.000
1668255588315,2022-11-12T14:19:48.315,1040.760,1.189,-0.305,0.030
1668255588355,2022-11-12T14:19:48.355,1040.800,1.220,-0.366,-0.061
1668255588395,2022-11-12T14:19:48.395,1040.840,1.006,-0.244,0.000
1668255588435,2022-11-12T14:19:48.435,1040.880,0.915,-0.213,0.000
1668255588475,2022-11-12T14:19:48.475,1040.920,0.884,-0.213,-0.091
1668255588515,2022-11-12T14:19:48.515,1040.960,0.640,-0.274,0.183
1668255588555,2022-11-12T14:19:48.555,1041.000,0.427,-0.335,0.061
1668255588595,2022-11-12T14:19:48.595,1041.040,0.457,-0.305,0.000
1668255588635,2022-11-12T14:19:48.635,1041.080,0.915,-0.244,0.030
1668255588675,2022-11-12T14:19:48.675,1041.120,0.976,-0.152,0.030
1668255588715,2022-11-12T14:19:48.715,1041.160,0.640,-0.274,0.030
1668255588755,2022-11-12T14:19:48.755,1041.200,0.854,-0.335,-0.061
1668255588795,2022-11-12T14:19:48.795,1041.240,0.945,-0.305,0.122
1668255588835,2022-11-12T14:19:48.835,1041.280,1.037,-0.274,0.000
1668255588875,2022-11-12T14:19:48.875,1041.320,1.006,-0.244,-0.030
1668255588915,2022-11-12T14:19:48.915,1041.360,0.915,-0.366,0.061
1668255588955,2022-11-12T14:19:48.955,1041.400,0.823,-0.457,0.000
1668255588995,2022-11-12T14:19:48.995,1041.440,0.640,-0.366,0.030
1668255589035,2022-11-12T14:19:49.035,1041.480,0.823,-0.061,0.000
1668255589075,2022-11-12T14:19:49.075,1041.520,0.793,-0.152,0.000
1668255589115,2022-11-12T14:19:49.115,1041.560,0.610,-0.213,0.091
1668255589155,2022-11-12T14:19:49.155,1041.600,0.854,-0.152,-0.061
1668255589195,2022-11-12T14:19:49.195,1041.640,0.884,-0.091,-0.061
1668255589235,2022-11-12T14:19:49.235,1041.680,0.823,-0.061,-0.030
1668255589275,2022-11-12T14:19:49.275,1041.720,0.884,-0.122,-0.091
1668255589315,2022-11-12T14:19:49.315,1041.760,0.793,-0.305,0.030
1668255589355,2022-11-12T14:19:49.355,1041.800,0.701,-0.274,-0.061
1668255589395,2022-11-12T14:19:49.395,1041.840,0.762,-0.061,-0.061
1668255589435,2022-11-12T14:19:49.435,1041.880,0.854,-0.091,-0.061
1668255589475,2022-11-12T14:19:49.475,1041.920,0.701,-0.091,-0.091
1668255589515,2022-11-12T14:19:49.515,1041.960,0.701,-0.122,0.061
1668255589555,2022-11-12T14:19:49.555,1042.000,1.037,-0.152,-0.122
1668255589595,2022-11-12T14:19:49.595,1042.040,0.854,-0.183,-0.030
1668255589635,2022-11-12T14:19:49.635,1042.080,0.884,-0.122,-0.091
1668255589675,2022-11-12T14:19:49.675,1042.120,0.732,-0.122,-0.030
1668255589715,2022-11-12T14:19:49.715,1042.160,0.793,-0.091,0.061
1668255589755,2022-11-12T14:19:49.755,1042.200,0.762,-0.091,0.030
1668255589795,2022-11-12T14:19:49.795,1042.240,0.793,-0.122,-0.091
1668255589835,2022-11-12T14:19:49.835,1042.280,0.823,-0.030,-0.091
1668255589875,2022-11-12T14:19:49.875,1042.320,0.823,-0.152,0.000
1668255589915,2022-11-12T14:19:49.915,1042.360,0.732,-0.213,-0.030
1668255589955,2022-11-12T14:19:49.955,1042.400,0.884,-0.122,-0.091
1668255589995,2022-11-12T14:19:49.995,1042.440,0.884,0.030,-0.030
1668255590035,2022-11-12T14:19:50.035,1042.480,0.945,-0.122,-0.122
1668255590075,2022-11-12T14:19:50.075,1042.520,0.183,-0.488,0.274
1668255590115,2022-11-12T14:19:50.115,1042.560,-0.579,-0.518,0.305
1668255590155,2022-11-12T14:19:50.155,1042.600,0.335,-0.030,0.183
1668255590195,2022-11-12T14:19:50.195,1042.640,1.250,0.030,-0.030
1668255590235,2022-11-12T14:19:50.235,1042.680,1.037,-0.183,-0.244
1668255590275,2022-11-12T14:19:50.275,1042.720,0.915,-0.183,-0.122
1668255590315,2022-11-12T14:19:50.315,1042.760,1.341,-0.091,-0.183
1668255590355,2022-11-12T14:19:50.355,1042.800,0.976,-0.152,-0.061
1668255590395,2022-11-12T14:19:50.395,1042.840,0.762,-0.213,-0.030
1668255590435,2022-11-12T14:19:50.435,1042.880,0.823,-0.152,-0.061
1668255590475,2022-11-12T14:19:50.475,1042.920,0.579,-0.061,-0.091
1668255590515,2022-11-12T14:19:50.515,1042.960,0.518,-0.366,-0.213
1668255590555,2022-11-12T14:19:50.555,1043.000,0.976,-0.091,-0.061
1668255590595,2022-11-12T14:19:50.595,1043.040,1.250,0.000,-0.122
1668255590635,2022-11-12T14:19:50.635,1043.080,1.128,-0.366,-0.183
1668255590675,2022-11-12T14:19:50.675,1043.120,0.610,-0.366,0.061
1668255590715,2022-11-12T14:19:50.715,1043.160,0.305,-0.183,0.213
1668255590755,2022-11-12T14:19:50.755,1043.200,0.457,-0.244,0.122
1668255590795,2022-11-12T14:19:50.795,1043.240,0.640,-0.335,0.000
1668255590835,2022-11-12T14:19:50.835,1043.280,0.793,-0.183,-0.122
1668255590875,2022-11-12T14:19:50.875,1043.320,0.732,-0.152,-0.061
1668255590915,2022-11-12T14:19:50.915,1043.360,0.457,-0.396,0.030
1668255590955,2022-11-12T14:19:50.955,1043.400,0.457,-0.305,0.000
1668255590995,2022-11-12T14:19:50.995,1043.440,0.793,-0.152,0.091
1668255591035,2022-11-12T14:19:51.035,1043.480,0.976,0.000,0.000
1668255591075,2022-11-12T14:19:51.075,1043.520,0.793,-0.061,-0.030
1668255591115,2022-11-12T14:19:51.115,1043.560,0.854,-0.183,0.091
1668255591155,2022-11-12T14:19:51.155,1043.600,1.463,0.091,-0.091
1668255591195,2022-11-12T14:19:51.195,1043.640,1.341,0.091,0.000
1668255591235,2022-11-12T14:19:51.235,1043.680,0.671,-0.244,0.000
1668255591275,2022-11-12T14:19:51.275,1043.720,0.671,-0.183,0.030
1668255591315,2022-11-12T14:19:51.315,1043.760,0.793,-0.091,0.122
1668255591355,2022-11-12T14:19:51.355,1043.800,0.579,-0.183,0.122
1668255591395,2022-11-12T14:19:51.395,1043.840,0.793,-0.244,-0.030
1668255591435,2022-11-12T14:19:51.435,1043.880,1.067,-0.122,0.030
1668255591475,2022-11-12T14:19:51.475,1043.920,0.915,-0.091,0.030
1668255591515,2022-11-12T14:19:51.515,1043.960,0.793,-0.183,-0.030
1668255591555,2022-11-12T14:19:51.555,1044.000,0.945,-0.091,0.061
1668255591595,2022-11-12T14:19:51.595,1044.040,0.915,-0.061,-0.030
1668255591635,2022-11-12T14:19:51.635,1044.080,0.762,-0.183,-0.030
1668255591675,2022-11-12T14:19:51.675,1044.120,0.762,-0.152,0.030
1668255591715,2022-11-12T14:19:51.715,1044.160,1.128,0.030,-0.091
1668255591755,2022-11-12T14:19:51.755,1044.200,0.915,-0.122,0.030
1668255591795,2022-11-12T14:19:51.795,1044.240,0.610,-0.488,0.030
1668255591835,2022-11-12T14:19:51.835,1044.280,0.793,-0.366,-0.091
1668255591875,2022-11-12T14:19:51.875,1044.320,0.884,-0.152,0.061
1668255591915,2022-11-12T14:19:51.915,1044.360,0.793,-0.152,-0.030
1668255591955,2022-11-12T14:19:51.955,1044.400,0.701,-0.213,0.061
1668255591995,2022-11-12T14:19:51.995,1044.440,0.945,-0.183,0.061
1668255592035,2022-11-12T14:19:52.035,1044.480,1.128,-0.183,-0.091
1668255592075,2022-11-12T14:19:52.075,1044.520,0.976,-0.335,-0.061
1668255592115,2022-11-12T14:19:52.115,1044.560,0.884,-0.244,-0.061
1668255592155,2022-11-12T14:19:52.155,1044.600,0.854,-0.274,0.061
1668255592195,2022-11-12T14:19:52.195,1044.640,0.732,-0.213,0.061
1668255592235,2022-11-12T14:19:52.235,1044.680,0.701,-0.152,0.061
1668255592275,2022-11-12T14:19:52.275,1044.720,0.793,-0.305,0.000
1668255592315,2022-11-12T14:19:52.315,1044.760,0.823,-0.366,0.061
1668255592355,2022-11-12T14:19:52.355,1044.800,1.037,-0.122,0.030
1668255592395,2022-11-12T14:19:52.395,1044.840,1.037,-0.213,-0.091
1668255592435,2022-11-12T14:19:52.435,1044.880,0.823,-0.305,-0.030
1668255592475,2022-11-12T14:19:52.475,1044.920,0.671,-0.274,0.122
1668255592515,2022-11-12T14:19:52.515,1044.960,0.640,-0.213,0.183
1668255592555,2022-11-12T14:19:52.555,1045.000,0.976,-0.183,0.000
1668255592595,2022-11-12T14:19:52.595,1045.040,1.067,-0.274,-0.183
1668255592635,2022-11-12T14:19:52.635,1045.080,0.884,-0.183,-0.061
1668255592675,2022-11-12T14:19:52.675,1045.120,0.823,-0.305,0.030
1668255592715,2022-11-12T14:19:52.715,1045.160,0.884,-0.305,-0.061
1668255592755,2022-11-12T14:19:52.755,1045.200,1.006,-0.244,-0.061
1668255592795,2022-11-12T14:19:52.795,1045.240,1.037,-0.213,-0.061
1668255592835,2022-11-12T14:19:52.835,1045.280,0.762,-0.366,0.030
1668255592875,2022-11-12T14:19:52.875,1045.320,0.976,-0.457,0.030
1668255592915,2022-11-12T14:19:52.915,1045.360,1.098,-0.244,-0.091
1668255592955,2022-11-12T14:19:52.955,1045.400,1.006,-0.183,-0.030
1668255592995,2022-11-12T14:19:52.995,1045.440,1.037,-0.305,-0.091
1668255593035,2022-11-12T14:19:53.035,1045.480,0.732,-0.213,0.122
1668255593075,2022-11-12T14:19:53.075,1045.520,0.762,-0.152,0.152
1668255593115,2022-11-12T14:19:53.115,1045.560,0.823,-0.183,-0.030
1668255593155,2022-11-12T14:19:53.155,1045.600,0.854,-0.183,0.030
1668255593195,2022-11-12T14:19:53.195,1045.640,0.945,-0.091,0.061
1668255593235,2022-11-12T14:19:53.235,1045.680,0.976,-0.183,0.030
1668255593275,2022-11-12T14:19:53.275,1045.720,0.945,-0.183,0.000
1668255593315,2022-11-12T14:19:53.315,1045.760,0.915,-0.122,0.030
1668255593355,2022-11-12T14:19:53.355,1045.800,0.854,-0.030,0.122
1668255593395,2022-11-12T14:19:53.395,1045.840,0.701,-0.030,0.030
1668255593435,2022-11-12T14:19:53.435,1045.880,0.854,-0.030,-0.213
1668255593475,2022-11-12T14:19:53.475,1045.920,0.823,-0.061,-0.091
1668255593515,2022-11-12T14:19:53.515,1045.960,0.762,-0.274,0.000
1668255593555,2022-11-12T14:19:53.555,1046.000,0.793,-0.152,-0.061
1668255593595,2022-11-12T14:19:53.595,1046.040,0.884,-0.122,-0.091
1668255593635,2022-11-12T14:19:53.635,1046.080,0.884,-0.061,-0.061
1668255593675,2022-11-12T14:19:53.675,1046.120,0.732,-0.122,0.030
1668255593715,2022-11-12T14:19:53.715,1046.160,0.976,-0.213,-0.091
1668255593755,2022-11-12T14:19:53.755,1046.200,0.884,-0.061,0.030
1668255593795,2022-11-12T14:19:53.795,1046.240,0.762,-0.152,0.000
1668255593835,2022-11-12T14:19:53.835,1046.280,0.976,-0.183,-0.122
1668255593875,2022-11-12T14:19:53.875,1046.320,0.762,-0.061,0.091
1668255593915,2022-11-12T14:19:53.915,1046.360,0.701,-0.183,0.030
1668255593955,2022-11-12T14:19:53.955,1046.400,0.823,-0.183,0.000
1668255593995,2022-11-12T14:19:53.995,1046.440,0.854,-0.091,0.030
1668255594035,2022-11-12T14:19:54.035,1046.480,0.854,-0.122,-0.030
1668255594075,2022-11-12T14:19:54.075,1046.520,0.732,-0.183,-0.030
1668255594115,2022-11-12T14:19:54.115,1046.560,0.732,-0.183,0.061
1668255594155,2022-11-12T14:19:54.155,1046.600,0.884,-0.183,-0.061
1668255594195,2022-11-12T14:19:54.195,1046.640,0.915,-0.183,-0.091
1668255594235,2022-11-12T14:19:54.235,1046.680,0.854,-0.030,-0.152
1668255594275,2022-11-12T14:19:54.275,1046.720,0.549,-0.061,-0.213
1668255594315,2022-11-12T14:19:54.315,1046.760,0.030,-0.518,-0.305
1668255594355,2022-11-12T14:19:54.355,1046.800,0.732,-0.274,-0.122
1668255594395,2022-11-12T14:19:54.395,1046.840,1.067,0.030,0.152
1668255594435,2022-11-12T14:19:54.435,1046.880,0.823,-0.274,-0.030
1668255594475,2022-11-12T14:19:54.475,1046.920,0.640,-0.274,0.030
1668255594515,2022-11-12T14:19:54.515,1046.960,1.098,-0.244,0.000
1668255594555,2022-11-12T14:19:54.555,1047.000,0.884,-0.122,0.030
1668255594595,2022-11-12T14:19:54.595,1047.040,0.518,-0.122,0.091
1668255594635,2022-11-12T14:19:54.635,1047.080,0.976,-0.183,-0.091
1668255594675,2022-11-12T14:19:54.675,1047.120,1.159,-0.030,-0.030
1668255594715,2022-11-12T14:19:54.715,1047.160,0.854,-0.183,0.000
1668255594755,2022-11-12T14:19:54.755,1047.200,0.640,-0.152,0.030
1668255594795,2022-11-12T14:19:54.795,1047.240,0.945,-0.152,-0.061
1668255594835,2022-11-12T14:19:54.835,1047.280,0.854,-0.122,-0.030
1668255594875,2022-11-12T14:19:54.875,1047.320,0.640,-0.091,0.000
1668255594915,2022-11-12T14:19:54.915,1047.360,0.823,-0.183,-0.030
1668255594955,2022-11-12T14:19:54.955,1047.400,0.793,-0.213,0.091
1668255594995,2022-11-12T14:19:54.995,1047.440,0.945,-0.152,0.000
1668255595035,2022-11-12T14:19:55.035,1047.480,0.884,-0.122,-0.030
1668255595075,2022-11-12T14:19:55.075,1047.520,0.945,-0.091,-0.122
1668255595115,2022-11-12T14:19:55.115,1047.560,0.854,-0.091,0.030
1668255595155,2022-11-12T14:19:55.155,1047.600,0.701,-0.244,0.000
1668255595195,2022-11-12T14:19:55.195,1047.640,0.854,-0.244,-0.183
1668255595235,2022-11-12T14:19:55.235,1047.680,0.945,-0.122,-0.030
1668255595275,2022-11-12T14:19:55.275,1047.720,0.854,-0.183,0.000
1668255595315,2022-11-12T14:19:55.315,1047.760,0.671,-0.244,0.030
1668255595355,2022-11-12T14:19:55.355,1047.800,0.762,-0.152,0.061
1668255595395,2022-11-12T14:19:55.395,1047.840,0.945,-0.061,0.000
1668255595435,2022-11-12T14:19:55.435,1047.880,0.854,-0.183,0.030
1668255595475,2022-11-12T14:19:55.475,1047.920,0.915,-0.244,-0.061
1668255595515,2022-11-12T14:19:55.515,1047.960,0.884,-0.122,0.030
1668255595555,2022-11-12T14:19:55.555,1048.000,0.762,-0.152,0.061
1668255595595,2022-11-12T14:19:55.595,1048.040,0.793,-0.244,0.000
1668255595635,2022-11-12T14:19:55.635,1048.080,0.884,-0.061,0.061
1668255595675,2022-11-12T14:19:55.675,1048.120,0.793,-0.091,-0.030
1668255595715,2022-11-12T14:19:55.715,1048.160,0.457,-0.183,-0.091
1668255595755,2022-11-12T14:19:55.755,1048.200,0.579,-0.183,-0.061
1668255595795,2022-11-12T14:19:55.795,1048.240,0.823,-0.122,0.061
1668255595835,2022-11-12T14:19:55.835,1048.280,0.701,-0.305,0.000
1668255595875,2022-11-12T14:19:55.875,1048.320,0.884,-0.335,0.061
1668255595915,2022-11-12T14:19:55.915,1048.360,1.220,-0.061,0.122
1668255595955,2022-11-12T14:19:55.955,1048.400,0.884,-0.213,0.122
1668255595995,2022-11-12T14:19:55.995,1048.440,0.823,-0.457,-0.183
1668255596035,2022-11-12T14:19:56.035,1048.480,1.037,-0.244,0.000
1668255596075,2022-11-12T14:19:56.075,1048.520,1.341,-0.030,0.061
1668255596115,2022-11-12T14:19:56.115,1048.560,1.280,-0.213,-0.030
1668255596155,2022-11-12T14:19:56.155,1048.600,0.793,-0.335,0.274
1668255596195,2022-11-12T14:19:56.195,1048.640,0.610,-0.213,0.335
1668255596235,2022-11-12T14:19:56.235,1048.680,0.457,-0.274,0.122
1668255596275,2022-11-12T14:19:56.275,1048.720,0.366,-0.396,-0.030
1668255596315,2022-11-12T14:19:56.315,1048.760,0.884,-0.274,-0.183
1668255596355,2022-11-12T14:19:56.355,1048.800,0.945,-0.152,0.061
1668255596395,2022-11-12T14:19:56.395,1048.840,0.823,-0.366,0.000
1668255596435,2022-11-12T14:19:56.435,1048.880,0.915,-0.427,-0.091
1668255596475,2022-11-12T14:19:56.475,1048.920,1.280,-0.366,-0.183
1668255596515,2022-11-12T14:19:56.515,1048.960,1.159,-0.122,-0.091
1668255596555,2022-11-12T14:19:56.555,1049.000,0.945,-0.213,0.000
1668255596595,2022-11-12T14:19:56.595,1049.040,0.793,-0.366,0.000
1668255596635,2022-11-12T14:19:56.635,1049.080,0.945,-0.213,0.061
1668255596675,2022-11-12T14:19:56.675,1049.120,0.915,-0.152,0.122
1668255596715,2022-11-12T14:19:56.715,1049.160,1.037,-0.213,-0.030
1668255596755,2022-11-12T14:19:56.755,1049.200,0.854,-0.366,0.091
1668255596795,2022-11-12T14:19:56.795,1049.240,0.579,-0.396,0.122
1668255596835,2022-11-12T14:19:56.835,1049.280,0.823,-0.213,0.030
1668255596875,2022-11-12T14:19:56.875,1049.320,1.067,-0.122,0.091
1668255596915,2022-11-12T14:19:56.915,1049.360,1.006,-0.244,0.030
1668255596955,2022-11-12T14:19:56.955,1049.400,0.610,-0.335,0.091
1668255596995,2022-11-12T14:19:56.995,1049.440,0.976,-0.244,-0.030
1668255597035,2022-11-12T14:19:57.035,1049.480,1.067,-0.274,0.061
1668255597075,2022-11-12T14:19:57.075,1049.520,0.793,-0.335,-0.061
1668255597115,2022-11-12T14:19:57.115,1049.560,0.854,-0.305,-0.061
1668255597155,2022-11-12T14:19:57.155,1049.600,0.854,-0.091,0.152
1668255597195,2022-11-12T14:19:57.195,1049.640,0.823,-0.061,0.061
1668255597235,2022-11-12T14:19:57.235,1049.680,0.610,-0.030,0.061
1668255597275,2022-11-12T14:19:57.275,1049.720,0.213,0.518,0.183
1668255597315,2022-11-12T14:19:57.315,1049.760,0.427,0.274,0.152
1668255597355,2022-11-12T14:19:57.355,1049.800,0.915,-0.213,-0.061
1668255597395,2022-11-12T14:19:57.395,1049.840,1.098,-0.335,-0.122
1668255597435,2022-11-12T14:19:57.435,1049.880,1.006,-0.183,-0.061
1668255597475,2022-11-12T14:19:57.475,1049.920,1.037,-0.244,-0.122
1668255597515,2022-11-12T14:19:57.515,1049.960,0.640,-0.396,0.030
1668255597555,2022-11-12T14:19:57.555,1050.000,0.640,-0.152,-0.061
1668255597595,2022-11-12T14:19:57.595,1050.040,0.884,0.030,0.000
1668255597635,2022-11-12T14:19:57.635,1050.080,0.732,-0.030,0.030
1668255597675,2022-11-12T14:19:57.675,1050.120,0.488,-0.122,0.091
1668255597715,2022-11-12T14:19:57.715,1050.160,0.762,-0.244,0.091
1668255597755,2022-11-12T14:19:57.755,1050.200,1.037,-0.213,-0.091
1668255597795,2022-11-12T14:19:57.795,1050.240,0.793,-0.274,-0.030
1668255597835,2022-11-12T14:19:57.835,1050.280,0.884,-0.244,-0.152
1668255597875,2022-11-12T14:19:57.875,1050.320,1.006,-0.122,0.000
1668255597915,2022-11-12T14:19:57.915,1050.360,0.884,-0.152,0.061
1668255597955,2022-11-12T14:19:57.955,1050.400,0.762,-0.213,-0.091
1668255597995,2022-11-12T14:19:57.995,1050.440,0.976,-0.244,-0.091
1668255598035,2022-11-12T14:19:58.035,1050.480,1.098,-0.213,-0.030
1668255598075,2022-11-12T14:19:58.075,1050.520,0.976,-0.244,0.000
1668255598115,2022-11-12T14:19:58.115,1050.560,0.793,-0.122,0.000
1668255598155,2022-11-12T14:19:58.155,1050.600,0.701,-0.030,-0.061
1668255598195,2022-11-12T14:19:58.195,1050.640,0.457,0.091,0.000
1668255598235,2022-11-12T14:19:58.235,1050.680,0.335,0.091,0.091
1668255598275,2022-11-12T14:19:58.275,1050.720,0.518,-0.152,0.061
1668255598315,2022-11-12T14:19:58.315,1050.760,1.037,-0.244,0.000
1668255598355,2022-11-12T14:19:58.355,1050.800,1.037,-0.335,-0.122
1668255598395,2022-11-12T14:19:58.395,1050.840,0.823,-0.335,-0.030
1668255598435,2022-11-12T14:19:58.435,1050.880,0.976,-0.274,0.061
1668255598475,2022-11-12T14:19:58.475,1050.920,1.006,-0.183,-0.091
1668255598515,2022-11-12T14:19:58.515,1050.960,0.793,-0.274,-0.061
1668255598555,2022-11-12T14:19:58.555,1051.000,0.976,-0.366,-0.091
1668255598595,2022-11-12T14:19:58.595,1051.040,0.976,-0.122,0.000
1668255598635,2022-11-12T14:19:58.635,1051.080,0.610,-0.152,0.091
1668255598675,2022-11-12T14:19:58.675,1051.120,0.610,-0.152,0.061
1668255598715,2022-11-12T14:19:58.715,1051.160,0.732,-0.061,-0.030
1668255598755,2022-11-12T14:19:58.755,1051.200,0.854,-0.091,0.000
1668255598795,2022-11-12T14:19:58.795,1051.240,0.762,-0.183,0.030
1668255598835,2022-11-12T14:19:58.835,1051.280,0.854,-0.244,-0.061
1668255598875,2022-11-12T14:19:58.875,1051.320,1.037,-0.061,-0.122
1668255598915,2022-11-12T14:19:58.915,1051.360,1.006,-0.122,-0.122
1668255598955,2022-11-12T14:19:58.955,1051.400,0.518,-0.244,0.152
1668255598995,2022-11-12T14:19:58.995,1051.440,0.671,-0.396,-0.061
1668255599035,2022-11-12T14:19:59.035,1051.480,0.976,-0.183,-0.091
1668255599075,2022-11-12T14:19:59.075,1051.520,0.884,-0.061,-0.030
1668255599115,2022-11-12T14:19:59.115,1051.560,0.701,-0.213,0.000
1668255599155,2022-11-12T14:19:59.155,1051.600,0.793,-0.183,0.030
1668255599195,2022-11-12T14:19:59.195,1051.640,0.854,-0.030,-0.030
1668255599235,2022-11-12T14:19:59.235,1051.680,0.823,-0.152,0.030
1668255599275,2022-11-12T14:19:59.275,1051.720,0.945,-0.274,-0.030
1668255599315,2022-11-12T14:19:59.315,1051.760,0.945,-0.091,-0.030
1668255599355,2022-11-12T14:19:59.355,1051.800,0.793,-0.152,0.000
1668255599395,2022-11-12T14:19:59.395,1051.840,0.701,-0.213,-0.030
1668255599435,2022-11-12T14:19:59.435,1051.880,0.762,-0.152,0.000
1668255599475,2022-11-12T14:19:59.475,1051.920,0.854,-0.091,-0.030
1668255599515,2022-11-12T14:19:59.515,1051.960,0.701,-0.152,0.061
1668255599555,2022-11-12T14:19:59.555,1052.000,0.640,-0.091,0.061
1668255599595,2022-11-12T14:19:59.595,1052.040,0.732,-0.030,0.000
1668255599635,2022-11-12T14:19:59.635,1052.080,0.793,-0.152,0.122
1668255599675,2022-11-12T14:19:59.675,1052.120,0.762,-0.152,0.000
1668255599715,2022-11-12T14:19:59.715,1052.160,0.884,-0.122,-0.122
1668255599755,2022-11-12T14:19:59.755,1052.200,0.762,-0.122,0.091
1668255599795,2022-11-12T14:19:59.795,1052.240,0.610,-0.335,0.061
1668255599835,2022-11-12T14:19:59.835,1052.280,0.762,-0.305,-0.061
1668255599875,2022-11-12T14:19:59.875,1052.320,0.915,-0.152,0.000
1668255599915,2022-11-12T14:19:59.915,1052.360,0.793,-0.152,0.030
1668255599955,2022-11-12T14:19:59.955,1052.400,0.854,-0.244,-0.030
1668255599995,2022-11-12T14:19:59.995,1052.440,0.762,-0.213,0.091
1668255600035,2022-11-12T14:20:00.035,1052.480,0.915,-0.152,0.091
1668255600075,2022-11-12T14:20:00.075,1052.520,0.945,-0.183,0.091
1668255600115,2022-11-12T14:20:00.115,1052.560,0.884,-0.274,-0.030
1668255600155,2022-11-12T14:20:00.155,1052.600,0.976,-0.305,-0.030
1668255600195,2022-11-12T14:20:00.195,1052.640,0.671,-0.213,0.183
1668255600235,2022-11-12T14:20:00.235,1052.680,0.701,-0.213,0.061
1668255600275,2022-11-12T14:20:00.275,1052.720,0.854,-0.244,0.030
1668255600315,2022-11-12T14:20:00.315,1052.760,0.854,-0.244,0.091
1668255600355,2022-11-12T14:20:00.355,1052.800,0.823,-0.305,-0.030
1668255600395,2022-11-12T14:20:00.395,1052.840,0.945,-0.274,-0.061
1668255600435,2022-11-12T14:20:00.435,1052.880,1.098,-0.122,0.030
1668255600475,2022-11-12T14:20:00.475,1052.920,1.128,-0.396,0.000
1668255600515,2022-11-12T14:20:00.515,1052.960,0.854,-0.427,0.030
1668255600555,2022-11-12T14:20:00.555,1053.000,0.671,-0.274,0.152
1668255600595,2022-11-12T14:20:00.595,1053.040,0.823,-0.244,0.000
1668255600635,2022-11-12T14:20:00.635,1053.080,0.701,-0.335,0.152
1668255600675,2022-11-12T14:20:00.675,1053.120,0.671,-0.335,0.061
1668255600715,2022-11-12T14:20:00.715,1053.160,0.823,-0.152,-0.091
1668255600755,2022-11-12T14:20:00.755,1053.200,0.884,-0.183,0.030
1668255600795,2022-11-12T14:20:00.795,1053.240,0.854,-0.152,0.000
1668255600835,2022-11-12T14:20:00.835,1053.280,0.610,-0.183,0.122
1668255600875,2022-11-12T14:20:00.875,1053.320,0.793,-0.305,0.000
1668255600915,2022-11-12T14:20:00.915,1053.360,0.823,-0.152,0.000
1668255600955,2022-11-12T14:20:00.955,1053.400,0.823,-0.274,0.061
1668255600995,2022-11-12T14:20:00.995,1053.440,1.098,-0.244,-0.091
1668255601035,2022-11-12T14:20:01.035,1053.480,1.067,-0.213,-0.030
1668255601075,2022-11-12T14:20:01.075,1053.520,0.915,-0.244,0.091
1668255601115,2022-11-12T14:20:01.115,1053.560,0.793,-0.152,0.030
1668255601155,2022-11-12T14:20:01.155,1053.600,0.854,-0.152,-0.030
1668255601195,2022-11-12T14:20:01.195,1053.640,1.006,-0.183,-0.091
1668255601235,2022-11-12T14:20:01.235,1053.680,0.915,-0.152,0.000
1668255601275,2022-11-12T14:20:01.275,1053.720,0.884,-0.122,0.000
1668255601315,2022-11-12T14:20:01.315,1053.760,0.945,-0.152,-0.061
1668255601355,2022-11-12T14:20:01.355,1053.800,0.945,-0.213,0.000
1668255601395,2022-11-12T14:20:01.395,1053.840,1.372,-0.305,-0.152
1668255601435,2022-11-12T14:20:01.435,1053.880,1.159,-0.274,-0.061
1668255601475,2022-11-12T14:20:01.475,1053.920,0.701,-0.335,-0.061
1668255601515,2022-11-12T14:20:01.515,1053.960,0.732,-0.183,0.000
1668255601555,2022-11-12T14:20:01.555,1054.000,0.884,-0.030,0.000
1668255601595,2022-11-12T14:20:01.595,1054.040,0.854,-0.091,-0.091
1668255601635,2022-11-12T14:20:01.635,1054.080,0.854,-0.335,0.000
1668255601675,2022-11-12T14:20:01.675,1054.120,1.067,-0.335,-0.122
1668255601715,2022-11-12T14:20:01.715,1054.160,0.854,-0.244,0.030
1668255601755,2022-11-12T14:20:01.755,1054.200,0.793,-0.213,-0.030
1668255601795,2022-11-12T14:20:01.795,1054.240,0.701,-0.030,-0.274
1668255601835,2022-11-12T14:20:01.835,1054.280,0.549,-0.213,-0.305
1668255601875,2022-11-12T14:20:01.875,1054.320,0.610,0.000,0.061
1668255601915,2022-11-12T14:20:01.915,1054.360,0.915,0.000,0.030
1668255601955,2022-11-12T14:20:01.955,1054.400,0.915,-0.122,-0.061
1668255601995,2022-11-12T14:20:01.995,1054.440,0.732,-0.366,-0.061
1668255602035,2022-11-12T14:20:02.035,1054.480,0.793,-0.366,0.000
1668255602075,2022-11-12T14:20:02.075,1054.520,0.793,-0.183,0.030
1668255602115,2022-11-12T14:20:02.115,1054.560,0.823,-0.152,-0.030
1668255602155,2022-11-12T14:20:02.155,1054.600,0.854,-0.152,-0.061
1668255602195,2022-11-12T14:20:02.195,1054.640,0.884,-0.183,-0.091
1668255602235,2022-11-12T14:20:02.235,1054.680,0.976,-0.183,-0.061
1668255602275,2022-11-12T14:20:02.275,1054.720,0.488,-0.183,0.152
1668255602315,2022-11-12T14:20:02.315,1054.760,0.793,-0.274,-0.061
1668255602355,2022-11-12T14:20:02.355,1054.800,1.098,-0.366,-0.091
1668255602395,2022-11-12T14:20:02.395,1054.840,1.067,-0.457,-0.152
1668255602435,2022-11-12T14:20:02.435,1054.880,0.884,-0.274,-0.091
1668255602475,2022-11-12T14:20:02.475,1054.920,0.610,-0.122,0.061
1668255602515,2022-11-12T14:20:02.515,1054.960,0.884,-0.091,-0.030
1668255602555,2022-11-12T14:20:02.555,1055.000,0.671,-0.030,0.122
1668255602595,2022-11-12T14:20:02.595,1055.040,0.640,-0.122,0.061
1668255602635,2022-11-12T14:20:02.635,1055.080,0.884,-0.244,-0.061
1668255602675,2022-11-12T14:20:02.675,1055.120,0.945,-0.335,-0.061
1668255602715,2022-11-12T14:20:02.715,1055.160,0.945,-0.213,-0.061
1668255602755,2022-11-12T14:20:02.755,1055.200,0.945,-0.152,-0.061
1668255602795,2022-11-12T14:20:02.795,1055.240,1.037,-0.274,-0.152
1668255602835,2022-11-12T14:20:02.835,1055.280,0.488,-0.152,-0.091
1668255602875,2022-11-12T14:20:02.875,1055.320,0.579,-0.244,-0.091
1668255602915,2022-11-12T14:20:02.915,1055.360,0.915,-0.030,0.091
1668255602955,2022-11-12T14:20:02.955,1055.400,1.006,-0.122,0.030
1668255602995,2022-11-12T14:20:02.995,1055.440,0.793,-0.183,0.061
1668255603035,2022-11-12T14:20:03.035,1055.480,0.884,-0.122,0.030
1668255603075,2022-11-12T14:20:03.075,1055.520,1.128,-0.091,-0.122
1668255603115,2022-11-12T14:20:03.115,1055.560,0.854,-0.122,0.030
1668255603155,2022-11-12T14:20:03.155,1055.600,0.610,-0.335,0.030
1668255603195,2022-11-12T14:20:03.195,1055.640,1.037,-0.183,-0.152
1668255603235,2022-11-12T14:20:03.235,1055.680,0.854,0.061,0.030
1668255603275,2022-11-12T14:20:03.275,1055.720,0.701,-0.244,0.000
1668255603315,2022-11-12T14:20:03.315,1055.760,0.884,-0.274,-0.030
1668255603355,2022-11-12T14:20:03.355,1055.800,0.976,-0.213,0.030
1668255603395,2022-11-12T14:20:03.395,1055.840,0.915,-0.152,-0.091
1668255603435,2022-11-12T14:20:03.435,1055.880,0.640,-0.274,0.030
1668255603475,2022-11-12T14:20:03.475,1055.920,0.732,-0.091,0.091
1668255603515,2022-11-12T14:20:03.515,1055.960,0.915,-0.061,-0.030
1668255603555,2022-11-12T14:20:03.555,1056.000,0.793,-0.183,0.030
1668255603595,2022-11-12T14:20:03.595,1056.040,0.762,-0.183,0.000
1668255603635,2022-11-12T14:20:03.635,1056.080,0.884,-0.274,-0.061
1668255603675,2022-11-12T14:20:03.675,1056.120,0.884,-0.244,0.061
1668255603715,2022-11-12T14:20:03.715,1056.160,0.854,-0.152,0.030
1668255603755,2022-11-12T14:20:03.755,1056.200,0.945,-0.152,-0.091
1668255603795,2022-11-12T14:20:03.795,1056.240,0.976,-0.122,-0.061
1668255603835,2022-11-12T14:20:03.835,1056.280,0.701,-0.183,0.061
1668255603875,2022-11-12T14:20:03.875,1056.320,0.823,-0.152,0.061
1668255603915,2022-11-12T14:20:03.915,1056.360,0.945,-0.152,-0.152
1668255603955,2022-11-12T14:20:03.955,1056.400,0.793,-0.030,-0.122
1668255603995,2022-11-12T14:20:03.995,1056.440,0.427,-0.244,0.152
1668255604035,2022-11-12T14:20:04.035,1056.480,0.610,-0.427,-0.061
1668255604075,2022-11-12T14:20:04.075,1056.520,0.915,-0.152,-0.030
1668255604115,2022-11-12T14:20:04.115,1056.560,0.945,-0.152,0.061
1668255604155,2022-11-12T14:20:04.155,1056.600,0.793,-0.183,0.061
1668255604195,2022-11-12T14:20:04.195,1056.640,0.732,-0.213,0.152
1668255604235,2022-11-12T14:20:04.235,1056.680,1.006,-0.244,0.030
1668255604275,2022-11-12T14:20:04.275,1056.720,0.793,-0.213,0.183
1668255604315,2022-11-12T14:20:04.315,1056.760,0.915,-0.335,0.061
1668255604355,2022-11-12T14:20:04.355,1056.800,0.884,-0.213,0.000
1668255604395,2022-11-12T14:20:04.395,1056.840,0.701,-0.183,0.183
1668255604435,2022-11-12T14:20:04.435,1056.880,0.793,-0.244,0.061
1668255604475,2022-11-12T14:20:04.475,1056.920,0.823,-0.274,0.000
1668255604515,2022-11-12T14:20:04.515,1056.960,0.823,-0.244,-0.061
1668255604555,2022-11-12T14:20:04.555,1057.000,0.854,-0.244,0.030
1668255604595,2022-11-12T14:20:04.595,1057.040,0.671,-0.183,0.122
1668255604635,2022-11-12T14:20:04.635,1057.080,0.762,-0.244,0.030
1668255604675,2022-11-12T14:20:04.675,1057.120,0.884,-0.305,0.000
1668255604715,2022-11-12T14:20:04.715,1057.160,0.915,-0.152,0.030
1668255604755,2022-11-12T14:20:04.755,1057.200,0.945,-0.213,-0.030
1668255604795,2022-11-12T14:20:04.795,1057.240,0.884,-0.274,0.030
1668255604835,2022-11-12T14:20:04.835,1057.280,0.732,-0.335,0.122
1668255604875,2022-11-12T14:20:04.875,1057.320,0.671,-0.244,0.000
1668255604915,2022-11-12T14:20:04.915,1057.360,0.854,-0.122,0.091
1668255604955,2022-11-12T14:20:04.955,1057.400,0.915,-0.061,0.030
1668255604995,2022-11-12T14:20:04.995,1057.440,0.457,-0.213,0.030
1668255605035,2022-11-12T14:20:05.035,1057.480,0.488,-0.213,-0.091
1668255605075,2022-11-12T14:20:05.075,1057.520,0.976,-0.091,-0.091
1668255605115,2022-11-12T14:20:05.115,1057.560,0.976,-0.183,0.030
1668255605155,2022-11-12T14:20:05.155,1057.600,0.976,-0.244,-0.213
1668255605195,2022-11-12T14:20:05.195,1057.640,0.762,-0.091,0.030
1668255605235,2022-11-12T14:20:05.235,1057.680,0.793,-0.122,0.122
1668255605275,2022-11-12T14:20:05.275,1057.720,0.915,-0.213,0.000
1668255605315,2022-11-12T14:20:05.315,1057.760,0.793,-0.213,-0.061
1668255605355,2022-11-12T14:20:05.355,1057.800,0.762,-0.152,0.000
1668255605395,2022-11-12T14:20:05.395,1057.840,0.884,-0.122,0.000
1668255605435,2022-11-12T14:20:05.435,1057.880,0.976,-0.061,0.000
1668255605475,2022-11-12T14:20:05.475,1057.920,0.823,-0.122,-0.061
1668255605515,2022-11-12T14:20:05.515,1057.960,0.884,-0.091,-0.061
1668255605555,2022-11-12T14:20:05.555,1058.000,0.854,-0.183,0.061
1668255605595,2022-11-12T14:20:05.595,1058.040,0.732,-0.335,-0.122
1668255605635,2022-11-12T14:20:05.635,1058.080,0.671,-0.213,-0.061
1668255605675,2022-11-12T14:20:05.675,1058.120,0.884,-0.152,-0.091
1668255605715,2022-11-12T14:20:05.715,1058.160,1.067,-0.183,-0.061
1668255605755,2022-11-12T14:20:05.755,1058.200,0.854,-0.122,0.030
1668255605795,2022-11-12T14:20:05.795,1058.240,1.037,-0.183,-0.183
1668255605835,2022-11-12T14:20:05.835,1058.280,0.701,-0.061,0.122
1668255605875,2022-11-12T14:20:05.875,1058.320,0.823,-0.213,-0.061
1668255605915,2022-11-12T14:20:05.915,1058.360,0.976,-0.091,-0.091
1668255605955,2022-11-12T14:20:05.955,1058.400,0.854,-0.030,0.091
1668255605995,2022-11-12T14:20:05.995,1058.440,0.671,-0.091,0.091
1668255606035,2022-11-12T14:20:06.035,1058.480,0.823,-0.213,-0.030
1668255606075,2022-11-12T14:20:06.075,1058.520,0.884,-0.122,0.030
1668255606115,2022-11-12T14:20:06.115,1058.560,0.732,-0.152,0.091
1668255606155,2022-11-12T14:20:06.155,1058.600,0.640,-0.244,0.000
1668255606195,2022-11-12T14:20:06.195,1058.640,0.793,-0.061,-0.030
1668255606235,2022-11-12T14:20:06.235,1058.680,1.006,-0.061,-0.061
1668255606275,2022-11-12T14:20:06.275,1058.720,0.823,-0.122,0.000
1668255606315,2022-11-12T14:20:06.315,1058.760,0.640,-0.274,0.061
1668255606355,2022-11-12T14:20:06.355,1058.800,0.762,-0.213,-0.091
1668255606395,2022-11-12T14:20:06.395,1058.840,0.732,-0.152,0.061
1668255606435,2022-11-12T14:20:06.435,1058.880,0.884,-0.030,-0.091
1668255606475,2022-11-12T14:20:06.475,1058.920,0.213,0.457,0.213
1668255606515,2022-11-12T14:20:06.515,1058.960,0.335,0.335,0.305
1668255606555,2022-11-12T14:20:06.555,1059.000,1.098,-0.183,-0.122
1668255606595,2022-11-12T14:20:06.595,1059.040,0.854,-0.366,0.000
1668255606635,2022-11-12T14:20:06.635,1059.080,1.006,-0.427,-0.122
1668255606675,2022-11-12T14:20:06.675,1059.120,1.067,-0.305,-0.030
1668255606715,2022-11-12T14:20:06.715,1059.160,0.976,-0.274,0.000
1668255606755,2022-11-12T14:20:06.755,1059.200,0.671,-0.183,-0.061
1668255606795,2022-11-12T14:20:06.795,1059.240,0.518,0.122,0.091
1668255606835,2022-11-12T14:20:06.835,1059.280,0.732,0.335,0.244
1668255606875,2022-11-12T14:20:06.875,1059.320,0.945,-0.183,0.030
1668255606915,2022-11-12T14:20:06.915,1059.360,0.945,-0.518,-0.213
1668255606955,2022-11-12T14:20:06.955,1059.400,0.213,-0.335,-0.427
1668255606995,2022-11-12T14:20:06.995,1059.440,0.518,-0.640,-0.671
1668255607035,2022-11-12T14:20:07.035,1059.480,0.823,0.000,0.030
1668255607075,2022-11-12T14:20:07.075,1059.520,0.762,-0.152,0.213
1668255607115,2022-11-12T14:20:07.115,1059.560,0.671,-0.396,-0.091
1668255607155,2022-11-12T14:20:07.155,1059.600,0.823,-0.122,0.000
1668255607195,2022-11-12T14:20:07.195,1059.640,0.884,-0.061,0.152
1668255607235,2022-11-12T14:20:07.235,1059.680,0.610,-0.061,0.061
1668255607275,2022-11-12T14:20:07.275,1059.720,0.335,-0.244,0.152
1668255607315,2022-11-12T14:20:07.315,1059.760,0.732,-0.122,0.091
1668255607355,2022-11-12T14:20:07.355,1059.800,0.854,-0.122,0.091
1668255607395,2022-11-12T14:20:07.395,1059.840,0.884,-0.274,-0.030
1668255607435,2022-11-12T14:20:07.435,1059.880,1.128,-0.213,-0.030
1668255607475,2022-11-12T14:20:07.475,1059.920,1.006,-0.213,0.030
1668255607515,2022-11-12T14:20:07.515,1059.960,0.854,-0.183,0.030
1668255607555,2022-11-12T14:20:07.555,1060.000,0.854,-0.213,0.000
1668255607595,2022-11-12T14:20:07.595,1060.040,0.976,-0.213,0.061
1668255607635,2022-11-12T14:20:07.635,1060.080,0.823,-0.213,0.030
1668255607675,2022-11-12T14:20:07.675,1060.120,0.793,-0.244,-0.030
1668255607715,2022-11-12T14:20:07.715,1060.160,0.884,-0.183,0.030
1668255607755,2022-11-12T14:20:07.755,1060.200,0.884,-0.213,0.030
1668255607795,2022-11-12T14:20:07.795,1060.240,0.915,-0.213,0.030
1668255607835,2022-11-12T14:20:07.835,1060.280,0.945,-0.213,-0.061
1668255607875,2022-11-12T14:20:07.875,1060.320,0.976,-0.091,-0.061
1668255607915,2022-11-12T14:20:07.915,1060.360,0.671,-0.213,0.152
1668255607955,2022-11-12T14:20:07.955,1060.400,0.671,-0.335,-0.030
1668255607995,2022-11-12T14:20:07.995,1060.440,0.915,-0.244,-0.122
1668255608035,2022-11-12T14:20:08.035,1060.480,0.884,-0.091,0.061
1668255608075,2022-11-12T14:20:08.075,1060.520,0.915,-0.122,-0.030
1668255608115,2022-11-12T14:20:08.115,1060.560,0.976,-0.213,-0.061
1668255608155,2022-11-12T14:20:08.155,1060.600,0.915,-0.152,-0.030
1668255608195,2022-11-12T14:20:08.195,1060.640,0.823,-0.183,0.000
1668255608235,2022-11-12T14:20:08.235,1060.680,0.854,-0.244,0.000
1668255608275,2022-11-12T14:20:08.275,1060.720,0.976,-0.183,-0.061
1668255608315,2022-11-12T14:20:08.315,1060.760,0.884,-0.152,0.000
1668255608355,2022-11-12T14:20:08.355,1060.800,0.671,-0.305,0.061
1668255608395,2022-11-12T14:20:08.395,1060.840,0.732,-0.305,0.030
1668255608435,2022-11-12T14:20:08.435,1060.880,0.793,-0.274,0.000
1668255608475,2022-11-12T14:20:08.475,1060.920,0.793,-0.274,0.030
1668255608515,2022-11-12T14:20:08.515,1060.960,0.823,-0.213,0.000
1668255608555,2022-11-12T14:20:08.555,1061.000,0.854,-0.274,0.030
1668255608595,2022-11-12T14:20:08.595,1061.040,0.671,-0.274,0.030
1668255608635,2022-11-12T14:20:08.635,1061.080,0.701,-0.213,0.000
1668255608675,2022-11-12T14:20:08.675,1061.120,0.915,-0.244,-0.030
1668255608715,2022-11-12T14:20:08.715,1061.160,0.945,-0.183,-0.091
1668255608755,2022-11-12T14:20:08.755,1061.200,0.854,-0.274,0.030
1668255608795,2022-11-12T14:20:08.795,1061.240,0.762,-0.549,0.030
1668255608835,2022-11-12T14:20:08.835,1061.280,0.976,-0.427,-0.152
1668255608875,2022-11-12T14:20:08.875,1061.320,0.945,-0.305,0.122
1668255608915,2022-11-12T14:20:08.915,1061.360,0.854,-0.244,0.122
1668255608955,2022-11-12T14:20:08.955,1061.400,0.518,-0.183,0.030
1668255608995,2022-11-12T14:20:08.995,1061.440,0.701,-0.244,-0.061
1668255609035,2022-11-12T14:20:09.035,1061.480,0.884,-0.122,0.091
1668255609075,2022-11-12T14:20:09.075,1061.520,0.793,-0.274,0.091
1668255609115,2022-11-12T14:20:09.115,1061.560,0.823,-0.305,-0.061
1668255609155,2022-11-12T14:20:09.155,1061.600,0.854,-0.122,0.000
1668255609195,2022-11-12T14:20:09.195,1061.640,0.762,-0.213,0.091
1668255609235,2022-11-12T14:20:09.235,1061.680,0.823,-0.244,0.030
1668255609275,2022-11-12T14:20:09.275,1061.720,0.854,-0.335,-0.183
1668255609315,2022-11-12T14:20:09.315,1061.760,0.884,-0.213,-0.091
1668255609355,2022-11-12T14:20:09.355,1061.800,0.945,-0.122,0.061
1668255609395,2022-11-12T14:20:09.395,1061.840,0.823,-0.213,0.030
1668255609435,2022-11-12T14:20:09.435,1061.880,0.945,-0.183,-0.091
1668255609475,2022-11-12T14:20:09.475,1061.920,0.884,-0.030,0.000
1668255609515,2022-11-12T14:20:09.515,1061.960,0.732,-0.122,0.030
1668255609555,2022-11-12T14:20:09.555,1062.000,0.915,-0.061,-0.091
1668255609595,2022-11-12T14:20:09.595,1062.040,0.823,-0.244,0.030
1668255609635,2022-11-12T14:20:09.635,1062.080,0.793,-0.488,-0.122
1668255609675,2022-11-12T14:20:09.675,1062.120,0.854,-0.061,0.061
1668255609715,2022-11-12T14:20:09.715,1062.160,0.884,0.000,0.030
1668255609755,2022-11-12T14:20:09.755,1062.200,0.640,-0.183,-0.061
1668255609795,2022-11-12T14:20:09.795,1062.240,0.671,-0.183,0.061
1668255609835,2022-11-12T14:20:09.835,1062.280,1.006,-0.061,-0.122
1668255609875,2022-11-12T14:20:09.875,1062.320,0.823,-0.122,0.061
1668255609915,2022-11-12T14:20:09.915,1062.360,0.976,-0.305,-0.152
1668255609955,2022-11-12T14:20:09.955,1062.400,1.037,-0.183,-0.091
1668255609995,2022-11-12T14:20:09.995,1062.440,0.854,-0.091,0.152
1668255610035,2022-11-12T14:20:10.035,1062.480,0.823,-0.152,0.030
1668255610075,2022-11-12T14:20:10.075,1062.520,0.823,-0.091,0.000
1668255610115,2022-11-12T14:20:10.115,1062.560,0.884,-0.152,0.000
1668255610155,2022-11-12T14:20:10.155,1062.600,0.915,-0.183,-0.030
1668255610195,2022-11-12T14:20:10.195,1062.640,0.793,-0.091,-0.030
1668255610235,2022-11-12T14:20:10.235,1062.680,0.854,-0.122,0.061
1668255610275,2022-11-12T14:20:10.275,1062.720,1.037,-0.244,0.000
1668255610315,2022-11-12T14:20:10.315,1062.760,0.884,-0.152,0.000
1668255610355,2022-11-12T14:20:10.355,1062.800,0.976,-0.030,-0.091
1668255610395,2022-11-12T14:20:10.395,1062.840,0.945,0.000,-0.030
1668255610435,2022-11-12T14:20:10.435,1062.880,0.793,-0.274,0.122
1668255610475,2022-11-12T14:20:10.475,1062.920,0.762,-0.305,-0.061
1668255610515,2022-11-12T14:20:10.515,1062.960,0.854,-0.091,0.030
1668255610555,2022-11-12T14:20:10.555,1063.000,1.037,-0.152,-0.030
1668255610595,2022-11-12T14:20:10.595,1063.040,0.915,-0.152,-0.030
1668255610635,2022-11-12T14:20:10.635,1063.080,0.793,-0.183,0.091
1668255610675,2022-11-12T14:20:10.675,1063.120,1.037,-0.183,-0.091
1668255610715,2022-11-12T14:20:10.715,1063.160,0.823,-0.091,0.030
1668255610755,2022-11-12T14:20:10.755,1063.200,0.762,-0.183,0.030
1668255610795,2022-11-12T14:20:10.795,1063.240,0.854,-0.152,-0.030
1668255610835,2022-11-12T14:20:10.835,1063.280,0.823,-0.152,0.091
1668255610875,2022-11-12T14:20:10.875,1063.320,0.823,-0.122,0.091
1668255610915,2022-11-12T14:20:10.915,1063.360,0.884,-0.122,0.000
1668255610955,2022-11-12T14:20:10.955,1063.400,0.976,-0.244,-0.030
1668255610995,2022-11-12T14:20:10.995,1063.440,0.854,-0.091,0.030
1668255611035,2022-11-12T14:20:11.035,1063.480,0.793,-0.061,0.091
1668255611075,2022-11-12T14:20:11.075,1063.520,0.762,-0.091,0.061
1668255611115,2022-11-12T14:20:11.115,1063.560,0.945,-0.091,-0.030
1668255611155,2022-11-12T14:20:11.155,1063.600,0.884,-0.122,-0.030
1668255611195,2022-11-12T14:20:11.195,1063.640,0.945,-0.152,-0.091
1668255611235,2022-11-12T14:20:11.235,1063.680,0.793,-0.183,0.122
1668255611275,2022-11-12T14:20:11.275,1063.720,0.640,-0.335,0.030
1668255611315,2022-11-12T14:20:11.315,1063.760,0.732,-0.213,-0.091
1668255611355,2022-11-12T14:20:11.355,1063.800,0.884,-0.122,0.061
1668255611395,2022-11-12T14:20:11.395,1063.840,1.128,-0.152,-0.091
1668255611435,2022-11-12T14:20:11.435,1063.880,0.823,-0.213,0.000
1668255611475,2022-11-12T14:20:11.475,1063.920,0.762,-0.305,0.061
1668255611515,2022-11-12T14:20:11.515,1063.960,0.854,-0.152,0.030
1668255611555,2022-11-12T14:20:11.555,1064.000,0.579,-0.213,0.122
1668255611595,2022-11-12T14:20:11.595,1064.040,0.823,-0.274,-0.091
1668255611635,2022-11-12T14:20:11.635,1064.080,0.823,-0.152,0.061
1668255611675,2022-11-12T14:20:11.675,1064.120,0.732,-0.183,0.091
1668255611715,2022-11-12T14:20:11.715,1064.160,0.762,-0.305,0.091
1668255611755,2022-11-12T14:20:11.755,1064.200,0.823,-0.244,0.000
1668255611795,2022-11-12T14:20:11.795,1064.240,0.854,-0.244,0.030
1668255611835,2022-11-12T14:20:11.835,1064.280,0.701,-0.244,0.061
1668255611875,2022-11-12T14:20:11.875,1064.320,0.732,-0.274,-0.030
1668255611915,2022-11-12T14:20:11.915,1064.360,0.884,-0.274,0.000
1668255611955,2022-11-12T14:20:11.955,1064.400,0.793,-0.213,0.061
1668255611995,2022-11-12T14:20:11.995,1064.440,0.854,-0.183,-0.061
1668255612035,2022-11-12T14:20:12.035,1064.480,0.610,-0.183,0.152
1668255612075,2022-11-12T14:20:12.075,1064.520,0.732,-0.427,0.061
1668255612115,2022-11-12T14:20:12.115,1064.560,0.732,-0.274,-0.030
1668255612155,2022-11-12T14:20:12.155,1064.600,0.884,-0.274,0.030
1668255612195,2022-11-12T14:20:12.195,1064.640,0.854,-0.335,0.091
1668255612235,2022-11-12T14:20:12.235,1064.680,0.701,-0.335,0.061
1668255612275,2022-11-12T14:20:12.275,1064.720,0.976,-0.244,-0.061
1668255612315,2022-11-12T14:20:12.315,1064.760,0.915,-0.183,0.030
1668255612355,2022-11-12T14:20:12.355,1064.800,0.732,-0.274,0.091
1668255612395,2022-11-12T14:20:12.395,1064.840,0.823,-0.244,0.030
1668255612435,2022-11-12T14:20:12.435,1064.880,0.793,-0.213,0.152
1668255612475,2022-11-12T14:20:12.475,1064.920,0.823,-0.366,0.183
1668255612515,2022-11-12T14:20:12.515,1064.960,0.488,-0.640,0.183
1668255612555,2022-11-12T14:20:12.555,1065.000,0.732,-0.488,0.000
1668255612595,2022-11-12T14:20:12.595,1065.040,1.250,-0.244,-0.091
1668255612635,2022-11-12T14:20:12.635,1065.080,0.976,-0.244,0.091
1668255612675,2022-11-12T14:20:12.675,1065.120,0.945,-0.244,0.061
1668255612715,2022-11-12T14:20:12.715,1065.160,1.189,-0.122,-0.030
1668255612755,2022-11-12T14:20:12.755,1065.200,1.341,-0.091,-0.244
1668255612795,2022-11-12T14:20:12.795,1065.240,1.128,-0.183,0.000
1668255612835,2022-11-12T14:20:12.835,1065.280,1.159,-0.213,0.122
1668255612875,2022-11-12T14:20:12.875,1065.320,1.311,-0.244,-0.213
1668255612915,2022-11-12T14:20:12.915,1065.360,0.976,-0.091,-0.122
1668255612955,2022-11-12T14:20:12.955,1065.400,1.098,-0.152,-0.152
1668255612995,2022-11-12T14:20:12.995,1065.440,1.067,-0.152,0.000
1668255613035,2022-11-12T14:20:13.035,1065.480,1.128,-0.091,-0.091
1668255613075,2022-11-12T14:20:13.075,1065.520,1.128,-0.091,-0.091
1668255613115,2022-11-12T14:20:13.115,1065.560,1.128,-0.152,-0.091
1668255613155,2022-11-12T14:20:13.155,1065.600,1.189,-0.122,-0.183
1668255613195,2022-11-12T14:20:13.195,1065.640,0.854,-0.122,0.030
1668255613235,2022-11-12T14:20:13.235,1065.680,0.976,-0.152,0.061
1668255613275,2022-11-12T14:20:13.275,1065.720,1.037,-0.091,-0.030
1668255613315,2022-11-12T14:20:13.315,1065.760,0.884,-0.152,-0.061
1668255613355,2022-11-12T14:20:13.355,1065.800,1.006,-0.091,-0.030
1668255613395,2022-11-12T14:20:13.395,1065.840,1.067,0.000,-0.030
1668255613435,2022-11-12T14:20:13.435,1065.880,0.915,-0.122,-0.030
1668255613475,2022-11-12T14:20:13.475,1065.920,0.884,-0.152,-0.030
1668255613515,2022-11-12T14:20:13.515,1065.960,0.488,-0.183,0.305
1668255613555,2022-11-12T14:20:13.555,1066.000,0.488,-0.335,0.061
1668255613595,2022-11-12T14:20:13.595,1066.040,0.732,-0.183,-0.122
1668255613635,2022-11-12T14:20:13.635,1066.080,0.884,-0.061,-0.122
1668255613675,2022-11-12T14:20:13.675,1066.120,0.884,-0.152,-0.061
1668255613715,2022-11-12T14:20:13.715,1066.160,0.854,-0.152,0.000
1668255613755,2022-11-12T14:20:13.755,1066.200,1.037,-0.122,-0.152
1668255613795,2022-11-12T14:20:13.795,1066.240,0.854,-0.091,0.030
1668255613835,2022-11-12T14:20:13.835,1066.280,0.945,-0.183,-0.091
1668255613875,2022-11-12T14:20:13.875,1066.320,0.884,-0.122,-0.061
1668255613915,2022-11-12T14:20:13.915,1066.360,0.823,-0.152,0.000
1668255613955,2022-11-12T14:20:13.955,1066.400,0.457,-0.427,0.152
1668255613995,2022-11-12T14:20:13.995,1066.440,-0.030,-0.640,0.427
1668255614035,2022-11-12T14:20:14.035,1066.480,0.305,-0.244,0.305
1668255614075,2022-11-12T14:20:14.075,1066.520,1.189,-0.030,-0.091
1668255614115,2022-11-12T14:20:14.115,1066.560,0.732,-0.305,0.091
1668255614155,2022-11-12T14:20:14.155,1066.600,0.579,-0.305,-0.091
1668255614195,2022-11-12T14:20:14.195,1066.640,0.671,-0.274,-0.274
1668255614235,2022-11-12T14:20:14.235,1066.680,0.335,-0.396,-0.061
1668255614275,2022-11-12T14:20:14.275,1066.720,0.488,-0.122,0.000
1668255614315,2022-11-12T14:20:14.315,1066.760,1.250,0.030,-0.030
1668255614355,2022-11-12T14:20:14.355,1066.800,1.280,-0.030,-0.091
1668255614395,2022-11-12T14:20:14.395,1066.840,1.159,-0.091,-0.183
1668255614435,2022-11-12T14:20:14.435,1066.880,1.067,-0.213,0.000
1668255614475,2022-11-12T14:20:14.475,1066.920,1.220,0.030,-0.030
1668255614515,2022-11-12T14:20:14.515,1066.960,1.006,-0.213,0.122
1668255614555,2022-11-12T14:20:14.555,1067.000,0.549,-0.274,0.183
1668255614595,2022-11-12T14:20:14.595,1067.040,0.488,-0.091,0.183
1668255614635,2022-11-12T14:20:14.635,1067.080,0.762,-0.061,0.122
1668255614675,2022-11-12T14:20:14.675,1067.120,0.884,-0.183,-0.030
1668255614715,2022-11-12T14:20:14.715,1067.160,0.793,-0.335,0.030
1668255614755,2022-11-12T14:20:14.755,1067.200,0.671,-0.274,0.213
1668255614795,2022-11-12T14:20:14.795,1067.240,0.610,-0.213,0.030
1668255614835,2022-11-12T14:20:14.835,1067.280,0.793,-0.183,-0.030
1668255614875,2022-11-12T14:20:14.875,1067.320,1.341,0.000,-0.122
1668255614915,2022-11-12T14:20:14.915,1067.360,1.189,-0.122,0.000
1668255614955,2022-11-12T14:20:14.955,1067.400,0.457,-0.457,0.000
1668255614995,2022-11-12T14:20:14.995,1067.440,0.518,-0.305,-0.030
1668255615035,2022-11-12T14:20:15.035,1067.480,0.762,0.000,0.213
1668255615075,2022-11-12T14:20:15.075,1067.520,1.006,-0.091,0.030
1668255615115,2022-11-12T14:20:15.115,1067.560,0.732,-0.335,-0.030
1668255615155,2022-11-12T14:20:15.155,1067.600,0.823,-0.213,0.030
1668255615195,2022-11-12T14:20:15.195,1067.640,1.128,-0.274,-0.213
1668255615235,2022-11-12T14:20:15.235,1067.680,0.793,-0.366,-0.030
1668255615275,2022-11-12T14:20:15.275,1067.720,0.762,-0.183,-0.030
1668255615315,2022-11-12T14:20:15.315,1067.760,1.037,-0.061,-0.030
1668255615355,2022-11-12T14:20:15.355,1067.800,0.976,-0.061,0.000
1668255615395,2022-11-12T14:20:15.395,1067.840,0.945,-0.030,-0.122
1668255615435,2022-11-12T14:20:15.435,1067.880,0.854,-0.030,-0.061
1668255615475,2022-11-12T14:20:15.475,1067.920,0.884,-0.213,0.152
1668255615515,2022-11-12T14:20:15.515,1067.960,0.793,-0.274,0.213
1668255615555,2022-11-12T14:20:15.555,1068.000,0.701,-0.213,0.122
1668255615595,2022-11-12T14:20:15.595,1068.040,1.067,-0.152,0.030
1668255615635,2022-11-12T14:20:15.635,1068.080,1.402,0.000,-0.122
1668255615675,2022-11-12T14:20:15.675,1068.120,1.006,-0.244,0.000
1668255615715,2022-11-12T14:20:15.715,1068.160,0.396,-0.518,0.274
1668255615755,2022-11-12T14:20:15.755,1068.200,0.640,-0.244,0.091
1668255615795,2022-11-12T14:20:15.795,1068.240,0.732,-0.122,0.061
1668255615835,2022-11-12T14:20:15.835,1068.280,0.701,-0.152,0.091
1668255615875,2022-11-12T14:20:15.875,1068.320,0.976,-0.366,0.000
1668255615915,2022-11-12T14:20:15.915,1068.360,0.976,-0.427,0.061
1668255615955,2022-11-12T14:20:15.955,1068.400,1.159,-0.427,-0.122
1668255615995,2022-11-12T14:20:15.995,1068.440,0.823,-0.579,0.244
1668255616035,2022-11-12T14:20:16.035,1068.480,0.823,-0.396,0.091
1668255616075,2022-11-12T14:20:16.075,1068.520,1.037,-0.396,-0.030
1668255616115,2022-11-12T14:20:16.115,1068.560,0.579,-0.396,0.122
1668255616155,2022-11-12T14:20:16.155,1068.600,0.457,-0.579,-0.091
1668255616195,2022-11-12T14:20:16.195,1068.640,0.701,-0.579,-0.152
1668255616235,2022-11-12T14:20:16.235,1068.680,0.732,-0.335,0.061
1668255616275,2022-11-12T14:20:16.275,1068.720,0.823,-0.061,0.152
1668255616315,2022-11-12T14:20:16.315,1068.760,0.976,-0.091,0.030
1668255616355,2022-11-12T14:20:16.355,1068.800,0.823,-0.183,0.122
1668255616395,2022-11-12T14:20:16.395,1068.840,1.006,-0.183,0.091
1668255616435,2022-11-12T14:20:16.435,1068.880,1.006,-0.213,-0.030
1668255616475,2022-11-12T14:20:16.475,1068.920,0.762,-0.213,0.000
1668255616515,2022-11-12T14:20:16.515,1068.960,0.640,-0.335,0.183
1668255616555,2022-11-12T14:20:16.555,1069.000,0.915,-0.305,0.030
1668255616595,2022-11-12T14:20:16.595,1069.040,0.884,-0.274,0.061
1668255616635,2022-11-12T14:20:16.635,1069.080,0.884,-0.274,0.000
1668255616675,2022-11-12T14:20:16.675,1069.120,0.671,-0.305,0.091
1668255616715,2022-11-12T14:20:16.715,1069.160,0.762,-0.396,0.091
1668255616755,2022-11-12T14:20:16.755,1069.200,0.579,-0.244,0.152
1668255616795,2022-11-12T14:20:16.795,1069.240,0.488,-0.213,0.396
1668255616835,2022-11-12T14:20:16.835,1069.280,1.128,-0.030,0.030
1668255616875,2022-11-12T14:20:16.875,1069.320,1.067,-0.091,0.030
1668255616915,2022-11-12T14:20:16.915,1069.360,1.006,-0.091,0.061
1668255616955,2022-11-12T14:20:16.955,1069.400,1.037,-0.030,-0.091
1668255616995,2022-11-12T14:20:16.995,1069.440,0.915,-0.213,-0.061
1668255617035,2022-11-12T14:20:17.035,1069.480,0.854,-0.152,-0.030
1668255617075,2022-11-12T14:20:17.075,1069.520,0.671,-0.122,0.000
1668255617115,2022-11-12T14:20:17.115,1069.560,0.457,-0.305,0.030
1668255617155,2022-11-12T14:20:17.155,1069.600,0.945,-0.183,-0.061
1668255617195,2022-11-12T14:20:17.195,1069.640,1.128,-0.122,0.091
1668255617235,2022-11-12T14:20:17.235,1069.680,0.793,-0.366,-0.030
1668255617275,2022-11-12T14:20:17.275,1069.720,0.579,-0.244,-0.091
1668255617315,2022-11-12T14:20:17.315,1069.760,0.884,0.000,0.061
1668255617355,2022-11-12T14:20:17.355,1069.800,0.976,-0.122,0.000
1668255617395,2022-11-12T14:20:17.395,1069.840,0.671,-0.274,0.000
1668255617435,2022-11-12T14:20:17.435,1069.880,0.976,-0.213,-0.091
1668255617475,2022-11-12T14:20:17.475,1069.920,1.037,-0.061,0.000
1668255617515,2022-11-12T14:20:17.515,1069.960,0.854,-0.213,-0.091
1668255617555,2022-11-12T14:20:17.555,1070.000,0.671,-0.213,-0.030
1668255617595,2022-11-12T14:20:17.595,1070.040,0.762,-0.152,0.030
1668255617635,2022-11-12T14:20:17.635,1070.080,0.823,-0.213,-0.061
1668255617675,2022-11-12T14:20:17.675,1070.120,0.671,-0.183,0.000
1668255617715,2022-11-12T14:20:17.715,1070.160,0.732,-0.183,0.000
1668255617755,2022-11-12T14:20:17.755,1070.200,0.823,-0.122,0.061
1668255617795,2022-11-12T14:20:17.795,1070.240,0.854,-0.091,0.030
1668255617835,2022-11-12T14:20:17.835,1070.280,0.884,-0.183,-0.122
1668255617875,2022-11-12T14:20:17.875,1070.320,0.915,-0.061,0.030
1668255617915,2022-11-12T14:20:17.915,1070.360,0.762,-0.213,0.091
1668255617955,2022-11-12T14:20:17.955,1070.400,0.823,-0.183,-0.122
1668255617995,2022-11-12T14:20:17.995,1070.440,0.976,-0.091,-0.061
1668255618035,2022-11-12T14:20:18.035,1070.480,1.037,-0.091,-0.061
1668255618075,2022-11-12T14:20:18.075,1070.520,0.854,-0.152,0.000
1668255618115,2022-11-12T14:20:18.115,1070.560,0.732,-0.122,-0.030
1668255618155,2022-11-12T14:20:18.155,1070.600,0.915,-0.091,-0.122
1668255618195,2022-11-12T14:20:18.195,1070.640,0.762,-0.183,0.122
1668255618235,2022-11-12T14:20:18.235,1070.680,0.793,-0.213,-0.061
1668255618275,2022-11-12T14:20:18.275,1070.720,0.945,-0.152,-0.030
1668255618315,2022-11-12T14:20:18.315,1070.760,0.762,-0.122,0.122
1668255618355,2022-11-12T14:20:18.355,1070.800,0.915,-0.183,-0.061
1668255618395,2022-11-12T14:20:18.395,1070.840,0.945,-0.091,-0.061
1668255618435,2022-11-12T14:20:18.435,1070.880,0.945,-0.183,0.000
1668255618475,2022-11-12T14:20:18.475,1070.920,0.823,-0.274,0.000
1668255618515,2022-11-12T14:20:18.515,1070.960,0.732,-0.213,0.061
1668255618555,2022-11-12T14:20:18.555,1071.000,0.915,-0.213,-0.030
1668255618595,2022-11-12T14:20:18.595,1071.040,0.945,-0.213,-0.091
1668255618635,2022-11-12T14:20:18.635,1071.080,0.640,-0.152,0.091
1668255618675,2022-11-12T14:20:18.675,1071.120,0.549,-0.305,-0.030
1668255618715,2022-11-12T14:20:18.715,1071.160,0.701,-0.030,-0.061
1668255618755,2022-11-12T14:20:18.755,1071.200,0.823,-0.091,-0.091
1668255618795,2022-11-12T14:20:18.795,1071.240,0.762,-0.183,-0.091
1668255618835,2022-11-12T14:20:18.835,1071.280,0.823,-0.183,0.061
1668255618875,2022-11-12T14:20:18.875,1071.320,1.098,-0.152,-0.030
1668255618915,2022-11-12T14:20:18.915,1071.360,0.640,-0.091,0.061
1668255618955,2022-11-12T14:20:18.955,1071.400,0.518,-0.244,0.091
1668255618995,2022-11-12T14:20:18.995,1071.440,0.976,-0.152,0.000
1668255619035,2022-11-12T14:20:19.035,1071.480,0.976,-0.030,0.091
1668255619075,2022-11-12T14:20:19.075,1071.520,0.640,-0.213,0.122
1668255619115,2022-11-12T14:20:19.115,1071.560,0.793,-0.213,-0.030
1668255619155,2022-11-12T14:20:19.155,1071.600,1.098,-0.061,-0.061
1668255619195,2022-11-12T14:20:19.195,1071.640,0.762,-0.091,0.061
1668255619235,2022-11-12T14:20:19.235,1071.680,0.701,-0.213,0.000
1668255619275,2022-11-12T14:20:19.275,1071.720,0.915,-0.152,0.091
1668255619315,2022-11-12T14:20:19.315,1071.760,0.884,-0.183,0.061
1668255619355,2022-11-12T14:20:19.355,1071.800,0.854,-0.183,-0.091
1668255619395,2022-11-12T14:20:19.395,1071.840,1.037,-0.030,-0.122
1668255619435,2022-11-12T14:20:19.435,1071.880,1.037,-0.030,-0.030
1668255619475,2022-11-12T14:20:19.475,1071.920,0.457,-0.274,0.183
1668255619515,2022-11-12T14:20:19.515,1071.960,0.671,-0.396,-0.122
1668255619555,2022-11-12T14:20:19.555,1072.000,1.006,-0.122,0.000
1668255619595,2022-11-12T14:20:19.595,1072.040,0.884,-0.152,0.000
1668255619635,2022-11-12T14:20:19.635,1072.080,0.671,-0.213,0.000
1668255619675,2022-11-12T14:20:19.675,1072.120,0.671,-0.183,0.091
1668255619715,2022-11-12T14:20:19.715,1072.160,0.945,-0.152,-0.030
1668255619755,2022-11-12T14:20:19.755,1072.200,0.732,-0.152,0.091
1668255619795,2022-11-12T14:20:19.795,1072.240,0.762,-0.335,0.091
1668255619835,2022-11-12T14:20:19.835,1072.280,1.006,-0.213,0.030
1668255619875,2022-11-12T14:20:19.875,1072.320,0.732,-0.183,0.061
1668255619915,2022-11-12T14:20:19.915,1072.360,0.671,-0.396,-0.061
1668255619955,2022-11-12T14:20:19.955,1072.400,0.762,-0.183,0.061
1668255619995,2022-11-12T14:20:19.995,1072.440,0.976,-0.091,0.091
1668255620035,2022-11-12T14:20:20.035,1072.480,0.793,-0.274,0.061
1668255620075,2022-11-12T14:20:20.075,1072.520,0.671,-0.274,0.030
1668255620115,2022-11-12T14:20:20.115,1072.560,0.884,-0.213,0.061
1668255620155,2022-11-12T14:20:20.155,1072.600,0.915,-0.213,0.091
1668255620195,2022-11-12T14:20:20.195,1072.640,0.671,-0.366,0.030
1668255620235,2022-11-12T14:20:20.235,1072.680,0.793,-0.457,0.152
1668255620275,2022-11-12T14:20:20.275,1072.720,1.189,0.000,0.000
1668255620315,2022-11-12T14:20:20.315,1072.760,1.006,-0.122,0.000
1668255620355,2022-11-12T14:20:20.355,1072.800,0.701,-0.488,0.030
1668255620395,2022-11-12T14:20:20.395,1072.840,0.762,-0.305,-0.122
1668255620435,2022-11-12T14:20:20.435,1072.880,0.732,-0.244,0.091
1668255620475,2022-11-12T14:20:20.475,1072.920,0.793,-0.152,0.030
1668255620515,2022-11-12T14:20:20.515,1072.960,0.732,-0.335,-0.030
1668255620555,2022-11-12T14:20:20.555,1073.000,0.945,-0.274,0.000
1668255620595,2022-11-12T14:20:20.595,1073.040,0.915,-0.152,0.030
1668255620635,2022-11-12T14:20:20.635,1073.080,0.701,-0.366,0.061
1668255620675,2022-11-12T14:20:20.675,1073.120,0.762,-0.274,-0.030
1668255620715,2022-11-12T14:20:20.715,1073.160,0.793,-0.122,0.091
1668255620755,2022-11-12T14:20:20.755,1073.200,0.793,-0.244,0.030
1668255620795,2022-11-12T14:20:20.795,1073.240,0.701,-0.305,-0.030
1668255620835,2022-11-12T14:20:20.835,1073.280,0.793,-0.152,0.000
1668255620875,2022-11-12T14:20:20.875,1073.320,0.915,-0.122,0.000
1668255620915,2022-11-12T14:20:20.915,1073.360,0.823,-0.366,0.061
1668255620955,2022-11-12T14:20:20.955,1073.400,0.732,-0.366,0.030
1668255620995,2022-11-12T14:20:20.995,1073.440,1.006,-0.061,-0.091
1668255621035,2022-11-12T14:20:21.035,1073.480,0.884,-0.091,-0.030
1668255621075,2022-11-12T14:20:21.075,1073.520,0.823,-0.030,0.000
1668255621115,2022-11-12T14:20:21.115,1073.560,0.945,-0.091,0.000
1668255621155,2022-11-12T14:20:21.155,1073.600,0.762,-0.305,0.030
1668255621195,2022-11-12T14:20:21.195,1073.640,0.701,-0.183,-0.122
1668255621235,2022-11-12T14:20:21.235,1073.680,0.793,0.000,0.000
1668255621275,2022-11-12T14:20:21.275,1073.720,0.854,-0.091,-0.061
1668255621315,2022-11-12T14:20:21.315,1073.760,0.610,-0.122,0.030
1668255621355,2022-11-12T14:20:21.355,1073.800,0.884,-0.183,0.000
1668255621395,2022-11-12T14:20:21.395,1073.840,1.280,-0.183,-0.122
1668255621435,2022-11-12T14:20:21.435,1073.880,0.823,-0.183,0.030
1668255621475,2022-11-12T14:20:21.475,1073.920,0.823,-0.183,-0.122
1668255621515,2022-11-12T14:20:21.515,1073.960,0.915,-0.122,-0.030
1668255621555,2022-11-12T14:20:21.555,1074.000,0.671,-0.061,0.030
1668255621595,2022-11-12T14:20:21.595,1074.040,0.579,-0.152,0.091
1668255621635,2022-11-12T14:20:21.635,1074.080,0.762,-0.152,0.000
1668255621675,2022-11-12T14:20:21.675,1074.120,1.067,-0.152,-0.061
1668255621715,2022-11-12T14:20:21.715,1074.160,1.067,-0.183,0.000
1668255621755,2022-11-12T14:20:21.755,1074.200,0.793,-0.274,0.030
1668255621795,2022-11-12T14:20:21.795,1074.240,0.671,-0.183,0.030
1668255621835,2022-11-12T14:20:21.835,1074.280,0.793,-0.122,0.030
1668255621875,2022-11-12T14:20:21.875,1074.320,0.823,-0.061,-0.122
1668255621915,2022-11-12T14:20:21.915,1074.360,0.884,-0.152,-0.030
1668255621955,2022-11-12T14:20:21.955,1074.400,0.579,-0.305,0.152
1668255621995,2022-11-12T14:20:21.995,1074.440,0.671,-0.305,-0.061
1668255622035,2022-11-12T14:20:22.035,1074.480,0.884,-0.152,-0.030
1668255622075,2022-11-12T14:20:22.075,1074.520,0.884,-0.091,-0.061
1668255622115,2022-11-12T14:20:22.115,1074.560,0.793,-0.213,0.000
1668255622155,2022-11-12T14:20:22.155,1074.600,0.762,-0.305,0.091
1668255622195,2022-11-12T14:20:22.195,1074.640,0.854,-0.061,-0.030
1668255622235,2022-11-12T14:20:22.235,1074.680,0.701,-0.122,0.122
1668255622275,2022-11-12T14:20:22.275,1074.720,0.732,-0.305,0.000
1668255622315,2022-11-12T14:20:22.315,1074.760,0.945,-0.183,-0.030
1668255622355,2022-11-12T14:20:22.355,1074.800,1.220,-0.061,-0.061
1668255622395,2022-11-12T14:20:22.395,1074.840,1.189,-0.152,-0.091
1668255622435,2022-11-12T14:20:22.435,1074.880,0.762,-0.122,0.030
1668255622475,2022-11-12T14:20:22.475,1074.920,0.671,-0.091,0.091
1668255622515,2022-11-12T14:20:22.515,1074.960,0.579,-0.183,0.061
1668255622555,2022-11-12T14:20:22.555,1075.000,0.610,-0.244,0.030
1668255622595,2022-11-12T14:20:22.595,1075.040,0.854,-0.213,0.030
1668255622635,2022-11-12T14:20:22.635,1075.080,0.854,-0.305,0.061
1668255622675,2022-11-12T14:20:22.675,1075.120,0.915,-0.244,0.000
1668255622715,2022-11-12T14:20:22.715,1075.160,0.945,-0.061,0.000
1668255622755,2022-11-12T14:20:22.755,1075.200,1.006,-0.183,-0.091
1668255622795,2022-11-12T14:20:22.795,1075.240,0.793,-0.457,-0.061
1668255622835,2022-11-12T14:20:22.835,1075.280,0.457,-0.579,-0.030
1668255622875,2022-11-12T14:20:22.875,1075.320,0.732,-0.427,-0.122
1668255622915,2022-11-12T14:20:22.915,1075.360,0.823,-0.152,0.061
1668255622955,2022-11-12T14:20:22.955,1075.400,0.854,-0.152,0.030
1668255622995,2022-11-12T14:20:22.995,1075.440,0.823,-0.183,0.030
1668255623035,2022-11-12T14:20:23.035,1075.480,0.793,-0.030,0.091
1668255623075,2022-11-12T14:20:23.075,1075.520,0.976,-0.030,0.000
1668255623115,2022-11-12T14:20:23.115,1075.560,0.793,-0.244,0.091
1668255623155,2022-11-12T14:20:23.155,1075.600,0.793,-0.122,-0.061
1668255623195,2022-11-12T14:20:23.195,1075.640,0.945,-0.091,0.030
1668255623235,2022-11-12T14:20:23.235,1075.680,0.915,-0.335,0.030
1668255623275,2022-11-12T14:20:23.275,1075.720,0.823,-0.366,-0.030
1668255623315,2022-11-12T14:20:23.315,1075.760,0.915,-0.152,0.000
1668255623355,2022-11-12T14:20:23.355,1075.800,1.037,-0.183,-0.030
1668255623395,2022-11-12T14:20:23.395,1075.840,0.884,-0.305,-0.030
1668255623435,2022-11-12T14:20:23.435,1075.880,0.945,-0.274,-0.061
1668255623475,2022-11-12T14:20:23.475,1075.920,0.945,-0.183,0.061
1668255623515,2022-11-12T14:20:23.515,1075.960,0.854,-0.305,-0.061
1668255623555,2022-11-12T14:20:23.555,1076.000,0.915,-0.427,-0.030
1668255623595,2022-11-12T14:20:23.595,1076.040,1.006,-0.305,-0.061
1668255623635,2022-11-12T14:20:23.635,1076.080,1.159,-0.335,-0.183
1668255623675,2022-11-12T14:20:23.675,1076.120,0.884,-0.244,0.000
1668255623715,2022-11-12T14:20:23.715,1076.160,0.610,-0.366,0.152
1668255623755,2022-11-12T14:20:23.755,1076.200,0.854,-0.366,-0.091
1668255623795,2022-11-12T14:20:23.795,1076.240,0.823,-0.152,0.000
1668255623835,2022-11-12T14:20:23.835,1076.280,0.732,-0.122,0.122
1668255623875,2022-11-12T14:20:23.875,1076.320,0.701,0.000,0.122
1668255623915,2022-11-12T14:20:23.915,1076.360,0.854,0.091,0.183
1668255623955,2022-11-12T14:20:23.955,1076.400,1.341,-0.030,-0.152
1668255623995,2022-11-12T14:20:23.995,1076.440,0.640,-0.366,0.061
1668255624035,2022-11-12T14:20:24.035,1076.480,0.549,-0.488,0.091
1668255624075,2022-11-12T14:20:24.075,1076.520,0.427,-0.244,0.183
1668255624115,2022-11-12T14:20:24.115,1076.560,0.366,-0.152,0.274
1668255624155,2022-11-12T14:20:24.155,1076.600,0.762,-0.152,0.030
1668255624195,2022-11-12T14:20:24.195,1076.640,0.915,-0.152,-0.061
1668255624235,2022-11-12T14:20:24.235,1076.680,1.006,-0.305,-0.061
1668255624275,2022-11-12T14:20:24.275,1076.720,0.823,-0.305,0.000
1668255624315,2022-11-12T14:20:24.315,1076.760,0.854,-0.335,0.030
1668255624355,2022-11-12T14:20:24.355,1076.800,0.762,-0.274,0.152
1668255624395,2022-11-12T14:20:24.395,1076.840,0.579,-0.335,0.091
1668255624435,2022-11-12T14:20:24.435,1076.880,0.549,-0.274,0.030
1668255624475,2022-11-12T14:20:24.475,1076.920,0.854,-0.152,0.000
1668255624515,2022-11-12T14:20:24.515,1076.960,1.250,-0.091,-0.152
1668255624555,2022-11-12T14:20:24.555,1077.000,0.793,-0.244,0.122
1668255624595,2022-11-12T14:20:24.595,1077.040,0.823,-0.457,-0.091
1668255624635,2022-11-12T14:20:24.635,1077.080,1.189,-0.152,-0.091
1668255624675,2022-11-12T14:20:24.675,1077.120,1.189,-0.030,0.000
1668255624715,2022-11-12T14:20:24.715,1077.160,0.793,-0.335,-0.030
1668255624755,2022-11-12T14:20:24.755,1077.200,0.213,-0.274,0.274
1668255624795,2022-11-12T14:20:24.795,1077.240,0.427,-0.152,0.213
1668255624835,2022-11-12T14:20:24.835,1077.280,0.610,-0.122,0.183
1668255624875,2022-11-12T14:20:24.875,1077.320,0.854,-0.213,-0.030
1668255624915,2022-11-12T14:20:24.915,1077.360,1.067,-0.152,-0.152
1668255624955,2022-11-12T14:20:24.955,1077.400,1.067,-0.061,0.000
1668255624995,2022-11-12T14:20:24.995,1077.440,1.006,-0.152,-0.091
1668255625035,2022-11-12T14:20:25.035,1077.480,0.945,-0.152,0.000
1668255625075,2022-11-12T14:20:25.075,1077.520,1.159,-0.091,-0.061
1668255625115,2022-11-12T14:20:25.115,1077.560,1.037,-0.030,-0.030
1668255625155,2022-11-12T14:20:25.155,1077.600,0.945,-0.122,-0.030
1668255625195,2022-11-12T14:20:25.195,1077.640,1.159,-0.152,-0.122
1668255625235,2022-11-12T14:20:25.235,1077.680,1.098,-0.122,-0.091
1668255625275,2022-11-12T14:20:25.275,1077.720,1.098,-0.152,-0.122
1668255625315,2022-11-12T14:20:25.315,1077.760,1.037,-0.183,0.000
1668255625355,2022-11-12T14:20:25.355,1077.800,0.701,-0.366,0.030
1668255625395,2022-11-12T14:20:25.395,1077.840,0.701,-0.244,-0.030
1668255625435,2022-11-12T14:20:25.435,1077.880,0.945,-0.122,-0.030
1668255625475,2022-11-12T14:20:25.475,1077.920,0.945,-0.030,-0.152
1668255625515,2022-11-12T14:20:25.515,1077.960,0.854,-0.061,0.000
1668255625555,2022-11-12T14:20:25.555,1078.000,1.280,-0.091,-0.122
1668255625595,2022-11-12T14:20:25.595,1078.040,1.037,-0.183,-0.091
1668255625635,2022-11-12T14:20:25.635,1078.080,0.518,-0.427,0.030
1668255625675,2022-11-12T14:20:25.675,1078.120,0.579,-0.305,0.000
1668255625715,2022-11-12T14:20:25.715,1078.160,0.762,0.000,0.183
1668255625755,2022-11-12T14:20:25.755,1078.200,0.945,-0.091,0.030
1668255625795,2022-11-12T14:20:25.795,1078.240,0.854,-0.274,-0.122
1668255625835,2022-11-12T14:20:25.835,1078.280,0.915,-0.152,-0.091
1668255625875,2022-11-12T14:20:25.875,1078.320,1.006,-0.122,0.030
1668255625915,2022-11-12T14:20:25.915,1078.360,0.671,-0.183,0.061
1668255625955,2022-11-12T14:20:25.955,1078.400,0.762,-0.213,-0.030
1668255625995,2022-11-12T14:20:25.995,1078.440,1.067,-0.030,-0.030
1668255626035,2022-11-12T14:20:26.035,1078.480,1.250,-0.030,-0.213
1668255626075,2022-11-12T14:20:26.075,1078.520,1.067,-0.244,-0.061
1668255626115,2022-11-12T14:20:26.115,1078.560,0.762,-0.335,-0.061
1668255626155,2022-11-12T14:20:26.155,1078.600,0.823,-0.183,-0.152
1668255626195,2022-11-12T14:20:26.195,1078.640,0.854,-0.091,0.061
1668255626235,2022-11-12T14:20:26.235,1078.680,0.732,-0.122,0.030
1668255626275,2022-11-12T14:20:26.275,1078.720,0.671,-0.213,0.061
1668255626315,2022-11-12T14:20:26.315,1078.760,0.945,-0.122,0.000
1668255626355,2022-11-12T14:20:26.355,1078.800,0.976,-0.122,-0.030
1668255626395,2022-11-12T14:20:26.395,1078.840,0.915,-0.244,0.030
1668255626435,2022-11-12T14:20:26.435,1078.880,1.067,-0.122,-0.122
1668255626475,2022-11-12T14:20:26.475,1078.920,0.915,-0.183,-0.061
1668255626515,2022-11-12T14:20:26.515,1078.960,0.732,-0.183,0.061
1668255626555,2022-11-12T14:20:26.555,1079.000,0.823,-0.183,0.000
1668255626595,2022-11-12T14:20:26.595,1079.040,0.915,-0.244,-0.091
1668255626635,2022-11-12T14:20:26.635,1079.080,0.823,-0.213,0.122
1668255626675,2022-11-12T14:20:26.675,1079.120,0.701,-0.152,0.030
1668255626715,2022-11-12T14:20:26.715,1079.160,0.732,-0.244,-0.061
1668255626755,2022-11-12T14:20:26.755,1079.200,0.793,-0.091,0.030
1668255626795,2022-11-12T14:20:26.795,1079.240,1.037,-0.122,-0.061
1668255626835,2022-11-12T14:20:26.835,1079.280,0.945,-0.091,0.000
1668255626875,2022-11-12T14:20:26.875,1079.320,0.793,-0.305,0.122
1668255626915,2022-11-12T14:20:26.915,1079.360,1.067,-0.305,0.000
1668255626955,2022-11-12T14:20:26.955,1079.400,1.250,-0.122,0.213
1668255626995,2022-11-12T14:20:26.995,1079.440,1.067,-0.122,0.152
1668255627035,2022-11-12T14:20:27.035,1079.480,0.793,-0.244,-0.061
1668255627075,2022-11-12T14:20:27.075,1079.520,0.793,-0.244,0.030
1668255627115,2022-11-12T14:20:27.115,1079.560,1.159,-0.030,-0.061
1668255627155,2022-11-12T14:20:27.155,1079.600,0.762,-0.183,0.000
1668255627195,2022-11-12T14:20:27.195,1079.640,0.854,-0.244,-0.091
1668255627235,2022-11-12T14:20:27.235,1079.680,0.976,-0.152,-0.061
1668255627275,2022-11-12T14:20:27.275,1079.720,0.793,-0.122,0.030
1668255627315,2022-11-12T14:20:27.315,1079.760,0.701,-0.183,0.000
1668255627355,2022-11-12T14:20:27.355,1079.800,0.762,-0.274,-0.091
1668255627395,2022-11-12T14:20:27.395,1079.840,0.884,-0.122,0.030
1668255627435,2022-11-12T14:20:27.435,1079.880,0.793,-0.183,0.000
1668255627475,2022-11-12T14:20:27.475,1079.920,0.671,-0.213,0.000
1668255627515,2022-11-12T14:20:27.515,1079.960,0.854,-0.122,0.030
1668255627555,2022-11-12T14:20:27.555,1080.000,1.006,-0.183,0.030
1668255627595,2022-11-12T14:20:27.595,1080.040,0.793,-0.091,0.000
1668255627635,2022-11-12T14:20:27.635,1080.080,0.884,-0.091,-0.030
1668255627675,2022-11-12T14:20:27.675,1080.120,0.732,-0.244,0.122
1668255627715,2022-11-12T14:20:27.715,1080.160,0.640,-0.335,-0.061
1668255627755,2022-11-12T14:20:27.755,1080.200,0.884,-0.213,-0.030
1668255627795,2022-11-12T14:20:27.795,1080.240,0.854,-0.061,0.030
1668255627835,2022-11-12T14:20:27.835,1080.280,0.793,-0.183,0.000
1668255627875,2022-11-12T14:20:27.875,1080.320,0.793,-0.396,0.091
1668255627915,2022-11-12T14:20:27.915,1080.360,1.006,-0.152,0.000
1668255627955,2022-11-12T14:20:27.955,1080.400,0.701,-0.122,0.152
1668255627995,2022-11-12T14:20:27.995,1080.440,0.732,-0.305,0.000
1668255628035,2022-11-12T14:20:28.035,1080.480,0.823,-0.213,0.030
1668255628075,2022-11-12T14:20:28.075,1080.520,0.732,-0.183,0.152
1668255628115,2022-11-12T14:20:28.115,1080.560,0.732,-0.244,0.061
1668255628155,2022-11-12T14:20:28.155,1080.600,0.823,-0.274,0.000
1668255628195,2022-11-12T14:20:28.195,1080.640,0.823,-0.152,-0.030
1668255628235,2022-11-12T14:20:28.235,1080.680,0.732,-0.183,0.061
1668255628275,2022-11-12T14:20:28.275,1080.720,0.701,-0.152,0.091
1668255628315,2022-11-12T14:20:28.315,1080.760,0.854,-0.366,0.000
1668255628355,2022-11-12T14:20:28.355,1080.800,0.884,-0.335,0.000
1668255628395,2022-11-12T14:20:28.395,1080.840,0.976,-0.274,0.000
1668255628435,2022-11-12T14:20:28.435,1080.880,1.006,-0.335,-0.122
1668255628475,2022-11-12T14:20:28.475,1080.920,0.701,-0.152,0.091
1668255628515,2022-11-12T14:20:28.515,1080.960,0.549,-0.366,0.091
1668255628555,2022-11-12T14:20:28.555,1081.000,0.640,-0.305,0.000
1668255628595,2022-11-12T14:20:28.595,1081.040,0.945,-0.274,-0.030
1668255628635,2022-11-12T14:20:28.635,1081.080,0.945,-0.366,-0.091
1668255628675,2022-11-12T14:20:28.675,1081.120,0.610,-0.274,0.122
1668255628715,2022-11-12T14:20:28.715,1081.160,0.884,-0.152,0.000
1668255628755,2022-11-12T14:20:28.755,1081.200,0.762,-0.213,0.091
1668255628795,2022-11-12T14:20:28.795,1081.240,0.732,-0.305,0.122
1668255628835,2022-11-12T14:20:28.835,1081.280,1.159,-0.244,-0.122
1668255628875,2022-11-12T14:20:28.875,1081.320,0.945,-0.122,0.030
1668255628915,2022-11-12T14:20:28.915,1081.360,0.915,-0.152,0.000
1668255628955,2022-11-12T14:20:28.955,1081.400,0.915,-0.335,-0.061
1668255628995,2022-11-12T14:20:28.995,1081.440,0.915,-0.183,-0.061
1668255629035,2022-11-12T14:20:29.035,1081.480,1.067,-0.061,-0.061
1668255629075,2022-11-12T14:20:29.075,1081.520,0.762,-0.122,-0.030
1668255629115,2022-11-12T14:20:29.115,1081.560,0.701,-0.213,-0.030
1668255629155,2022-11-12T14:20:29.155,1081.600,1.098,-0.213,-0.030
1668255629195,2022-11-12T14:20:29.195,1081.640,1.250,-0.183,0.061
1668255629235,2022-11-12T14:20:29.235,1081.680,1.006,-0.335,-0.122
1668255629275,2022-11-12T14:20:29.275,1081.720,0.823,-0.427,-0.183
1668255629315,2022-11-12T14:20:29.315,1081.760,0.762,-0.061,0.061
1668255629355,2022-11-12T14:20:29.355,1081.800,0.915,0.030,0.091
1668255629395,2022-11-12T14:20:29.395,1081.840,0.884,-0.152,-0.183
1668255629435,2022-11-12T14:20:29.435,1081.880,0.823,-0.183,0.000
1668255629475,2022-11-12T14:20:29.475,1081.920,0.915,-0.030,-0.091
1668255629515,2022-11-12T14:20:29.515,1081.960,0.671,-0.152,0.000
1668255629555,2022-11-12T14:20:29.555,1082.000,0.762,-0.274,-0.061
1668255629595,2022-11-12T14:20:29.595,1082.040,1.098,-0.061,-0.183
1668255629635,2022-11-12T14:20:29.635,1082.080,0.793,-0.061,0.030
1668255629675,2022-11-12T14:20:29.675,1082.120,0.488,-0.122,0.091
1668255629715,2022-11-12T14:20:29.715,1082.160,0.701,-0.152,-0.030
1668255629755,2022-11-12T14:20:29.755,1082.200,0.884,-0.091,0.030
1668255629795,2022-11-12T14:20:29.795,1082.240,0.854,0.030,0.122
1668255629835,2022-11-12T14:20:29.835,1082.280,0.732,-0.122,0.000
1668255629875,2022-11-12T14:20:29.875,1082.320,0.701,-0.152,0.030
1668255629915,2022-11-12T14:20:29.915,1082.360,0.823,-0.152,-0.091
1668255629955,2022-11-12T14:20:29.955,1082.400,0.976,-0.091,-0.122
1668255629995,2022-11-12T14:20:29.995,1082.440,0.732,-0.305,0.030
1668255630035,2022-11-12T14:20:30.035,1082.480,0.549,-0.427,-0.030
1668255630075,2022-11-12T14:20:30.075,1082.520,0.793,-0.183,-0.091
1668255630115,2022-11-12T14:20:30.115,1082.560,0.762,-0.122,0.030
1668255630155,2022-11-12T14:20:30.155,1082.600,0.823,-0.183,-0.122
1668255630195,2022-11-12T14:20:30.195,1082.640,0.823,-0.335,-0.091
1668255630235,2022-11-12T14:20:30.235,1082.680,0.884,-0.274,-0.030
1668255630275,2022-11-12T14:20:30.275,1082.720,0.884,-0.061,0.000
1668255630315,2022-11-12T14:20:30.315,1082.760,0.762,-0.152,0.030
1668255630355,2022-11-12T14:20:30.355,1082.800,0.762,-0.122,0.000
1668255630395,2022-11-12T14:20:30.395,1082.840,0.579,0.335,0.213
1668255630435,2022-11-12T14:20:30.435,1082.880,0.640,0.061,0.183
1668255630475,2022-11-12T14:20:30.475,1082.920,0.701,-0.366,-0.030
1668255630515,2022-11-12T14:20:30.515,1082.960,0.915,-0.335,-0.091
1668255630555,2022-11-12T14:20:30.555,1083.000,0.945,-0.274,-0.030
1668255630595,2022-11-12T14:20:30.595,1083.040,0.701,-0.122,0.000
1668255630635,2022-11-12T14:20:30.635,1083.080,0.732,-0.152,-0.061
1668255630675,2022-11-12T14:20:30.675,1083.120,0.823,-0.122,0.000
1668255630715,2022-11-12T14:20:30.715,1083.160,0.884,0.000,0.061
1668255630755,2022-11-12T14:20:30.755,1083.200,0.976,0.152,0.000
1668255630795,2022-11-12T14:20:30.795,1083.240,0.732,-0.061,0.061
1668255630835,2022-11-12T14:20:30.835,1083.280,0.793,-0.335,-0.061
1668255630875,2022-11-12T14:20:30.875,1083.320,1.037,-0.244,-0.152
1668255630915,2022-11-12T14:20:30.915,1083.360,0.915,-0.091,-0.030
1668255630955,2022-11-12T14:20:30.955,1083.400,0.945,-0.183,-0.061
1668255630995,2022-11-12T14:20:30.995,1083.440,0.640,-0.244,0.030
1668255631035,2022-11-12T14:20:31.035,1083.480,0.518,-0.274,-0.152
1668255631075,2022-11-12T14:20:31.075,1083.520,0.701,-0.122,-0.305
1668255631115,2022-11-12T14:20:31.115,1083.560,0.640,-0.366,-0.213
1668255631155,2022-11-12T14:20:31.155,1083.600,1.037,-0.091,0.091
1668255631195,2022-11-12T14:20:31.195,1083.640,1.555,0.061,-0.061
1668255631235,2022-11-12T14:20:31.235,1083.680,1.341,-0.305,-0.183
1668255631275,2022-11-12T14:20:31.275,1083.720,0.976,-0.152,-0.030
1668255631315,2022-11-12T14:20:31.315,1083.760,1.159,-0.244,-0.030
1668255631355,2022-11-12T14:20:31.355,1083.800,1.220,-0.152,0.122
1668255631395,2022-11-12T14:20:31.395,1083.840,1.494,-0.305,0.427
1668255631435,2022-11-12T14:20:31.435,1083.880,2.165,0.000,0.854
1668255631475,2022-11-12T14:20:31.475,1083.920,1.433,0.213,0.671
1668255631515,2022-11-12T14:20:31.515,1083.960,0.488,-0.762,-0.427
1668255631555,2022-11-12T14:20:31.555,1084.000,0.640,-0.396,-0.244
1668255631595,2022-11-12T14:20:31.595,1084.040,1.372,0.213,0.152
1668255631635,2022-11-12T14:20:31.635,1084.080,1.128,-0.183,-0.213
1668255631675,2022-11-12T14:20:31.675,1084.120,0.640,-0.274,-0.152
1668255631715,2022-11-12T14:20:31.715,1084.160,1.128,-0.213,0.030
1668255631755,2022-11-12T14:20:31.755,1084.200,1.402,-0.122,-0.061
1668255631795,2022-11-12T14:20:31.795,1084.240,0.823,-0.305,-0.122
1668255631835,2022-11-12T14:20:31.835,1084.280,0.762,-0.488,-0.274
1668255631875,2022-11-12T14:20:31.875,1084.320,0.671,-0.122,0.091
1668255631915,2022-11-12T14:20:31.915,1084.360,0.518,-0.244,0.122
1668255631955,2022-11-12T14:20:31.955,1084.400,0.518,-0.305,0.000
1668255631995,2022-11-12T14:20:31.995,1084.440,0.274,-0.213,0.335
1668255632035,2022-11-12T14:20:32.035,1084.480,1.098,-0.183,0.122
1668255632075,2022-11-12T14:20:32.075,1084.520,1.677,-0.152,0.122
1668255632115,2022-11-12T14:20:32.115,1084.560,1.738,-0.244,0.152
1668255632155,2022-11-12T14:20:32.155,1084.600,1.646,-0.274,0.030
1668255632195,2022-11-12T14:20:32.195,1084.640,1.341,-0.335,0.030
1668255632235,2022-11-12T14:20:32.235,1084.680,1.494,-0.213,-0.091
1668255632275,2022-11-12T14:20:32.275,1084.720,1.585,-0.274,0.122
1668255632315,2022-11-12T14:20:32.315,1084.760,1.677,0.000,0.122
1668255632355,2022-11-12T14:20:32.355,1084.800,1.098,-0.305,-0.122
1668255632395,2022-11-12T14:20:32.395,1084.840,0.976,-0.305,-0.061
1668255632435,2022-11-12T14:20:32.435,1084.880,1.128,-0.183,-0.244
1668255632475,2022-11-12T14:20:32.475,1084.920,1.067,-0.457,-0.488
1668255632515,2022-11-12T14:20:32.515,1084.960,0.793,-0.610,-0.427
1668255632555,2022-11-12T14:20:32.555,1085.000,0.701,-0.488,0.000
1668255632595,2022-11-12T14:20:32.595,1085.040,0.396,-0.244,0.213
1668255632635,2022-11-12T14:20:32.635,1085.080,0.366,-0.152,0.213
1668255632675,2022-11-12T14:20:32.675,1085.120,0.915,-0.213,0.183
1668255632715,2022-11-12T14:20:32.715,1085.160,0.884,-0.091,0.122
1668255632755,2022-11-12T14:20:32.755,1085.200,0.854,-0.244,0.122
1668255632795,2022-11-12T14:20:32.795,1085.240,1.067,-0.183,-0.213
1668255632835,2022-11-12T14:20:32.835,1085.280,0.793,-0.213,0.030
1668255632875,2022-11-12T14:20:32.875,1085.320,1.006,-0.274,0.030
1668255632915,2022-11-12T14:20:32.915,1085.360,1.006,-0.244,0.061
1668255632955,2022-11-12T14:20:32.955,1085.400,0.915,-0.396,-0.091
1668255632995,2022-11-12T14:20:32.995,1085.440,1.006,-0.457,-0.579
1668255633035,2022-11-12T14:20:33.035,1085.480,0.732,-0.549,-0.610
1668255633075,2022-11-12T14:20:33.075,1085.520,0.915,-0.030,0.244
1668255633115,2022-11-12T14:20:33.115,1085.560,1.098,0.244,0.244
1668255633155,2022-11-12T14:20:33.155,1085.600,0.915,-0.305,-0.122
1668255633195,2022-11-12T14:20:33.195,1085.640,0.488,-0.183,0.030
1668255633235,2022-11-12T14:20:33.235,1085.680,0.915,0.061,0.030
1668255633275,2022-11-12T14:20:33.275,1085.720,0.762,-0.152,0.183
1668255633315,2022-11-12T14:20:33.315,1085.760,0.549,-0.396,-0.091
1668255633355,2022-11-12T14:20:33.355,1085.800,0.549,-0.244,-0.122
1668255633395,2022-11-12T14:20:33.395,1085.840,0.732,-0.274,0.061
1668255633435,2022-11-12T14:20:33.435,1085.880,0.823,-0.244,0.030
1668255633475,2022-11-12T14:20:33.475,1085.920,0.549,-0.213,0.091
1668255633515,2022-11-12T14:20:33.515,1085.960,0.884,-0.213,-0.061
1668255633555,2022-11-12T14:20:33.555,1086.000,0.762,-0.122,0.091
1668255633595,2022-11-12T14:20:33.595,1086.040,0.793,-0.152,-0.091
1668255633635,2022-11-12T14:20:33.635,1086.080,0.854,-0.183,-0.091
1668255633675,2022-11-12T14:20:33.675,1086.120,0.823,-0.030,0.122
1668255633715,2022-11-12T14:20:33.715,1086.160,0.762,-0.122,0.000
1668255633755,2022-11-12T14:20:33.755,1086.200,0.610,-0.427,-0.183
1668255633795,2022-11-12T14:20:33.795,1086.240,0.823,-0.335,0.061
1668255633835,2022-11-12T14:20:33.835,1086.280,0.915,0.061,0.244
1668255633875,2022-11-12T14:20:33.875,1086.320,0.976,-0.213,-0.061
1668255633915,2022-11-12T14:20:33.915,1086.360,0.976,-0.427,-0.122
1668255633955,2022-11-12T14:20:33.955,1086.400,1.159,-0.183,0.000
1668255633995,2022-11-12T14:20:33.995,1086.440,0.823,-0.091,0.244
1668255634035,2022-11-12T14:20:34.035,1086.480,0.732,-0.213,0.030
1668255634075,2022-11-12T14:20:34.075,1086.520,0.945,-0.244,-0.122
1668255634115,2022-11-12T14:20:34.115,1086.560,0.976,-0.244,-0.152
1668255634155,2022-11-12T14:20:34.155,1086.600,0.610,-0.152,0.000
1668255634195,2022-11-12T14:20:34.195,1086.640,0.640,-0.335,0.061
1668255634235,2022-11-12T14:20:34.235,1086.680,1.037,-0.183,-0.122
1668255634275,2022-11-12T14:20:34.275,1086.720,0.884,-0.061,0.091
1668255634315,2022-11-12T14:20:34.315,1086.760,0.854,-0.244,-0.122
1668255634355,2022-11-12T14:20:34.355,1086.800,0.793,-0.244,-0.061
1668255634395,2022-11-12T14:20:34.395,1086.840,0.823,-0.213,0.030
1668255634435,2022-11-12T14:20:34.435,1086.880,0.976,-0.244,-0.061
1668255634475,2022-11-12T14:20:34.475,1086.920,0.854,-0.152,-0.030
1668255634515,2022-11-12T14:20:34.515,1086.960,0.945,-0.213,-0.091
1668255634555,2022-11-12T14:20:34.555,1087.000,1.037,-0.274,-0.061
1668255634595,2022-11-12T14:20:34.595,1087.040,0.854,-0.244,0.000
1668255634635,2022-11-12T14:20:34.635,1087.080,1.006,-0.244,-0.061
1668255634675,2022-11-12T14:20:34.675,1087.120,1.189,-0.244,-0.122
1668255634715,2022-11-12T14:20:34.715,1087.160,0.732,-0.274,0.030
1668255634755,2022-11-12T14:20:34.755,1087.200,0.671,-0.244,-0.061
1668255634795,2022-11-12T14:20:34.795,1087.240,0.884,0.061,0.030
1668255634835,2022-11-12T14:20:34.835,1087.280,0.915,-0.091,-0.030
1668255634875,2022-11-12T14:20:34.875,1087.320,0.732,-0.305,-0.030
1668255634915,2022-11-12T14:20:34.915,1087.360,0.610,-0.122,0.122
1668255634955,2022-11-12T14:20:34.955,1087.400,0.823,-0.152,0.030
1668255634995,2022-11-12T14:20:34.995,1087.440,0.762,-0.091,0.061
1668255635035,2022-11-12T14:20:35.035,1087.480,0.854,-0.183,0.030
1668255635075,2022-11-12T14:20:35.075,1087.520,0.915,-0.183,-0.091
1668255635115,2022-11-12T14:20:35.115,1087.560,0.823,-0.061,0.061
1668255635155,2022-11-12T14:20:35.155,1087.600,0.793,-0.183,0.030
1668255635195,2022-11-12T14:20:35.195,1087.640,0.945,-0.305,0.030
1668255635235,2022-11-12T14:20:35.235,1087.680,1.280,-0.335,-0.152
1668255635275,2022-11-12T14:20:35.275,1087.720,1.250,-0.152,-0.091
1668255635315,2022-11-12T14:20:35.315,1087.760,0.854,-0.122,-0.030
1668255635355,2022-11-12T14:20:35.355,1087.800,0.762,-0.213,0.000
1668255635395,2022-11-12T14:20:35.395,1087.840,0.884,-0.061,0.183
1668255635435,2022-11-12T14:20:35.435,1087.880,1.037,-0.183,0.000
1668255635475,2022-11-12T14:20:35.475,1087.920,0.793,-0.396,0.030
1668255635515,2022-11-12T14:20:35.515,1087.960,0.732,-0.457,0.152
1668255635555,2022-11-12T14:20:35.555,1088.000,0.823,-0.427,0.030
1668255635595,2022-11-12T14:20:35.595,1088.040,0.701,-0.305,0.030
1668255635635,2022-11-12T14:20:35.635,1088.080,0.701,-0.183,0.030
1668255635675,2022-11-12T14:20:35.675,1088.120,0.762,-0.183,0.152
1668255635715,2022-11-12T14:20:35.715,1088.160,0.915,-0.335,0.122
1668255635755,2022-11-12T14:20:35.755,1088.200,1.006,-0.183,-0.030
1668255635795,2022-11-12T14:20:35.795,1088.240,0.945,-0.274,0.000
1668255635835,2022-11-12T14:20:35.835,1088.280,1.037,-0.335,-0.030
1668255635875,2022-11-12T14:20:35.875,1088.320,0.823,-0.274,-0.030
1668255635915,2022-11-12T14:20:35.915,1088.360,0.701,-0.305,0.061
1668255635955,2022-11-12T14:20:35.955,1088.400,1.037,-0.213,0.091
1668255635995,2022-11-12T14:20:35.995,1088.440,0.884,-0.213,0.091
1668255636035,2022-11-12T14:20:36.035,1088.480,0.823,-0.366,0.000
1668255636075,2022-11-12T14:20:36.075,1088.520,0.915,-0.305,0.061
1668255636115,2022-11-12T14:20:36.115,1088.560,0.945,-0.213,0.091
1668255636155,2022-11-12T14:20:36.155,1088.600,0.793,-0.122,-0.030
1668255636195,2022-11-12T14:20:36.195,1088.640,0.854,-0.152,-0.061
1668255636235,2022-11-12T14:20:36.235,1088.680,0.732,-0.213,0.213
1668255636275,2022-11-12T14:20:36.275,1088.720,0.762,-0.305,0.000
1668255636315,2022-11-12T14:20:36.315,1088.760,0.762,-0.274,0.000
1668255636355,2022-11-12T14:20:36.355,1088.800,0.793,-0.122,0.030
1668255636395,2022-11-12T14:20:36.395,1088.840,0.915,-0.244,0.000
1668255636435,2022-11-12T14:20:36.435,1088.880,0.762,-0.427,0.061
1668255636475,2022-11-12T14:20:36.475,1088.920,0.976,-0.274,-0.122
1668255636515,2022-11-12T14:20:36.515,1088.960,0.823,-0.183,0.091
1668255636555,2022-11-12T14:20:36.555,1089.000,0.884,-0.305,-0.030
1668255636595,2022-11-12T14:20:36.595,1089.040,0.823,-0.244,0.000
1668255636635,2022-11-12T14:20:36.635,1089.080,0.854,-0.091,0.030
1668255636675,2022-11-12T14:20:36.675,1089.120,1.159,-0.091,-0.061
1668255636715,2022-11-12T14:20:36.715,1089.160,1.067,-0.305,-0.061
1668255636755,2022-11-12T14:20:36.755,1089.200,0.732,-0.335,-0.030
1668255636795,2022-11-12T14:20:36.795,1089.240,0.732,-0.091,0.061
1668255636835,2022-11-12T14:20:36.835,1089.280,0.640,-0.122,0.152
1668255636875,2022-11-12T14:20:36.875,1089.320,0.976,-0.152,-0.213
1668255636915,2022-11-12T14:20:36.915,1089.360,0.884,-0.061,-0.122
1668255636955,2022-11-12T14:20:36.955,1089.400,0.701,-0.274,0.122
1668255636995,2022-11-12T14:20:36.995,1089.440,1.006,-0.183,-0.061
1668255637035,2022-11-12T14:20:37.035,1089.480,0.793,-0.152,0.000
1668255637075,2022-11-12T14:20:37.075,1089.520,0.762,-0.213,0.000
1668255637115,2022-11-12T14:20:37.115,1089.560,0.793,-0.183,0.091
1668255637155,2022-11-12T14:20:37.155,1089.600,0.732,-0.122,0.030
1668255637195,2022-11-12T14:20:37.195,1089.640,0.945,-0.213,-0.122
1668255637235,2022-11-12T14:20:37.235,1089.680,0.701,-0.183,0.091
1668255637275,2022-11-12T14:20:37.275,1089.720,0.793,-0.183,-0.030
1668255637315,2022-11-12T14:20:37.315,1089.760,0.884,-0.244,0.000
1668255637355,2022-11-12T14:20:37.355,1089.800,0.671,-0.183,0.122
1668255637395,2022-11-12T14:20:37.395,1089.840,0.884,-0.213,-0.030
1668255637435,2022-11-12T14:20:37.435,1089.880,0.884,-0.274,-0.030
1668255637475,2022-11-12T14:20:37.475,1089.920,0.671,-0.213,0.091
1668255637515,2022-11-12T14:20:37.515,1089.960,0.823,-0.274,0.000
1668255637555,2022-11-12T14:20:37.555,1090.000,0.976,-0.183,-0.061
1668255637595,2022-11-12T14:20:37.595,1090.040,1.006,0.000,-0.061
1668255637635,2022-11-12T14:20:37.635,1090.080,0.671,-0.244,0.152
1668255637675,2022-11-12T14:20:37.675,1090.120,0.640,-0.366,-0.091
1668255637715,2022-11-12T14:20:37.715,1090.160,0.823,-0.091,0.000
1668255637755,2022-11-12T14:20:37.755,1090.200,0.884,-0.122,0.030
1668255637795,2022-11-12T14:20:37.795,1090.240,0.854,-0.244,-0.061
1668255637835,2022-11-12T14:20:37.835,1090.280,0.823,-0.213,0.000
1668255637875,2022-11-12T14:20:37.875,1090.320,1.098,-0.061,-0.091
1668255637915,2022-11-12T14:20:37.915,1090.360,0.823,-0.030,0.030
1668255637955,2022-11-12T14:20:37.955,1090.400,0.823,-0.305,0.030
1668255637995,2022-11-12T14:20:37.995,1090.440,0.976,-0.091,-0.061
1668255638035,2022-11-12T14:20:38.035,1090.480,0.762,-0.122,0.030
1668255638075,2022-11-12T14:20:38.075,1090.520,0.823,-0.213,0.000
1668255638115,2022-11-12T14:20:38.115,1090.560,0.915,-0.183,-0.030
1668255638155,2022-11-12T14:20:38.155,1090.600,0.701,-0.244,-0.030
1668255638195,2022-11-12T14:20:38.195,1090.640,0.762,-0.030,0.061
1668255638235,2022-11-12T14:20:38.235,1090.680,0.976,-0.091,-0.030
1668255638275,2022-11-12T14:20:38.275,1090.720,1.067,-0.244,-0.122
1668255638315,2022-11-12T14:20:38.315,1090.760,0.854,-0.244,0.091
1668255638355,2022-11-12T14:20:38.355,1090.800,0.701,-0.244,-0.030
1668255638395,2022-11-12T14:20:38.395,1090.840,0.549,-0.183,0.030
1668255638435,2022-11-12T14:20:38.435,1090.880,0.732,-0.152,-0.030
1668255638475,2022-11-12T14:20:38.475,1090.920,1.067,-0.122,-0.122
1668255638515,2022-11-12T14:20:38.515,1090.960,0.915,-0.274,0.183
1668255638555,2022-11-12T14:20:38.555,1091.000,1.006,-0.183,-0.122
1668255638595,2022-11-12T14:20:38.595,1091.040,0.701,-0.244,-0.122
1668255638635,2022-11-12T14:20:38.635,1091.080,0.549,-0.213,0.091
1668255638675,2022-11-12T14:20:38.675,1091.120,0.945,-0.030,-0.061
1668255638715,2022-11-12T14:20:38.715,1091.160,0.854,-0.152,-0.030
1668255638755,2022-11-12T14:20:38.755,1091.200,0.732,-0.366,0.030
1668255638795,2022-11-12T14:20:38.795,1091.240,0.915,-0.274,-0.091
1668255638835,2022-11-12T14:20:38.835,1091.280,1.098,-0.366,-0.122
1668255638875,2022-11-12T14:20:38.875,1091.320,0.976,-0.457,-0.061
1668255638915,2022-11-12T14:20:38.915,1091.360,0.854,-0.396,-0.061
1668255638955,2022-11-12T14:20:38.955,1091.400,0.732,-0.030,0.061
1668255638995,2022-11-12T14:20:38.995,1091.440,0.884,0.030,0.000
1668255639035,2022-11-12T14:20:39.035,1091.480,1.037,-0.122,-0.213
1668255639075,2022-11-12T14:20:39.075,1091.520,0.549,-0.091,0.122
1668255639115,2022-11-12T14:20:39.115,1091.560,0.671,-0.335,0.061
1668255639155,2022-11-12T14:20:39.155,1091.600,1.006,-0.213,-0.091
1668255639195,2022-11-12T14:20:39.195,1091.640,0.762,-0.061,-0.061
1668255639235,2022-11-12T14:20:39.235,1091.680,0.762,-0.183,-0.061
1668255639275,2022-11-12T14:20:39.275,1091.720,0.762,-0.335,0.061
1668255639315,2022-11-12T14:20:39.315,1091.760,0.915,-0.183,-0.061
1668255639355,2022-11-12T14:20:39.355,1091.800,0.884,-0.183,0.000
1668255639395,2022-11-12T14:20:39.395,1091.840,0.854,-0.427,0.030
1668255639435,2022-11-12T14:20:39.435,1091.880,0.915,-0.274,0.061
1668255639475,2022-11-12T14:20:39.475,1091.920,0.701,-0.183,0.122
1668255639515,2022-11-12T14:20:39.515,1091.960,0.854,-0.305,0.000
1668255639555,2022-11-12T14:20:39.555,1092.000,1.128,-0.305,-0.091
1668255639595,2022-11-12T14:20:39.595,1092.040,1.037,-0.244,-0.030
1668255639635,2022-11-12T14:20:39.635,1092.080,0.762,-0.244,0.061
1668255639675,2022-11-12T14:20:39.675,1092.120,0.762,-0.213,0.030
1668255639715,2022-11-12T14:20:39.715,1092.160,0.884,-0.213,-0.030
1668255639755,2022-11-12T14:20:39.755,1092.200,1.037,-0.244,0.000
1668255639795,2022-11-12T14:20:39.795,1092.240,1.006,-0.366,-0.030
1668255639835,2022-11-12T14:20:39.835,1092.280,1.006,-0.335,-0.061
1668255639875,2022-11-12T14:20:39.875,1092.320,1.098,0.091,-0.244
1668255639915,2022-11-12T14:20:39.915,1092.360,1.159,0.091,-0.152
1668255639955,2022-11-12T14:20:39.955,1092.400,0.915,-0.610,0.091
1668255639995,2022-11-12T14:20:39.995,1092.440,1.189,-0.884,-0.213
1668255640035,2022-11-12T14:20:40.035,1092.480,1.037,-0.549,-0.061
1668255640075,2022-11-12T14:20:40.075,1092.520,0.823,-0.366,0.030
1668255640115,2022-11-12T14:20:40.115,1092.560,0.854,-0.396,-0.091
1668255640155,2022-11-12T14:20:40.155,1092.600,0.701,-0.244,0.061
1668255640195,2022-11-12T14:20:40.195,1092.640,0.976,-0.183,-0.091
1668255640235,2022-11-12T14:20:40.235,1092.680,0.915,-0.244,0.061
1668255640275,2022-11-12T14:20:40.275,1092.720,1.250,-0.061,-0.061
1668255640315,2022-11-12T14:20:40.315,1092.760,1.433,-0.152,-0.183
1668255640355,2022-11-12T14:20:40.355,1092.800,0.945,-0.305,0.000
1668255640395,2022-11-12T14:20:40.395,1092.840,0.610,-0.305,0.091
1668255640435,2022-11-12T14:20:40.435,1092.880,0.671,-0.213,0.183
1668255640475,2022-11-12T14:20:40.475,1092.920,0.823,-0.274,0.061
1668255640515,2022-11-12T14:20:40.515,1092.960,0.915,-0.274,0.091
1668255640555,2022-11-12T14:20:40.555,1093.000,0.884,-0.213,0.091
1668255640595,2022-11-12T14:20:40.595,1093.040,0.762,-0.244,0.030
1668255640635,2022-11-12T14:20:40.635,1093.080,0.915,-0.305,-0.030
1668255640675,2022-11-12T14:20:40.675,1093.120,1.037,-0.244,0.061
1668255640715,2022-11-12T14:20:40.715,1093.160,0.915,-0.213,0.091
1668255640755,2022-11-12T14:20:40.755,1093.200,0.884,-0.305,-0.152
1668255640795,2022-11-12T14:20:40.795,1093.240,0.762,-0.488,0.000
1668255640835,2022-11-12T14:20:40.835,1093.280,0.915,-0.610,-0.030
1668255640875,2022-11-12T14:20:40.875,1093.320,1.006,-0.549,-0.061
1668255640915,2022-11-12T14:20:40.915,1093.360,0.945,-0.518,-0.030
1668255640955,2022-11-12T14:20:40.955,1093.400,0.915,-0.396,-0.091
1668255640995,2022-11-12T14:20:40.995,1093.440,0.701,-0.244,0.152
1668255641035,2022-11-12T14:20:41.035,1093.480,1.067,-0.213,0.000
1668255641075,2022-11-12T14:20:41.075,1093.520,0.915,-0.305,0.030
1668255641115,2022-11-12T14:20:41.115,1093.560,0.823,-0.396,-0.091
1668255641155,2022-11-12T14:20:41.155,1093.600,0.945,-0.244,-0.091
1668255641195,2022-11-12T14:20:41.195,1093.640,0.854,-0.213,0.061
1668255641235,2022-11-12T14:20:41.235,1093.680,0.823,-0.335,0.030
1668255641275,2022-11-12T14:20:41.275,1093.720,0.762,-0.274,0.000
1668255641315,2022-11-12T14:20:41.315,1093.760,0.915,-0.183,0.061
1668255641355,2022-11-12T14:20:41.355,1093.800,1.006,-0.213,0.091
1668255641395,2022-11-12T14:20:41.395,1093.840,0.823,-0.335,0.000
1668255641435,2022-11-12T14:20:41.435,1093.880,0.823,-0.274,0.000
1668255641475,2022-11-12T14:20:41.475,1093.920,0.884,-0.183,0.091
1668255641515,2022-11-12T14:20:41.515,1093.960,1.006,-0.244,0.000
1668255641555,2022-11-12T14:20:41.555,1094.000,0.762,-0.396,0.030
1668255641595,2022-11-12T14:20:41.595,1094.040,0.823,-0.274,-0.091
1668255641635,2022-11-12T14:20:41.635,1094.080,0.854,-0.122,0.000
1668255641675,2022-11-12T14:20:41.675,1094.120,0.884,-0.122,0.000
1668255641715,2022-11-12T14:20:41.715,1094.160,0.823,-0.152,0.000
1668255641755,2022-11-12T14:20:41.755,1094.200,0.793,-0.213,-0.030
1668255641795,2022-11-12T14:20:41.795,1094.240,0.976,-0.244,-0.122
1668255641835,2022-11-12T14:20:41.835,1094.280,1.098,-0.244,-0.030
1668255641875,2022-11-12T14:20:41.875,1094.320,1.585,-0.366,-0.396
1668255641915,2022-11-12T14:20:41.915,1094.360,1.463,-0.427,-0.244
1668255641955,2022-11-12T14:20:41.955,1094.400,0.945,-0.091,0.061
1668255641995,2022-11-12T14:20:41.995,1094.440,0.671,0.061,0.030
1668255642035,2022-11-12T14:20:42.035,1094.480,0.762,-0.091,-0.061
1668255642075,2022-11-12T14:20:42.075,1094.520,0.793,-0.122,0.030
1668255642115,2022-11-12T14:20:42.115,1094.560,0.762,-0.152,0.030
1668255642155,2022-11-12T14:20:42.155,1094.600,0.854,-0.091,-0.030
1668255642195,2022-11-12T14:20:42.195,1094.640,0.945,-0.030,-0.091
1668255642235,2022-11-12T14:20:42.235,1094.680,0.793,-0.213,0.061
1668255642275,2022-11-12T14:20:42.275,1094.720,0.488,0.213,0.000
1668255642315,2022-11-12T14:20:42.315,1094.760,0.488,0.244,0.000
1668255642355,2022-11-12T14:20:42.355,1094.800,0.732,0.000,0.030
1668255642395,2022-11-12T14:20:42.395,1094.840,0.854,0.091,-0.091
1668255642435,2022-11-12T14:20:42.435,1094.880,0.518,0.091,0.091
1668255642475,2022-11-12T14:20:42.475,1094.920,0.854,-0.091,0.000
1668255642515,2022-11-12T14:20:42.515,1094.960,0.945,-0.030,0.030
1668255642555,2022-11-12T14:20:42.555,1095.000,0.701,-0.091,0.030
1668255642595,2022-11-12T14:20:42.595,1095.040,0.732,-0.152,-0.030
1668255642635,2022-11-12T14:20:42.635,1095.080,0.793,-0.152,0.030
1668255642675,2022-11-12T14:20:42.675,1095.120,0.823,-0.213,0.061
1668255642715,2022-11-12T14:20:42.715,1095.160,0.732,-0.244,0.000
1668255642755,2022-11-12T14:20:42.755,1095.200,0.976,-0.213,-0.122
1668255642795,2022-11-12T14:20:42.795,1095.240,1.006,-0.183,-0.061
1668255642835,2022-11-12T14:20:42.835,1095.280,0.640,-0.183,0.061
1668255642875,2022-11-12T14:20:42.875,1095.320,0.884,-0.122,-0.122
1668255642915,2022-11-12T14:20:42.915,1095.360,0.945,-0.183,-0.030
1668255642955,2022-11-12T14:20:42.955,1095.400,0.762,-0.366,0.000
1668255642995,2022-11-12T14:20:42.995,1095.440,0.854,-0.274,-0.091
1668255643035,2022-11-12T14:20:43.035,1095.480,0.884,-0.122,0.030
1668255643075,2022-11-12T14:20:43.075,1095.520,0.884,-0.183,-0.030
1668255643115,2022-11-12T14:20:43.115,1095.560,0.793,-0.152,0.000
1668255643155,2022-11-12T14:20:43.155,1095.600,0.823,-0.091,0.000
1668255643195,2022-11-12T14:20:43.195,1095.640,0.976,-0.091,-0.061
1668255643235,2022-11-12T14:20:43.235,1095.680,0.671,-0.061,0.183
1668255643275,2022-11-12T14:20:43.275,1095.720,0.701,-0.091,-0.091
1668255643315,2022-11-12T14:20:43.315,1095.760,0.640,-0.061,0.061
1668255643355,2022-11-12T14:20:43.355,1095.800,0.457,-0.122,0.274
1668255643395,2022-11-12T14:20:43.395,1095.840,0.732,-0.305,0.061
1668255643435,2022-11-12T14:20:43.435,1095.880,0.945,-0.122,0.061
1668255643475,2022-11-12T14:20:43.475,1095.920,0.945,-0.122,-0.061
1668255643515,2022-11-12T14:20:43.515,1095.960,0.793,-0.244,-0.061
1668255643555,2022-11-12T14:20:43.555,1096.000,0.823,-0.030,-0.030
1668255643595,2022-11-12T14:20:43.595,1096.040,1.067,0.000,-0.122
1668255643635,2022-11-12T14:20:43.635,1096.080,0.762,-0.305,0.091
1668255643675,2022-11-12T14:20:43.675,1096.120,0.732,-0.366,-0.061
1668255643715,2022-11-12T14:20:43.715,1096.160,0.884,-0.091,-0.061
1668255643755,2022-11-12T14:20:43.755,1096.200,0.915,-0.122,-0.030
1668255643795,2022-11-12T14:20:43.795,1096.240,0.823,-0.305,-0.091
1668255643835,2022-11-12T14:20:43.835,1096.280,0.732,-0.274,0.061
1668255643875,2022-11-12T14:20:43.875,1096.320,0.884,0.030,0.000
1668255643915,2022-11-12T14:20:43.915,1096.360,0.701,-0.091,0.030
1668255643955,2022-11-12T14:20:43.955,1096.400,0.640,-0.213,0.000
1668255643995,2022-11-12T14:20:43.995,1096.440,0.854,-0.244,-0.030
1668255644035,2022-11-12T14:20:44.035,1096.480,0.671,-0.152,0.122
1668255644075,2022-11-12T14:20:44.075,1096.520,0.762,-0.274,0.030
1668255644115,2022-11-12T14:20:44.115,1096.560,0.854,-0.244,0.030
1668255644155,2022-11-12T14:20:44.155,1096.600,0.793,-0.244,0.030
1668255644195,2022-11-12T14:20:44.195,1096.640,0.762,-0.305,0.030
1668255644235,2022-11-12T14:20:44.235,1096.680,0.823,-0.244,0.061
1668255644275,2022-11-12T14:20:44.275,1096.720,0.915,-0.213,-0.030
1668255644315,2022-11-12T14:20:44.315,1096.760,0.945,-0.274,-0.030
1668255644355,2022-11-12T14:20:44.355,1096.800,0.701,-0.396,0.213
1668255644395,2022-11-12T14:20:44.395,1096.840,0.732,-0.335,0.030
1668255644435,2022-11-12T14:20:44.435,1096.880,0.793,-0.274,0.000
1668255644475,2022-11-12T14:20:44.475,1096.920,0.854,-0.183,0.030
1668255644515,2022-11-12T14:20:44.515,1096.960,0.823,-0.305,0.061
1668255644555,2022-11-12T14:20:44.555,1097.000,0.732,-0.244,0.122
1668255644595,2022-11-12T14:20:44.595,1097.040,0.854,-0.152,0.030
1668255644635,2022-11-12T14:20:44.635,1097.080,0.732,-0.274,0.152
1668255644675,2022-11-12T14:20:44.675,1097.120,0.945,-0.335,0.000
1668255644715,2022-11-12T14:20:44.715,1097.160,0.915,-0.152,0.061
1668255644755,2022-11-12T14:20:44.755,1097.200,0.793,-0.244,0.061
1668255644795,2022-11-12T14:20:44.795,1097.240,0.884,-0.335,0.030
1668255644835,2022-11-12T14:20:44.835,1097.280,0.884,-0.274,0.030
1668255644875,2022-11-12T14:20:44.875,1097.320,0.854,-0.152,0.030
1668255644915,2022-11-12T14:20:44.915,1097.360,0.976,-0.183,0.030
1668255644955,2022-11-12T14:20:44.955,1097.400,0.823,-0.213,-0.030
1668255644995,2022-11-12T14:20:44.995,1097.440,0.701,-0.396,-0.030
1668255645035,2022-11-12T14:20:45.035,1097.480,0.640,-0.488,0.061
1668255645075,2022-11-12T14:20:45.075,1097.520,0.854,-0.396,-0.183
1668255645115,2022-11-12T14:20:45.115,1097.560,0.854,-0.152,-0.061
1668255645155,2022-11-12T14:20:45.155,1097.600,0.884,-0.091,0.061
1668255645195,2022-11-12T14:20:45.195,1097.640,0.945,-0.152,-0.030
1668255645235,2022-11-12T14:20:45.235,1097.680,0.945,-0.213,0.030
1668255645275,2022-11-12T14:20:45.275,1097.720,1.067,-0.061,-0.091
1668255645315,2022-11-12T14:20:45.315,1097.760,0.915,-0.183,0.000
1668255645355,2022-11-12T14:20:45.355,1097.800,1.037,-0.152,-0.091
1668255645395,2022-11-12T14:20:45.395,1097.840,0.945,0.030,0.030
1668255645435,2022-11-12T14:20:45.435,1097.880,0.762,0.061,0.122
1668255645475,2022-11-12T14:20:45.475,1097.920,0.732,-0.122,0.000
1668255645515,2022-11-12T14:20:45.515,1097.960,0.915,-0.061,-0.122
1668255645555,2022-11-12T14:20:45.555,1098.000,0.823,-0.030,-0.122
1668255645595,2022-11-12T14:20:45.595,1098.040,0.732,-0.183,0.000
1668255645635,2022-11-12T14:20:45.635,1098.080,0.945,-0.122,-0.122
1668255645675,2022-11-12T14:20:45.675,1098.120,0.762,-0.122,0.030
1668255645715,2022-11-12T14:20:45.715,1098.160,0.518,-0.274,0.152
1668255645755,2022-11-12T14:20:45.755,1098.200,0.915,-0.152,-0.122
1668255645795,2022-11-12T14:20:45.795,1098.240,-0.366,-1.220,-0.061
1668255645835,2022-11-12T14:20:45.835,1098.280,-2.287,-3.628,-0.152
1668255645875,2022-11-12T14:20:45.875,1098.320,-1.098,-2.988,-0.091
1668255645915,2022-11-12T14:20:45.915,1098.360,0.457,-0.915,0.061
1668255645955,2022-11-12T14:20:45.955,1098.400,1.372,0.305,0.091
1668255645995,2022-11-12T14:20:45.995,1098.440,1.646,0.640,0.000
1668255646035,2022-11-12T14:20:46.035,1098.480,1.860,0.854,-0.183
1668255646075,2022-11-12T14:20:46.075,1098.520,1.860,1.006,-0.030
1668255646115,2022-11-12T14:20:46.115,1098.560,1.646,0.762,0.030
1668255646155,2022-11-12T14:20:46.155,1098.600,1.341,0.396,0.030
1668255646195,2022-11-12T14:20:46.195,1098.640,1.280,0.305,-0.061
1668255646235,2022-11-12T14:20:46.235,1098.680,1.159,0.305,-0.030
1668255646275,2022-11-12T14:20:46.275,1098.720,1.006,-0.091,-0.061
1668255646315,2022-11-12T14:20:46.315,1098.760,1.006,-0.061,-0.091
1668255646355,2022-11-12T14:20:46.355,1098.800,1.067,0.000,0.030
1668255646395,2022-11-12T14:20:46.395,1098.840,0.762,-0.152,0.122
1668255646435,2022-11-12T14:20:46.435,1098.880,0.732,-0.213,-0.122
1668255646475,2022-11-12T14:20:46.475,1098.920,0.945,-0.091,-0.061
1668255646515,2022-11-12T14:20:46.515,1098.960,0.976,-0.122,-0.030
1668255646555,2022-11-12T14:20:46.555,1099.000,0.671,-0.122,0.091
1668255646595,2022-11-12T14:20:46.595,1099.040,0.762,-0.183,0.030
1668255646635,2022-11-12T14:20:46.635,1099.080,0.884,-0.061,-0.061
1668255646675,2022-11-12T14:20:46.675,1099.120,0.762,-0.152,0.091
1668255646715,2022-11-12T14:20:46.715,1099.160,0.823,-0.213,-0.030
1668255646755,2022-11-12T14:20:46.755,1099.200,0.823,-0.091,-0.030
1668255646795,2022-11-12T14:20:46.795,1099.240,0.793,-0.061,0.030
1668255646835,2022-11-12T14:20:46.835,1099.280,0.884,-0.152,-0.030
1668255646875,2022-11-12T14:20:46.875,1099.320,0.915,-0.061,-0.030
1668255646915,2022-11-12T14:20:46.915,1099.360,0.762,0.000,0.030
1668255646955,2022-11-12T14:20:46.955,1099.400,0.823,-0.274,-0.030
1668255646995,2022-11-12T14:20:46.995,1099.440,0.915,-0.183,-0.030
1668255647035,2022-11-12T14:20:47.035,1099.480,0.884,-0.030,0.000
1668255647075,2022-11-12T14:20:47.075,1099.520,0.854,-0.061,-0.122
1668255647115,2022-11-12T14:20:47.115,1099.560,0.701,-0.213,0.061
1668255647155,2022-11-12T14:20:47.155,1099.600,0.640,-0.274,0.000
1668255647195,2022-11-12T14:20:47.195,1099.640,0.823,-0.091,-0.061
1668255647235,2022-11-12T14:20:47.235,1099.680,0.976,-0.244,-0.061
1668255647275,2022-11-12T14:20:47.275,1099.720,0.884,-0.244,-0.091
1668255647315,2022-11-12T14:20:47.315,1099.760,0.701,-0.091,0.091
1668255647355,2022-11-12T14:20:47.355,1099.800,0.915,-0.061,-0.061
1668255647395,2022-11-12T14:20:47.395,1099.840,0.793,-0.122,0.030
1668255647435,2022-11-12T14:20:47.435,1099.880,0.671,-0.183,0.091
1668255647475,2022-11-12T14:20:47.475,1099.920,0.915,-0.061,0.000
1668255647515,2022-11-12T14:20:47.515,1099.960,0.823,-0.122,0.000
1668255647555,2022-11-12T14:20:47.555,1100.000,0.671,-0.244,-0.030
1668255647595,2022-11-12T14:20:47.595,1100.040,0.793,-0.183,-0.030
1668255647635,2022-11-12T14:20:47.635,1100.080,0.884,-0.091,0.000
1668255647675,2022-11-12T14:20:47.675,1100.120,0.701,-0.061,0.030
1668255647715,2022-11-12T14:20:47.715,1100.160,0.701,-0.244,0.061
1668255647755,2022-11-12T14:20:47.755,1100.200,0.762,-0.213,0.030
1668255647795,2022-11-12T14:20:47.795,1100.240,0.793,-0.061,-0.061
1668255647835,2022-11-12T14:20:47.835,1100.280,0.945,-0.183,-0.122
1668255647875,2022-11-12T14:20:47.875,1100.320,0.945,-0.244,-0.030
1668255647915,2022-11-12T14:20:47.915,1100.360,0.671,-0.396,0.183
1668255647955,2022-11-12T14:20:47.955,1100.400,0.823,-0.366,0.061
1668255647995,2022-11-12T14:20:47.995,1100.440,1.037,-0.274,0.030
1668255648035,2022-11-12T14:20:48.035,1100.480,0.976,-0.244,0.000
1668255648075,2022-11-12T14:20:48.075,1100.520,0.823,-0.244,0.122
1668255648115,2022-11-12T14:20:48.115,1100.560,0.793,-0.244,0.122
1668255648155,2022-11-12T14:20:48.155,1100.600,0.884,-0.366,-0.030
1668255648195,2022-11-12T14:20:48.195,1100.640,0.610,-0.396,0.091
1668255648235,2022-11-12T14:20:48.235,1100.680,0.762,-0.274,0.000
1668255648275,2022-11-12T14:20:48.275,1100.720,0.884,-0.213,0.061
1668255648315,2022-11-12T14:20:48.315,1100.760,0.823,-0.335,0.091
1668255648355,2022-11-12T14:20:48.355,1100.800,0.793,-0.335,0.030
1668255648395,2022-11-12T14:20:48.395,1100.840,0.823,-0.213,0.030
1668255648435,2022-11-12T14:20:48.435,1100.880,0.823,-0.213,0.030
1668255648475,2022-11-12T14:20:48.475,1100.920,0.762,-0.244,0.061
1668255648515,2022-11-12T14:20:48.515,1100.960,0.762,-0.274,0.061
1668255648555,2022-11-12T14:20:48.555,1101.000,0.793,-0.152,0.061
1668255648595,2022-11-12T14:20:48.595,1101.040,0.823,-0.274,0.061
1668255648635,2022-11-12T14:20:48.635,1101.080,0.854,-0.274,0.061
1668255648675,2022-11-12T14:20:48.675,1101.120,0.884,-0.122,-0.030
1668255648715,2022-11-12T14:20:48.715,1101.160,0.854,-0.213,0.030
1668255648755,2022-11-12T14:20:48.755,1101.200,0.701,-0.335,0.122
1668255648795,2022-11-12T14:20:48.795,1101.240,0.762,-0.213,-0.122
1668255648835,2022-11-12T14:20:48.835,1101.280,0.671,0.061,0.061
1668255648875,2022-11-12T14:20:48.875,1101.320,0.732,0.030,0.061
1668255648915,2022-11-12T14:20:48.915,1101.360,0.762,-0.152,0.122
1668255648955,2022-11-12T14:20:48.955,1101.400,0.915,-0.122,0.061
1668255648995,2022-11-12T14:20:48.995,1101.440,0.945,-0.061,0.030
1668255649035,2022-11-12T14:20:49.035,1101.480,0.671,-0.183,0.061
1668255649075,2022-11-12T14:20:49.075,1101.520,0.884,-0.213,-0.122
1668255649115,2022-11-12T14:20:49.115,1101.560,0.976,-0.122,0.000
1668255649155,2022-11-12T14:20:49.155,1101.600,0.945,-0.061,0.000
1668255649195,2022-11-12T14:20:49.195,1101.640,0.701,0.000,0.000
1668255649235,2022-11-12T14:20:49.235,1101.680,0.457,0.335,0.091
1668255649275,2022-11-12T14:20:49.275,1101.720,0.427,0.335,0.213
1668255649315,2022-11-12T14:20:49.315,1101.760,0.671,-0.183,0.091
1668255649355,2022-11-12T14:20:49.355,1101.800,0.823,-0.183,0.030
1668255649395,2022-11-12T14:20:49.395,1101.840,0.884,0.030,-0.061
1668255649435,2022-11-12T14:20:49.435,1101.880,0.732,0.000,-0.030
1668255649475,2022-11-12T14:20:49.475,1101.920,0.762,0.061,0.000
1668255649515,2022-11-12T14:20:49.515,1101.960,0.762,-0.152,0.030
1668255649555,2022-11-12T14:20:49.555,1102.000,0.793,-0.274,-0.122
1668255649595,2022-11-12T14:20:49.595,1102.040,0.732,-0.061,0.000
1668255649635,2022-11-12T14:20:49.635,1102.080,0.945,-0.091,-0.061
1668255649675,2022-11-12T14:20:49.675,1102.120,0.945,-0.244,0.152
1668255649715,2022-11-12T14:20:49.715,1102.160,1.006,-0.274,-0.061
1668255649755,2022-11-12T14:20:49.755,1102.200,0.915,-0.213,-0.152
1668255649795,2022-11-12T14:20:49.795,1102.240,0.488,-0.030,0.122
1668255649835,2022-11-12T14:20:49.835,1102.280,0.793,-0.091,-0.091
1668255649875,2022-11-12T14:20:49.875,1102.320,0.884,-0.061,-0.030
1668255649915,2022-11-12T14:20:49.915,1102.360,0.732,-0.152,0.030
1668255649955,2022-11-12T14:20:49.955,1102.400,0.854,-0.244,-0.061
1668255649995,2022-11-12T14:20:49.995,1102.440,1.067,-0.244,-0.183
1668255650035,2022-11-12T14:20:50.035,1102.480,1.067,-0.152,-0.122
1668255650075,2022-11-12T14:20:50.075,1102.520,0.884,-0.183,-0.030
1668255650115,2022-11-12T14:20:50.115,1102.560,0.915,-0.274,-0.061
1668255650155,2022-11-12T14:20:50.155,1102.600,0.884,-0.213,-0.061
1668255650195,2022-11-12T14:20:50.195,1102.640,0.915,0.000,0.061
1668255650235,2022-11-12T14:20:50.235,1102.680,1.280,-0.122,-0.152
1668255650275,2022-11-12T14:20:50.275,1102.720,1.341,-0.305,-0.213
1668255650315,2022-11-12T14:20:50.315,1102.760,0.549,-0.457,0.091
1668255650355,2022-11-12T14:20:50.355,1102.800,0.396,-0.366,0.000
1668255650395,2022-11-12T14:20:50.395,1102.840,0.640,-0.213,0.091
1668255650435,2022-11-12T14:20:50.435,1102.880,0.884,-0.122,-0.030
1668255650475,2022-11-12T14:20:50.475,1102.920,0.762,-0.122,-0.061
1668255650515,2022-11-12T14:20:50.515,1102.960,0.823,-0.305,-0.030
1668255650555,2022-11-12T14:20:50.555,1103.000,1.159,-0.183,-0.213
1668255650595,2022-11-12T14:20:50.595,1103.040,0.793,-0.152,0.000
1668255650635,2022-11-12T14:20:50.635,1103.080,0.854,-0.366,-0.091
1668255650675,2022-11-12T14:20:50.675,1103.120,1.067,-0.305,-0.030
1668255650715,2022-11-12T14:20:50.715,1103.160,0.884,-0.213,0.122
1668255650755,2022-11-12T14:20:50.755,1103.200,0.915,-0.335,-0.061
1668255650795,2022-11-12T14:20:50.795,1103.240,0.915,-0.335,-0.061
1668255650835,2022-11-12T14:20:50.835,1103.280,1.098,-0.213,0.000
1668255650875,2022-11-12T14:20:50.875,1103.320,0.976,-0.152,0.030
1668255650915,2022-11-12T14:20:50.915,1103.360,0.793,-0.183,0.030
1668255650955,2022-11-12T14:20:50.955,1103.400,0.854,-0.213,0.000
1668255650995,2022-11-12T14:20:50.995,1103.440,0.945,-0.244,0.030
1668255651035,2022-11-12T14:20:51.035,1103.480,0.915,-0.244,0.000
1668255651075,2022-11-12T14:20:51.075,1103.520,0.854,-0.152,-0.030
1668255651115,2022-11-12T14:20:51.115,1103.560,0.945,-0.122,0.000
1668255651155,2022-11-12T14:20:51.155,1103.600,1.037,-0.122,-0.122
1668255651195,2022-11-12T14:20:51.195,1103.640,0.854,-0.122,0.000
1668255651235,2022-11-12T14:20:51.235,1103.680,0.579,-0.396,-0.030
1668255651275,2022-11-12T14:20:51.275,1103.720,0.549,-0.244,-0.518
1668255651315,2022-11-12T14:20:51.315,1103.760,0.091,-0.396,-0.488
1668255651355,2022-11-12T14:20:51.355,1103.800,0.610,-0.244,-0.122
1668255651395,2022-11-12T14:20:51.395,1103.840,1.006,-0.122,0.152
1668255651435,2022-11-12T14:20:51.435,1103.880,0.884,-0.183,0.030
1668255651475,2022-11-12T14:20:51.475,1103.920,0.823,-0.122,-0.061
1668255651515,2022-11-12T14:20:51.515,1103.960,0.823,-0.213,0.152
1668255651555,2022-11-12T14:20:51.555,1104.000,1.067,-0.122,0.000
1668255651595,2022-11-12T14:20:51.595,1104.040,0.915,-0.152,0.061
1668255651635,2022-11-12T14:20:51.635,1104.080,0.793,-0.213,0.213
1668255651675,2022-11-12T14:20:51.675,1104.120,0.976,0.000,0.213
1668255651715,2022-11-12T14:20:51.715,1104.160,0.793,-0.030,0.061
1668255651755,2022-11-12T14:20:51.755,1104.200,0.305,-0.305,-0.183
1668255651795,2022-11-12T14:20:51.795,1104.240,0.427,-0.305,0.061
1668255651835,2022-11-12T14:20:51.835,1104.280,0.823,-0.122,0.183
1668255651875,2022-11-12T14:20:51.875,1104.320,0.945,-0.244,0.091
1668255651915,2022-11-12T14:20:51.915,1104.360,0.762,-0.274,0.152
1668255651955,2022-11-12T14:20:51.955,1104.400,0.884,-0.183,0.091
1668255651995,2022-11-12T14:20:51.995,1104.440,1.037,-0.091,0.030
1668255652035,2022-11-12T14:20:52.035,1104.480,0.915,-0.244,-0.030
1668255652075,2022-11-12T14:20:52.075,1104.520,0.884,-0.274,0.061
1668255652115,2022-11-12T14:20:52.115,1104.560,0.549,-0.305,0.183
1668255652155,2022-11-12T14:20:52.155,1104.600,0.366,-0.488,-0.122
1668255652195,2022-11-12T14:20:52.195,1104.640,0.183,-0.274,0.091
1668255652235,2022-11-12T14:20:52.235,1104.680,0.549,-0.213,0.061
1668255652275,2022-11-12T14:20:52.275,1104.720,0.854,-0.122,0.000
1668255652315,2022-11-12T14:20:52.315,1104.760,0.671,-0.122,0.061
1668255652355,2022-11-12T14:20:52.355,1104.800,0.793,-0.152,-0.030
1668255652395,2022-11-12T14:20:52.395,1104.840,0.762,-0.183,0.000
1668255652435,2022-11-12T14:20:52.435,1104.880,0.579,-0.213,-0.274
1668255652475,2022-11-12T14:20:52.475,1104.920,0.244,-0.396,-0.152
1668255652515,2022-11-12T14:20:52.515,1104.960,0.701,-0.183,0.030
1668255652555,2022-11-12T14:20:52.555,1105.000,0.945,-0.183,0.000
1668255652595,2022-11-12T14:20:52.595,1105.040,0.793,-0.335,-0.030
1668255652635,2022-11-12T14:20:52.635,1105.080,0.793,-0.305,-0.061
1668255652675,2022-11-12T14:20:52.675,1105.120,0.762,-0.122,0.122
1668255652715,2022-11-12T14:20:52.715,1105.160,0.884,-0.183,0.061
1668255652755,2022-11-12T14:20:52.755,1105.200,0.854,-0.274,-0.030
1668255652795,2022-11-12T14:20:52.795,1105.240,0.793,-0.152,0.152
1668255652835,2022-11-12T14:20:52.835,1105.280,1.006,-0.122,-0.030
1668255652875,2022-11-12T14:20:52.875,1105.320,0.823,-0.244,0.091
1668255652915,2022-11-12T14:20:52.915,1105.360,0.671,-0.366,0.061
1668255652955,2022-11-12T14:20:52.955,1105.400,0.915,-0.122,-0.061
1668255652995,2022-11-12T14:20:52.995,1105.440,1.037,-0.061,0.061
1668255653035,2022-11-12T14:20:53.035,1105.480,1.006,-0.183,-0.030
1668255653075,2022-11-12T14:20:53.075,1105.520,0.915,-0.244,0.000
1668255653115,2022-11-12T14:20:53.115,1105.560,1.128,-0.183,-0.183
1668255653155,2022-11-12T14:20:53.155,1105.600,1.098,-0.152,0.000
1668255653195,2022-11-12T14:20:53.195,1105.640,1.098,-0.183,-0.152
1668255653235,2022-11-12T14:20:53.235,1105.680,1.006,-0.244,-0.030
1668255653275,2022-11-12T14:20:53.275,1105.720,0.884,-0.122,0.152
1668255653315,2022-11-12T14:20:53.315,1105.760,0.915,-0.091,0.000
1668255653355,2022-11-12T14:20:53.355,1105.800,0.854,-0.213,-0.030
1668255653395,2022-11-12T14:20:53.395,1105.840,1.037,-0.183,-0.030
1668255653435,2022-11-12T14:20:53.435,1105.880,1.128,-0.061,0.000
1668255653475,2022-11-12T14:20:53.475,1105.920,0.976,-0.152,-0.030
1668255653515,2022-11-12T14:20:53.515,1105.960,0.976,-0.152,-0.122
1668255653555,2022-11-12T14:20:53.555,1106.000,0.976,-0.030,-0.122
1668255653595,2022-11-12T14:20:53.595,1106.040,0.701,-0.305,0.061
1668255653635,2022-11-12T14:20:53.635,1106.080,0.671,-0.335,0.000
1668255653675,2022-11-12T14:20:53.675,1106.120,1.006,-0.030,0.091
1668255653715,2022-11-12T14:20:53.715,1106.160,1.037,-0.091,0.000
1668255653755,2022-11-12T14:20:53.755,1106.200,0.701,-0.183,-0.061
1668255653795,2022-11-12T14:20:53.795,1106.240,0.701,-0.213,-0.030
1668255653835,2022-11-12T14:20:53.835,1106.280,1.006,-0.061,-0.030
1668255653875,2022-11-12T14:20:53.875,1106.320,0.793,-0.091,0.122
1668255653915,2022-11-12T14:20:53.915,1106.360,0.884,-0.244,-0.122
1668255653955,2022-11-12T14:20:53.955,1106.400,0.915,-0.183,0.000
1668255653995,2022-11-12T14:20:53.995,1106.440,0.762,-0.122,0.030
1668255654035,2022-11-12T14:20:54.035,1106.480,0.762,-0.183,0.000
1668255654075,2022-11-12T14:20:54.075,1106.520,0.915,-0.122,-0.061
1668255654115,2022-11-12T14:20:54.115,1106.560,1.067,-0.274,-0.152
1668255654155,2022-11-12T14:20:54.155,1106.600,0.884,-0.305,-0.091
1668255654195,2022-11-12T14:20:54.195,1106.640,0.762,-0.183,-0.061
1668255654235,2022-11-12T14:20:54.235,1106.680,0.976,-0.122,-0.091
1668255654275,2022-11-12T14:20:54.275,1106.720,0.854,-0.274,0.091
1668255654315,2022-11-12T14:20:54.315,1106.760,0.640,-0.335,0.061
1668255654355,2022-11-12T14:20:54.355,1106.800,0.884,-0.122,-0.091
1668255654395,2022-11-12T14:20:54.395,1106.840,0.823,-0.152,-0.061
1668255654435,2022-11-12T14:20:54.435,1106.880,0.854,-0.122,-0.030
1668255654475,2022-11-12T14:20:54.475,1106.920,0.823,-0.122,0.091
1668255654515,2022-11-12T14:20:54.515,1106.960,0.854,-0.152,0.000
1668255654555,2022-11-12T14:20:54.555,1107.000,0.793,-0.183,0.030
1668255654595,2022-11-12T14:20:54.595,1107.040,0.854,-0.152,0.061
1668255654635,2022-11-12T14:20:54.635,1107.080,0.915,-0.183,-0.061
1668255654675,2022-11-12T14:20:54.675,1107.120,0.671,-0.213,0.061
1668255654715,2022-11-12T14:20:54.715,1107.160,0.762,-0.152,0.000
1668255654755,2022-11-12T14:20:54.755,1107.200,0.823,-0.122,-0.030
1668255654795,2022-11-12T14:20:54.795,1107.240,0.945,-0.274,-0.122
1668255654835,2022-11-12T14:20:54.835,1107.280,0.854,-0.213,0.091
1668255654875,2022-11-12T14:20:54.875,1107.320,0.854,-0.122,0.061
1668255654915,2022-11-12T14:20:54.915,1107.360,0.915,-0.152,-0.183
1668255654955,2022-11-12T14:20:54.955,1107.400,0.884,-0.183,-0.030
1668255654995,2022-11-12T14:20:54.995,1107.440,0.671,-0.274,0.122
1668255655035,2022-11-12T14:20:55.035,1107.480,0.854,-0.274,-0.091
1668255655075,2022-11-12T14:20:55.075,1107.520,0.976,-0.152,0.000
1668255655115,2022-11-12T14:20:55.115,1107.560,0.976,-0.183,-0.061
1668255655155,2022-11-12T14:20:55.155,1107.600,0.854,-0.274,-0.030
1668255655195,2022-11-12T14:20:55.195,1107.640,0.823,-0.274,-0.030
1668255655235,2022-11-12T14:20:55.235,1107.680,0.945,-0.152,-0.030
1668255655275,2022-11-12T14:20:55.275,1107.720,0.701,-0.152,0.152
1668255655315,2022-11-12T14:20:55.315,1107.760,0.976,-0.274,-0.091
1668255655355,2022-11-12T14:20:55.355,1107.800,0.945,-0.213,0.030
1668255655395,2022-11-12T14:20:55.395,1107.840,0.732,-0.213,0.091
1668255655435,2022-11-12T14:20:55.435,1107.880,0.854,-0.183,-0.030
1668255655475,2022-11-12T14:20:55.475,1107.920,0.823,-0.244,0.000
1668255655515,2022-11-12T14:20:55.515,1107.960,0.701,-0.183,0.061
1668255655555,2022-11-12T14:20:55.555,1108.000,0.640,-0.061,0.030
1668255655595,2022-11-12T14:20:55.595,1108.040,0.732,-0.091,0.030
1668255655635,2022-11-12T14:20:55.635,1108.080,1.037,-0.244,-0.061
1668255655675,2022-11-12T14:20:55.675,1108.120,0.823,-0.457,0.091
1668255655715,2022-11-12T14:20:55.715,1108.160,0.640,-0.427,0.030
1668255655755,2022-11-12T14:20:55.755,1108.200,0.762,-0.213,-0.030
1668255655795,2022-11-12T14:20:55.795,1108.240,0.823,-0.122,0.061
1668255655835,2022-11-12T14:20:55.835,1108.280,0.732,0.030,0.061
1668255655875,2022-11-12T14:20:55.875,1108.320,0.671,-0.274,0.152
1668255655915,2022-11-12T14:20:55.915,1108.360,0.976,-0.335,-0.122
1668255655955,2022-11-12T14:20:55.955,1108.400,0.823,-0.244,0.061
1668255655995,2022-11-12T14:20:55.995,1108.440,0.823,-0.366,0.030
1668255656035,2022-11-12T14:20:56.035,1108.480,0.823,-0.305,-0.061
1668255656075,2022-11-12T14:20:56.075,1108.520,0.701,-0.274,0.122
1668255656115,2022-11-12T14:20:56.115,1108.560,0.762,-0.213,0.061
1668255656155,2022-11-12T14:20:56.155,1108.600,0.823,-0.122,0.061
1668255656195,2022-11-12T14:20:56.195,1108.640,0.945,-0.274,0.000
1668255656235,2022-11-12T14:20:56.235,1108.680,0.884,-0.305,-0.030
1668255656275,2022-11-12T14:20:56.275,1108.720,0.854,-0.183,0.091
1668255656315,2022-11-12T14:20:56.315,1108.760,0.976,-0.213,0.000
1668255656355,2022-11-12T14:20:56.355,1108.800,0.823,-0.244,-0.030
1668255656395,2022-11-12T14:20:56.395,1108.840,0.640,-0.366,0.152
1668255656435,2022-11-12T14:20:56.435,1108.880,0.915,-0.305,0.000
1668255656475,2022-11-12T14:20:56.475,1108.920,0.854,-0.183,0.061
1668255656515,2022-11-12T14:20:56.515,1108.960,0.823,0.030,0.061
1668255656555,2022-11-12T14:20:56.555,1109.000,0.732,-0.122,0.091
1668255656595,2022-11-12T14:20:56.595,1109.040,0.793,-0.274,-0.061
1668255656635,2022-11-12T14:20:56.635,1109.080,0.976,-0.244,-0.061
1668255656675,2022-11-12T14:20:56.675,1109.120,0.793,-0.183,0.122
1668255656715,2022-11-12T14:20:56.715,1109.160,0.915,-0.152,-0.122
1668255656755,2022-11-12T14:20:56.755,1109.200,0.793,-0.152,0.030
1668255656795,2022-11-12T14:20:56.795,1109.240,0.854,-0.061,0.030
1668255656835,2022-11-12T14:20:56.835,1109.280,0.793,-0.091,0.030
1668255656875,2022-11-12T14:20:56.875,1109.320,0.823,-0.152,-0.061
1668255656915,2022-11-12T14:20:56.915,1109.360,0.915,-0.244,-0.122
1668255656955,2022-11-12T14:20:56.955,1109.400,0.823,-0.183,0.000
1668255656995,2022-11-12T14:20:56.995,1109.440,0.915,-0.152,-0.091
1668255657035,2022-11-12T14:20:57.035,1109.480,0.915,-0.152,-0.091
1668255657075,2022-11-12T14:20:57.075,1109.520,0.732,-0.274,-0.030
1668255657115,2022-11-12T14:20:57.115,1109.560,0.396,-0.244,-0.091
1668255657155,2022-11-12T14:20:57.155,1109.600,-2.043,-0.030,-0.122
1668255657195,2022-11-12T14:20:57.195,1109.640,-4.024,0.915,-0.244
1668255657235,2022-11-12T14:20:57.235,1109.680,-0.793,0.396,-0.183
1668255657275,2022-11-12T14:20:57.275,1109.720,2.348,-0.396,-0.152
1668255657315,2022-11-12T14:20:57.315,1109.760,2.409,-0.335,-0.122
1668255657355,2022-11-12T14:20:57.355,1109.800,1.921,-0.457,0.030
1668255657395,2022-11-12T14:20:57.395,1109.840,2.165,-0.396,0.000
1668255657435,2022-11-12T14:20:57.435,1109.880,1.799,-0.152,0.122
1668255657475,2022-11-12T14:20:57.475,1109.920,1.463,-0.183,-0.030
1668255657515,2022-11-12T14:20:57.515,1109.960,1.189,-0.213,-0.061
1668255657555,2022-11-12T14:20:57.555,1110.000,1.250,-0.152,-0.122
1668255657595,2022-11-12T14:20:57.595,1110.040,1.159,-0.152,0.000
1668255657635,2022-11-12T14:20:57.635,1110.080,0.823,-0.152,0.030
1668255657675,2022-11-12T14:20:57.675,1110.120,0.884,-0.122,-0.030
1668255657715,2022-11-12T14:20:57.715,1110.160,1.159,-0.030,-0.061
1668255657755,2022-11-12T14:20:57.755,1110.200,0.854,-0.183,0.000
1668255657795,2022-11-12T14:20:57.795,1110.240,0.579,-0.366,-0.030
1668255657835,2022-11-12T14:20:57.835,1110.280,0.762,-0.183,-0.030
1668255657875,2022-11-12T14:20:57.875,1110.320,0.884,-0.152,-0.030
1668255657915,2022-11-12T14:20:57.915,1110.360,0.793,-0.122,-0.061
1668255657955,2022-11-12T14:20:57.955,1110.400,0.701,-0.183,0.091
1668255657995,2022-11-12T14:20:57.995,1110.440,0.884,-0.152,0.000
1668255658035,2022-11-12T14:20:58.035,1110.480,1.006,-0.152,-0.152
1668255658075,2022-11-12T14:20:58.075,1110.520,0.671,-0.305,0.061
1668255658115,2022-11-12T14:20:58.115,1110.560,0.854,-0.213,-0.030
1668255658155,2022-11-12T14:20:58.155,1110.600,1.067,-0.152,-0.061
1668255658195,2022-11-12T14:20:58.195,1110.640,0.854,-0.152,0.030
1668255658235,2022-11-12T14:20:58.235,1110.680,0.945,-0.213,-0.091
1668255658275,2022-11-12T14:20:58.275,1110.720,1.189,-0.122,-0.091
1668255658315,2022-11-12T14:20:58.315,1110.760,1.006,-0.183,-0.030
1668255658355,2022-11-12T14:20:58.355,1110.800,0.823,-0.305,-0.061
1668255658395,2022-11-12T14:20:58.395,1110.840,0.976,-0.091,0.000
1668255658435,2022-11-12T14:20:58.435,1110.880,0.854,-0.152,0.030
1668255658475,2022-11-12T14:20:58.475,1110.920,0.793,-0.274,0.000
1668255658515,2022-11-12T14:20:58.515,1110.960,0.884,-0.152,-0.091
1668255658555,2022-11-12T14:20:58.555,1111.000,0.915,-0.152,-0.061
1668255658595,2022-11-12T14:20:58.595,1111.040,0.671,-0.183,0.091
1668255658635,2022-11-12T14:20:58.635,1111.080,0.610,-0.335,-0.091
1668255658675,2022-11-12T14:20:58.675,1111.120,0.823,-0.213,-0.152
1668255658715,2022-11-12T14:20:58.715,1111.160,0.976,-0.122,-0.030
1668255658755,2022-11-12T14:20:58.755,1111.200,0.945,-0.152,-0.061
1668255658795,2022-11-12T14:20:58.795,1111.240,0.762,-0.213,0.091
1668255658835,2022-11-12T14:20:58.835,1111.280,0.793,0.793,0.061
1668255658875,2022-11-12T14:20:58.875,1111.320,0.823,1.006,0.122
1668255658915,2022-11-12T14:20:58.915,1111.360,0.762,-0.244,0.091
1668255658955,2022-11-12T14:20:58.955,1111.400,1.128,-0.640,-0.030
1668255658995,2022-11-12T14:20:58.995,1111.440,1.220,-0.518,-0.122
1668255659035,2022-11-12T14:20:59.035,1111.480,0.945,-0.732,-0.091
1668255659075,2022-11-12T14:20:59.075,1111.520,0.823,-0.640,0.000
1668255659115,2022-11-12T14:20:59.115,1111.560,1.006,-0.335,0.030
1668255659155,2022-11-12T14:20:59.155,1111.600,0.884,-0.335,0.061
1668255659195,2022-11-12T14:20:59.195,1111.640,0.701,-0.213,0.122
1668255659235,2022-11-12T14:20:59.235,1111.680,0.884,-0.122,-0.030
1668255659275,2022-11-12T14:20:59.275,1111.720,0.915,-0.213,0.000
1668255659315,2022-11-12T14:20:59.315,1111.760,0.823,-0.274,0.030
1668255659355,2022-11-12T14:20:59.355,1111.800,0.854,-0.396,0.000
1668255659395,2022-11-12T14:20:59.395,1111.840,0.335,-0.579,0.061
1668255659435,2022-11-12T14:20:59.435,1111.880,0.244,-0.457,0.152
1668255659475,2022-11-12T14:20:59.475,1111.920,0.884,-0.213,0.000
1668255659515,2022-11-12T14:20:59.515,1111.960,1.067,-0.183,0.030
1668255659555,2022-11-12T14:20:59.555,1112.000,1.159,-0.305,0.122
1668255659595,2022-11-12T14:20:59.595,1112.040,1.311,-0.152,-0.091
1668255659635,2022-11-12T14:20:59.635,1112.080,0.976,-0.244,-0.061
1668255659675,2022-11-12T14:20:59.675,1112.120,0.762,-0.152,0.000
1668255659715,2022-11-12T14:20:59.715,1112.160,0.793,-0.152,0.091
1668255659755,2022-11-12T14:20:59.755,1112.200,0.823,-0.274,0.122
1668255659795,2022-11-12T14:20:59.795,1112.240,0.945,-0.213,-0.030
1668255659835,2022-11-12T14:20:59.835,1112.280,0.793,-0.305,0.091
1668255659875,2022-11-12T14:20:59.875,1112.320,0.823,-0.305,0.061
1668255659915,2022-11-12T14:20:59.915,1112.360,0.915,-0.213,-0.061
1668255659955,2022-11-12T14:20:59.955,1112.400,0.823,-0.274,0.000
1668255659995,2022-11-12T14:20:59.995,1112.440,0.640,-0.244,0.091
1668255660035,2022-11-12T14:21:00.035,1112.480,0.945,-0.244,-0.061
1668255660075,2022-11-12T14:21:00.075,1112.520,0.976,-0.305,0.000
1668255660115,2022-11-12T14:21:00.115,1112.560,0.793,-0.366,0.091
1668255660155,2022-11-12T14:21:00.155,1112.600,0.915,-0.274,0.000
1668255660195,2022-11-12T14:21:00.195,1112.640,0.854,-0.183,-0.030
1668255660235,2022-11-12T14:21:00.235,1112.680,0.701,-0.274,0.091
1668255660275,2022-11-12T14:21:00.275,1112.720,0.793,-0.305,0.091
1668255660315,2022-11-12T14:21:00.315,1112.760,1.006,-0.152,0.000
1668255660355,2022-11-12T14:21:00.355,1112.800,0.945,-0.122,-0.030
1668255660395,2022-11-12T14:21:00.395,1112.840,0.884,-0.122,-0.061
1668255660435,2022-11-12T14:21:00.435,1112.880,0.579,-0.335,0.152
1668255660475,2022-11-12T14:21:00.475,1112.920,0.732,-0.335,-0.030
1668255660515,2022-11-12T14:21:00.515,1112.960,0.945,-0.061,-0.030
1668255660555,2022-11-12T14:21:00.555,1113.000,0.884,-0.091,0.000
1668255660595,2022-11-12T14:21:00.595,1113.040,0.823,-0.152,-0.061
1668255660635,2022-11-12T14:21:00.635,1113.080,0.732,-0.213,0.061
1668255660675,2022-11-12T14:21:00.675,1113.120,-0.457,0.854,0.152
1668255660715,2022-11-12T14:21:00.715,1113.160,-0.610,1.159,0.274
1668255660755,2022-11-12T14:21:00.755,1113.200,0.793,-0.030,0.000
1668255660795,2022-11-12T14:21:00.795,1113.240,1.159,-0.274,0.000
1668255660835,2022-11-12T14:21:00.835,1113.280,1.189,-0.488,0.030
1668255660875,2022-11-12T14:21:00.875,1113.320,1.402,-0.701,-0.183
1668255660915,2022-11-12T14:21:00.915,1113.360,1.463,-0.640,-0.183
1668255660955,2022-11-12T14:21:00.955,1113.400,1.433,-0.518,-0.183
1668255660995,2022-11-12T14:21:00.995,1113.440,1.220,-0.366,-0.091
1668255661035,2022-11-12T14:21:01.035,1113.480,1.037,-0.305,-0.061
1668255661075,2022-11-12T14:21:01.075,1113.520,1.006,-0.213,0.030
1668255661115,2022-11-12T14:21:01.115,1113.560,0.884,0.091,0.091
1668255661155,2022-11-12T14:21:01.155,1113.600,0.732,0.091,0.030
1668255661195,2022-11-12T14:21:01.195,1113.640,0.305,0.518,0.152
1668255661235,2022-11-12T14:21:01.235,1113.680,-0.091,0.915,0.366
1668255661275,2022-11-12T14:21:01.275,1113.720,0.610,0.030,0.000
1668255661315,2022-11-12T14:21:01.315,1113.760,1.006,-0.244,-0.030
1668255661355,2022-11-12T14:21:01.355,1113.800,1.006,-0.122,-0.030
1668255661395,2022-11-12T14:21:01.395,1113.840,0.945,-0.213,0.030
1668255661435,2022-11-12T14:21:01.435,1113.880,0.976,-0.274,-0.061
1668255661475,2022-11-12T14:21:01.475,1113.920,0.701,0.152,0.000
1668255661515,2022-11-12T14:21:01.515,1113.960,0.274,0.518,0.335
1668255661555,2022-11-12T14:21:01.555,1114.000,0.640,0.183,0.061
1668255661595,2022-11-12T14:21:01.595,1114.040,0.793,-0.122,0.000
1668255661635,2022-11-12T14:21:01.635,1114.080,0.579,-0.061,0.122
1668255661675,2022-11-12T14:21:01.675,1114.120,0.579,0.000,0.061
1668255661715,2022-11-12T14:21:01.715,1114.160,0.793,-0.183,-0.061
1668255661755,2022-11-12T14:21:01.755,1114.200,0.335,0.335,0.152
1668255661795,2022-11-12T14:21:01.795,1114.240,-0.701,1.159,0.549
1668255661835,2022-11-12T14:21:01.835,1114.280,0.061,0.366,0.183
1668255661875,2022-11-12T14:21:01.875,1114.320,1.037,-0.274,-0.122
1668255661915,2022-11-12T14:21:01.915,1114.360,0.976,-0.183,0.030
1668255661955,2022-11-12T14:21:01.955,1114.400,0.854,-0.030,-0.030
1668255661995,2022-11-12T14:21:01.995,1114.440,0.793,-0.152,0.030
1668255662035,2022-11-12T14:21:02.035,1114.480,0.701,-0.366,0.000
1668255662075,2022-11-12T14:21:02.075,1114.520,0.884,-0.305,-0.152
1668255662115,2022-11-12T14:21:02.115,1114.560,0.945,-0.183,0.000
1668255662155,2022-11-12T14:21:02.155,1114.600,0.915,-0.183,-0.091
1668255662195,2022-11-12T14:21:02.195,1114.640,0.793,-0.213,-0.061
1668255662235,2022-11-12T14:21:02.235,1114.680,0.854,-0.152,0.000
1668255662275,2022-11-12T14:21:02.275,1114.720,0.335,-0.122,-0.335
1668255662315,2022-11-12T14:21:02.315,1114.760,0.366,-0.854,-0.518
1668255662355,2022-11-12T14:21:02.355,1114.800,1.037,-0.030,0.183
1668255662395,2022-11-12T14:21:02.395,1114.840,1.372,0.000,0.091
1668255662435,2022-11-12T14:21:02.435,1114.880,0.640,-0.305,0.030
1668255662475,2022-11-12T14:21:02.475,1114.920,0.701,-0.244,0.061
1668255662515,2022-11-12T14:21:02.515,1114.960,1.250,-0.122,0.030
1668255662555,2022-11-12T14:21:02.555,1115.000,0.915,-0.122,0.030
1668255662595,2022-11-12T14:21:02.595,1115.040,0.823,-0.335,0.000
1668255662635,2022-11-12T14:21:02.635,1115.080,1.067,-0.274,0.000
1668255662675,2022-11-12T14:21:02.675,1115.120,0.823,-0.152,0.091
1668255662715,2022-11-12T14:21:02.715,1115.160,0.884,-0.335,-0.061
1668255662755,2022-11-12T14:21:02.755,1115.200,1.128,-0.152,0.000
1668255662795,2022-11-12T14:21:02.795,1115.240,0.915,-0.030,0.183
1668255662835,2022-11-12T14:21:02.835,1115.280,0.732,-0.518,0.091
1668255662875,2022-11-12T14:21:02.875,1115.320,0.854,-0.335,-0.061
1668255662915,2022-11-12T14:21:02.915,1115.360,0.701,-0.061,0.091
1668255662955,2022-11-12T14:21:02.955,1115.400,0.610,-0.213,-0.030
1668255662995,2022-11-12T14:21:02.995,1115.440,0.732,-0.244,0.030
1668255663035,2022-11-12T14:21:03.035,1115.480,0.793,-0.183,0.091
1668255663075,2022-11-12T14:21:03.075,1115.520,0.793,-0.152,0.000
1668255663115,2022-11-12T14:21:03.115,1115.560,0.793,-0.213,0.122
1668255663155,2022-11-12T14:21:03.155,1115.600,0.945,-0.213,-0.061
1668255663195,2022-11-12T14:21:03.195,1115.640,0.701,-0.183,0.061
1668255663235,2022-11-12T14:21:03.235,1115.680,0.762,-0.274,0.091
1668255663275,2022-11-12T14:21:03.275,1115.720,0.854,-0.244,0.061
1668255663315,2022-11-12T14:21:03.315,1115.760,0.884,-0.305,0.061
1668255663355,2022-11-12T14:21:03.355,1115.800,1.067,-0.274,0.061
1668255663395,2022-11-12T14:21:03.395,1115.840,0.793,-0.152,0.030
1668255663435,2022-11-12T14:21:03.435,1115.880,0.732,-0.305,-0.030
1668255663475,2022-11-12T14:21:03.475,1115.920,0.945,-0.244,0.000
1668255663515,2022-11-12T14:21:03.515,1115.960,0.945,-0.152,-0.030
1668255663555,2022-11-12T14:21:03.555,1116.000,0.976,-0.244,-0.061
1668255663595,2022-11-12T14:21:03.595,1116.040,0.884,-0.366,0.122
1668255663635,2022-11-12T14:21:03.635,1116.080,0.915,-0.366,-0.091
1668255663675,2022-11-12T14:21:03.675,1116.120,0.945,-0.305,-0.091
1668255663715,2022-11-12T14:21:03.715,1116.160,1.098,-0.335,0.000
1668255663755,2022-11-12T14:21:03.755,1116.200,0.884,-0.152,0.030
1668255663795,2022-11-12T14:21:03.795,1116.240,0.518,-0.061,0.152
1668255663835,2022-11-12T14:21:03.835,1116.280,0.854,-0.030,-0.061
1668255663875,2022-11-12T14:21:03.875,1116.320,0.793,-0.152,0.030
1668255663915,2022-11-12T14:21:03.915,1116.360,0.762,-0.122,-0.030
1668255663955,2022-11-12T14:21:03.955,1116.400,0.823,-0.122,0.000
1668255663995,2022-11-12T14:21:03.995,1116.440,0.762,-0.091,0.061
1668255664035,2022-11-12T14:21:04.035,1116.480,0.945,-0.305,-0.122
1668255664075,2022-11-12T14:21:04.075,1116.520,0.945,-0.305,-0.061
1668255664115,2022-11-12T14:21:04.115,1116.560,1.220,-0.335,-0.122
1668255664155,2022-11-12T14:21:04.155,1116.600,1.189,-0.549,-0.152
1668255664195,2022-11-12T14:21:04.195,1116.640,1.159,-0.488,-0.183
1668255664235,2022-11-12T14:21:04.235,1116.680,1.280,-0.335,-0.183
1668255664275,2022-11-12T14:21:04.275,1116.720,1.159,-0.305,-0.213
1668255664315,2022-11-12T14:21:04.315,1116.760,1.098,-0.335,-0.122
1668255664355,2022-11-12T14:21:04.355,1116.800,0.884,-0.366,0.030
1668255664395,2022-11-12T14:21:04.395,1116.840,0.762,-0.213,-0.122
1668255664435,2022-11-12T14:21:04.435,1116.880,0.793,-0.122,-0.030
1668255664475,2022-11-12T14:21:04.475,1116.920,1.006,-0.152,-0.061
1668255664515,2022-11-12T14:21:04.515,1116.960,0.793,-0.091,0.030
1668255664555,2022-11-12T14:21:04.555,1117.000,0.701,-0.122,0.030
1668255664595,2022-11-12T14:21:04.595,1117.040,0.793,0.030,-0.030
1668255664635,2022-11-12T14:21:04.635,1117.080,0.610,0.000,0.122
1668255664675,2022-11-12T14:21:04.675,1117.120,0.854,-0.122,-0.091
1668255664715,2022-11-12T14:21:04.715,1117.160,0.884,-0.152,0.000
1668255664755,2022-11-12T14:21:04.755,1117.200,0.823,-0.152,0.030
1668255664795,2022-11-12T14:21:04.795,1117.240,0.762,-0.213,-0.030
1668255664835,2022-11-12T14:21:04.835,1117.280,0.915,-0.183,-0.061
1668255664875,2022-11-12T14:21:04.875,1117.320,1.037,-0.244,-0.030
1668255664915,2022-11-12T14:21:04.915,1117.360,0.701,-0.183,0.091
1668255664955,2022-11-12T14:21:04.955,1117.400,0.793,-0.122,0.000
1668255664995,2022-11-12T14:21:04.995,1117.440,0.823,-0.061,0.030
1668255665035,2022-11-12T14:21:05.035,1117.480,0.762,-0.122,0.091
1668255665075,2022-11-12T14:21:05.075,1117.520,0.793,-0.091,-0.061
1668255665115,2022-11-12T14:21:05.115,1117.560,0.945,-0.061,-0.152
1668255665155,2022-11-12T14:21:05.155,1117.600,0.732,-0.183,0.152
1668255665195,2022-11-12T14:21:05.195,1117.640,0.610,-0.366,0.000
1668255665235,2022-11-12T14:21:05.235,1117.680,0.884,-0.152,-0.061
1668255665275,2022-11-12T14:21:05.275,1117.720,0.915,-0.091,0.000
1668255665315,2022-11-12T14:21:05.315,1117.760,0.823,-0.183,-0.061
1668255665355,2022-11-12T14:21:05.355,1117.800,0.823,-0.213,0.091
1668255665395,2022-11-12T14:21:05.395,1117.840,0.945,-0.152,-0.061
1668255665435,2022-11-12T14:21:05.435,1117.880,0.854,-0.091,0.030
1668255665475,2022-11-12T14:21:05.475,1117.920,0.732,-0.213,0.030
1668255665515,2022-11-12T14:21:05.515,1117.960,1.006,-0.152,-0.091
1668255665555,2022-11-12T14:21:05.555,1118.000,0.854,-0.183,0.061
1668255665595,2022-11-12T14:21:05.595,1118.040,0.701,-0.183,0.091
1668255665635,2022-11-12T14:21:05.635,1118.080,0.823,-0.152,0.030
1668255665675,2022-11-12T14:21:05.675,1118.120,0.976,-0.213,0.000
1668255665715,2022-11-12T14:21:05.715,1118.160,0.915,-0.213,0.000
1668255665755,2022-11-12T14:21:05.755,1118.200,0.793,-0.274,0.000
1668255665795,2022-11-12T14:21:05.795,1118.240,0.884,-0.213,0.061
1668255665835,2022-11-12T14:21:05.835,1118.280,0.854,-0.183,0.091
1668255665875,2022-11-12T14:21:05.875,1118.320,0.854,-0.335,-0.061
1668255665915,2022-11-12T14:21:05.915,1118.360,1.006,-0.213,-0.091
1668255665955,2022-11-12T14:21:05.955,1118.400,1.067,-0.091,-0.122
1668255665995,2022-11-12T14:21:05.995,1118.440,1.067,-0.152,-0.213
1668255666035,2022-11-12T14:21:06.035,1118.480,0.732,-0.335,0.091
1668255666075,2022-11-12T14:21:06.075,1118.520,0.671,-0.366,0.030
1668255666115,2022-11-12T14:21:06.115,1118.560,1.098,-0.244,-0.183
1668255666155,2022-11-12T14:21:06.155,1118.600,1.006,-0.183,0.030
1668255666195,2022-11-12T14:21:06.195,1118.640,0.915,-0.274,-0.122
1668255666235,2022-11-12T14:21:06.235,1118.680,0.762,-0.274,0.061
1668255666275,2022-11-12T14:21:06.275,1118.720,0.793,-0.091,0.061
1668255666315,2022-11-12T14:21:06.315,1118.760,0.762,-0.213,0.000
1668255666355,2022-11-12T14:21:06.355,1118.800,0.793,-0.213,0.000
1668255666395,2022-11-12T14:21:06.395,1118.840,0.945,-0.274,-0.061
1668255666435,2022-11-12T14:21:06.435,1118.880,0.823,-0.274,0.091
1668255666475,2022-11-12T14:21:06.475,1118.920,0.732,-0.274,0.030
1668255666515,2022-11-12T14:21:06.515,1118.960,0.854,-0.244,-0.061
1668255666555,2022-11-12T14:21:06.555,1119.000,0.976,-0.213,-0.030
1668255666595,2022-11-12T14:21:06.595,1119.040,0.762,-0.152,0.061
1668255666635,2022-11-12T14:21:06.635,1119.080,0.671,-0.152,0.030
1668255666675,2022-11-12T14:21:06.675,1119.120,0.732,-0.091,0.061
1668255666715,2022-11-12T14:21:06.715,1119.160,0.671,0.091,0.152
1668255666755,2022-11-12T14:21:06.755,1119.200,0.518,0.000,0.091
1668255666795,2022-11-12T14:21:06.795,1119.240,0.518,-0.061,0.091
1668255666835,2022-11-12T14:21:06.835,1119.280,0.884,-0.152,0.030
1668255666875,2022-11-12T14:21:06.875,1119.320,1.037,-0.061,-0.061
1668255666915,2022-11-12T14:21:06.915,1119.360,0.945,-0.213,0.030
1668255666955,2022-11-12T14:21:06.955,1119.400,0.610,-0.396,0.274
1668255666995,2022-11-12T14:21:06.995,1119.440,0.732,-0.335,-0.091
1668255667035,2022-11-12T14:21:07.035,1119.480,0.793,-0.183,0.061
1668255667075,2022-11-12T14:21:07.075,1119.520,0.671,-0.061,0.091
1668255667115,2022-11-12T14:21:07.115,1119.560,0.793,-0.244,0.000
1668255667155,2022-11-12T14:21:07.155,1119.600,0.640,-0.244,0.152
1668255667195,2022-11-12T14:21:07.195,1119.640,0.884,-0.152,0.000
1668255667235,2022-11-12T14:21:07.235,1119.680,0.701,-0.152,0.122
1668255667275,2022-11-12T14:21:07.275,1119.720,0.671,-0.152,-0.030
1668255667315,2022-11-12T14:21:07.315,1119.760,0.823,-0.183,0.000
1668255667355,2022-11-12T14:21:07.355,1119.800,0.671,-0.091,0.183
1668255667395,2022-11-12T14:21:07.395,1119.840,0.671,-0.183,0.030
1668255667435,2022-11-12T14:21:07.435,1119.880,0.762,-0.213,-0.061
1668255667475,2022-11-12T14:21:07.475,1119.920,0.915,-0.183,0.030
1668255667515,2022-11-12T14:21:07.515,1119.960,0.884,-0.183,0.030
1668255667555,2022-11-12T14:21:07.555,1120.000,0.823,-0.213,0.000
1668255667595,2022-11-12T14:21:07.595,1120.040,0.976,-0.213,0.030
1668255667635,2022-11-12T14:21:07.635,1120.080,1.006,-0.122,0.030
1668255667675,2022-11-12T14:21:07.675,1120.120,0.854,-0.091,-0.030
1668255667715,2022-11-12T14:21:07.715,1120.160,0.884,-0.091,-0.091
1668255667755,2022-11-12T14:21:07.755,1120.200,0.945,-0.091,0.030
1668255667795,2022-11-12T14:21:07.795,1120.240,0.732,-0.274,0.061
1668255667835,2022-11-12T14:21:07.835,1120.280,0.823,-0.274,-0.091
1668255667875,2022-11-12T14:21:07.875,1120.320,0.945,-0.152,0.061
1668255667915,2022-11-12T14:21:07.915,1120.360,0.915,-0.030,-0.061
1668255667955,2022-11-12T14:21:07.955,1120.400,0.579,-0.122,-0.030
1668255667995,2022-11-12T14:21:07.995,1120.440,0.823,-0.122,0.000
1668255668035,2022-11-12T14:21:08.035,1120.480,0.915,0.000,0.000
1668255668075,2022-11-12T14:21:08.075,1120.520,0.762,-0.213,-0.030
1668255668115,2022-11-12T14:21:08.115,1120.560,1.037,-0.305,-0.183
1668255668155,2022-11-12T14:21:08.155,1120.600,0.884,-0.152,0.030
1668255668195,2022-11-12T14:21:08.195,1120.640,0.762,-0.244,0.061
1668255668235,2022-11-12T14:21:08.235,1120.680,0.884,-0.152,-0.030
1668255668275,2022-11-12T14:21:08.275,1120.720,0.915,-0.122,-0.091
1668255668315,2022-11-12T14:21:08.315,1120.760,0.732,-0.061,0.030
1668255668355,2022-11-12T14:21:08.355,1120.800,0.854,-0.091,0.030
1668255668395,2022-11-12T14:21:08.395,1120.840,0.793,-0.183,0.000
1668255668435,2022-11-12T14:21:08.435,1120.880,0.701,-0.061,0.030
1668255668475,2022-11-12T14:21:08.475,1120.920,1.037,-0.122,-0.091
1668255668515,2022-11-12T14:21:08.515,1120.960,1.037,-0.335,-0.152
1668255668555,2022-11-12T14:21:08.555,1121.000,0.610,-0.610,-0.122
1668255668595,2022-11-12T14:21:08.595,1121.040,0.854,-0.274,-0.091
1668255668635,2022-11-12T14:21:08.635,1121.080,1.037,-0.030,0.122
1668255668675,2022-11-12T14:21:08.675,1121.120,0.762,-0.244,-0.061
1668255668715,2022-11-12T14:21:08.715,1121.160,0.701,-0.122,-0.061
1668255668755,2022-11-12T14:21:08.755,1121.200,0.884,-0.061,0.061
1668255668795,2022-11-12T14:21:08.795,1121.240,1.037,-0.122,-0.030
1668255668835,2022-11-12T14:21:08.835,1121.280,0.854,-0.274,0.030
1668255668875,2022-11-12T14:21:08.875,1121.320,1.098,-0.396,-0.091
1668255668915,2022-11-12T14:21:08.915,1121.360,1.189,-0.305,-0.030
1668255668955,2022-11-12T14:21:08.955,1121.400,0.945,-0.335,0.030
1668255668995,2022-11-12T14:21:08.995,1121.440,0.762,-0.122,0.030
1668255669035,2022-11-12T14:21:09.035,1121.480,0.854,-0.122,0.061
1668255669075,2022-11-12T14:21:09.075,1121.520,0.976,-0.122,0.000
1668255669115,2022-11-12T14:21:09.115,1121.560,0.732,-0.091,0.061
1668255669155,2022-11-12T14:21:09.155,1121.600,0.518,0.000,0.000
1668255669195,2022-11-12T14:21:09.195,1121.640,0.854,-0.030,-0.030
1668255669235,2022-11-12T14:21:09.235,1121.680,0.976,-0.152,0.030
1668255669275,2022-11-12T14:21:09.275,1121.720,0.884,-0.183,-0.030
1668255669315,2022-11-12T14:21:09.315,1121.760,0.976,-0.091,0.000
1668255669355,2022-11-12T14:21:09.355,1121.800,0.610,-0.274,0.091
1668255669395,2022-11-12T14:21:09.395,1121.840,0.732,-0.366,-0.122
1668255669435,2022-11-12T14:21:09.435,1121.880,0.945,-0.152,0.000
1668255669475,2022-11-12T14:21:09.475,1121.920,0.854,-0.091,0.061
1668255669515,2022-11-12T14:21:09.515,1121.960,0.884,-0.274,0.000
1668255669555,2022-11-12T14:21:09.555,1122.000,0.762,-0.183,0.122
1668255669595,2022-11-12T14:21:09.595,1122.040,1.067,-0.183,-0.091
1668255669635,2022-11-12T14:21:09.635,1122.080,0.701,-0.091,0.122
1668255669675,2022-11-12T14:21:09.675,1122.120,0.732,-0.213,-0.030
1668255669715,2022-11-12T14:21:09.715,1122.160,1.067,-0.305,-0.122
1668255669755,2022-11-12T14:21:09.755,1122.200,0.945,-0.213,0.061
1668255669795,2022-11-12T14:21:09.795,1122.240,0.915,-0.427,0.000
1668255669835,2022-11-12T14:21:09.835,1122.280,0.854,-0.366,-0.030
1668255669875,2022-11-12T14:21:09.875,1122.320,1.037,-0.183,-0.061
1668255669915,2022-11-12T14:21:09.915,1122.360,0.976,-0.213,0.030
1668255669955,2022-11-12T14:21:09.955,1122.400,0.762,-0.183,0.030
1668255669995,2022-11-12T14:21:09.995,1122.440,0.823,-0.183,0.030
1668255670035,2022-11-12T14:21:10.035,1122.480,0.762,-0.152,-0.030
1668255670075,2022-11-12T14:21:10.075,1122.520,0.884,-0.244,-0.091
1668255670115,2022-11-12T14:21:10.115,1122.560,0.915,-0.122,-0.091
1668255670155,2022-11-12T14:21:10.155,1122.600,0.823,-0.183,0.091
1668255670195,2022-11-12T14:21:10.195,1122.640,0.854,-0.396,0.000
1668255670235,2022-11-12T14:21:10.235,1122.680,0.945,-0.213,-0.061
1668255670275,2022-11-12T14:21:10.275,1122.720,0.976,-0.061,0.152
1668255670315,2022-11-12T14:21:10.315,1122.760,0.884,-0.122,-0.091
1668255670355,2022-11-12T14:21:10.355,1122.800,0.701,-0.274,0.000
1668255670395,2022-11-12T14:21:10.395,1122.840,0.732,-0.091,0.030
1668255670435,2022-11-12T14:21:10.435,1122.880,0.823,-0.122,0.000
1668255670475,2022-11-12T14:21:10.475,1122.920,0.610,-0.366,0.030
1668255670515,2022-11-12T14:21:10.515,1122.960,1.067,-0.335,-0.091
1668255670555,2022-11-12T14:21:10.555,1123.000,1.128,-0.274,0.091
1668255670595,2022-11-12T14:21:10.595,1123.040,0.915,-0.427,0.061
1668255670635,2022-11-12T14:21:10.635,1123.080,0.671,-0.244,0.061
1668255670675,2022-11-12T14:21:10.675,1123.120,0.854,-0.213,0.000
1668255670715,2022-11-12T14:21:10.715,1123.160,0.762,-0.152,0.061
1668255670755,2022-11-12T14:21:10.755,1123.200,0.518,-0.122,-0.030
1668255670795,2022-11-12T14:21:10.795,1123.240,0.671,-0.183,0.000
1668255670835,2022-11-12T14:21:10.835,1123.280,0.793,-0.091,0.061
1668255670875,2022-11-12T14:21:10.875,1123.320,0.762,-0.335,-0.030
1668255670915,2022-11-12T14:21:10.915,1123.360,0.793,-0.335,-0.061
1668255670955,2022-11-12T14:21:10.955,1123.400,1.006,-0.213,-0.122
1668255670995,2022-11-12T14:21:10.995,1123.440,0.976,-0.335,0.000
1668255671035,2022-11-12T14:21:11.035,1123.480,0.732,-0.579,0.030
1668255671075,2022-11-12T14:21:11.075,1123.520,0.823,-0.396,-0.091
1668255671115,2022-11-12T14:21:11.115,1123.560,0.976,-0.244,0.061
1668255671155,2022-11-12T14:21:11.155,1123.600,0.884,-0.305,-0.030
1668255671195,2022-11-12T14:21:11.195,1123.640,0.762,-0.244,0.061
1668255671235,2022-11-12T14:21:11.235,1123.680,0.793,-0.183,0.061
1668255671275,2022-11-12T14:21:11.275,1123.720,0.854,-0.274,-0.030
1668255671315,2022-11-12T14:21:11.315,1123.760,0.732,-0.274,0.152
1668255671355,2022-11-12T14:21:11.355,1123.800,0.884,-0.183,-0.030
1668255671395,2022-11-12T14:21:11.395,1123.840,0.762,-0.183,0.061
1668255671435,2022-11-12T14:21:11.435,1123.880,0.732,-0.213,0.061
1668255671475,2022-11-12T14:21:11.475,1123.920,0.823,-0.305,-0.061
1668255671515,2022-11-12T14:21:11.515,1123.960,0.884,-0.183,0.030
1668255671555,2022-11-12T14:21:11.555,1124.000,0.915,-0.152,0.061
1668255671595,2022-11-12T14:21:11.595,1124.040,0.823,-0.213,0.000
1668255671635,2022-11-12T14:21:11.635,1124.080,0.854,-0.122,0.030
1668255671675,2022-11-12T14:21:11.675,1124.120,0.915,-0.091,0.061
1668255671715,2022-11-12T14:21:11.715,1124.160,0.762,-0.183,0.000
1668255671755,2022-11-12T14:21:11.755,1124.200,1.006,-0.183,-0.061
1668255671795,2022-11-12T14:21:11.795,1124.240,0.915,-0.152,0.061
1668255671835,2022-11-12T14:21:11.835,1124.280,0.762,-0.274,-0.030
1668255671875,2022-11-12T14:21:11.875,1124.320,0.732,-0.122,-0.030
1668255671915,2022-11-12T14:21:11.915,1124.360,0.915,0.000,0.061
1668255671955,2022-11-12T14:21:11.955,1124.400,0.762,-0.030,0.000
1668255671995,2022-11-12T14:21:11.995,1124.440,0.640,-0.183,0.122
1668255672035,2022-11-12T14:21:12.035,1124.480,0.945,-0.091,-0.091
1668255672075,2022-11-12T14:21:12.075,1124.520,0.915,-0.091,0.091
1668255672115,2022-11-12T14:21:12.115,1124.560,0.915,-0.244,-0.122
1668255672155,2022-11-12T14:21:12.155,1124.600,0.976,-0.244,-0.122
1668255672195,2022-11-12T14:21:12.195,1124.640,0.732,-0.183,0.122
1668255672235,2022-11-12T14:21:12.235,1124.680,0.884,-0.335,0.000
1668255672275,2022-11-12T14:21:12.275,1124.720,0.854,-0.274,-0.030
1668255672315,2022-11-12T14:21:12.315,1124.760,0.976,-0.183,-0.091
1668255672355,2022-11-12T14:21:12.355,1124.800,0.945,-0.152,-0.061
1668255672395,2022-11-12T14:21:12.395,1124.840,0.884,-0.213,0.000
1668255672435,2022-11-12T14:21:12.435,1124.880,0.884,-0.213,-0.091
1668255672475,2022-11-12T14:21:12.475,1124.920,0.976,-0.213,-0.152
1668255672515,2022-11-12T14:21:12.515,1124.960,0.915,-0.183,-0.030
1668255672555,2022-11-12T14:21:12.555,1125.000,0.640,-0.213,0.030
1668255672595,2022-11-12T14:21:12.595,1125.040,1.006,-0.244,-0.091
1668255672635,2022-11-12T14:21:12.635,1125.080,1.098,-0.244,0.000
1668255672675,2022-11-12T14:21:12.675,1125.120,1.006,-0.274,-0.122
1668255672715,2022-11-12T14:21:12.715,1125.160,0.945,-0.213,-0.091
1668255672755,2022-11-12T14:21:12.755,1125.200,0.945,-0.213,-0.061
1668255672795,2022-11-12T14:21:12.795,1125.240,0.915,-0.122,-0.030
1668255672835,2022-11-12T14:21:12.835,1125.280,0.854,-0.183,0.061
1668255672875,2022-11-12T14:21:12.875,1125.320,0.884,-0.213,-0.091
1668255672915,2022-11-12T14:21:12.915,1125.360,0.823,-0.152,-0.030
1668255672955,2022-11-12T14:21:12.955,1125.400,0.823,-0.091,0.122
1668255672995,2022-11-12T14:21:12.995,1125.440,0.762,-0.274,0.000
1668255673035,2022-11-12T14:21:13.035,1125.480,0.854,-0.244,-0.091
1668255673075,2022-11-12T14:21:13.075,1125.520,0.976,-0.061,0.061
1668255673115,2022-11-12T14:21:13.115,1125.560,0.854,-0.122,0.061
1668255673155,2022-11-12T14:21:13.155,1125.600,0.793,-0.213,-0.061
1668255673195,2022-11-12T14:21:13.195,1125.640,0.854,-0.091,0.000
1668255673235,2022-11-12T14:21:13.235,1125.680,1.067,-0.030,-0.061
1668255673275,2022-11-12T14:21:13.275,1125.720,0.945,-0.213,0.061
1668255673315,2022-11-12T14:21:13.315,1125.760,0.671,-0.305,0.030
1668255673355,2022-11-12T14:21:13.355,1125.800,0.823,-0.244,-0.122
1668255673395,2022-11-12T14:21:13.395,1125.840,0.884,-0.122,0.000
1668255673435,2022-11-12T14:21:13.435,1125.880,0.823,-0.122,-0.061
1668255673475,2022-11-12T14:21:13.475,1125.920,0.793,-0.244,0.000
1668255673515,2022-11-12T14:21:13.515,1125.960,0.915,-0.244,0.000
1668255673555,2022-11-12T14:21:13.555,1126.000,0.945,-0.213,-0.091
1668255673595,2022-11-12T14:21:13.595,1126.040,0.762,-0.366,-0.030
1668255673635,2022-11-12T14:21:13.635,1126.080,0.793,-0.152,-0.061
1668255673675,2022-11-12T14:21:13.675,1126.120,0.823,-0.061,0.030
1668255673715,2022-11-12T14:21:13.715,1126.160,0.610,-0.122,0.030
1668255673755,2022-11-12T14:21:13.755,1126.200,0.793,-0.244,-0.091
1668255673795,2022-11-12T14:21:13.795,1126.240,1.006,-0.152,-0.061
1668255673835,2022-11-12T14:21:13.835,1126.280,0.945,-0.122,-0.030
1668255673875,2022-11-12T14:21:13.875,1126.320,0.701,-0.183,0.030
1668255673915,2022-11-12T14:21:13.915,1126.360,0.854,-0.213,0.061
1668255673955,2022-11-12T14:21:13.955,1126.400,0.976,-0.213,-0.061
1668255673995,2022-11-12T14:21:13.995,1126.440,0.854,-0.152,0.030
1668255674035,2022-11-12T14:21:14.035,1126.480,1.067,-0.061,0.030
1668255674075,2022-11-12T14:21:14.075,1126.520,1.006,-0.152,0.000
1668255674115,2022-11-12T14:21:14.115,1126.560,0.640,-0.366,0.061
1668255674155,2022-11-12T14:21:14.155,1126.600,0.854,-0.244,-0.091
1668255674195,2022-11-12T14:21:14.195,1126.640,0.884,-0.030,0.030
1668255674235,2022-11-12T14:21:14.235,1126.680,0.884,-0.213,-0.030
1668255674275,2022-11-12T14:21:14.275,1126.720,0.854,-0.244,-0.061
1668255674315,2022-11-12T14:21:14.315,1126.760,0.793,-0.152,0.030
1668255674355,2022-11-12T14:21:14.355,1126.800,0.945,-0.030,-0.030
1668255674395,2022-11-12T14:21:14.395,1126.840,0.823,-0.183,0.061
1668255674435,2022-11-12T14:21:14.435,1126.880,0.945,-0.335,0.000
1668255674475,2022-11-12T14:21:14.475,1126.920,1.189,-0.366,-0.030
1668255674515,2022-11-12T14:21:14.515,1126.960,1.189,-0.518,-0.061
1668255674555,2022-11-12T14:21:14.555,1127.000,1.037,-0.640,-0.030
1668255674595,2022-11-12T14:21:14.595,1127.040,1.067,-0.366,-0.030
1668255674635,2022-11-12T14:21:14.635,1127.080,1.006,-0.244,-0.061
1668255674675,2022-11-12T14:21:14.675,1127.120,0.732,-0.305,-0.030
1668255674715,2022-11-12T14:21:14.715,1127.160,0.884,-0.305,-0.030
1668255674755,2022-11-12T14:21:14.755,1127.200,0.854,-0.122,-0.030
1668255674795,2022-11-12T14:21:14.795,1127.240,0.823,-0.213,0.030
1668255674835,2022-11-12T14:21:14.835,1127.280,0.945,-0.305,0.000
1668255674875,2022-11-12T14:21:14.875,1127.320,1.037,-0.335,-0.030
1668255674915,2022-11-12T14:21:14.915,1127.360,1.067,-0.335,-0.061
1668255674955,2022-11-12T14:21:14.955,1127.400,0.823,-0.335,0.152
1668255674995,2022-11-12T14:21:14.995,1127.440,0.732,-0.305,-0.061
1668255675035,2022-11-12T14:21:15.035,1127.480,0.793,-0.244,-0.030
1668255675075,2022-11-12T14:21:15.075,1127.520,0.854,-0.183,0.061
1668255675115,2022-11-12T14:21:15.115,1127.560,0.915,-0.305,-0.061
1668255675155,2022-11-12T14:21:15.155,1127.600,0.610,-0.274,0.122
1668255675195,2022-11-12T14:21:15.195,1127.640,0.884,-0.183,0.000
1668255675235,2022-11-12T14:21:15.235,1127.680,0.854,-0.274,0.000
1668255675275,2022-11-12T14:21:15.275,1127.720,0.823,-0.366,0.000
1668255675315,2022-11-12T14:21:15.315,1127.760,1.037,-0.244,0.030
1668255675355,2022-11-12T14:21:15.355,1127.800,0.823,-0.152,0.152
1668255675395,2022-11-12T14:21:15.395,1127.840,0.793,-0.274,0.030
1668255675435,2022-11-12T14:21:15.435,1127.880,0.762,-0.183,0.061
1668255675475,2022-11-12T14:21:15.475,1127.920,0.884,-0.213,0.061
1668255675515,2022-11-12T14:21:15.515,1127.960,0.915,-0.274,0.091
1668255675555,2022-11-12T14:21:15.555,1128.000,0.732,-0.213,0.091
1668255675595,2022-11-12T14:21:15.595,1128.040,0.732,-0.244,0.000
1668255675635,2022-11-12T14:21:15.635,1128.080,0.762,-0.274,0.030
1668255675675,2022-11-12T14:21:15.675,1128.120,0.732,-0.213,0.061
1668255675715,2022-11-12T14:21:15.715,1128.160,0.762,-0.183,0.000
1668255675755,2022-11-12T14:21:15.755,1128.200,0.823,-0.244,-0.030
1668255675795,2022-11-12T14:21:15.795,1128.240,0.945,-0.213,-0.152
1668255675835,2022-11-12T14:21:15.835,1128.280,0.701,-0.244,0.152
1668255675875,2022-11-12T14:21:15.875,1128.320,0.732,-0.366,-0.030
1668255675915,2022-11-12T14:21:15.915,1128.360,0.884,-0.244,-0.030
1668255675955,2022-11-12T14:21:15.955,1128.400,0.793,-0.183,0.061
1668255675995,2022-11-12T14:21:15.995,1128.440,0.854,-0.213,0.061
1668255676035,2022-11-12T14:21:16.035,1128.480,0.793,-0.274,0.091
1668255676075,2022-11-12T14:21:16.075,1128.520,0.976,-0.213,-0.091
1668255676115,2022-11-12T14:21:16.115,1128.560,0.793,-0.152,0.091
1668255676155,2022-11-12T14:21:16.155,1128.600,0.854,-0.305,-0.030
1668255676195,2022-11-12T14:21:16.195,1128.640,0.915,-0.274,-0.030
1668255676235,2022-11-12T14:21:16.235,1128.680,0.732,-0.091,0.122
1668255676275,2022-11-12T14:21:16.275,1128.720,0.762,-0.213,0.061
1668255676315,2022-11-12T14:21:16.315,1128.760,0.854,-0.335,-0.030
1668255676355,2022-11-12T14:21:16.355,1128.800,1.006,-0.122,0.000
1668255676395,2022-11-12T14:21:16.395,1128.840,0.854,-0.244,-0.030
1668255676435,2022-11-12T14:21:16.435,1128.880,0.854,-0.366,-0.061
1668255676475,2022-11-12T14:21:16.475,1128.920,0.945,-0.152,0.030
1668255676515,2022-11-12T14:21:16.515,1128.960,0.945,-0.183,0.000
1668255676555,2022-11-12T14:21:16.555,1129.000,0.854,-0.213,0.000
1668255676595,2022-11-12T14:21:16.595,1129.040,0.884,-0.091,-0.061
1668255676635,2022-11-12T14:21:16.635,1129.080,0.915,-0.152,0.000
1668255676675,2022-11-12T14:21:16.675,1129.120,0.640,-0.244,0.000
1668255676715,2022-11-12T14:21:16.715,1129.160,0.823,-0.183,-0.152
1668255676755,2022-11-12T14:21:16.755,1129.200,0.945,-0.122,0.061
1668255676795,2022-11-12T14:21:16.795,1129.240,0.945,-0.122,-0.061
1668255676835,2022-11-12T14:21:16.835,1129.280,0.732,-0.213,-0.061
1668255676875,2022-11-12T14:21:16.875,1129.320,0.854,-0.152,-0.030
1668255676915,2022-11-12T14:21:16.915,1129.360,0.945,-0.122,-0.030
1668255676955,2022-11-12T14:21:16.955,1129.400,0.793,-0.183,0.030
1668255676995,2022-11-12T14:21:16.995,1129.440,0.884,-0.091,-0.091
1668255677035,2022-11-12T14:21:17.035,1129.480,0.823,-0.122,0.061
1668255677075,2022-11-12T14:21:17.075,1129.520,0.732,-0.122,0.030
1668255677115,2022-11-12T14:21:17.115,1129.560,0.732,-0.091,0.061
1668255677155,2022-11-12T14:21:17.155,1129.600,1.159,-0.152,-0.091
1668255677195,2022-11-12T14:21:17.195,1129.640,0.945,-0.122,0.030
1668255677235,2022-11-12T14:21:17.235,1129.680,0.732,-0.274,0.061
1668255677275,2022-11-12T14:21:17.275,1129.720,0.915,-0.366,-0.091
1668255677315,2022-11-12T14:21:17.315,1129.760,0.793,-0.213,-0.061
1668255677355,2022-11-12T14:21:17.355,1129.800,0.671,-0.061,0.061
1668255677395,2022-11-12T14:21:17.395,1129.840,0.915,0.000,0.061
1668255677435,2022-11-12T14:21:17.435,1129.880,0.671,-0.274,0.061
1668255677475,2022-11-12T14:21:17.475,1129.920,0.579,-0.396,-0.122
1668255677515,2022-11-12T14:21:17.515,1129.960,0.854,-0.122,-0.030
1668255677555,2022-11-12T14:21:17.555,1130.000,0.945,-0.091,-0.030
1668255677595,2022-11-12T14:21:17.595,1130.040,0.854,-0.183,-0.122
1668255677635,2022-11-12T14:21:17.635,1130.080,0.793,-0.244,0.000
1668255677675,2022-11-12T14:21:17.675,1130.120,0.915,-0.122,-0.122
1668255677715,2022-11-12T14:21:17.715,1130.160,0.671,-0.152,0.030
1668255677755,2022-11-12T14:21:17.755,1130.200,0.732,-0.305,-0.061
1668255677795,2022-11-12T14:21:17.795,1130.240,1.006,-0.183,-0.061
1668255677835,2022-11-12T14:21:17.835,1130.280,0.884,-0.152,-0.061
1668255677875,2022-11-12T14:21:17.875,1130.320,0.732,-0.213,-0.030
1668255677915,2022-11-12T14:21:17.915,1130.360,0.823,-0.152,-0.061
1668255677955,2022-11-12T14:21:17.955,1130.400,1.037,-0.152,-0.030
1668255677995,2022-11-12T14:21:17.995,1130.440,0.823,-0.091,0.091
1668255678035,2022-11-12T14:21:18.035,1130.480,0.884,-0.244,-0.030
1668255678075,2022-11-12T14:21:18.075,1130.520,0.884,-0.274,0.000
1668255678115,2022-11-12T14:21:18.115,1130.560,0.793,-0.183,0.000
1668255678155,2022-11-12T14:21:18.155,1130.600,0.915,-0.061,0.030
1668255678195,2022-11-12T14:21:18.195,1130.640,1.006,-0.061,-0.091
1668255678235,2022-11-12T14:21:18.235,1130.680,0.671,-0.183,0.091
1668255678275,2022-11-12T14:21:18.275,1130.720,0.610,-0.366,0.061
1668255678315,2022-11-12T14:21:18.315,1130.760,0.976,-0.244,-0.122
1668255678355,2022-11-12T14:21:18.355,1130.800,0.915,-0.213,0.000
1668255678395,2022-11-12T14:21:18.395,1130.840,0.823,-0.213,-0.061
1668255678435,2022-11-12T14:21:18.435,1130.880,0.732,-0.152,0.061
1668255678475,2022-11-12T14:21:18.475,1130.920,0.884,-0.183,0.030
1668255678515,2022-11-12T14:21:18.515,1130.960,0.915,-0.183,0.000
1668255678555,2022-11-12T14:21:18.555,1131.000,0.732,-0.244,0.061
1668255678595,2022-11-12T14:21:18.595,1131.040,0.854,-0.122,-0.061
1668255678635,2022-11-12T14:21:18.635,1131.080,0.854,-0.091,0.030
1668255678675,2022-11-12T14:21:18.675,1131.120,0.640,-0.213,0.061
1668255678715,2022-11-12T14:21:18.715,1131.160,0.793,-0.274,-0.030
1668255678755,2022-11-12T14:21:18.755,1131.200,0.976,-0.183,0.000
1668255678795,2022-11-12T14:21:18.795,1131.240,0.823,-0.152,0.030
1668255678835,2022-11-12T14:21:18.835,1131.280,0.823,-0.213,0.000
1668255678875,2022-11-12T14:21:18.875,1131.320,0.945,-0.152,0.000
1668255678915,2022-11-12T14:21:18.915,1131.360,0.915,-0.213,0.030
1668255678955,2022-11-12T14:21:18.955,1131.400,0.793,-0.244,-0.030
1668255678995,2022-11-12T14:21:18.995,1131.440,0.945,-0.122,-0.061
1668255679035,2022-11-12T14:21:19.035,1131.480,0.762,-0.183,0.061
1668255679075,2022-11-12T14:21:19.075,1131.520,0.518,-0.396,0.061
1668255679115,2022-11-12T14:21:19.115,1131.560,0.732,-0.335,-0.091
1668255679155,2022-11-12T14:21:19.155,1131.600,0.854,-0.183,0.091
1668255679195,2022-11-12T14:21:19.195,1131.640,0.884,-0.213,0.000
1668255679235,2022-11-12T14:21:19.235,1131.680,0.671,-0.305,0.061
1668255679275,2022-11-12T14:21:19.275,1131.720,0.823,-0.335,0.030
1668255679315,2022-11-12T14:21:19.315,1131.760,0.915,-0.152,-0.183
1668255679355,2022-11-12T14:21:19.355,1131.800,0.671,-0.274,-0.030
1668255679395,2022-11-12T14:21:19.395,1131.840,0.701,-0.274,0.061
1668255679435,2022-11-12T14:21:19.435,1131.880,0.701,-0.244,0.000
1668255679475,2022-11-12T14:21:19.475,1131.920,0.732,-0.335,0.061
1668255679515,2022-11-12T14:21:19.515,1131.960,0.945,-0.274,0.030
1668255679555,2022-11-12T14:21:19.555,1132.000,0.854,-0.274,0.000
1668255679595,2022-11-12T14:21:19.595,1132.040,0.884,-0.274,0.030
1668255679635,2022-11-12T14:21:19.635,1132.080,0.884,-0.213,0.061
1668255679675,2022-11-12T14:21:19.675,1132.120,0.823,-0.274,0.000
1668255679715,2022-11-12T14:21:19.715,1132.160,0.854,-0.274,0.000
1668255679755,2022-11-12T14:21:19.755,1132.200,0.945,-0.305,0.091
1668255679795,2022-11-12T14:21:19.795,1132.240,0.976,-0.122,-0.061
1668255679835,2022-11-12T14:21:19.835,1132.280,0.732,-0.274,0.091
1668255679875,2022-11-12T14:21:19.875,1132.320,0.671,-0.488,0.061
1668255679915,2022-11-12T14:21:19.915,1132.360,0.884,-0.213,-0.091
1668255679955,2022-11-12T14:21:19.955,1132.400,0.762,-0.183,0.122
1668255679995,2022-11-12T14:21:19.995,1132.440,0.884,-0.305,0.000
1668255680035,2022-11-12T14:21:20.035,1132.480,0.793,-0.335,0.030
1668255680075,2022-11-12T14:21:20.075,1132.520,0.854,-0.335,0.000
1668255680115,2022-11-12T14:21:20.115,1132.560,1.006,-0.274,0.030
1668255680155,2022-11-12T14:21:20.155,1132.600,0.884,-0.396,0.030
1668255680195,2022-11-12T14:21:20.195,1132.640,0.854,-0.335,-0.030
1668255680235,2022-11-12T14:21:20.235,1132.680,0.823,-0.213,0.091
1668255680275,2022-11-12T14:21:20.275,1132.720,0.884,-0.122,-0.061
1668255680315,2022-11-12T14:21:20.315,1132.760,0.823,-0.122,-0.061
1668255680355,2022-11-12T14:21:20.355,1132.800,0.823,-0.183,-0.030
1668255680395,2022-11-12T14:21:20.395,1132.840,0.915,-0.274,-0.030
1668255680435,2022-11-12T14:21:20.435,1132.880,0.976,-0.244,-0.030
1668255680475,2022-11-12T14:21:20.475,1132.920,1.067,-0.244,-0.061
1668255680515,2022-11-12T14:21:20.515,1132.960,1.098,-0.274,-0.030
1668255680555,2022-11-12T14:21:20.555,1133.000,1.128,-0.427,-0.183
1668255680595,2022-11-12T14:21:20.595,1133.040,1.189,-0.640,-0.122
1668255680635,2022-11-12T14:21:20.635,1133.080,0.976,-0.793,0.000
1668255680675,2022-11-12T14:21:20.675,1133.120,1.006,-0.549,-0.061
1668255680715,2022-11-12T14:21:20.715,1133.160,1.098,-0.274,0.000
1668255680755,2022-11-12T14:21:20.755,1133.200,1.189,-0.152,-0.030
1668255680795,2022-11-12T14:21:20.795,1133.240,0.915,-0.213,-0.061
1668255680835,2022-11-12T14:21:20.835,1133.280,0.854,-0.152,-0.061
1668255680875,2022-11-12T14:21:20.875,1133.320,0.976,-0.030,0.061
1668255680915,2022-11-12T14:21:20.915,1133.360,0.915,-0.244,0.030
1668255680955,2022-11-12T14:21:20.955,1133.400,0.915,-0.213,-0.091
1668255680995,2022-11-12T14:21:20.995,1133.440,0.793,0.091,0.091
1668255681035,2022-11-12T14:21:21.035,1133.480,0.884,-0.122,0.061
1668255681075,2022-11-12T14:21:21.075,1133.520,0.976,-0.244,0.000
1668255681115,2022-11-12T14:21:21.115,1133.560,1.067,-0.122,-0.030
1668255681155,2022-11-12T14:21:21.155,1133.600,0.915,-0.183,0.061
1668255681195,2022-11-12T14:21:21.195,1133.640,0.823,-0.274,0.000
1668255681235,2022-11-12T14:21:21.235,1133.680,0.854,-0.183,0.000
1668255681275,2022-11-12T14:21:21.275,1133.720,1.006,-0.152,0.091
1668255681315,2022-11-12T14:21:21.315,1133.760,1.006,-0.213,-0.091
1668255681355,2022-11-12T14:21:21.355,1133.800,0.915,-0.244,0.000
1668255681395,2022-11-12T14:21:21.395,1133.840,0.793,-0.396,0.000
1668255681435,2022-11-12T14:21:21.435,1133.880,0.945,-0.305,-0.091
1668255681475,2022-11-12T14:21:21.475,1133.920,0.945,-0.122,0.030
1668255681515,2022-11-12T14:21:21.515,1133.960,0.945,-0.152,-0.091
1668255681555,2022-11-12T14:21:21.555,1134.000,0.701,-0.091,-0.030
1668255681595,2022-11-12T14:21:21.595,1134.040,0.793,-0.091,0.061
1668255681635,2022-11-12T14:21:21.635,1134.080,1.006,-0.122,0.000
1668255681675,2022-11-12T14:21:21.675,1134.120,0.762,-0.335,0.030
1668255681715,2022-11-12T14:21:21.715,1134.160,0.915,-0.335,-0.061
1668255681755,2022-11-12T14:21:21.755,1134.200,0.915,-0.152,0.000
1668255681795,2022-11-12T14:21:21.795,1134.240,0.793,-0.152,0.000
1668255681835,2022-11-12T14:21:21.835,1134.280,0.823,-0.244,-0.061
1668255681875,2022-11-12T14:21:21.875,1134.320,0.945,-0.213,-0.122
1668255681915,2022-11-12T14:21:21.915,1134.360,0.884,-0.091,0.000
1668255681955,2022-11-12T14:21:21.955,1134.400,0.884,-0.213,0.000
1668255681995,2022-11-12T14:21:21.995,1134.440,0.976,-0.244,-0.030
1668255682035,2022-11-12T14:21:22.035,1134.480,0.854,-0.152,-0.030
1668255682075,2022-11-12T14:21:22.075,1134.520,0.793,-0.213,-0.030
1668255682115,2022-11-12T14:21:22.115,1134.560,0.915,-0.152,-0.091
1668255682155,2022-11-12T14:21:22.155,1134.600,0.793,-0.152,0.030
1668255682195,2022-11-12T14:21:22.195,1134.640,0.701,-0.335,0.030
1668255682235,2022-11-12T14:21:22.235,1134.680,0.884,-0.244,-0.122
1668255682275,2022-11-12T14:21:22.275,1134.720,0.823,-0.030,0.061
1668255682315,2022-11-12T14:21:22.315,1134.760,0.823,-0.152,-0.030
1668255682355,2022-11-12T14:21:22.355,1134.800,0.701,-0.213,0.030
1668255682395,2022-11-12T14:21:22.395,1134.840,0.793,-0.122,0.061
1668255682435,2022-11-12T14:21:22.435,1134.880,0.884,-0.122,0.000
1668255682475,2022-11-12T14:21:22.475,1134.920,0.762,-0.183,0.091
1668255682515,2022-11-12T14:21:22.515,1134.960,0.884,-0.122,-0.061
1668255682555,2022-11-12T14:21:22.555,1135.000,0.915,-0.122,-0.061
1668255682595,2022-11-12T14:21:22.595,1135.040,0.793,-0.213,0.061
1668255682635,2022-11-12T14:21:22.635,1135.080,0.762,-0.213,0.000
1668255682675,2022-11-12T14:21:22.675,1135.120,0.854,-0.152,-0.030
1668255682715,2022-11-12T14:21:22.715,1135.160,0.854,-0.244,0.030
1668255682755,2022-11-12T14:21:22.755,1135.200,0.732,-0.244,0.030
1668255682795,2022-11-12T14:21:22.795,1135.240,0.793,-0.244,0.000
1668255682835,2022-11-12T14:21:22.835,1135.280,0.884,-0.274,0.061
1668255682875,2022-11-12T14:21:22.875,1135.320,0.732,-0.305,0.091
1668255682915,2022-11-12T14:21:22.915,1135.360,0.793,-0.213,0.000
1668255682955,2022-11-12T14:21:22.955,1135.400,1.159,-0.152,-0.030
1668255682995,2022-11-12T14:21:22.995,1135.440,0.945,-0.183,0.061
1668255683035,2022-11-12T14:21:23.035,1135.480,0.549,-0.427,0.061
1668255683075,2022-11-12T14:21:23.075,1135.520,0.793,-0.305,-0.061
1668255683115,2022-11-12T14:21:23.115,1135.560,0.945,-0.152,0.061
1668255683155,2022-11-12T14:21:23.155,1135.600,0.884,-0.274,-0.030
1668255683195,2022-11-12T14:21:23.195,1135.640,0.701,-0.244,0.030
1668255683235,2022-11-12T14:21:23.235,1135.680,0.854,-0.244,0.091
1668255683275,2022-11-12T14:21:23.275,1135.720,0.915,-0.183,-0.030
1668255683315,2022-11-12T14:21:23.315,1135.760,0.640,-0.305,0.091
1668255683355,2022-11-12T14:21:23.355,1135.800,0.854,-0.274,0.000
1668255683395,2022-11-12T14:21:23.395,1135.840,0.884,-0.213,0.000
1668255683435,2022-11-12T14:21:23.435,1135.880,0.823,-0.244,0.061
1668255683475,2022-11-12T14:21:23.475,1135.920,0.793,-0.274,0.000
1668255683515,2022-11-12T14:21:23.515,1135.960,0.854,-0.335,0.000
1668255683555,2022-11-12T14:21:23.555,1136.000,0.854,-0.183,0.030
1668255683595,2022-11-12T14:21:23.595,1136.040,0.793,-0.183,0.061
1668255683635,2022-11-12T14:21:23.635,1136.080,0.854,-0.274,0.000
1668255683675,2022-11-12T14:21:23.675,1136.120,0.823,-0.274,0.000
1668255683715,2022-11-12T14:21:23.715,1136.160,0.823,-0.244,0.061
1668255683755,2022-11-12T14:21:23.755,1136.200,0.793,-0.122,0.000
1668255683795,2022-11-12T14:21:23.795,1136.240,0.976,-0.152,-0.122
1668255683835,2022-11-12T14:21:23.835,1136.280,0.732,-0.274,0.152
1668255683875,2022-11-12T14:21:23.875,1136.320,0.640,-0.335,0.030
1668255683915,2022-11-12T14:21:23.915,1136.360,0.793,-0.213,-0.091
1668255683955,2022-11-12T14:21:23.955,1136.400,0.884,-0.122,0.061
1668255683995,2022-11-12T14:21:23.995,1136.440,0.823,-0.152,0.030
1668255684035,2022-11-12T14:21:24.035,1136.480,0.671,-0.183,0.091
1668255684075,2022-11-12T14:21:24.075,1136.520,0.884,-0.061,-0.061
1668255684115,2022-11-12T14:21:24.115,1136.560,0.945,-0.091,0.061
1668255684155,2022-11-12T14:21:24.155,1136.600,0.823,-0.183,0.000
1668255684195,2022-11-12T14:21:24.195,1136.640,0.976,-0.183,-0.061
1668255684235,2022-11-12T14:21:24.235,1136.680,0.854,-0.122,0.061
1668255684275,2022-11-12T14:21:24.275,1136.720,0.701,-0.091,0.000
1668255684315,2022-11-12T14:21:24.315,1136.760,0.732,-0.152,0.000
1668255684355,2022-11-12T14:21:24.355,1136.800,0.915,-0.122,-0.061
1668255684395,2022-11-12T14:21:24.395,1136.840,1.067,-0.091,0.000
1668255684435,2022-11-12T14:21:24.435,1136.880,0.945,-0.122,0.030
1668255684475,2022-11-12T14:21:24.475,1136.920,0.976,-0.213,0.000
1668255684515,2022-11-12T14:21:24.515,1136.960,0.945,-0.091,0.030
1668255684555,2022-11-12T14:21:24.555,1137.000,1.006,-0.152,-0.030
1668255684595,2022-11-12T14:21:24.595,1137.040,1.037,-0.091,-0.091
1668255684635,2022-11-12T14:21:24.635,1137.080,0.640,-0.213,0.091
1668255684675,2022-11-12T14:21:24.675,1137.120,0.823,-0.274,-0.061
1668255684715,2022-11-12T14:21:24.715,1137.160,0.915,-0.152,0.030
1668255684755,2022-11-12T14:21:24.755,1137.200,0.884,-0.122,0.000
1668255684795,2022-11-12T14:21:24.795,1137.240,0.915,-0.091,-0.091
1668255684835,2022-11-12T14:21:24.835,1137.280,0.854,-0.183,0.030
1668255684875,2022-11-12T14:21:24.875,1137.320,0.945,-0.091,-0.061
1668255684915,2022-11-12T14:21:24.915,1137.360,0.762,-0.091,0.091
1668255684955,2022-11-12T14:21:24.955,1137.400,0.854,-0.244,-0.061
1668255684995,2022-11-12T14:21:24.995,1137.440,0.793,-0.152,-0.030
1668255685035,2022-11-12T14:21:25.035,1137.480,0.762,-0.091,0.091
1668255685075,2022-11-12T14:21:25.075,1137.520,0.823,-0.152,-0.061
1668255685115,2022-11-12T14:21:25.115,1137.560,0.793,-0.091,-0.030
1668255685155,2022-11-12T14:21:25.155,1137.600,0.884,-0.183,-0.030
1668255685195,2022-11-12T14:21:25.195,1137.640,0.854,-0.274,0.000
1668255685235,2022-11-12T14:21:25.235,1137.680,0.762,-0.122,0.061
1668255685275,2022-11-12T14:21:25.275,1137.720,0.762,-0.152,0.030
1668255685315,2022-11-12T14:21:25.315,1137.760,0.854,-0.091,0.030
1668255685355,2022-11-12T14:21:25.355,1137.800,1.006,-0.091,-0.061
1668255685395,2022-11-12T14:21:25.395,1137.840,0.945,-0.152,-0.091
1668255685435,2022-11-12T14:21:25.435,1137.880,0.549,-0.305,0.122
1668255685475,2022-11-12T14:21:25.475,1137.920,0.732,-0.335,0.000
1668255685515,2022-11-12T14:21:25.515,1137.960,0.915,-0.091,-0.030
1668255685555,2022-11-12T14:21:25.555,1138.000,0.854,-0.152,0.000
1668255685595,2022-11-12T14:21:25.595,1138.040,0.884,-0.305,-0.030
1668255685635,2022-11-12T14:21:25.635,1138.080,0.762,-0.244,0.122
1668255685675,2022-11-12T14:21:25.675,1138.120,0.976,-0.122,-0.091
1668255685715,2022-11-12T14:21:25.715,1138.160,0.823,-0.091,0.000
1668255685755,2022-11-12T14:21:25.755,1138.200,0.823,-0.274,0.000
1668255685795,2022-11-12T14:21:25.795,1138.240,1.037,-0.274,-0.091
1668255685835,2022-11-12T14:21:25.835,1138.280,0.854,-0.213,0.061
1668255685875,2022-11-12T14:21:25.875,1138.320,0.793,-0.183,0.030
1668255685915,2022-11-12T14:21:25.915,1138.360,0.823,-0.244,-0.030
1668255685955,2022-11-12T14:21:25.955,1138.400,0.915,-0.244,0.030
1668255685995,2022-11-12T14:21:25.995,1138.440,0.823,-0.183,0.061
1668255686035,2022-11-12T14:21:26.035,1138.480,0.762,-0.213,0.030
1668255686075,2022-11-12T14:21:26.075,1138.520,0.884,-0.183,-0.030
1668255686115,2022-11-12T14:21:26.115,1138.560,0.976,-0.213,0.000
1668255686155,2022-11-12T14:21:26.155,1138.600,0.884,-0.213,0.000
1668255686195,2022-11-12T14:21:26.195,1138.640,0.945,-0.152,-0.091
1668255686235,2022-11-12T14:21:26.235,1138.680,1.037,-0.091,-0.061
1668255686275,2022-11-12T14:21:26.275,1138.720,0.640,-0.366,0.122
1668255686315,2022-11-12T14:21:26.315,1138.760,0.762,-0.274,-0.061
1668255686355,2022-11-12T14:21:26.355,1138.800,0.945,-0.030,0.030
1668255686395,2022-11-12T14:21:26.395,1138.840,0.823,-0.183,0.000
1668255686435,2022-11-12T14:21:26.435,1138.880,0.823,-0.274,-0.061
1668255686475,2022-11-12T14:21:26.475,1138.920,0.793,-0.152,0.152
1668255686515,2022-11-12T14:21:26.515,1138.960,0.945,-0.152,-0.030
1668255686555,2022-11-12T14:21:26.555,1139.000,0.793,-0.244,0.030
1668255686595,2022-11-12T14:21:26.595,1139.040,0.854,-0.183,0.000
1668255686635,2022-11-12T14:21:26.635,1139.080,0.945,-0.213,0.030
1668255686675,2022-11-12T14:21:26.675,1139.120,0.854,-0.213,0.091
1668255686715,2022-11-12T14:21:26.715,1139.160,0.793,-0.244,0.000
1668255686755,2022-11-12T14:21:26.755,1139.200,0.762,-0.244,0.030
1668255686795,2022-11-12T14:21:26.795,1139.240,0.915,-0.244,0.000
1668255686835,2022-11-12T14:21:26.835,1139.280,0.823,-0.183,0.091
1668255686875,2022-11-12T14:21:26.875,1139.320,0.823,-0.152,0.061
1668255686915,2022-11-12T14:21:26.915,1139.360,0.823,-0.335,-0.030
1668255686955,2022-11-12T14:21:26.955,1139.400,0.701,-0.366,0.061
1668255686995,2022-11-12T14:21:26.995,1139.440,0.762,-0.244,0.091
1668255687035,2022-11-12T14:21:27.035,1139.480,0.915,-0.152,-0.030
1668255687075,2022-11-12T14:21:27.075,1139.520,0.945,-0.244,-0.091
1668255687115,2022-11-12T14:21:27.115,1139.560,0.732,-0.335,0.152
1668255687155,2022-11-12T14:21:27.155,1139.600,0.793,-0.366,-0.061
1668255687195,2022-11-12T14:21:27.195,1139.640,0.884,-0.274,-0.091
1668255687235,2022-11-12T14:21:27.235,1139.680,0.945,-0.213,0.091
1668255687275,2022-11-12T14:21:27.275,1139.720,-1.250,-0.488,0.274
1668255687315,2022-11-12T14:21:27.315,1139.760,-2.195,-0.305,0.549
1668255687355,2022-11-12T14:21:27.355,1139.800,0.549,-0.152,-0.030
1668255687395,2022-11-12T14:21:27.395,1139.840,1.799,-0.305,-0.061
1668255687435,2022-11-12T14:21:27.435,1139.880,2.409,-0.396,-0.274
1668255687475,2022-11-12T14:21:27.475,1139.920,2.134,-0.152,-0.244
1668255687515,2022-11-12T14:21:27.515,1139.960,1.494,-0.152,-0.030
1668255687555,2022-11-12T14:21:27.555,1140.000,1.098,-0.183,-0.030
1668255687595,2022-11-12T14:21:27.595,1140.040,1.037,-0.274,-0.030
1668255687635,2022-11-12T14:21:27.635,1140.080,1.159,-0.091,0.061
1668255687675,2022-11-12T14:21:27.675,1140.120,0.884,-0.152,0.030
1668255687715,2022-11-12T14:21:27.715,1140.160,0.945,-0.335,-0.030
1668255687755,2022-11-12T14:21:27.755,1140.200,0.915,-0.183,0.091
1668255687795,2022-11-12T14:21:27.795,1140.240,0.854,-0.061,0.091
1668255687835,2022-11-12T14:21:27.835,1140.280,0.976,-0.122,-0.152
1668255687875,2022-11-12T14:21:27.875,1140.320,0.976,-0.244,0.030
1668255687915,2022-11-12T14:21:27.915,1140.360,0.793,-0.274,0.091
1668255687955,2022-11-12T14:21:27.955,1140.400,0.854,-0.244,-0.122
1668255687995,2022-11-12T14:21:27.995,1140.440,0.884,-0.091,0.000
1668255688035,2022-11-12T14:21:28.035,1140.480,1.067,-0.030,0.030
1668255688075,2022-11-12T14:21:28.075,1140.520,0.884,-0.152,0.122
1668255688115,2022-11-12T14:21:28.115,1140.560,0.915,-0.152,-0.061
1668255688155,2022-11-12T14:21:28.155,1140.600,1.006,-0.152,-0.061
1668255688195,2022-11-12T14:21:28.195,1140.640,0.945,-0.091,0.000
1668255688235,2022-11-12T14:21:28.235,1140.680,0.945,-0.122,-0.183
1668255688275,2022-11-12T14:21:28.275,1140.720,0.823,-0.183,-0.030
1668255688315,2022-11-12T14:21:28.315,1140.760,0.793,-0.061,0.030
1668255688355,2022-11-12T14:21:28.355,1140.800,0.732,-0.152,-0.030
1668255688395,2022-11-12T14:21:28.395,1140.840,0.915,-0.183,-0.091
1668255688435,2022-11-12T14:21:28.435,1140.880,0.884,-0.152,-0.030
1668255688475,2022-11-12T14:21:28.475,1140.920,0.793,-0.122,0.030
1668255688515,2022-11-12T14:21:28.515,1140.960,0.793,-0.152,0.000
1668255688555,2022-11-12T14:21:28.555,1141.000,0.823,-0.122,-0.061
1668255688595,2022-11-12T14:21:28.595,1141.040,0.854,-0.091,0.000
1668255688635,2022-11-12T14:21:28.635,1141.080,0.671,-0.305,0.061
1668255688675,2022-11-12T14:21:28.675,1141.120,0.762,-0.274,-0.122
1668255688715,2022-11-12T14:21:28.715,1141.160,0.854,-0.091,0.000
1668255688755,2022-11-12T14:21:28.755,1141.200,0.884,-0.152,0.000
1668255688795,2022-11-12T14:21:28.795,1141.240,0.762,-0.183,0.000
1668255688835,2022-11-12T14:21:28.835,1141.280,0.823,-0.152,0.030
1668255688875,2022-11-12T14:21:28.875,1141.320,1.037,-0.122,-0.061
1668255688915,2022-11-12T14:21:28.915,1141.360,0.732,-0.183,0.061
1668255688955,2022-11-12T14:21:28.955,1141.400,0.854,-0.152,-0.091
1668255688995,2022-11-12T14:21:28.995,1141.440,0.915,-0.091,-0.030
1668255689035,2022-11-12T14:21:29.035,1141.480,0.793,-0.183,0.000
1668255689075,2022-11-12T14:21:29.075,1141.520,0.823,-0.213,0.000
1668255689115,2022-11-12T14:21:29.115,1141.560,0.976,-0.122,-0.030
1668255689155,2022-11-12T14:21:29.155,1141.600,1.006,-0.152,-0.030
1668255689195,2022-11-12T14:21:29.195,1141.640,0.793,-0.122,0.000
1668255689235,2022-11-12T14:21:29.235,1141.680,0.732,-0.274,0.000
1668255689275,2022-11-12T14:21:29.275,1141.720,0.793,-0.244,0.000
1668255689315,2022-11-12T14:21:29.315,1141.760,0.976,-0.152,0.000
1668255689355,2022-11-12T14:21:29.355,1141.800,0.854,-0.183,0.091
1668255689395,2022-11-12T14:21:29.395,1141.840,0.671,-0.244,0.091
1668255689435,2022-11-12T14:21:29.435,1141.880,0.823,-0.213,-0.152
1668255689475,2022-11-12T14:21:29.475,1141.920,0.945,-0.122,0.000
1668255689515,2022-11-12T14:21:29.515,1141.960,1.006,-0.061,-0.030
1668255689555,2022-11-12T14:21:29.555,1142.000,0.823,-0.183,0.000
1668255689595,2022-11-12T14:21:29.595,1142.040,0.823,-0.244,0.030
1668255689635,2022-11-12T14:21:29.635,1142.080,1.037,-0.122,-0.030
1668255689675,2022-11-12T14:21:29.675,1142.120,0.732,-0.183,0.122
1668255689715,2022-11-12T14:21:29.715,1142.160,0.945,-0.213,-0.091
1668255689755,2022-11-12T14:21:29.755,1142.200,1.006,-0.183,0.000
1668255689795,2022-11-12T14:21:29.795,1142.240,0.793,-0.213,0.061
1668255689835,2022-11-12T14:21:29.835,1142.280,0.854,-0.244,0.000
1668255689875,2022-11-12T14:21:29.875,1142.320,1.006,-0.213,0.061
1668255689915,2022-11-12T14:21:29.915,1142.360,0.976,-0.122,0.122
1668255689955,2022-11-12T14:21:29.955,1142.400,0.884,-0.213,0.061
1668255689995,2022-11-12T14:21:29.995,1142.440,0.945,-0.213,-0.122
1668255690035,2022-11-12T14:21:30.035,1142.480,0.915,-0.152,0.000
1668255690075,2022-11-12T14:21:30.075,1142.520,0.915,-0.183,0.000
1668255690115,2022-11-12T14:21:30.115,1142.560,0.884,-0.213,-0.122
1668255690155,2022-11-12T14:21:30.155,1142.600,0.762,-0.183,0.122
1668255690195,2022-11-12T14:21:30.195,1142.640,0.640,-0.305,0.213
1668255690235,2022-11-12T14:21:30.235,1142.680,0.732,-0.396,-0.061
1668255690275,2022-11-12T14:21:30.275,1142.720,0.854,-0.244,-0.030
1668255690315,2022-11-12T14:21:30.315,1142.760,0.915,-0.183,0.000
1668255690355,2022-11-12T14:21:30.355,1142.800,0.793,-0.274,0.152
1668255690395,2022-11-12T14:21:30.395,1142.840,0.976,-0.183,0.000
1668255690435,2022-11-12T14:21:30.435,1142.880,0.976,-0.122,-0.030
1668255690475,2022-11-12T14:21:30.475,1142.920,0.945,-0.152,0.061
1668255690515,2022-11-12T14:21:30.515,1142.960,1.341,-0.305,-0.152
1668255690555,2022-11-12T14:21:30.555,1143.000,0.915,-0.244,0.030
1668255690595,2022-11-12T14:21:30.595,1143.040,0.793,-0.244,0.122
1668255690635,2022-11-12T14:21:30.635,1143.080,0.823,-0.305,0.061
1668255690675,2022-11-12T14:21:30.675,1143.120,0.884,-0.213,0.000
1668255690715,2022-11-12T14:21:30.715,1143.160,1.006,-0.213,0.030
1668255690755,2022-11-12T14:21:30.755,1143.200,1.037,-0.244,-0.030
1668255690795,2022-11-12T14:21:30.795,1143.240,1.098,-0.274,0.000
1668255690835,2022-11-12T14:21:30.835,1143.280,0.976,-0.244,0.000
1668255690875,2022-11-12T14:21:30.875,1143.320,0.732,-0.244,-0.061
1668255690915,2022-11-12T14:21:30.915,1143.360,0.762,-0.183,0.061
1668255690955,2022-11-12T14:21:30.955,1143.400,0.579,-0.213,0.274
1668255690995,2022-11-12T14:21:30.995,1143.440,0.732,-0.427,-0.091
1668255691035,2022-11-12T14:21:31.035,1143.480,0.884,-0.213,-0.030
1668255691075,2022-11-12T14:21:31.075,1143.520,1.189,-0.091,0.030
1668255691115,2022-11-12T14:21:31.115,1143.560,0.945,-0.213,-0.030
1668255691155,2022-11-12T14:21:31.155,1143.600,0.610,-0.335,0.061
1668255691195,2022-11-12T14:21:31.195,1143.640,0.915,-0.152,0.030
1668255691235,2022-11-12T14:21:31.235,1143.680,0.823,-0.122,0.213
1668255691275,2022-11-12T14:21:31.275,1143.720,0.793,-0.335,-0.061
1668255691315,2022-11-12T14:21:31.315,1143.760,0.762,-0.213,0.061
1668255691355,2022-11-12T14:21:31.355,1143.800,0.854,-0.091,0.183
1668255691395,2022-11-12T14:21:31.395,1143.840,0.823,-0.274,-0.030
1668255691435,2022-11-12T14:21:31.435,1143.880,0.854,-0.244,-0.091
1668255691475,2022-11-12T14:21:31.475,1143.920,1.128,-0.091,-0.030
1668255691515,2022-11-12T14:21:31.515,1143.960,0.976,-0.213,-0.091
1668255691555,2022-11-12T14:21:31.555,1144.000,0.854,-0.244,-0.030
1668255691595,2022-11-12T14:21:31.595,1144.040,0.976,-0.030,0.030
1668255691635,2022-11-12T14:21:31.635,1144.080,0.976,-0.030,-0.061
1668255691675,2022-11-12T14:21:31.675,1144.120,0.762,-0.274,0.061
1668255691715,2022-11-12T14:21:31.715,1144.160,0.823,-0.305,-0.091
1668255691755,2022-11-12T14:21:31.755,1144.200,0.854,-0.152,0.000
1668255691795,2022-11-12T14:21:31.795,1144.240,0.823,-0.152,-0.061
1668255691835,2022-11-12T14:21:31.835,1144.280,0.823,-0.152,-0.091
1668255691875,2022-11-12T14:21:31.875,1144.320,0.579,-0.122,0.122
1668255691915,2022-11-12T14:21:31.915,1144.360,0.854,-0.213,-0.122
1668255691955,2022-11-12T14:21:31.955,1144.400,0.671,-0.061,0.152
1668255691995,2022-11-12T14:21:31.995,1144.440,0.732,-0.213,0.000
1668255692035,2022-11-12T14:21:32.035,1144.480,0.823,-0.213,0.000
1668255692075,2022-11-12T14:21:32.075,1144.520,0.640,-0.152,0.030
1668255692115,2022-11-12T14:21:32.115,1144.560,0.732,-0.244,0.061
1668255692155,2022-11-12T14:21:32.155,1144.600,0.884,-0.183,0.000
1668255692195,2022-11-12T14:21:32.195,1144.640,1.037,-0.274,-0.122
1668255692235,2022-11-12T14:21:32.235,1144.680,0.823,-0.152,0.061
1668255692275,2022-11-12T14:21:32.275,1144.720,0.854,-0.061,0.000
1668255692315,2022-11-12T14:21:32.315,1144.760,0.976,0.061,-0.030
1668255692355,2022-11-12T14:21:32.355,1144.800,1.128,0.030,-0.091
1668255692395,2022-11-12T14:21:32.395,1144.840,0.762,-0.152,0.000
1668255692435,2022-11-12T14:21:32.435,1144.880,0.518,-0.427,-0.152
1668255692475,2022-11-12T14:21:32.475,1144.920,0.732,-0.213,-0.030
1668255692515,2022-11-12T14:21:32.515,1144.960,0.854,0.030,0.122
1668255692555,2022-11-12T14:21:32.555,1145.000,0.823,-0.274,-0.061
1668255692595,2022-11-12T14:21:32.595,1145.040,0.854,-0.213,0.030
1668255692635,2022-11-12T14:21:32.635,1145.080,1.006,-0.091,0.000
1668255692675,2022-11-12T14:21:32.675,1145.120,0.823,-0.152,0.030
1668255692715,2022-11-12T14:21:32.715,1145.160,0.610,-0.274,0.000
1668255692755,2022-11-12T14:21:32.755,1145.200,0.915,-0.122,0.000
1668255692795,2022-11-12T14:21:32.795,1145.240,0.854,-0.061,0.091
1668255692835,2022-11-12T14:21:32.835,1145.280,0.732,-0.213,0.000
1668255692875,2022-11-12T14:21:32.875,1145.320,0.793,-0.122,0.030
1668255692915,2022-11-12T14:21:32.915,1145.360,1.006,-0.091,0.000
1668255692955,2022-11-12T14:21:32.955,1145.400,0.884,-0.122,-0.091
1668255692995,2022-11-12T14:21:32.995,1145.440,0.793,-0.274,-0.061
1668255693035,2022-11-12T14:21:33.035,1145.480,1.006,-0.122,0.061
1668255693075,2022-11-12T14:21:33.075,1145.520,1.037,-0.061,-0.061
1668255693115,2022-11-12T14:21:33.115,1145.560,0.884,-0.091,-0.122
1668255693155,2022-11-12T14:21:33.155,1145.600,0.610,-0.183,0.122
1668255693195,2022-11-12T14:21:33.195,1145.640,0.701,-0.152,0.030
1668255693235,2022-11-12T14:21:33.235,1145.680,0.762,-0.030,0.061
1668255693275,2022-11-12T14:21:33.275,1145.720,0.793,-0.183,0.000
1668255693315,2022-11-12T14:21:33.315,1145.760,0.884,-0.274,-0.030
1668255693355,2022-11-12T14:21:33.355,1145.800,0.945,-0.244,0.122
1668255693395,2022-11-12T14:21:33.395,1145.840,0.945,-0.091,-0.091
1668255693435,2022-11-12T14:21:33.435,1145.880,0.640,-0.274,-0.030
1668255693475,2022-11-12T14:21:33.475,1145.920,0.762,-0.274,0.122
1668255693515,2022-11-12T14:21:33.515,1145.960,0.854,-0.091,0.000
1668255693555,2022-11-12T14:21:33.555,1146.000,0.701,-0.213,0.000
1668255693595,2022-11-12T14:21:33.595,1146.040,0.823,-0.213,0.000
1668255693635,2022-11-12T14:21:33.635,1146.080,0.793,-0.213,-0.030
1668255693675,2022-11-12T14:21:33.675,1146.120,0.915,-0.396,-0.183
1668255693715,2022-11-12T14:21:33.715,1146.160,1.098,-0.396,-0.061
1668255693755,2022-11-12T14:21:33.755,1146.200,0.945,-0.213,0.061
1668255693795,2022-11-12T14:21:33.795,1146.240,0.884,-0.274,0.000
1668255693835,2022-11-12T14:21:33.835,1146.280,0.854,-0.244,0.061
1668255693875,2022-11-12T14:21:33.875,1146.320,0.854,-0.152,0.030
1668255693915,2022-11-12T14:21:33.915,1146.360,0.518,-0.244,0.152
1668255693955,2022-11-12T14:21:33.955,1146.400,0.457,-0.396,0.152
1668255693995,2022-11-12T14:21:33.995,1146.440,0.335,-0.305,0.122
1668255694035,2022-11-12T14:21:34.035,1146.480,0.427,-0.213,0.213
1668255694075,2022-11-12T14:21:34.075,1146.520,1.372,-0.122,0.061
1668255694115,2022-11-12T14:21:34.115,1146.560,1.494,-0.030,0.152
1668255694155,2022-11-12T14:21:34.155,1146.600,1.250,-0.122,0.122
1668255694195,2022-11-12T14:21:34.195,1146.640,0.915,-0.122,-0.061
1668255694235,2022-11-12T14:21:34.235,1146.680,0.823,-0.274,-0.091
1668255694275,2022-11-12T14:21:34.275,1146.720,0.854,-0.122,-0.030
1668255694315,2022-11-12T14:21:34.315,1146.760,0.915,-0.091,0.061
1668255694355,2022-11-12T14:21:34.355,1146.800,0.945,-0.274,0.000
1668255694395,2022-11-12T14:21:34.395,1146.840,0.976,-0.305,-0.061
1668255694435,2022-11-12T14:21:34.435,1146.880,1.098,-0.305,0.000
1668255694475,2022-11-12T14:21:34.475,1146.920,0.915,-0.244,0.061
1668255694515,2022-11-12T14:21:34.515,1146.960,0.884,-0.152,0.030
1668255694555,2022-11-12T14:21:34.555,1147.000,0.854,-0.213,0.000
1668255694595,2022-11-12T14:21:34.595,1147.040,0.854,-0.244,0.030
1668255694635,2022-11-12T14:21:34.635,1147.080,0.823,-0.183,0.030
1668255694675,2022-11-12T14:21:34.675,1147.120,0.976,-0.152,-0.030
1668255694715,2022-11-12T14:21:34.715,1147.160,0.976,-0.244,0.183
1668255694755,2022-11-12T14:21:34.755,1147.200,0.976,-0.305,-0.030
1668255694795,2022-11-12T14:21:34.795,1147.240,1.098,-0.244,-0.122
1668255694835,2022-11-12T14:21:34.835,1147.280,1.037,-0.152,0.061
1668255694875,2022-11-12T14:21:34.875,1147.320,0.976,-0.152,0.000
1668255694915,2022-11-12T14:21:34.915,1147.360,0.488,-0.305,0.183
1668255694955,2022-11-12T14:21:34.955,1147.400,0.640,-0.213,0.122
1668255694995,2022-11-12T14:21:34.995,1147.440,0.732,-0.122,0.213
1668255695035,2022-11-12T14:21:35.035,1147.480,0.823,-0.183,0.000
1668255695075,2022-11-12T14:21:35.075,1147.520,0.854,-0.183,0.000
1668255695115,2022-11-12T14:21:35.115,1147.560,0.854,-0.244,0.061
1668255695155,2022-11-12T14:21:35.155,1147.600,0.701,-0.244,0.152
1668255695195,2022-11-12T14:21:35.195,1147.640,0.640,-0.152,0.122
1668255695235,2022-11-12T14:21:35.235,1147.680,0.884,-0.183,0.000
1668255695275,2022-11-12T14:21:35.275,1147.720,0.823,-0.183,0.030
1668255695315,2022-11-12T14:21:35.315,1147.760,0.884,-0.183,-0.091
1668255695355,2022-11-12T14:21:35.355,1147.800,0.945,-0.152,-0.122
1668255695395,2022-11-12T14:21:35.395,1147.840,1.189,-0.152,-0.091
1668255695435,2022-11-12T14:21:35.435,1147.880,1.037,-0.244,0.152
1668255695475,2022-11-12T14:21:35.475,1147.920,0.793,-0.335,-0.061
1668255695515,2022-11-12T14:21:35.515,1147.960,0.732,-0.366,0.000
1668255695555,2022-11-12T14:21:35.555,1148.000,0.823,-0.671,0.122
1668255695595,2022-11-12T14:21:35.595,1148.040,1.128,0.000,0.518
1668255695635,2022-11-12T14:21:35.635,1148.080,0.762,0.030,0.152
1668255695675,2022-11-12T14:21:35.675,1148.120,0.427,-0.366,-0.183
1668255695715,2022-11-12T14:21:35.715,1148.160,0.823,0.091,0.152
1668255695755,2022-11-12T14:21:35.755,1148.200,1.616,0.061,-0.091
1668255695795,2022-11-12T14:21:35.795,1148.240,1.189,-0.091,-0.122
1668255695835,2022-11-12T14:21:35.835,1148.280,0.976,-0.274,-0.183
1668255695875,2022-11-12T14:21:35.875,1148.320,0.823,-0.122,-0.061
1668255695915,2022-11-12T14:21:35.915,1148.360,0.854,0.000,0.000
1668255695955,2022-11-12T14:21:35.955,1148.400,1.006,-0.213,-0.091
1668255695995,2022-11-12T14:21:35.995,1148.440,0.701,-0.152,0.091
1668255696035,2022-11-12T14:21:36.035,1148.480,0.854,-0.030,-0.030
1668255696075,2022-11-12T14:21:36.075,1148.520,1.006,-0.030,-0.213
1668255696115,2022-11-12T14:21:36.115,1148.560,0.854,-0.152,0.030
1668255696155,2022-11-12T14:21:36.155,1148.600,0.793,-0.305,-0.030
1668255696195,2022-11-12T14:21:36.195,1148.640,0.579,-0.213,0.061
1668255696235,2022-11-12T14:21:36.235,1148.680,0.762,-0.091,0.091
1668255696275,2022-11-12T14:21:36.275,1148.720,0.976,-0.122,0.030
1668255696315,2022-11-12T14:21:36.315,1148.760,0.884,-0.274,0.152
1668255696355,2022-11-12T14:21:36.355,1148.800,1.372,-0.183,0.122
1668255696395,2022-11-12T14:21:36.395,1148.840,1.189,-0.122,0.152
1668255696435,2022-11-12T14:21:36.435,1148.880,0.854,-0.396,-0.152
1668255696475,2022-11-12T14:21:36.475,1148.920,1.189,-0.152,-0.183
1668255696515,2022-11-12T14:21:36.515,1148.960,1.311,-0.030,0.000
1668255696555,2022-11-12T14:21:36.555,1149.000,1.006,-0.305,0.000
1668255696595,2022-11-12T14:21:36.595,1149.040,0.915,-0.305,-0.030
1668255696635,2022-11-12T14:21:36.635,1149.080,0.793,-0.305,0.000
1668255696675,2022-11-12T14:21:36.675,1149.120,0.640,-0.305,0.061
1668255696715,2022-11-12T14:21:36.715,1149.160,0.762,-0.335,0.030
1668255696755,2022-11-12T14:21:36.755,1149.200,0.945,-0.152,0.061
1668255696795,2022-11-12T14:21:36.795,1149.240,0.915,-0.122,0.000
1668255696835,2022-11-12T14:21:36.835,1149.280,0.854,-0.305,-0.030
1668255696875,2022-11-12T14:21:36.875,1149.320,0.945,-0.213,-0.152
1668255696915,2022-11-12T14:21:36.915,1149.360,0.732,-0.122,0.000
1668255696955,2022-11-12T14:21:36.955,1149.400,0.823,-0.244,-0.091
1668255696995,2022-11-12T14:21:36.995,1149.440,0.732,-0.152,0.000
1668255697035,2022-11-12T14:21:37.035,1149.480,0.427,-0.305,0.183
1668255697075,2022-11-12T14:21:37.075,1149.520,0.823,-0.213,0.000
1668255697115,2022-11-12T14:21:37.115,1149.560,0.884,-0.183,0.122
1668255697155,2022-11-12T14:21:37.155,1149.600,0.976,-0.305,-0.091
1668255697195,2022-11-12T14:21:37.195,1149.640,1.006,-0.274,-0.152
1668255697235,2022-11-12T14:21:37.235,1149.680,0.732,-0.244,0.030
1668255697275,2022-11-12T14:21:37.275,1149.720,0.793,-0.213,0.091
1668255697315,2022-11-12T14:21:37.315,1149.760,1.006,-0.213,-0.061
1668255697355,2022-11-12T14:21:37.355,1149.800,1.067,-0.366,-0.061
1668255697395,2022-11-12T14:21:37.395,1149.840,0.884,-0.152,0.061
1668255697435,2022-11-12T14:21:37.435,1149.880,0.884,-0.274,-0.030
1668255697475,2022-11-12T14:21:37.475,1149.920,1.067,-0.213,-0.061
1668255697515,2022-11-12T14:21:37.515,1149.960,0.823,-0.091,0.305
1668255697555,2022-11-12T14:21:37.555,1150.000,0.823,-0.396,0.000
1668255697595,2022-11-12T14:21:37.595,1150.040,1.250,-0.091,-0.213
1668255697635,2022-11-12T14:21:37.635,1150.080,0.945,-0.122,0.000
1668255697675,2022-11-12T14:21:37.675,1150.120,0.945,-0.335,-0.091
1668255697715,2022-11-12T14:21:37.715,1150.160,0.762,-0.152,0.183
1668255697755,2022-11-12T14:21:37.755,1150.200,0.793,-0.122,0.091
1668255697795,2022-11-12T14:21:37.795,1150.240,0.793,-0.213,0.000
1668255697835,2022-11-12T14:21:37.835,1150.280,0.793,-0.183,0.000
1668255697875,2022-11-12T14:21:37.875,1150.320,0.884,-0.213,-0.030
1668255697915,2022-11-12T14:21:37.915,1150.360,0.762,-0.305,0.091
1668255697955,2022-11-12T14:21:37.955,1150.400,1.037,-0.274,-0.091
1668255697995,2022-11-12T14:21:37.995,1150.440,1.006,-0.213,-0.061
1668255698035,2022-11-12T14:21:38.035,1150.480,0.823,-0.305,0.000
1668255698075,2022-11-12T14:21:38.075,1150.520,0.884,-0.366,-0.030
1668255698115,2022-11-12T14:21:38.115,1150.560,0.884,-0.335,0.000
1668255698155,2022-11-12T14:21:38.155,1150.600,0.884,-0.183,-0.152
1668255698195,2022-11-12T14:21:38.195,1150.640,0.884,-0.183,-0.030
1668255698235,2022-11-12T14:21:38.235,1150.680,0.762,-0.305,0.061
1668255698275,2022-11-12T14:21:38.275,1150.720,0.854,-0.274,-0.152
1668255698315,2022-11-12T14:21:38.315,1150.760,0.762,-0.244,0.000
1668255698355,2022-11-12T14:21:38.355,1150.800,0.793,-0.091,-0.091
1668255698395,2022-11-12T14:21:38.395,1150.840,0.732,-0.183,-0.030
1668255698435,2022-11-12T14:21:38.435,1150.880,0.579,-0.213,0.061
1668255698475,2022-11-12T14:21:38.475,1150.920,0.915,-0.152,-0.122
1668255698515,2022-11-12T14:21:38.515,1150.960,0.762,-0.274,0.061
1668255698555,2022-11-12T14:21:38.555,1151.000,0.762,-0.305,-0.122
1668255698595,2022-11-12T14:21:38.595,1151.040,0.915,-0.183,-0.030
1668255698635,2022-11-12T14:21:38.635,1151.080,0.854,-0.122,0.091
1668255698675,2022-11-12T14:21:38.675,1151.120,0.854,-0.244,-0.030
1668255698715,2022-11-12T14:21:38.715,1151.160,0.793,-0.274,-0.061
1668255698755,2022-11-12T14:21:38.755,1151.200,0.884,-0.152,0.000
1668255698795,2022-11-12T14:21:38.795,1151.240,0.976,-0.122,0.000
1668255698835,2022-11-12T14:21:38.835,1151.280,0.976,-0.213,-0.122
1668255698875,2022-11-12T14:21:38.875,1151.320,0.762,-0.244,0.061
1668255698915,2022-11-12T14:21:38.915,1151.360,0.762,-0.366,0.000
1668255698955,2022-11-12T14:21:38.955,1151.400,0.823,-0.274,-0.061
1668255698995,2022-11-12T14:21:38.995,1151.440,0.793,-0.183,0.061
1668255699035,2022-11-12T14:21:39.035,1151.480,0.884,-0.122,0.000
1668255699075,2022-11-12T14:21:39.075,1151.520,0.579,-0.152,0.122
1668255699115,2022-11-12T14:21:39.115,1151.560,0.671,0.183,0.122
1668255699155,2022-11-12T14:21:39.155,1151.600,0.976,0.030,0.091
1668255699195,2022-11-12T14:21:39.195,1151.640,0.945,-0.366,0.000
1668255699235,2022-11-12T14:21:39.235,1151.680,0.976,-0.305,-0.152
1668255699275,2022-11-12T14:21:39.275,1151.720,0.793,-0.244,0.061
1668255699315,2022-11-12T14:21:39.315,1151.760,0.610,-0.152,0.061
1668255699355,2022-11-12T14:21:39.355,1151.800,0.579,-0.244,0.000
1668255699395,2022-11-12T14:21:39.395,1151.840,0.762,-0.152,0.000
1668255699435,2022-11-12T14:21:39.435,1151.880,0.945,-0.152,0.000
1668255699475,2022-11-12T14:21:39.475,1151.920,0.701,-0.244,0.030
1668255699515,2022-11-12T14:21:39.515,1151.960,0.732,-0.213,0.000
1668255699555,2022-11-12T14:21:39.555,1152.000,1.006,-0.152,-0.091
1668255699595,2022-11-12T14:21:39.595,1152.040,0.976,-0.122,-0.030
1668255699635,2022-11-12T14:21:39.635,1152.080,0.671,-0.305,0.122
1668255699675,2022-11-12T14:21:39.675,1152.120,0.732,-0.305,-0.122
1668255699715,2022-11-12T14:21:39.715,1152.160,0.823,-0.183,0.000
1668255699755,2022-11-12T14:21:39.755,1152.200,0.915,-0.274,0.000
1668255699795,2022-11-12T14:21:39.795,1152.240,0.732,-0.335,-0.030
1668255699835,2022-11-12T14:21:39.835,1152.280,0.701,-0.335,0.061
1668255699875,2022-11-12T14:21:39.875,1152.320,0.823,-0.091,0.000
1668255699915,2022-11-12T14:21:39.915,1152.360,0.701,-0.122,0.030
1668255699955,2022-11-12T14:21:39.955,1152.400,1.280,-0.061,-0.305
1668255699995,2022-11-12T14:21:39.995,1152.440,1.921,-0.091,-0.366
1668255700035,2022-11-12T14:21:40.035,1152.480,0.213,-0.732,0.274
1668255700075,2022-11-12T14:21:40.075,1152.520,-1.067,-0.793,0.640
1668255700115,2022-11-12T14:21:40.115,1152.560,-0.335,-0.366,0.457
1668255700155,2022-11-12T14:21:40.155,1152.600,0.579,-0.183,0.152
1668255700195,2022-11-12T14:21:40.195,1152.640,1.159,-0.091,-0.091
1668255700235,2022-11-12T14:21:40.235,1152.680,1.341,-0.183,-0.152
1668255700275,2022-11-12T14:21:40.275,1152.720,1.372,-0.091,-0.152
1668255700315,2022-11-12T14:21:40.315,1152.760,1.128,-0.152,-0.183
1668255700355,2022-11-12T14:21:40.355,1152.800,0.610,-0.244,-0.061
1668255700395,2022-11-12T14:21:40.395,1152.840,0.091,-0.366,0.091
1668255700435,2022-11-12T14:21:40.435,1152.880,0.061,-0.427,0.000
1668255700475,2022-11-12T14:21:40.475,1152.920,0.762,-0.061,-0.091
1668255700515,2022-11-12T14:21:40.515,1152.960,0.793,0.152,0.152
1668255700555,2022-11-12T14:21:40.555,1153.000,0.823,-0.274,-0.061
1668255700595,2022-11-12T14:21:40.595,1153.040,1.159,-0.183,-0.091
1668255700635,2022-11-12T14:21:40.635,1153.080,1.250,0.122,0.122
1668255700675,2022-11-12T14:21:40.675,1153.120,1.189,-0.030,-0.122
1668255700715,2022-11-12T14:21:40.715,1153.160,0.854,-0.152,-0.152
1668255700755,2022-11-12T14:21:40.755,1153.200,1.006,0.030,-0.061
1668255700795,2022-11-12T14:21:40.795,1153.240,1.098,0.030,0.000
1668255700835,2022-11-12T14:21:40.835,1153.280,0.915,-0.183,-0.061
1668255700875,2022-11-12T14:21:40.875,1153.320,1.006,-0.274,-0.122
1668255700915,2022-11-12T14:21:40.915,1153.360,1.006,-0.152,0.030
1668255700955,2022-11-12T14:21:40.955,1153.400,0.884,-0.152,0.061
1668255700995,2022-11-12T14:21:40.995,1153.440,0.915,-0.183,0.030
1668255701035,2022-11-12T14:21:41.035,1153.480,1.006,-0.122,-0.061
1668255701075,2022-11-12T14:21:41.075,1153.520,0.976,-0.122,-0.030
1668255701115,2022-11-12T14:21:41.115,1153.560,0.793,-0.244,0.000
1668255701155,2022-11-12T14:21:41.155,1153.600,0.823,-0.183,0.000
1668255701195,2022-11-12T14:21:41.195,1153.640,0.884,-0.061,0.091
1668255701235,2022-11-12T14:21:41.235,1153.680,0.854,-0.183,0.030
1668255701275,2022-11-12T14:21:41.275,1153.720,0.884,-0.122,0.000
1668255701315,2022-11-12T14:21:41.315,1153.760,0.915,-0.152,-0.061
1668255701355,2022-11-12T14:21:41.355,1153.800,0.915,-0.122,0.030
1668255701395,2022-11-12T14:21:41.395,1153.840,0.579,-0.274,0.152
1668255701435,2022-11-12T14:21:41.435,1153.880,0.701,-0.366,-0.061
1668255701475,2022-11-12T14:21:41.475,1153.920,1.098,-0.213,-0.122
1668255701515,2022-11-12T14:21:41.515,1153.960,1.341,-0.152,-0.213
1668255701555,2022-11-12T14:21:41.555,1154.000,0.762,-0.183,0.000
1668255701595,2022-11-12T14:21:41.595,1154.040,0.518,-0.244,0.152
1668255701635,2022-11-12T14:21:41.635,1154.080,0.915,-0.091,0.000
1668255701675,2022-11-12T14:21:41.675,1154.120,0.427,-0.305,0.183
1668255701715,2022-11-12T14:21:41.715,1154.160,0.640,-0.366,-0.030
1668255701755,2022-11-12T14:21:41.755,1154.200,0.884,-0.122,0.091
1668255701795,2022-11-12T14:21:41.795,1154.240,0.701,-0.213,0.122
1668255701835,2022-11-12T14:21:41.835,1154.280,0.823,-0.274,0.030
1668255701875,2022-11-12T14:21:41.875,1154.320,1.067,-0.274,0.000
1668255701915,2022-11-12T14:21:41.915,1154.360,1.006,-0.335,-0.091
1668255701955,2022-11-12T14:21:41.955,1154.400,0.884,-0.335,0.000
1668255701995,2022-11-12T14:21:41.995,1154.440,0.762,-0.244,0.122
1668255702035,2022-11-12T14:21:42.035,1154.480,0.884,-0.244,0.061
1668255702075,2022-11-12T14:21:42.075,1154.520,0.793,-0.274,0.000
1668255702115,2022-11-12T14:21:42.115,1154.560,0.762,-0.183,0.000
1668255702155,2022-11-12T14:21:42.155,1154.600,0.884,-0.152,-0.030
1668255702195,2022-11-12T14:21:42.195,1154.640,1.067,-0.305,0.000
1668255702235,2022-11-12T14:21:42.235,1154.680,0.701,-0.457,0.122
1668255702275,2022-11-12T14:21:42.275,1154.720,0.610,-0.549,-0.122
1668255702315,2022-11-12T14:21:42.315,1154.760,0.823,-0.213,0.061
1668255702355,2022-11-12T14:21:42.355,1154.800,1.037,-0.091,0.061
1668255702395,2022-11-12T14:21:42.395,1154.840,0.793,-0.305,0.000
1668255702435,2022-11-12T14:21:42.435,1154.880,0.793,-0.244,0.091
1668255702475,2022-11-12T14:21:42.475,1154.920,1.189,-0.122,0.000
1668255702515,2022-11-12T14:21:42.515,1154.960,0.945,-0.152,0.091
1668255702555,2022-11-12T14:21:42.555,1155.000,0.915,-0.152,-0.091
1668255702595,2022-11-12T14:21:42.595,1155.040,0.823,-0.152,0.030
1668255702635,2022-11-12T14:21:42.635,1155.080,0.793,-0.122,0.183
1668255702675,2022-11-12T14:21:42.675,1155.120,0.793,-0.213,0.030
1668255702715,2022-11-12T14:21:42.715,1155.160,0.823,-0.244,0.000
1668255702755,2022-11-12T14:21:42.755,1155.200,0.884,-0.244,0.061
1668255702795,2022-11-12T14:21:42.795,1155.240,0.793,-0.091,0.091
1668255702835,2022-11-12T14:21:42.835,1155.280,0.762,-0.183,-0.030
1668255702875,2022-11-12T14:21:42.875,1155.320,0.854,-0.213,-0.091
1668255702915,2022-11-12T14:21:42.915,1155.360,1.006,0.000,-0.061
1668255702955,2022-11-12T14:21:42.955,1155.400,1.037,-0.061,-0.091
1668255702995,2022-11-12T14:21:42.995,1155.440,0.732,-0.335,0.030
1668255703035,2022-11-12T14:21:43.035,1155.480,0.732,-0.244,-0.091
1668255703075,2022-11-12T14:21:43.075,1155.520,0.915,-0.030,-0.030
1668255703115,2022-11-12T14:21:43.115,1155.560,0.976,-0.061,0.000
1668255703155,2022-11-12T14:21:43.155,1155.600,0.854,-0.122,-0.061
1668255703195,2022-11-12T14:21:43.195,1155.640,0.732,-0.152,0.030
1668255703235,2022-11-12T14:21:43.235,1155.680,0.945,-0.122,0.000
1668255703275,2022-11-12T14:21:43.275,1155.720,0.915,-0.152,0.030
1668255703315,2022-11-12T14:21:43.315,1155.760,0.915,-0.183,-0.152
1668255703355,2022-11-12T14:21:43.355,1155.800,0.823,-0.152,-0.030
1668255703395,2022-11-12T14:21:43.395,1155.840,0.823,-0.152,0.061
1668255703435,2022-11-12T14:21:43.435,1155.880,0.701,-0.122,0.061
1668255703475,2022-11-12T14:21:43.475,1155.920,0.854,-0.122,-0.061
1668255703515,2022-11-12T14:21:43.515,1155.960,1.037,-0.091,-0.030
1668255703555,2022-11-12T14:21:43.555,1156.000,0.854,-0.213,0.030
1668255703595,2022-11-12T14:21:43.595,1156.040,0.793,-0.183,-0.030
1668255703635,2022-11-12T14:21:43.635,1156.080,0.884,-0.122,-0.061
1668255703675,2022-11-12T14:21:43.675,1156.120,0.976,-0.091,-0.061
1668255703715,2022-11-12T14:21:43.715,1156.160,0.671,-0.305,0.061
1668255703755,2022-11-12T14:21:43.755,1156.200,0.671,-0.274,-0.091
1668255703795,2022-11-12T14:21:43.795,1156.240,1.159,0.061,-0.061
1668255703835,2022-11-12T14:21:43.835,1156.280,1.006,-0.061,-0.030
1668255703875,2022-11-12T14:21:43.875,1156.320,0.793,-0.244,-0.091
1668255703915,2022-11-12T14:21:43.915,1156.360,0.640,-0.152,0.122
1668255703955,2022-11-12T14:21:43.955,1156.400,0.854,-0.091,0.091
1668255703995,2022-11-12T14:21:43.995,1156.440,0.945,-0.305,0.061
1668255704035,2022-11-12T14:21:44.035,1156.480,1.098,-0.274,-0.030
1668255704075,2022-11-12T14:21:44.075,1156.520,0.976,-0.152,0.000
1668255704115,2022-11-12T14:21:44.115,1156.560,0.823,-0.213,0.030
1668255704155,2022-11-12T14:21:44.155,1156.600,0.701,-0.213,-0.061
1668255704195,2022-11-12T14:21:44.195,1156.640,0.488,-0.122,0.000
1668255704235,2022-11-12T14:21:44.235,1156.680,0.762,-0.030,0.030
1668255704275,2022-11-12T14:21:44.275,1156.720,0.884,-0.244,-0.030
1668255704315,2022-11-12T14:21:44.315,1156.760,0.732,-0.244,-0.030
1668255704355,2022-11-12T14:21:44.355,1156.800,0.945,-0.213,-0.091
1668255704395,2022-11-12T14:21:44.395,1156.840,1.067,-0.091,-0.030
1668255704435,2022-11-12T14:21:44.435,1156.880,0.518,-0.244,0.152
1668255704475,2022-11-12T14:21:44.475,1156.920,0.701,-0.396,-0.091
1668255704515,2022-11-12T14:21:44.515,1156.960,0.915,-0.183,-0.061
1668255704555,2022-11-12T14:21:44.555,1157.000,0.854,-0.091,0.000
1668255704595,2022-11-12T14:21:44.595,1157.040,0.854,-0.213,-0.091
1668255704635,2022-11-12T14:21:44.635,1157.080,0.823,-0.244,0.091
1668255704675,2022-11-12T14:21:44.675,1157.120,1.159,-0.091,-0.061
1668255704715,2022-11-12T14:21:44.715,1157.160,1.037,-0.244,0.000
1668255704755,2022-11-12T14:21:44.755,1157.200,0.945,-0.274,-0.122
1668255704795,2022-11-12T14:21:44.795,1157.240,0.945,-0.091,-0.030
1668255704835,2022-11-12T14:21:44.835,1157.280,0.671,-0.122,0.122
1668255704875,2022-11-12T14:21:44.875,1157.320,0.579,-0.244,0.000
1668255704915,2022-11-12T14:21:44.915,1157.360,0.762,-0.183,-0.030
1668255704955,2022-11-12T14:21:44.955,1157.400,0.915,-0.061,0.030
1668255704995,2022-11-12T14:21:44.995,1157.440,0.793,-0.213,0.091
1668255705035,2022-11-12T14:21:45.035,1157.480,0.854,-0.213,-0.030
1668255705075,2022-11-12T14:21:45.075,1157.520,0.945,-0.183,-0.061
1668255705115,2022-11-12T14:21:45.115,1157.560,1.006,-0.152,-0.030
1668255705155,2022-11-12T14:21:45.155,1157.600,0.945,-0.152,-0.030
1668255705195,2022-11-12T14:21:45.195,1157.640,0.549,-0.305,0.152
1668255705235,2022-11-12T14:21:45.235,1157.680,0.854,-0.244,-0.091
1668255705275,2022-11-12T14:21:45.275,1157.720,0.976,-0.061,0.030
1668255705315,2022-11-12T14:21:45.315,1157.760,0.854,-0.122,0.000
1668255705355,2022-11-12T14:21:45.355,1157.800,0.732,-0.152,0.000
1668255705395,2022-11-12T14:21:45.395,1157.840,0.854,-0.183,0.030
1668255705435,2022-11-12T14:21:45.435,1157.880,1.067,-0.183,-0.091
1668255705475,2022-11-12T14:21:45.475,1157.920,0.854,-0.244,0.030
1668255705515,2022-11-12T14:21:45.515,1157.960,0.915,-0.213,-0.030
1668255705555,2022-11-12T14:21:45.555,1158.000,1.006,-0.213,0.000
1668255705595,2022-11-12T14:21:45.595,1158.040,0.884,-0.213,0.030
1668255705635,2022-11-12T14:21:45.635,1158.080,0.793,-0.274,-0.030
1668255705675,2022-11-12T14:21:45.675,1158.120,0.854,-0.244,-0.061
1668255705715,2022-11-12T14:21:45.715,1158.160,0.884,-0.091,0.000
1668255705755,2022-11-12T14:21:45.755,1158.200,0.732,-0.183,0.061
1668255705795,2022-11-12T14:21:45.795,1158.240,0.732,-0.305,0.030
1668255705835,2022-11-12T14:21:45.835,1158.280,0.976,-0.244,0.030
1668255705875,2022-11-12T14:21:45.875,1158.320,0.945,-0.274,0.000
1668255705915,2022-11-12T14:21:45.915,1158.360,0.884,-0.366,-0.091
1668255705955,2022-11-12T14:21:45.955,1158.400,0.579,-0.335,0.152
1668255705995,2022-11-12T14:21:45.995,1158.440,0.701,-0.274,0.000
1668255706035,2022-11-12T14:21:46.035,1158.480,0.823,-0.213,0.030
1668255706075,2022-11-12T14:21:46.075,1158.520,0.823,-0.274,-0.030
1668255706115,2022-11-12T14:21:46.115,1158.560,0.762,-0.244,0.000
1668255706155,2022-11-12T14:21:46.155,1158.600,0.762,-0.305,0.091
1668255706195,2022-11-12T14:21:46.195,1158.640,0.976,-0.244,-0.061
1668255706235,2022-11-12T14:21:46.235,1158.680,0.823,-0.274,0.061
1668255706275,2022-11-12T14:21:46.275,1158.720,1.037,-0.305,-0.122
1668255706315,2022-11-12T14:21:46.315,1158.760,0.945,-0.213,0.030
1668255706355,2022-11-12T14:21:46.355,1158.800,0.854,-0.213,0.091
1668255706395,2022-11-12T14:21:46.395,1158.840,0.793,-0.305,0.000
1668255706435,2022-11-12T14:21:46.435,1158.880,0.762,-0.274,0.030
1668255706475,2022-11-12T14:21:46.475,1158.920,0.854,-0.213,0.061
1668255706515,2022-11-12T14:21:46.515,1158.960,0.793,-0.213,0.061
1668255706555,2022-11-12T14:21:46.555,1159.000,0.793,-0.274,0.000
1668255706595,2022-11-12T14:21:46.595,1159.040,0.884,-0.213,0.000
1668255706635,2022-11-12T14:21:46.635,1159.080,0.915,-0.152,-0.061
1668255706675,2022-11-12T14:21:46.675,1159.120,0.671,-0.244,0.091
1668255706715,2022-11-12T14:21:46.715,1159.160,0.671,-0.396,0.061
1668255706755,2022-11-12T14:21:46.755,1159.200,-0.122,-0.488,0.091
1668255706795,2022-11-12T14:21:46.795,1159.240,-2.866,-0.488,0.640
1668255706835,2022-11-12T14:21:46.835,1159.280,-0.854,-0.274,0.183
1668255706875,2022-11-12T14:21:46.875,1159.320,1.006,-0.244,0.000
1668255706915,2022-11-12T14:21:46.915,1159.360,1.890,-0.091,-0.091
1668255706955,2022-11-12T14:21:46.955,1159.400,1.921,-0.061,0.000
1668255706995,2022-11-12T14:21:46.995,1159.440,2.012,-0.091,-0.183
1668255707035,2022-11-12T14:21:47.035,1159.480,1.951,-0.183,-0.305
1668255707075,2022-11-12T14:21:47.075,1159.520,1.555,-0.091,-0.061
1668255707115,2022-11-12T14:21:47.115,1159.560,1.280,-0.091,-0.061
1668255707155,2022-11-12T14:21:47.155,1159.600,1.067,-0.213,-0.061
1668255707195,2022-11-12T14:21:47.195,1159.640,1.159,-0.183,-0.091
1668255707235,2022-11-12T14:21:47.235,1159.680,1.128,-0.305,-0.091
1668255707275,2022-11-12T14:21:47.275,1159.720,1.006,-0.396,-0.122
1668255707315,2022-11-12T14:21:47.315,1159.760,0.945,-0.396,-0.366
1668255707355,2022-11-12T14:21:47.355,1159.800,0.976,-0.305,-0.396
1668255707395,2022-11-12T14:21:47.395,1159.840,0.945,-0.122,0.030
1668255707435,2022-11-12T14:21:47.435,1159.880,0.793,-0.274,0.030
1668255707475,2022-11-12T14:21:47.475,1159.920,0.701,-0.274,-0.122
1668255707515,2022-11-12T14:21:47.515,1159.960,0.915,-0.091,0.061
1668255707555,2022-11-12T14:21:47.555,1160.000,1.037,0.000,-0.030
1668255707595,2022-11-12T14:21:47.595,1160.040,0.762,-0.213,0.030
1668255707635,2022-11-12T14:21:47.635,1160.080,0.976,-0.244,-0.061
1668255707675,2022-11-12T14:21:47.675,1160.120,1.067,-0.122,0.122
1668255707715,2022-11-12T14:21:47.715,1160.160,0.976,-0.213,0.030
1668255707755,2022-11-12T14:21:47.755,1160.200,1.006,-0.244,-0.152
1668255707795,2022-11-12T14:21:47.795,1160.240,0.854,-0.183,0.061
1668255707835,2022-11-12T14:21:47.835,1160.280,0.823,-0.183,0.030
1668255707875,2022-11-12T14:21:47.875,1160.320,0.915,-0.244,0.030
1668255707915,2022-11-12T14:21:47.915,1160.360,1.006,-0.183,-0.030
1668255707955,2022-11-12T14:21:47.955,1160.400,0.884,-0.061,-0.061
1668255707995,2022-11-12T14:21:47.995,1160.440,0.854,-0.152,0.000
1668255708035,2022-11-12T14:21:48.035,1160.480,0.976,-0.183,0.000
1668255708075,2022-11-12T14:21:48.075,1160.520,1.128,-0.030,-0.122
1668255708115,2022-11-12T14:21:48.115,1160.560,0.976,0.030,0.030
1668255708155,2022-11-12T14:21:48.155,1160.600,0.610,-0.244,0.061
1668255708195,2022-11-12T14:21:48.195,1160.640,0.671,-0.274,-0.122
1668255708235,2022-11-12T14:21:48.235,1160.680,0.823,-0.061,0.061
1668255708275,2022-11-12T14:21:48.275,1160.720,0.945,-0.122,-0.030
1668255708315,2022-11-12T14:21:48.315,1160.760,0.762,-0.244,0.061
1668255708355,2022-11-12T14:21:48.355,1160.800,0.732,-0.183,0.030
1668255708395,2022-11-12T14:21:48.395,1160.840,0.945,-0.091,-0.030
1668255708435,2022-11-12T14:21:48.435,1160.880,0.915,-0.213,0.000
1668255708475,2022-11-12T14:21:48.475,1160.920,1.006,-0.244,-0.152
1668255708515,2022-11-12T14:21:48.515,1160.960,0.915,-0.122,0.000
1668255708555,2022-11-12T14:21:48.555,1161.000,0.854,-0.213,0.061
1668255708595,2022-11-12T14:21:48.595,1161.040,0.884,-0.183,-0.030
1668255708635,2022-11-12T14:21:48.635,1161.080,0.915,-0.183,-0.061
1668255708675,2022-11-12T14:21:48.675,1161.120,0.945,-0.183,0.030
1668255708715,2022-11-12T14:21:48.715,1161.160,0.823,-0.213,0.061
1668255708755,2022-11-12T14:21:48.755,1161.200,0.762,-0.274,-0.030
1668255708795,2022-11-12T14:21:48.795,1161.240,0.915,-0.244,-0.030
1668255708835,2022-11-12T14:21:48.835,1161.280,0.945,-0.061,0.000
1668255708875,2022-11-12T14:21:48.875,1161.320,0.915,-0.122,0.000
1668255708915,2022-11-12T14:21:48.915,1161.360,0.640,-0.366,0.091
1668255708955,2022-11-12T14:21:48.955,1161.400,0.701,-0.213,-0.061
1668255708995,2022-11-12T14:21:48.995,1161.440,0.945,-0.091,0.030
1668255709035,2022-11-12T14:21:49.035,1161.480,0.915,-0.213,-0.030
1668255709075,2022-11-12T14:21:49.075,1161.520,0.732,-0.183,0.061
1668255709115,2022-11-12T14:21:49.115,1161.560,0.823,-0.091,0.122
1668255709155,2022-11-12T14:21:49.155,1161.600,0.976,-0.122,0.000
1668255709195,2022-11-12T14:21:49.195,1161.640,0.701,-0.152,0.091
1668255709235,2022-11-12T14:21:49.235,1161.680,0.884,-0.213,-0.030
1668255709275,2022-11-12T14:21:49.275,1161.720,0.945,-0.152,0.061
1668255709315,2022-11-12T14:21:49.315,1161.760,0.793,-0.152,0.061
1668255709355,2022-11-12T14:21:49.355,1161.800,0.701,-0.213,0.030
1668255709395,2022-11-12T14:21:49.395,1161.840,0.793,-0.274,-0.030
1668255709435,2022-11-12T14:21:49.435,1161.880,1.006,-0.305,0.000
1668255709475,2022-11-12T14:21:49.475,1161.920,0.884,-0.244,0.030
1668255709515,2022-11-12T14:21:49.515,1161.960,0.854,-0.305,-0.030
1668255709555,2022-11-12T14:21:49.555,1162.000,0.945,-0.305,0.000
1668255709595,2022-11-12T14:21:49.595,1162.040,0.915,-0.244,0.030
1668255709635,2022-11-12T14:21:49.635,1162.080,0.884,-0.183,0.030
1668255709675,2022-11-12T14:21:49.675,1162.120,0.884,-0.122,-0.061
1668255709715,2022-11-12T14:21:49.715,1162.160,0.762,-0.152,0.091
1668255709755,2022-11-12T14:21:49.755,1162.200,0.610,-0.305,0.091
1668255709795,2022-11-12T14:21:49.795,1162.240,0.762,-0.244,-0.061
1668255709835,2022-11-12T14:21:49.835,1162.280,0.823,-0.213,0.091
1668255709875,2022-11-12T14:21:49.875,1162.320,0.823,-0.213,0.030
1668255709915,2022-11-12T14:21:49.915,1162.360,0.762,-0.244,0.091
1668255709955,2022-11-12T14:21:49.955,1162.400,0.854,-0.213,0.030
1668255709995,2022-11-12T14:21:49.995,1162.440,0.945,-0.183,0.000
1668255710035,2022-11-12T14:21:50.035,1162.480,0.915,-0.274,0.122
1668255710075,2022-11-12T14:21:50.075,1162.520,1.220,-0.274,-0.030
1668255710115,2022-11-12T14:21:50.115,1162.560,1.250,-0.152,0.061
1668255710155,2022-11-12T14:21:50.155,1162.600,0.884,-0.152,0.091
1668255710195,2022-11-12T14:21:50.195,1162.640,0.518,-0.335,0.030
1668255710235,2022-11-12T14:21:50.235,1162.680,0.854,-0.183,0.000
1668255710275,2022-11-12T14:21:50.275,1162.720,0.976,-0.152,0.030
1668255710315,2022-11-12T14:21:50.315,1162.760,0.701,-0.244,0.030
1668255710355,2022-11-12T14:21:50.355,1162.800,0.732,-0.244,0.061
1668255710395,2022-11-12T14:21:50.395,1162.840,0.976,-0.244,-0.061
1668255710435,2022-11-12T14:21:50.435,1162.880,0.884,-0.274,0.030
1668255710475,2022-11-12T14:21:50.475,1162.920,0.732,-0.244,0.061
1668255710515,2022-11-12T14:21:50.515,1162.960,1.006,-0.183,-0.122
1668255710555,2022-11-12T14:21:50.555,1163.000,0.854,-0.274,0.122
1668255710595,2022-11-12T14:21:50.595,1163.040,0.671,-0.396,0.091
1668255710635,2022-11-12T14:21:50.635,1163.080,0.732,-0.244,-0.091
1668255710675,2022-11-12T14:21:50.675,1163.120,0.854,-0.152,0.030
1668255710715,2022-11-12T14:21:50.715,1163.160,0.854,-0.183,-0.030
1668255710755,2022-11-12T14:21:50.755,1163.200,0.610,-0.244,0.091
1668255710795,2022-11-12T14:21:50.795,1163.240,0.884,-0.183,0.030
1668255710835,2022-11-12T14:21:50.835,1163.280,0.854,-0.183,0.000
1668255710875,2022-11-12T14:21:50.875,1163.320,0.732,-0.305,-0.030
1668255710915,2022-11-12T14:21:50.915,1163.360,0.915,-0.244,-0.122
1668255710955,2022-11-12T14:21:50.955,1163.400,0.762,-0.061,0.091
1668255710995,2022-11-12T14:21:50.995,1163.440,0.640,-0.183,0.000
1668255711035,2022-11-12T14:21:51.035,1163.480,0.732,-0.183,-0.091
1668255711075,2022-11-12T14:21:51.075,1163.520,0.701,0.122,0.091
1668255711115,2022-11-12T14:21:51.115,1163.560,0.549,0.213,0.152
1668255711155,2022-11-12T14:21:51.155,1163.600,0.701,-0.091,0.000
1668255711195,2022-11-12T14:21:51.195,1163.640,0.701,-0.091,0.000
1668255711235,2022-11-12T14:21:51.235,1163.680,0.762,-0.091,-0.030
1668255711275,2022-11-12T14:21:51.275,1163.720,0.945,-0.183,-0.152
1668255711315,2022-11-12T14:21:51.315,1163.760,0.732,-0.183,0.091
1668255711355,2022-11-12T14:21:51.355,1163.800,0.579,-0.396,-0.030
1668255711395,2022-11-12T14:21:51.395,1163.840,0.823,-0.213,-0.061
1668255711435,2022-11-12T14:21:51.435,1163.880,0.762,-0.061,0.061
1668255711475,2022-11-12T14:21:51.475,1163.920,0.762,-0.244,-0.061
1668255711515,2022-11-12T14:21:51.515,1163.960,0.640,-0.213,0.061
1668255711555,2022-11-12T14:21:51.555,1164.000,1.098,-0.122,-0.122
1668255711595,2022-11-12T14:21:51.595,1164.040,1.067,-0.122,-0.061
1668255711635,2022-11-12T14:21:51.635,1164.080,0.823,-0.274,-0.030
1668255711675,2022-11-12T14:21:51.675,1164.120,0.945,-0.183,-0.152
1668255711715,2022-11-12T14:21:51.715,1164.160,0.884,-0.122,0.061
1668255711755,2022-11-12T14:21:51.755,1164.200,0.823,-0.213,0.061
1668255711795,2022-11-12T14:21:51.795,1164.240,0.701,-0.244,0.000
1668255711835,2022-11-12T14:21:51.835,1164.280,0.915,-0.183,-0.030
1668255711875,2022-11-12T14:21:51.875,1164.320,0.945,-0.244,0.000
1668255711915,2022-11-12T14:21:51.915,1164.360,0.701,-0.305,0.061
1668255711955,2022-11-12T14:21:51.955,1164.400,0.976,-0.244,-0.122
1668255711995,2022-11-12T14:21:51.995,1164.440,1.067,-0.091,-0.091
1668255712035,2022-11-12T14:21:52.035,1164.480,0.915,-0.152,-0.030
1668255712075,2022-11-12T14:21:52.075,1164.520,0.579,-0.305,0.091
1668255712115,2022-11-12T14:21:52.115,1164.560,0.701,-0.305,-0.091
1668255712155,2022-11-12T14:21:52.155,1164.600,0.854,-0.030,0.030
1668255712195,2022-11-12T14:21:52.195,1164.640,0.915,-0.122,-0.061
1668255712235,2022-11-12T14:21:52.235,1164.680,0.854,-0.213,-0.091
1668255712275,2022-11-12T14:21:52.275,1164.720,0.732,-0.122,0.122
1668255712315,2022-11-12T14:21:52.315,1164.760,0.945,-0.152,-0.091
1668255712355,2022-11-12T14:21:52.355,1164.800,0.732,-0.213,0.030
1668255712395,2022-11-12T14:21:52.395,1164.840,0.793,-0.244,0.000
1668255712435,2022-11-12T14:21:52.435,1164.880,1.037,-0.183,-0.061
1668255712475,2022-11-12T14:21:52.475,1164.920,0.823,-0.091,0.091
1668255712515,2022-11-12T14:21:52.515,1164.960,0.762,-0.122,0.030
1668255712555,2022-11-12T14:21:52.555,1165.000,0.854,-0.213,-0.091
1668255712595,2022-11-12T14:21:52.595,1165.040,1.006,-0.183,-0.061
1668255712635,2022-11-12T14:21:52.635,1165.080,0.823,-0.213,0.061
1668255712675,2022-11-12T14:21:52.675,1165.120,0.854,-0.274,-0.030
1668255712715,2022-11-12T14:21:52.715,1165.160,0.915,-0.183,-0.061
1668255712755,2022-11-12T14:21:52.755,1165.200,0.915,-0.122,0.000
1668255712795,2022-11-12T14:21:52.795,1165.240,0.915,-0.183,0.030
1668255712835,2022-11-12T14:21:52.835,1165.280,0.549,-0.305,0.152
1668255712875,2022-11-12T14:21:52.875,1165.320,0.793,-0.244,-0.030
1668255712915,2022-11-12T14:21:52.915,1165.360,0.915,-0.091,0.061
1668255712955,2022-11-12T14:21:52.955,1165.400,0.793,-0.061,-0.030
1668255712995,2022-11-12T14:21:52.995,1165.440,0.884,-0.152,0.000
1668255713035,2022-11-12T14:21:53.035,1165.480,0.854,-0.183,0.122
1668255713075,2022-11-12T14:21:53.075,1165.520,0.945,-0.122,-0.122
1668255713115,2022-11-12T14:21:53.115,1165.560,0.732,-0.183,0.061
1668255713155,2022-11-12T14:21:53.155,1165.600,0.945,-0.213,-0.030
1668255713195,2022-11-12T14:21:53.195,1165.640,0.945,-0.183,-0.030
1668255713235,2022-11-12T14:21:53.235,1165.680,0.610,-0.152,0.091
1668255713275,2022-11-12T14:21:53.275,1165.720,0.762,-0.213,-0.030
1668255713315,2022-11-12T14:21:53.315,1165.760,0.915,-0.183,-0.061
1668255713355,2022-11-12T14:21:53.355,1165.800,0.976,-0.183,0.000
1668255713395,2022-11-12T14:21:53.395,1165.840,0.823,-0.244,0.061
1668255713435,2022-11-12T14:21:53.435,1165.880,0.762,-0.183,-0.091
1668255713475,2022-11-12T14:21:53.475,1165.920,0.823,-0.213,-0.061
1668255713515,2022-11-12T14:21:53.515,1165.960,0.854,-0.305,0.000
1668255713555,2022-11-12T14:21:53.555,1166.000,0.854,-0.244,-0.122
1668255713595,2022-11-12T14:21:53.595,1166.040,0.884,-0.244,0.030
1668255713635,2022-11-12T14:21:53.635,1166.080,0.701,-0.427,0.000
1668255713675,2022-11-12T14:21:53.675,1166.120,0.793,-0.396,-0.213
1668255713715,2022-11-12T14:21:53.715,1166.160,0.854,-0.152,0.091
1668255713755,2022-11-12T14:21:53.755,1166.200,0.793,-0.091,0.000
1668255713795,2022-11-12T14:21:53.795,1166.240,0.701,-0.244,0.000
1668255713835,2022-11-12T14:21:53.835,1166.280,0.762,-0.244,0.030
1668255713875,2022-11-12T14:21:53.875,1166.320,0.915,-0.183,-0.030
1668255713915,2022-11-12T14:21:53.915,1166.360,0.671,-0.305,0.061
1668255713955,2022-11-12T14:21:53.955,1166.400,0.823,-0.305,-0.122
1668255713995,2022-11-12T14:21:53.995,1166.440,0.854,-0.213,0.030
1668255714035,2022-11-12T14:21:54.035,1166.480,0.701,-0.274,0.091
1668255714075,2022-11-12T14:21:54.075,1166.520,0.762,-0.305,-0.030
1668255714115,2022-11-12T14:21:54.115,1166.560,0.854,-0.213,0.000
1668255714155,2022-11-12T14:21:54.155,1166.600,0.793,-0.244,0.000
1668255714195,2022-11-12T14:21:54.195,1166.640,0.640,-0.244,0.000
1668255714235,2022-11-12T14:21:54.235,1166.680,0.732,-0.244,0.030
1668255714275,2022-11-12T14:21:54.275,1166.720,0.884,-0.244,0.030
1668255714315,2022-11-12T14:21:54.315,1166.760,0.915,-0.152,-0.061
1668255714355,2022-11-12T14:21:54.355,1166.800,0.854,-0.213,-0.091
1668255714395,2022-11-12T14:21:54.395,1166.840,0.793,-0.213,0.122
1668255714435,2022-11-12T14:21:54.435,1166.880,0.701,-0.396,-0.030
1668255714475,2022-11-12T14:21:54.475,1166.920,0.793,-0.274,-0.122
1668255714515,2022-11-12T14:21:54.515,1166.960,0.884,-0.152,0.030
1668255714555,2022-11-12T14:21:54.555,1167.000,0.915,-0.213,-0.030
1668255714595,2022-11-12T14:21:54.595,1167.040,0.701,-0.305,0.091
1668255714635,2022-11-12T14:21:54.635,1167.080,0.823,-0.213,-0.030
1668255714675,2022-11-12T14:21:54.675,1167.120,0.823,-0.213,-0.091
1668255714715,2022-11-12T14:21:54.715,1167.160,0.701,-0.305,0.000
1668255714755,2022-11-12T14:21:54.755,1167.200,0.884,-0.274,-0.061
1668255714795,2022-11-12T14:21:54.795,1167.240,0.823,-0.244,0.091
1668255714835,2022-11-12T14:21:54.835,1167.280,0.884,-0.244,0.061
1668255714875,2022-11-12T14:21:54.875,1167.320,0.854,-0.213,0.000
1668255714915,2022-11-12T14:21:54.915,1167.360,0.854,-0.213,-0.061
1668255714955,2022-11-12T14:21:54.955,1167.400,0.945,-0.183,-0.030
1668255714995,2022-11-12T14:21:54.995,1167.440,0.884,-0.183,0.030
1668255715035,2022-11-12T14:21:55.035,1167.480,0.976,-0.244,-0.091
1668255715075,2022-11-12T14:21:55.075,1167.520,0.945,-0.152,-0.061
1668255715115,2022-11-12T14:21:55.115,1167.560,1.067,-0.091,-0.061
1668255715155,2022-11-12T14:21:55.155,1167.600,0.762,-0.274,0.030
1668255715195,2022-11-12T14:21:55.195,1167.640,0.762,-0.305,-0.030
1668255715235,2022-11-12T14:21:55.235,1167.680,0.945,-0.091,0.000
1668255715275,2022-11-12T14:21:55.275,1167.720,1.006,-0.152,0.000
1668255715315,2022-11-12T14:21:55.315,1167.760,0.854,-0.122,-0.091
1668255715355,2022-11-12T14:21:55.355,1167.800,0.854,-0.244,0.000
1668255715395,2022-11-12T14:21:55.395,1167.840,1.128,-0.091,-0.091
1668255715435,2022-11-12T14:21:55.435,1167.880,0.854,-0.152,0.061
1668255715475,2022-11-12T14:21:55.475,1167.920,0.915,-0.244,-0.091
1668255715515,2022-11-12T14:21:55.515,1167.960,1.006,-0.152,-0.122
1668255715555,2022-11-12T14:21:55.555,1168.000,0.854,-0.091,0.061
1668255715595,2022-11-12T14:21:55.595,1168.040,0.732,-0.213,-0.061
1668255715635,2022-11-12T14:21:55.635,1168.080,0.823,-0.274,-0.061
1668255715675,2022-11-12T14:21:55.675,1168.120,0.854,-0.152,-0.030
1668255715715,2022-11-12T14:21:55.715,1168.160,0.823,-0.213,0.030
1668255715755,2022-11-12T14:21:55.755,1168.200,0.732,-0.213,0.030
1668255715795,2022-11-12T14:21:55.795,1168.240,0.945,-0.183,-0.030
1668255715835,2022-11-12T14:21:55.835,1168.280,1.067,-0.122,-0.122
1668255715875,2022-11-12T14:21:55.875,1168.320,0.793,-0.213,0.030
1668255715915,2022-11-12T14:21:55.915,1168.360,0.640,-0.305,0.000
1668255715955,2022-11-12T14:21:55.955,1168.400,0.884,-0.122,-0.091
1668255715995,2022-11-12T14:21:55.995,1168.440,1.006,-0.122,-0.030
1668255716035,2022-11-12T14:21:56.035,1168.480,0.976,-0.122,-0.030
1668255716075,2022-11-12T14:21:56.075,1168.520,0.854,-0.122,0.122
1668255716115,2022-11-12T14:21:56.115,1168.560,1.006,-0.183,0.000
1668255716155,2022-11-12T14:21:56.155,1168.600,0.854,-0.091,0.030
1668255716195,2022-11-12T14:21:56.195,1168.640,0.732,-0.274,0.030
1668255716235,2022-11-12T14:21:56.235,1168.680,1.037,-0.152,-0.061
1668255716275,2022-11-12T14:21:56.275,1168.720,0.884,-0.183,0.061
1668255716315,2022-11-12T14:21:56.315,1168.760,0.701,-0.244,0.061
1668255716355,2022-11-12T14:21:56.355,1168.800,0.884,-0.213,-0.061
1668255716395,2022-11-12T14:21:56.395,1168.840,0.945,-0.152,-0.030
1668255716435,2022-11-12T14:21:56.435,1168.880,0.823,-0.122,0.061
1668255716475,2022-11-12T14:21:56.475,1168.920,0.793,-0.274,-0.030
1668255716515,2022-11-12T14:21:56.515,1168.960,0.884,-0.183,0.000
1668255716555,2022-11-12T14:21:56.555,1169.000,0.915,-0.091,0.000
1668255716595,2022-11-12T14:21:56.595,1169.040,1.006,-0.152,-0.122
1668255716635,2022-11-12T14:21:56.635,1169.080,0.793,-0.183,0.091
1668255716675,2022-11-12T14:21:56.675,1169.120,0.701,-0.274,0.000
1668255716715,2022-11-12T14:21:56.715,1169.160,0.823,-0.244,-0.091
1668255716755,2022-11-12T14:21:56.755,1169.200,0.884,-0.183,0.091
1668255716795,2022-11-12T14:21:56.795,1169.240,0.854,-0.183,0.030
1668255716835,2022-11-12T14:21:56.835,1169.280,0.732,-0.213,0.030
1668255716875,2022-11-12T14:21:56.875,1169.320,0.915,-0.152,-0.061
1668255716915,2022-11-12T14:21:56.915,1169.360,0.915,-0.122,0.000
1668255716955,2022-11-12T14:21:56.955,1169.400,0.793,-0.244,0.061
1668255716995,2022-11-12T14:21:56.995,1169.440,1.037,-0.244,-0.091
1668255717035,2022-11-12T14:21:57.035,1169.480,0.976,-0.183,0.030
1668255717075,2022-11-12T14:21:57.075,1169.520,0.945,-0.183,-0.061
1668255717115,2022-11-12T14:21:57.115,1169.560,0.884,-0.244,-0.030
1668255717155,2022-11-12T14:21:57.155,1169.600,0.854,-0.213,0.030
1668255717195,2022-11-12T14:21:57.195,1169.640,0.915,-0.213,0.030
1668255717235,2022-11-12T14:21:57.235,1169.680,0.793,-0.213,0.030
1668255717275,2022-11-12T14:21:57.275,1169.720,0.762,-0.183,-0.030
1668255717315,2022-11-12T14:21:57.315,1169.760,0.945,-0.213,0.000
1668255717355,2022-11-12T14:21:57.355,1169.800,1.006,-0.122,0.000
1668255717395,2022-11-12T14:21:57.395,1169.840,0.915,-0.244,0.000
1668255717435,2022-11-12T14:21:57.435,1169.880,0.701,-0.335,0.152
1668255717475,2022-11-12T14:21:57.475,1169.920,0.915,-0.366,-0.030
1668255717515,2022-11-12T14:21:57.515,1169.960,0.915,-0.183,0.061
1668255717555,2022-11-12T14:21:57.555,1170.000,0.793,-0.213,-0.030
1668255717595,2022-11-12T14:21:57.595,1170.040,0.793,-0.244,0.000
1668255717635,2022-11-12T14:21:57.635,1170.080,0.762,-0.213,0.091
1668255717675,2022-11-12T14:21:57.675,1170.120,0.884,-0.183,-0.122
1668255717715,2022-11-12T14:21:57.715,1170.160,0.640,-0.213,0.030
1668255717755,2022-11-12T14:21:57.755,1170.200,0.823,-0.091,0.000
1668255717795,2022-11-12T14:21:57.795,1170.240,0.945,-0.152,0.000
1668255717835,2022-11-12T14:21:57.835,1170.280,0.793,-0.213,0.030
1668255717875,2022-11-12T14:21:57.875,1170.320,0.793,-0.274,0.030
1668255717915,2022-11-12T14:21:57.915,1170.360,0.945,-0.244,0.061
1668255717955,2022-11-12T14:21:57.955,1170.400,1.037,-0.213,0.061
1668255717995,2022-11-12T14:21:57.995,1170.440,0.884,-0.244,0.030
1668255718035,2022-11-12T14:21:58.035,1170.480,0.732,-0.335,0.000
1668255718075,2022-11-12T14:21:58.075,1170.520,0.915,-0.213,0.122
1668255718115,2022-11-12T14:21:58.115,1170.560,1.037,-0.122,0.000
1668255718155,2022-11-12T14:21:58.155,1170.600,0.762,-0.274,0.000
1668255718195,2022-11-12T14:21:58.195,1170.640,0.610,-0.427,0.091
1668255718235,2022-11-12T14:21:58.235,1170.680,0.793,-0.335,-0.061
1668255718275,2022-11-12T14:21:58.275,1170.720,0.793,-0.183,0.091
1668255718315,2022-11-12T14:21:58.315,1170.760,0.854,-0.244,0.000
1668255718355,2022-11-12T14:21:58.355,1170.800,0.732,-0.305,0.091
1668255718395,2022-11-12T14:21:58.395,1170.840,0.854,-0.213,0.152
1668255718435,2022-11-12T14:21:58.435,1170.880,0.976,-0.152,-0.030
1668255718475,2022-11-12T14:21:58.475,1170.920,0.762,-0.274,0.061
1668255718515,2022-11-12T14:21:58.515,1170.960,0.976,-0.213,-0.030
1668255718555,2022-11-12T14:21:58.555,1171.000,0.915,-0.183,0.091
1668255718595,2022-11-12T14:21:58.595,1171.040,0.823,-0.274,0.061
1668255718635,2022-11-12T14:21:58.635,1171.080,0.823,-0.305,0.030
1668255718675,2022-11-12T14:21:58.675,1171.120,0.854,-0.244,0.030
1668255718715,2022-11-12T14:21:58.715,1171.160,0.854,-0.213,-0.030
1668255718755,2022-11-12T14:21:58.755,1171.200,0.762,-0.213,-0.091
1668255718795,2022-11-12T14:21:58.795,1171.240,0.762,-0.091,0.091
1668255718835,2022-11-12T14:21:58.835,1171.280,1.006,-0.030,0.030
1668255718875,2022-11-12T14:21:58.875,1171.320,1.006,-0.244,-0.030
1668255718915,2022-11-12T14:21:58.915,1171.360,1.006,-0.274,-0.152
1668255718955,2022-11-12T14:21:58.955,1171.400,1.098,-0.091,-0.091
1668255718995,2022-11-12T14:21:58.995,1171.440,1.006,-0.091,0.030
1668255719035,2022-11-12T14:21:59.035,1171.480,0.823,-0.213,-0.030
1668255719075,2022-11-12T14:21:59.075,1171.520,0.823,-0.244,-0.030
1668255719115,2022-11-12T14:21:59.115,1171.560,0.854,-0.061,-0.030
1668255719155,2022-11-12T14:21:59.155,1171.600,0.732,-0.152,0.152
1668255719195,2022-11-12T14:21:59.195,1171.640,0.823,-0.274,-0.122
1668255719235,2022-11-12T14:21:59.235,1171.680,0.915,-0.122,-0.091
1668255719275,2022-11-12T14:21:59.275,1171.720,0.915,-0.030,0.091
1668255719315,2022-11-12T14:21:59.315,1171.760,0.823,-0.213,-0.061
1668255719355,2022-11-12T14:21:59.355,1171.800,0.976,-0.244,-0.061
1668255719395,2022-11-12T14:21:59.395,1171.840,1.098,-0.152,-0.091
1668255719435,2022-11-12T14:21:59.435,1171.880,0.915,-0.183,0.030
1668255719475,2022-11-12T14:21:59.475,1171.920,0.793,-0.213,-0.030
1668255719515,2022-11-12T14:21:59.515,1171.960,0.915,-0.030,-0.061
1668255719555,2022-11-12T14:21:59.555,1172.000,0.762,-0.213,0.091
1668255719595,2022-11-12T14:21:59.595,1172.040,0.640,-0.366,-0.091
1668255719635,2022-11-12T14:21:59.635,1172.080,0.793,-0.061,-0.030
1668255719675,2022-11-12T14:21:59.675,1172.120,0.823,-0.091,0.000
1668255719715,2022-11-12T14:21:59.715,1172.160,0.762,-0.152,-0.122
1668255719755,2022-11-12T14:21:59.755,1172.200,0.671,-0.213,-0.061
1668255719795,2022-11-12T14:21:59.795,1172.240,0.884,-0.183,-0.152
1668255719835,2022-11-12T14:21:59.835,1172.280,0.640,-0.213,-0.122
1668255719875,2022-11-12T14:21:59.875,1172.320,0.610,-0.335,-0.030
1668255719915,2022-11-12T14:21:59.915,1172.360,1.067,-0.122,0.030
1668255719955,2022-11-12T14:21:59.955,1172.400,0.945,-0.183,0.061
1668255719995,2022-11-12T14:21:59.995,1172.440,0.488,-0.244,0.091
1668255720035,2022-11-12T14:22:00.035,1172.480,0.793,-0.122,0.091
1668255720075,2022-11-12T14:22:00.075,1172.520,1.067,-0.183,0.091
1668255720115,2022-11-12T14:22:00.115,1172.560,1.067,-0.183,0.152
1668255720155,2022-11-12T14:22:00.155,1172.600,1.402,-0.305,0.152
1668255720195,2022-11-12T14:22:00.195,1172.640,1.037,-0.305,-0.061
1668255720235,2022-11-12T14:22:00.235,1172.680,1.280,-0.061,-0.396
1668255720275,2022-11-12T14:22:00.275,1172.720,1.128,-0.091,0.000
1668255720315,2022-11-12T14:22:00.315,1172.760,0.793,-0.244,0.030
1668255720355,2022-11-12T14:22:00.355,1172.800,0.945,-0.122,0.000
1668255720395,2022-11-12T14:22:00.395,1172.840,1.128,-0.061,-0.030
1668255720435,2022-11-12T14:22:00.435,1172.880,1.372,0.000,-0.030
1668255720475,2022-11-12T14:22:00.475,1172.920,1.555,0.030,0.030
1668255720515,2022-11-12T14:22:00.515,1172.960,1.494,0.061,-0.091
1668255720555,2022-11-12T14:22:00.555,1173.000,1.067,-0.091,-0.061
1668255720595,2022-11-12T14:22:00.595,1173.040,0.976,-0.122,-0.061
1668255720635,2022-11-12T14:22:00.635,1173.080,1.067,-0.091,0.030
1668255720675,2022-11-12T14:22:00.675,1173.120,0.823,-0.091,0.091
1668255720715,2022-11-12T14:22:00.715,1173.160,0.793,-0.213,-0.030
1668255720755,2022-11-12T14:22:00.755,1173.200,0.793,-0.183,0.030
1668255720795,2022-11-12T14:22:00.795,1173.240,0.427,-0.274,0.122
1668255720835,2022-11-12T14:22:00.835,1173.280,1.067,-0.061,-0.091
1668255720875,2022-11-12T14:22:00.875,1173.320,1.738,0.122,-0.335
1668255720915,2022-11-12T14:22:00.915,1173.360,1.311,-0.213,-0.183
1668255720955,2022-11-12T14:22:00.955,1173.400,1.220,-0.122,-0.122
1668255720995,2022-11-12T14:22:00.995,1173.440,1.128,-0.152,0.030
1668255721035,2022-11-12T14:22:01.035,1173.480,0.793,-0.274,0.061
1668255721075,2022-11-12T14:22:01.075,1173.520,0.915,-0.122,0.000
1668255721115,2022-11-12T14:22:01.115,1173.560,1.250,-0.183,0.366
1668255721155,2022-11-12T14:22:01.155,1173.600,2.348,0.427,0.610
1668255721195,2022-11-12T14:22:01.195,1173.640,1.220,0.549,1.311
1668255721235,2022-11-12T14:22:01.235,1173.680,0.915,-0.549,0.183
1668255721275,2022-11-12T14:22:01.275,1173.720,0.610,-0.152,-0.335
1668255721315,2022-11-12T14:22:01.315,1173.760,1.098,0.091,0.152
1668255721355,2022-11-12T14:22:01.355,1173.800,1.311,-0.030,0.091
1668255721395,2022-11-12T14:22:01.395,1173.840,0.701,-0.305,-0.183
1668255721435,2022-11-12T14:22:01.435,1173.880,0.366,-0.579,0.030
1668255721475,2022-11-12T14:22:01.475,1173.920,0.122,-0.091,-0.457
1668255721515,2022-11-12T14:22:01.515,1173.960,-0.427,-0.884,-1.921
1668255721555,2022-11-12T14:22:01.555,1174.000,0.427,-1.128,-1.037
1668255721595,2022-11-12T14:22:01.595,1174.040,1.707,0.457,0.762
1668255721635,2022-11-12T14:22:01.635,1174.080,1.646,0.061,0.244
1668255721675,2022-11-12T14:22:01.675,1174.120,0.274,-0.518,-0.183
1668255721715,2022-11-12T14:22:01.715,1174.160,0.579,-0.213,-0.061
1668255721755,2022-11-12T14:22:01.755,1174.200,1.159,0.091,0.518
1668255721795,2022-11-12T14:22:01.795,1174.240,0.945,-0.122,0.335
1668255721835,2022-11-12T14:22:01.835,1174.280,1.067,-0.518,-0.152
1668255721875,2022-11-12T14:22:01.875,1174.320,1.220,-0.030,0.427
1668255721915,2022-11-12T14:22:01.915,1174.360,1.494,-0.061,0.518
1668255721955,2022-11-12T14:22:01.955,1174.400,0.884,-0.274,0.213
1668255721995,2022-11-12T14:22:01.995,1174.440,0.640,-0.335,-0.030
1668255722035,2022-11-12T14:22:02.035,1174.480,0.701,-0.152,0.305
1668255722075,2022-11-12T14:22:02.075,1174.520,0.762,-0.061,0.274
1668255722115,2022-11-12T14:22:02.115,1174.560,0.823,-0.305,-0.030
1668255722155,2022-11-12T14:22:02.155,1174.600,0.579,-0.274,0.152
1668255722195,2022-11-12T14:22:02.195,1174.640,0.884,-0.091,0.183
1668255722235,2022-11-12T14:22:02.235,1174.680,1.128,-0.091,0.000
1668255722275,2022-11-12T14:22:02.275,1174.720,0.884,-0.213,0.122
1668255722315,2022-11-12T14:22:02.315,1174.760,0.549,-0.366,0.183
1668255722355,2022-11-12T14:22:02.355,1174.800,0.945,-0.183,-0.030
1668255722395,2022-11-12T14:22:02.395,1174.840,0.945,-0.061,0.000
1668255722435,2022-11-12T14:22:02.435,1174.880,0.671,-0.274,0.030
1668255722475,2022-11-12T14:22:02.475,1174.920,0.518,-0.366,0.122
1668255722515,2022-11-12T14:22:02.515,1174.960,0.701,-0.244,0.061
1668255722555,2022-11-12T14:22:02.555,1175.000,0.762,-0.030,0.030
1668255722595,2022-11-12T14:22:02.595,1175.040,0.884,-0.183,-0.122
1668255722635,2022-11-12T14:22:02.635,1175.080,0.793,-0.213,0.030
1668255722675,2022-11-12T14:22:02.675,1175.120,1.067,-0.091,-0.030
1668255722715,2022-11-12T14:22:02.715,1175.160,1.098,-0.122,-0.061
1668255722755,2022-11-12T14:22:02.755,1175.200,0.793,-0.183,-0.061
1668255722795,2022-11-12T14:22:02.795,1175.240,0.884,-0.091,-0.091
1668255722835,2022-11-12T14:22:02.835,1175.280,0.915,-0.091,0.091
1668255722875,2022-11-12T14:22:02.875,1175.320,0.854,-0.091,0.061
1668255722915,2022-11-12T14:22:02.915,1175.360,0.671,-0.213,-0.030
1668255722955,2022-11-12T14:22:02.955,1175.400,0.671,-0.335,-0.061
1668255722995,2022-11-12T14:22:02.995,1175.440,0.854,-0.213,0.091
1668255723035,2022-11-12T14:22:03.035,1175.480,0.854,-0.183,0.000
1668255723075,2022-11-12T14:22:03.075,1175.520,0.915,-0.213,-0.152
1668255723115,2022-11-12T14:22:03.115,1175.560,1.128,-0.091,-0.061
1668255723155,2022-11-12T14:22:03.155,1175.600,0.945,-0.274,-0.091
1668255723195,2022-11-12T14:22:03.195,1175.640,0.762,-0.213,-0.122
1668255723235,2022-11-12T14:22:03.235,1175.680,0.732,-0.091,0.061
1668255723275,2022-11-12T14:22:03.275,1175.720,0.732,-0.152,-0.091
1668255723315,2022-11-12T14:22:03.315,1175.760,0.549,-0.183,0.061
1668255723355,2022-11-12T14:22:03.355,1175.800,0.793,-0.091,0.061
1668255723395,2022-11-12T14:22:03.395,1175.840,1.128,-0.183,0.122
1668255723435,2022-11-12T14:22:03.435,1175.880,1.707,-0.122,0.335
1668255723475,2022-11-12T14:22:03.475,1175.920,0.915,0.000,0.061
1668255723515,2022-11-12T14:22:03.515,1175.960,0.640,-0.396,-0.274
1668255723555,2022-11-12T14:22:03.555,1176.000,0.518,-0.122,0.000
1668255723595,2022-11-12T14:22:03.595,1176.040,0.884,-0.091,0.030
1668255723635,2022-11-12T14:22:03.635,1176.080,0.915,-0.213,-0.244
1668255723675,2022-11-12T14:22:03.675,1176.120,0.640,-0.396,-0.732
1668255723715,2022-11-12T14:22:03.715,1176.160,1.159,-0.274,-0.396
1668255723755,2022-11-12T14:22:03.755,1176.200,1.037,0.152,0.244
1668255723795,2022-11-12T14:22:03.795,1176.240,1.037,-0.183,-0.061
1668255723835,2022-11-12T14:22:03.835,1176.280,0.427,-0.335,0.030
1668255723875,2022-11-12T14:22:03.875,1176.320,0.610,-0.244,0.000
1668255723915,2022-11-12T14:22:03.915,1176.360,0.884,-0.061,0.122
1668255723955,2022-11-12T14:22:03.955,1176.400,1.037,-0.122,-0.061
1668255723995,2022-11-12T14:22:03.995,1176.440,1.037,-0.305,-0.244
1668255724035,2022-11-12T14:22:04.035,1176.480,1.128,-0.183,0.000
1668255724075,2022-11-12T14:22:04.075,1176.520,1.037,-0.061,-0.030
1668255724115,2022-11-12T14:22:04.115,1176.560,0.518,-0.335,-0.152
1668255724155,2022-11-12T14:22:04.155,1176.600,0.274,-0.213,-0.030
1668255724195,2022-11-12T14:22:04.195,1176.640,0.945,-0.122,-0.213
1668255724235,2022-11-12T14:22:04.235,1176.680,0.762,-0.152,0.152
1668255724275,2022-11-12T14:22:04.275,1176.720,0.640,-0.274,0.000
1668255724315,2022-11-12T14:22:04.315,1176.760,0.823,-0.213,-0.274
1668255724355,2022-11-12T14:22:04.355,1176.800,0.915,-0.152,0.030
1668255724395,2022-11-12T14:22:04.395,1176.840,0.823,-0.183,0.030
1668255724435,2022-11-12T14:22:04.435,1176.880,0.915,-0.213,-0.091
1668255724475,2022-11-12T14:22:04.475,1176.920,0.823,-0.152,0.061
1668255724515,2022-11-12T14:22:04.515,1176.960,0.793,-0.274,-0.030
1668255724555,2022-11-12T14:22:04.555,1177.000,0.793,-0.213,-0.030
1668255724595,2022-11-12T14:22:04.595,1177.040,0.854,-0.152,-0.061
1668255724635,2022-11-12T14:22:04.635,1177.080,0.701,-0.305,0.091
1668255724675,2022-11-12T14:22:04.675,1177.120,0.854,-0.213,-0.030
1668255724715,2022-11-12T14:22:04.715,1177.160,0.762,-0.183,0.030
1668255724755,2022-11-12T14:22:04.755,1177.200,0.640,-0.274,0.000
1668255724795,2022-11-12T14:22:04.795,1177.240,0.762,-0.213,0.000
1668255724835,2022-11-12T14:22:04.835,1177.280,0.915,-0.152,0.152
1668255724875,2022-11-12T14:22:04.875,1177.320,0.976,-0.183,-0.030
1668255724915,2022-11-12T14:22:04.915,1177.360,0.701,-0.213,0.061
1668255724955,2022-11-12T14:22:04.955,1177.400,0.762,-0.335,0.061
1668255724995,2022-11-12T14:22:04.995,1177.440,0.823,-0.244,0.030
1668255725035,2022-11-12T14:22:05.035,1177.480,0.793,-0.152,0.091
1668255725075,2022-11-12T14:22:05.075,1177.520,0.762,-0.274,0.061
1668255725115,2022-11-12T14:22:05.115,1177.560,0.732,-0.274,0.030
1668255725155,2022-11-12T14:22:05.155,1177.600,0.823,-0.213,0.030
1668255725195,2022-11-12T14:22:05.195,1177.640,0.884,-0.213,0.091
1668255725235,2022-11-12T14:22:05.235,1177.680,0.732,-0.335,0.091
1668255725275,2022-11-12T14:22:05.275,1177.720,0.884,-0.274,0.091
1668255725315,2022-11-12T14:22:05.315,1177.760,1.037,-0.213,0.152
1668255725355,2022-11-12T14:22:05.355,1177.800,0.793,-0.213,0.122
1668255725395,2022-11-12T14:22:05.395,1177.840,0.701,-0.305,-0.061
1668255725435,2022-11-12T14:22:05.435,1177.880,1.006,-0.183,-0.122
1668255725475,2022-11-12T14:22:05.475,1177.920,0.762,-0.244,0.213
1668255725515,2022-11-12T14:22:05.515,1177.960,0.610,-0.427,0.030
1668255725555,2022-11-12T14:22:05.555,1178.000,0.884,-0.244,-0.122
1668255725595,2022-11-12T14:22:05.595,1178.040,0.915,-0.122,0.091
1668255725635,2022-11-12T14:22:05.635,1178.080,0.762,-0.152,0.030
1668255725675,2022-11-12T14:22:05.675,1178.120,0.610,-0.244,0.030
1668255725715,2022-11-12T14:22:05.715,1178.160,0.976,-0.091,-0.091
1668255725755,2022-11-12T14:22:05.755,1178.200,0.976,-0.152,0.000
1668255725795,2022-11-12T14:22:05.795,1178.240,0.732,-0.305,0.000
1668255725835,2022-11-12T14:22:05.835,1178.280,0.945,-0.152,-0.122
1668255725875,2022-11-12T14:22:05.875,1178.320,0.915,-0.061,0.061
1668255725915,2022-11-12T14:22:05.915,1178.360,0.884,-0.122,0.061
1668255725955,2022-11-12T14:22:05.955,1178.400,1.006,-0.061,0.122
1668255725995,2022-11-12T14:22:05.995,1178.440,0.854,-0.244,0.030
1668255726035,2022-11-12T14:22:06.035,1178.480,0.762,-0.305,-0.122
1668255726075,2022-11-12T14:22:06.075,1178.520,0.945,-0.274,0.061
1668255726115,2022-11-12T14:22:06.115,1178.560,0.610,-0.366,0.091
1668255726155,2022-11-12T14:22:06.155,1178.600,0.762,-0.213,-0.183
1668255726195,2022-11-12T14:22:06.195,1178.640,1.220,-0.030,-0.305
1668255726235,2022-11-12T14:22:06.235,1178.680,1.006,0.000,0.061
1668255726275,2022-11-12T14:22:06.275,1178.720,0.823,-0.244,-0.061
1668255726315,2022-11-12T14:22:06.315,1178.760,0.640,0.000,0.122
1668255726355,2022-11-12T14:22:06.355,1178.800,0.823,0.396,0.305
1668255726395,2022-11-12T14:22:06.395,1178.840,0.640,0.152,0.122
1668255726435,2022-11-12T14:22:06.435,1178.880,0.518,-0.213,0.213
1668255726475,2022-11-12T14:22:06.475,1178.920,1.067,-0.091,-0.091
1668255726515,2022-11-12T14:22:06.515,1178.960,0.976,-0.152,-0.122
1668255726555,2022-11-12T14:22:06.555,1179.000,1.311,-0.183,-0.244
1668255726595,2022-11-12T14:22:06.595,1179.040,1.311,-0.152,-0.030
1668255726635,2022-11-12T14:22:06.635,1179.080,1.006,-0.213,0.213
1668255726675,2022-11-12T14:22:06.675,1179.120,1.098,-0.335,0.030
1668255726715,2022-11-12T14:22:06.715,1179.160,1.067,-0.244,0.000
1668255726755,2022-11-12T14:22:06.755,1179.200,1.098,-0.274,-0.061
1668255726795,2022-11-12T14:22:06.795,1179.240,0.732,-0.366,-0.030
1668255726835,2022-11-12T14:22:06.835,1179.280,0.610,-0.244,-0.030
1668255726875,2022-11-12T14:22:06.875,1179.320,0.610,-0.213,0.000
1668255726915,2022-11-12T14:22:06.915,1179.360,1.037,-0.244,0.091
1668255726955,2022-11-12T14:22:06.955,1179.400,1.341,0.000,-0.152
1668255726995,2022-11-12T14:22:06.995,1179.440,0.854,-0.396,-0.396
1668255727035,2022-11-12T14:22:07.035,1179.480,0.579,-0.579,-0.244
1668255727075,2022-11-12T14:22:07.075,1179.520,0.884,0.061,-0.030
1668255727115,2022-11-12T14:22:07.115,1179.560,1.280,0.152,-0.152
1668255727155,2022-11-12T14:22:07.155,1179.600,1.280,0.000,-0.061
1668255727195,2022-11-12T14:22:07.195,1179.640,1.585,-0.091,0.030
1668255727235,2022-11-12T14:22:07.235,1179.680,1.677,-0.091,-0.335
1668255727275,2022-11-12T14:22:07.275,1179.720,1.646,-0.305,-0.366
1668255727315,2022-11-12T14:22:07.315,1179.760,1.799,-0.335,-0.305
1668255727355,2022-11-12T14:22:07.355,1179.800,1.646,-0.183,-0.305
1668255727395,2022-11-12T14:22:07.395,1179.840,1.768,-0.274,-0.488
1668255727435,2022-11-12T14:22:07.435,1179.880,1.768,-0.213,-0.396
1668255727475,2022-11-12T14:22:07.475,1179.920,0.213,0.061,0.610
1668255727515,2022-11-12T14:22:07.515,1179.960,0.396,-0.091,0.427
1668255727555,2022-11-12T14:22:07.555,1180.000,1.341,-0.213,-0.152
1668255727595,2022-11-12T14:22:07.595,1180.040,1.372,-0.213,0.122
1668255727635,2022-11-12T14:22:07.635,1180.080,0.915,-0.518,0.122
1668255727675,2022-11-12T14:22:07.675,1180.120,1.799,-0.305,-0.213
1668255727715,2022-11-12T14:22:07.715,1180.160,2.530,-0.030,-0.274
1668255727755,2022-11-12T14:22:07.755,1180.200,1.402,-0.152,-0.274
1668255727795,2022-11-12T14:22:07.795,1180.240,1.585,-0.061,-0.183
1668255727835,2022-11-12T14:22:07.835,1180.280,1.799,0.335,-0.122
1668255727875,2022-11-12T14:22:07.875,1180.320,1.128,0.122,0.488
1668255727915,2022-11-12T14:22:07.915,1180.360,0.518,-0.549,0.640
1668255727955,2022-11-12T14:22:07.955,1180.400,1.982,-0.732,0.213
1668255727995,2022-11-12T14:22:07.995,1180.440,2.622,-0.427,0.152
1668255728035,2022-11-12T14:22:08.035,1180.480,1.494,-0.335,-0.488
1668255728075,2022-11-12T14:22:08.075,1180.520,1.341,-0.610,-0.305
1668255728115,2022-11-12T14:22:08.115,1180.560,1.799,-0.518,-0.122
1668255728155,2022-11-12T14:22:08.155,1180.600,1.189,-0.305,0.213
1668255728195,2022-11-12T14:22:08.195,1180.640,0.945,-0.427,0.244
1668255728235,2022-11-12T14:22:08.235,1180.680,1.433,-0.396,-0.152
1668255728275,2022-11-12T14:22:08.275,1180.720,1.098,-0.396,0.244
1668255728315,2022-11-12T14:22:08.315,1180.760,0.549,-0.671,0.244
1668255728355,2022-11-12T14:22:08.355,1180.800,0.274,-0.183,-0.061
1668255728395,2022-11-12T14:22:08.395,1180.840,-0.244,0.762,-0.884
1668255728435,2022-11-12T14:22:08.435,1180.880,0.305,-0.152,0.152
1668255728475,2022-11-12T14:22:08.475,1180.920,0.122,-0.335,0.152
1668255728515,2022-11-12T14:22:08.515,1180.960,0.122,0.152,-0.061
1668255728555,2022-11-12T14:22:08.555,1181.000,-0.030,-0.030,0.152
1668255728595,2022-11-12T14:22:08.595,1181.040,0.335,-0.152,0.061
1668255728635,2022-11-12T14:22:08.635,1181.080,1.250,-0.213,0.183
1668255728675,2022-11-12T14:22:08.675,1181.120,1.280,-0.396,-0.183
1668255728715,2022-11-12T14:22:08.715,1181.160,1.067,-0.335,-0.122
1668255728755,2022-11-12T14:22:08.755,1181.200,1.341,-0.030,-0.030
1668255728795,2022-11-12T14:22:08.795,1181.240,0.945,-0.335,-0.091
1668255728835,2022-11-12T14:22:08.835,1181.280,1.280,-0.396,-0.122
1668255728875,2022-11-12T14:22:08.875,1181.320,1.402,-0.152,0.122
1668255728915,2022-11-12T14:22:08.915,1181.360,1.555,-0.274,-0.030
1668255728955,2022-11-12T14:22:08.955,1181.400,1.707,-0.396,0.061
1668255728995,2022-11-12T14:22:08.995,1181.440,1.189,-0.366,0.274
1668255729035,2022-11-12T14:22:09.035,1181.480,1.159,0.000,-0.305
1668255729075,2022-11-12T14:22:09.075,1181.520,0.823,-0.335,-0.396
1668255729115,2022-11-12T14:22:09.115,1181.560,0.884,-0.030,-0.122
1668255729155,2022-11-12T14:22:09.155,1181.600,0.762,0.091,0.396
1668255729195,2022-11-12T14:22:09.195,1181.640,0.732,-0.030,0.244
1668255729235,2022-11-12T14:22:09.235,1181.680,1.098,-0.213,-0.335
1668255729275,2022-11-12T14:22:09.275,1181.720,0.488,-0.427,0.122
1668255729315,2022-11-12T14:22:09.315,1181.760,0.366,-0.091,0.549
1668255729355,2022-11-12T14:22:09.355,1181.800,0.518,-0.061,0.213
1668255729395,2022-11-12T14:22:09.395,1181.840,0.366,-0.061,-0.183
1668255729435,2022-11-12T14:22:09.435,1181.880,0.183,-0.061,0.183
1668255729475,2022-11-12T14:22:09.475,1181.920,-0.518,0.061,0.701
1668255729515,2022-11-12T14:22:09.515,1181.960,-0.305,-0.091,0.274
1668255729555,2022-11-12T14:22:09.555,1182.000,-0.518,0.549,-0.030
1668255729595,2022-11-12T14:22:09.595,1182.040,-0.945,0.793,0.366
1668255729635,2022-11-12T14:22:09.635,1182.080,0.183,-0.122,-0.091
1668255729675,2022-11-12T14:22:09.675,1182.120,-0.061,-0.305,-0.244
1668255729715,2022-11-12T14:22:09.715,1182.160,-1.311,0.030,0.457
1668255729755,2022-11-12T14:22:09.755,1182.200,-0.640,0.183,0.335
1668255729795,2022-11-12T14:22:09.795,1182.240,-0.213,0.152,0.518
1668255729835,2022-11-12T14:22:09.835,1182.280,0.152,0.305,-0.152
1668255729875,2022-11-12T14:22:09.875,1182.320,0.488,0.061,-0.671
1668255729915,2022-11-12T14:22:09.915,1182.360,0.579,-0.183,0.213
1668255729955,2022-11-12T14:22:09.955,1182.400,0.976,-0.213,0.274
1668255729995,2022-11-12T14:22:09.995,1182.440,0.671,-0.518,-0.335
1668255730035,2022-11-12T14:22:10.035,1182.480,0.793,-0.152,-0.518
1668255730075,2022-11-12T14:22:10.075,1182.520,1.067,0.396,-0.030
1668255730115,2022-11-12T14:22:10.115,1182.560,0.488,-0.061,0.396
1668255730155,2022-11-12T14:22:10.155,1182.600,-0.488,-0.335,0.518
1668255730195,2022-11-12T14:22:10.195,1182.640,0.122,-0.274,0.366
1668255730235,2022-11-12T14:22:10.235,1182.680,0.976,-0.091,0.213
1668255730275,2022-11-12T14:22:10.275,1182.720,0.732,-0.122,0.335
1668255730315,2022-11-12T14:22:10.315,1182.760,0.732,-0.427,0.152
1668255730355,2022-11-12T14:22:10.355,1182.800,0.366,-0.457,0.457
1668255730395,2022-11-12T14:22:10.395,1182.840,0.732,0.061,0.457
1668255730435,2022-11-12T14:22:10.435,1182.880,0.884,0.030,0.091
1668255730475,2022-11-12T14:22:10.475,1182.920,-0.183,-0.305,-0.061
1668255730515,2022-11-12T14:22:10.515,1182.960,0.183,-0.427,-0.091
1668255730555,2022-11-12T14:22:10.555,1183.000,1.189,0.030,0.244
1668255730595,2022-11-12T14:22:10.595,1183.040,1.098,0.244,0.244
1668255730635,2022-11-12T14:22:10.635,1183.080,-0.030,-0.091,0.335
1668255730675,2022-11-12T14:22:10.675,1183.120,0.030,-0.335,0.335
1668255730715,2022-11-12T14:22:10.715,1183.160,0.671,0.305,-0.305
1668255730755,2022-11-12T14:22:10.755,1183.200,1.341,0.244,-0.244
1668255730795,2022-11-12T14:22:10.795,1183.240,2.073,0.091,-0.579
1668255730835,2022-11-12T14:22:10.835,1183.280,1.646,-0.091,-0.274
1668255730875,2022-11-12T14:22:10.875,1183.320,1.189,-0.061,-0.061
1668255730915,2022-11-12T14:22:10.915,1183.360,0.488,-0.335,0.244
1668255730955,2022-11-12T14:22:10.955,1183.400,0.640,-0.213,0.274
1668255730995,2022-11-12T14:22:10.995,1183.440,1.037,0.000,-0.183
1668255731035,2022-11-12T14:22:11.035,1183.480,0.549,-0.457,-0.030
1668255731075,2022-11-12T14:22:11.075,1183.520,0.518,-0.305,0.091
1668255731115,2022-11-12T14:22:11.115,1183.560,0.335,0.030,0.030
1668255731155,2022-11-12T14:22:11.155,1183.600,-0.335,-0.213,0.854
1668255731195,2022-11-12T14:22:11.195,1183.640,0.274,-0.061,0.854
1668255731235,2022-11-12T14:22:11.235,1183.680,0.640,-0.305,0.152
1668255731275,2022-11-12T14:22:11.275,1183.720,1.067,-0.061,-0.183
1668255731315,2022-11-12T14:22:11.315,1183.760,0.945,-0.183,-0.274
1668255731355,2022-11-12T14:22:11.355,1183.800,0.640,-1.280,-0.274
1668255731395,2022-11-12T14:22:11.395,1183.840,1.037,-0.732,-0.152
1668255731435,2022-11-12T14:22:11.435,1183.880,1.037,0.122,0.213
1668255731475,2022-11-12T14:22:11.475,1183.920,0.884,-0.183,0.091
1668255731515,2022-11-12T14:22:11.515,1183.960,1.037,-0.335,-0.274
1668255731555,2022-11-12T14:22:11.555,1184.000,1.463,0.030,-0.305
1668255731595,2022-11-12T14:22:11.595,1184.040,1.433,0.030,-0.274
1668255731635,2022-11-12T14:22:11.635,1184.080,0.823,-0.396,-0.122
1668255731675,2022-11-12T14:22:11.675,1184.120,0.579,-0.305,-0.091
1668255731715,2022-11-12T14:22:11.715,1184.160,0.976,-0.061,-0.091
1668255731755,2022-11-12T14:22:11.755,1184.200,1.067,-0.213,0.000
1668255731795,2022-11-12T14:22:11.795,1184.240,1.280,-0.274,-0.213
1668255731835,2022-11-12T14:22:11.835,1184.280,1.006,-0.305,-0.091
1668255731875,2022-11-12T14:22:11.875,1184.320,0.640,-0.427,0.152
1668255731915,2022-11-12T14:22:11.915,1184.360,0.976,-0.213,-0.183
1668255731955,2022-11-12T14:22:11.955,1184.400,1.037,-0.213,-0.061
1668255731995,2022-11-12T14:22:11.995,1184.440,1.037,-0.183,0.061
1668255732035,2022-11-12T14:22:12.035,1184.480,0.823,-0.183,0.091
1668255732075,2022-11-12T14:22:12.075,1184.520,0.915,-0.244,0.000
1668255732115,2022-11-12T14:22:12.115,1184.560,1.220,-0.213,-0.030
1668255732155,2022-11-12T14:22:12.155,1184.600,1.159,-0.244,0.030
1668255732195,2022-11-12T14:22:12.195,1184.640,1.128,-0.183,-0.244
1668255732235,2022-11-12T14:22:12.235,1184.680,1.098,-0.244,-0.396
1668255732275,2022-11-12T14:22:12.275,1184.720,1.220,-0.244,-0.030
1668255732315,2022-11-12T14:22:12.315,1184.760,1.250,0.061,0.183
1668255732355,2022-11-12T14:22:12.355,1184.800,1.067,-0.183,-0.061
1668255732395,2022-11-12T14:22:12.395,1184.840,0.762,-0.366,-0.061
1668255732435,2022-11-12T14:22:12.435,1184.880,1.372,-0.152,-0.152
1668255732475,2022-11-12T14:22:12.475,1184.920,1.585,-0.122,-0.152
1668255732515,2022-11-12T14:22:12.515,1184.960,1.220,-0.244,0.091
1668255732555,2022-11-12T14:22:12.555,1185.000,1.189,-0.183,0.000
1668255732595,2022-11-12T14:22:12.595,1185.040,1.372,-0.183,-0.091
1668255732635,2022-11-12T14:22:12.635,1185.080,0.762,-0.335,0.183
1668255732675,2022-11-12T14:22:12.675,1185.120,0.549,-0.274,0.061
1668255732715,2022-11-12T14:22:12.715,1185.160,0.884,-0.152,-0.030
1668255732755,2022-11-12T14:22:12.755,1185.200,0.549,-0.091,0.122
1668255732795,2022-11-12T14:22:12.795,1185.240,0.335,-0.152,0.274
1668255732835,2022-11-12T14:22:12.835,1185.280,1.037,-0.122,0.000
1668255732875,2022-11-12T14:22:12.875,1185.320,1.402,-0.091,0.030
1668255732915,2022-11-12T14:22:12.915,1185.360,1.311,-0.305,-0.091
1668255732955,2022-11-12T14:22:12.955,1185.400,1.220,-0.213,-0.152
1668255732995,2022-11-12T14:22:12.995,1185.440,1.250,-0.152,-0.244
1668255733035,2022-11-12T14:22:13.035,1185.480,1.280,-0.091,-0.091
1668255733075,2022-11-12T14:22:13.075,1185.520,1.524,0.061,-0.305
1668255733115,2022-11-12T14:22:13.115,1185.560,2.561,-0.305,-0.457
1668255733155,2022-11-12T14:22:13.155,1185.600,3.567,-0.366,-0.793
1668255733195,2022-11-12T14:22:13.195,1185.640,2.165,-0.396,-0.518
1668255733235,2022-11-12T14:22:13.235,1185.680,1.311,-0.366,-0.335
1668255733275,2022-11-12T14:22:13.275,1185.720,1.402,-0.244,-0.366
1668255733315,2022-11-12T14:22:13.315,1185.760,0.579,-0.366,0.061
1668255733355,2022-11-12T14:22:13.355,1185.800,0.335,-0.335,0.183
1668255733395,2022-11-12T14:22:13.395,1185.840,0.976,0.061,0.030
1668255733435,2022-11-12T14:22:13.435,1185.880,1.311,0.000,-0.213
1668255733475,2022-11-12T14:22:13.475,1185.920,0.610,-0.366,0.030
1668255733515,2022-11-12T14:22:13.515,1185.960,0.335,-0.183,0.244
1668255733555,2022-11-12T14:22:13.555,1186.000,0.488,-0.152,0.030
1668255733595,2022-11-12T14:22:13.595,1186.040,0.335,-0.274,0.122
1668255733635,2022-11-12T14:22:13.635,1186.080,1.006,-0.091,-0.091
1668255733675,2022-11-12T14:22:13.675,1186.120,0.915,-0.061,0.030
1668255733715,2022-11-12T14:22:13.715,1186.160,0.335,-0.274,0.122
1668255733755,2022-11-12T14:22:13.755,1186.200,0.183,-0.305,0.122
1668255733795,2022-11-12T14:22:13.795,1186.240,0.427,-0.152,0.213
1668255733835,2022-11-12T14:22:13.835,1186.280,0.488,-0.152,0.152
1668255733875,2022-11-12T14:22:13.875,1186.320,0.610,-0.213,0.061
1668255733915,2022-11-12T14:22:13.915,1186.360,0.976,-0.061,-0.122
1668255733955,2022-11-12T14:22:13.955,1186.400,0.884,0.000,-0.030
1668255733995,2022-11-12T14:22:13.995,1186.440,0.579,-0.244,0.122
1668255734035,2022-11-12T14:22:14.035,1186.480,0.427,-0.427,0.091
1668255734075,2022-11-12T14:22:14.075,1186.520,0.732,-0.183,-0.122
1668255734115,2022-11-12T14:22:14.115,1186.560,0.823,-0.091,0.061
1668255734155,2022-11-12T14:22:14.155,1186.600,0.671,-0.213,-0.091
1668255734195,2022-11-12T14:22:14.195,1186.640,0.274,-0.183,-0.152
1668255734235,2022-11-12T14:22:14.235,1186.680,-0.274,-0.122,-0.030
1668255734275,2022-11-12T14:22:14.275,1186.720,0.640,0.122,0.061
1668255734315,2022-11-12T14:22:14.315,1186.760,1.159,0.152,0.213
1668255734355,2022-11-12T14:22:14.355,1186.800,1.037,-0.152,-0.183
1668255734395,2022-11-12T14:22:14.395,1186.840,1.128,-0.183,-0.213
1668255734435,2022-11-12T14:22:14.435,1186.880,1.189,-0.091,0.122
1668255734475,2022-11-12T14:22:14.475,1186.920,0.640,-0.335,0.122
1668255734515,2022-11-12T14:22:14.515,1186.960,0.610,-0.305,-0.061
1668255734555,2022-11-12T14:22:14.555,1187.000,0.762,-0.122,0.091
1668255734595,2022-11-12T14:22:14.595,1187.040,0.640,-0.183,0.091
1668255734635,2022-11-12T14:22:14.635,1187.080,0.518,-0.213,-0.152
1668255734675,2022-11-12T14:22:14.675,1187.120,0.671,-0.213,-0.152
1668255734715,2022-11-12T14:22:14.715,1187.160,1.128,-0.061,0.000
1668255734755,2022-11-12T14:22:14.755,1187.200,0.945,-0.030,0.152
1668255734795,2022-11-12T14:22:14.795,1187.240,0.427,-0.427,0.000
1668255734835,2022-11-12T14:22:14.835,1187.280,0.610,-0.335,-0.122
1668255734875,2022-11-12T14:22:14.875,1187.320,0.976,-0.122,0.061
1668255734915,2022-11-12T14:22:14.915,1187.360,0.945,-0.122,0.030
1668255734955,2022-11-12T14:22:14.955,1187.400,0.610,-0.335,0.061
1668255734995,2022-11-12T14:22:14.995,1187.440,0.762,-0.274,0.030
1668255735035,2022-11-12T14:22:15.035,1187.480,1.098,-0.122,0.000
1668255735075,2022-11-12T14:22:15.075,1187.520,0.854,-0.213,0.091
1668255735115,2022-11-12T14:22:15.115,1187.560,1.067,-0.244,-0.152
1668255735155,2022-11-12T14:22:15.155,1187.600,0.823,-0.152,0.000
1668255735195,2022-11-12T14:22:15.195,1187.640,0.701,-0.061,0.152
1668255735235,2022-11-12T14:22:15.235,1187.680,0.854,-0.122,0.091
1668255735275,2022-11-12T14:22:15.275,1187.720,1.098,-0.122,-0.061
1668255735315,2022-11-12T14:22:15.315,1187.760,1.189,-0.244,-0.122
1668255735355,2022-11-12T14:22:15.355,1187.800,1.189,-0.213,-0.061
1668255735395,2022-11-12T14:22:15.395,1187.840,0.793,-0.213,0.122
1668255735435,2022-11-12T14:22:15.435,1187.880,0.610,-0.396,0.030
1668255735475,2022-11-12T14:22:15.475,1187.920,0.915,-0.213,-0.030
1668255735515,2022-11-12T14:22:15.515,1187.960,0.915,-0.122,0.030
1668255735555,2022-11-12T14:22:15.555,1188.000,0.823,-0.213,0.061
1668255735595,2022-11-12T14:22:15.595,1188.040,0.732,-0.396,0.183
1668255735635,2022-11-12T14:22:15.635,1188.080,0.823,-0.366,-0.122
1668255735675,2022-11-12T14:22:15.675,1188.120,1.037,-0.152,0.000
1668255735715,2022-11-12T14:22:15.715,1188.160,1.098,-0.183,0.000
1668255735755,2022-11-12T14:22:15.755,1188.200,0.793,-0.305,0.061
1668255735795,2022-11-12T14:22:15.795,1188.240,0.671,-0.305,0.152
1668255735835,2022-11-12T14:22:15.835,1188.280,1.128,-0.061,-0.061
1668255735875,2022-11-12T14:22:15.875,1188.320,0.823,-0.091,0.152
1668255735915,2022-11-12T14:22:15.915,1188.360,0.762,-0.305,0.061
1668255735955,2022-11-12T14:22:15.955,1188.400,0.976,-0.183,0.000
1668255735995,2022-11-12T14:22:15.995,1188.440,1.098,-0.030,0.122
1668255736035,2022-11-12T14:22:16.035,1188.480,1.098,-0.213,0.061
1668255736075,2022-11-12T14:22:16.075,1188.520,0.976,-0.274,-0.061
1668255736115,2022-11-12T14:22:16.115,1188.560,0.884,-0.244,0.091
1668255736155,2022-11-12T14:22:16.155,1188.600,1.067,-0.213,0.152
1668255736195,2022-11-12T14:22:16.195,1188.640,1.037,-0.274,0.122
1668255736235,2022-11-12T14:22:16.235,1188.680,0.762,-0.335,0.183
1668255736275,2022-11-12T14:22:16.275,1188.720,1.098,-0.244,-0.122
1668255736315,2022-11-12T14:22:16.315,1188.760,0.854,-0.274,0.030
1668255736355,2022-11-12T14:22:16.355,1188.800,0.427,-0.518,0.152
1668255736395,2022-11-12T14:22:16.395,1188.840,0.610,-0.305,-0.030
1668255736435,2022-11-12T14:22:16.435,1188.880,0.610,-0.122,0.183
1668255736475,2022-11-12T14:22:16.475,1188.920,0.396,-0.213,0.213
1668255736515,2022-11-12T14:22:16.515,1188.960,0.488,-0.244,0.183
1668255736555,2022-11-12T14:22:16.555,1189.000,0.915,-0.152,0.030
1668255736595,2022-11-12T14:22:16.595,1189.040,0.915,-0.122,0.122
1668255736635,2022-11-12T14:22:16.635,1189.080,0.945,-0.244,-0.061
1668255736675,2022-11-12T14:22:16.675,1189.120,0.884,-0.213,0.000
1668255736715,2022-11-12T14:22:16.715,1189.160,0.884,-0.030,0.030
1668255736755,2022-11-12T14:22:16.755,1189.200,1.159,-0.091,-0.030
1668255736795,2022-11-12T14:22:16.795,1189.240,1.128,-0.244,-0.091
1668255736835,2022-11-12T14:22:16.835,1189.280,1.006,-0.274,-0.152
1668255736875,2022-11-12T14:22:16.875,1189.320,0.976,-0.152,-0.061
1668255736915,2022-11-12T14:22:16.915,1189.360,1.037,-0.152,0.030
1668255736955,2022-11-12T14:22:16.955,1189.400,1.006,-0.122,-0.061
1668255736995,2022-11-12T14:22:16.995,1189.440,0.823,-0.152,0.122
1668255737035,2022-11-12T14:22:17.035,1189.480,0.701,-0.366,0.061
1668255737075,2022-11-12T14:22:17.075,1189.520,0.732,-0.335,-0.030
1668255737115,2022-11-12T14:22:17.115,1189.560,0.884,-0.122,0.030
1668255737155,2022-11-12T14:22:17.155,1189.600,0.854,-0.183,0.000
1668255737195,2022-11-12T14:22:17.195,1189.640,0.976,-0.213,-0.030
1668255737235,2022-11-12T14:22:17.235,1189.680,0.915,-0.152,-0.061
1668255737275,2022-11-12T14:22:17.275,1189.720,0.579,-0.213,0.061
1668255737315,2022-11-12T14:22:17.315,1189.760,0.976,-0.152,-0.213
1668255737355,2022-11-12T14:22:17.355,1189.800,0.762,-0.152,0.030
1668255737395,2022-11-12T14:22:17.395,1189.840,0.671,-0.183,0.061
1668255737435,2022-11-12T14:22:17.435,1189.880,1.067,-0.152,-0.061
1668255737475,2022-11-12T14:22:17.475,1189.920,0.854,-0.244,0.030
1668255737515,2022-11-12T14:22:17.515,1189.960,0.793,-0.396,-0.122
1668255737555,2022-11-12T14:22:17.555,1190.000,0.854,-0.244,-0.061
1668255737595,2022-11-12T14:22:17.595,1190.040,0.976,-0.152,0.000
1668255737635,2022-11-12T14:22:17.635,1190.080,1.037,-0.122,-0.061
1668255737675,2022-11-12T14:22:17.675,1190.120,0.671,-0.366,0.183
1668255737715,2022-11-12T14:22:17.715,1190.160,0.610,-0.396,0.000
1668255737755,2022-11-12T14:22:17.755,1190.200,0.884,-0.091,0.091
1668255737795,2022-11-12T14:22:17.795,1190.240,0.976,-0.091,0.152
1668255737835,2022-11-12T14:22:17.835,1190.280,0.854,-0.274,0.122
1668255737875,2022-11-12T14:22:17.875,1190.320,0.915,-0.305,0.091
1668255737915,2022-11-12T14:22:17.915,1190.360,0.945,-0.213,0.122
1668255737955,2022-11-12T14:22:17.955,1190.400,0.823,-0.213,0.122
1668255737995,2022-11-12T14:22:17.995,1190.440,0.884,-0.244,0.000
1668255738035,2022-11-12T14:22:18.035,1190.480,0.823,-0.183,0.335
1668255738075,2022-11-12T14:22:18.075,1190.520,0.823,-0.213,0.335
1668255738115,2022-11-12T14:22:18.115,1190.560,0.671,-0.366,0.183
1668255738155,2022-11-12T14:22:18.155,1190.600,0.701,-0.305,0.122
1668255738195,2022-11-12T14:22:18.195,1190.640,0.823,-0.274,0.183
1668255738235,2022-11-12T14:22:18.235,1190.680,1.159,-0.061,0.152
1668255738275,2022-11-12T14:22:18.275,1190.720,1.768,0.000,-0.030
1668255738315,2022-11-12T14:22:18.315,1190.760,1.951,-0.335,-0.122
1668255738355,2022-11-12T14:22:18.355,1190.800,1.616,-0.396,-0.244
1668255738395,2022-11-12T14:22:18.395,1190.840,1.037,-0.305,0.030
1668255738435,2022-11-12T14:22:18.435,1190.880,0.915,-0.244,0.030
1668255738475,2022-11-12T14:22:18.475,1190.920,0.976,-0.152,-0.030
1668255738515,2022-11-12T14:22:18.515,1190.960,0.976,-0.030,-0.030
1668255738555,2022-11-12T14:22:18.555,1191.000,1.006,-0.122,0.000
1668255738595,2022-11-12T14:22:18.595,1191.040,0.976,-0.183,0.122
1668255738635,2022-11-12T14:22:18.635,1191.080,0.762,-0.396,0.061
1668255738675,2022-11-12T14:22:18.675,1191.120,0.823,-0.457,0.091
1668255738715,2022-11-12T14:22:18.715,1191.160,1.098,-0.213,0.122
1668255738755,2022-11-12T14:22:18.755,1191.200,0.884,-0.457,0.213
1668255738795,2022-11-12T14:22:18.795,1191.240,1.311,-0.213,0.000
1668255738835,2022-11-12T14:22:18.835,1191.280,1.098,0.000,0.000
1668255738875,2022-11-12T14:22:18.875,1191.320,0.915,-0.274,-0.061
1668255738915,2022-11-12T14:22:18.915,1191.360,1.037,-0.213,0.061
1668255738955,2022-11-12T14:22:18.955,1191.400,0.732,-0.213,-0.091
1668255738995,2022-11-12T14:22:18.995,1191.440,0.549,-0.305,0.030
1668255739035,2022-11-12T14:22:19.035,1191.480,0.884,-0.091,0.061
1668255739075,2022-11-12T14:22:19.075,1191.520,1.067,-0.061,-0.152
1668255739115,2022-11-12T14:22:19.115,1191.560,0.488,-0.183,0.122
1668255739155,2022-11-12T14:22:19.155,1191.600,0.518,-0.274,0.122
1668255739195,2022-11-12T14:22:19.195,1191.640,1.006,-0.091,0.061
1668255739235,2022-11-12T14:22:19.235,1191.680,1.189,-0.030,-0.152
1668255739275,2022-11-12T14:22:19.275,1191.720,0.854,-0.183,-0.091
1668255739315,2022-11-12T14:22:19.315,1191.760,1.524,-0.030,-0.122
1668255739355,2022-11-12T14:22:19.355,1191.800,1.250,-0.305,-0.030
1668255739395,2022-11-12T14:22:19.395,1191.840,0.091,-0.610,0.274
1668255739435,2022-11-12T14:22:19.435,1191.880,0.213,-0.366,0.244
1668255739475,2022-11-12T14:22:19.475,1191.920,0.762,0.000,-0.030
1668255739515,2022-11-12T14:22:19.515,1191.960,0.640,-0.152,-0.152
1668255739555,2022-11-12T14:22:19.555,1192.000,0.518,-0.305,0.122
1668255739595,2022-11-12T14:22:19.595,1192.040,0.945,-0.244,-0.030
1668255739635,2022-11-12T14:22:19.635,1192.080,0.823,-0.213,-0.091
1668255739675,2022-11-12T14:22:19.675,1192.120,1.128,-0.091,-0.122
1668255739715,2022-11-12T14:22:19.715,1192.160,1.067,-0.152,-0.091
1668255739755,2022-11-12T14:22:19.755,1192.200,0.732,-0.335,0.122
1668255739795,2022-11-12T14:22:19.795,1192.240,0.945,-0.152,-0.030
1668255739835,2022-11-12T14:22:19.835,1192.280,0.854,-0.183,0.061
1668255739875,2022-11-12T14:22:19.875,1192.320,1.067,-0.244,0.091
1668255739915,2022-11-12T14:22:19.915,1192.360,0.732,-0.335,0.427
1668255739955,2022-11-12T14:22:19.955,1192.400,0.457,-0.335,0.152
1668255739995,2022-11-12T14:22:19.995,1192.440,1.433,-0.183,0.030
1668255740035,2022-11-12T14:22:20.035,1192.480,2.012,0.152,0.030
1668255740075,2022-11-12T14:22:20.075,1192.520,0.793,-0.457,-0.305
1668255740115,2022-11-12T14:22:20.115,1192.560,0.671,-0.457,-0.061
1668255740155,2022-11-12T14:22:20.155,1192.600,0.305,-0.152,0.274
1668255740195,2022-11-12T14:22:20.195,1192.640,0.366,-0.488,-0.091
1668255740235,2022-11-12T14:22:20.235,1192.680,0.335,-0.366,0.000
1668255740275,2022-11-12T14:22:20.275,1192.720,0.976,-0.244,-0.305
1668255740315,2022-11-12T14:22:20.315,1192.760,1.616,0.030,-0.244
1668255740355,2022-11-12T14:22:20.355,1192.800,0.854,-0.274,-0.061
1668255740395,2022-11-12T14:22:20.395,1192.840,0.152,-0.457,0.152
1668255740435,2022-11-12T14:22:20.435,1192.880,0.335,-0.213,0.274
1668255740475,2022-11-12T14:22:20.475,1192.920,0.701,-0.061,0.030
1668255740515,2022-11-12T14:22:20.515,1192.960,0.640,-0.152,0.091
1668255740555,2022-11-12T14:22:20.555,1193.000,1.037,-0.244,-0.091
1668255740595,2022-11-12T14:22:20.595,1193.040,0.976,-0.213,-0.061
1668255740635,2022-11-12T14:22:20.635,1193.080,0.640,-0.213,0.122
1668255740675,2022-11-12T14:22:20.675,1193.120,0.884,-0.183,-0.030
1668255740715,2022-11-12T14:22:20.715,1193.160,0.610,-0.274,0.091
1668255740755,2022-11-12T14:22:20.755,1193.200,0.671,-0.244,0.030
1668255740795,2022-11-12T14:22:20.795,1193.240,0.976,-0.213,0.061
1668255740835,2022-11-12T14:22:20.835,1193.280,1.220,-0.091,-0.122
1668255740875,2022-11-12T14:22:20.875,1193.320,0.854,-0.061,-0.152
1668255740915,2022-11-12T14:22:20.915,1193.360,0.884,-0.183,0.000
1668255740955,2022-11-12T14:22:20.955,1193.400,0.854,-0.244,0.061
1668255740995,2022-11-12T14:22:20.995,1193.440,0.335,-0.457,0.000
1668255741035,2022-11-12T14:22:21.035,1193.480,0.305,-0.335,0.244
1668255741075,2022-11-12T14:22:21.075,1193.520,0.671,0.000,0.000
1668255741115,2022-11-12T14:22:21.115,1193.560,0.579,-0.244,-0.152
1668255741155,2022-11-12T14:22:21.155,1193.600,0.732,-0.305,0.000
1668255741195,2022-11-12T14:22:21.195,1193.640,1.067,0.030,-0.122
1668255741235,2022-11-12T14:22:21.235,1193.680,0.884,-0.061,-0.030
1668255741275,2022-11-12T14:22:21.275,1193.720,0.945,-0.244,-0.122
1668255741315,2022-11-12T14:22:21.315,1193.760,1.372,-0.122,-0.030
1668255741355,2022-11-12T14:22:21.355,1193.800,1.616,-0.152,-0.030
1668255741395,2022-11-12T14:22:21.395,1193.840,0.762,-0.274,0.030
1668255741435,2022-11-12T14:22:21.435,1193.880,0.152,-0.335,0.122
1668255741475,2022-11-12T14:22:21.475,1193.920,0.732,-0.152,-0.091
1668255741515,2022-11-12T14:22:21.515,1193.960,0.884,0.061,-0.030
1668255741555,2022-11-12T14:22:21.555,1194.000,0.701,-0.091,-0.122
1668255741595,2022-11-12T14:22:21.595,1194.040,0.884,-0.122,-0.152
1668255741635,2022-11-12T14:22:21.635,1194.080,0.915,-0.183,0.091
1668255741675,2022-11-12T14:22:21.675,1194.120,1.037,-0.244,-0.061
1668255741715,2022-11-12T14:22:21.715,1194.160,1.250,-0.244,0.152
1668255741755,2022-11-12T14:22:21.755,1194.200,1.098,-0.244,0.183
1668255741795,2022-11-12T14:22:21.795,1194.240,0.762,-0.427,0.061
1668255741835,2022-11-12T14:22:21.835,1194.280,0.915,-0.305,0.030
1668255741875,2022-11-12T14:22:21.875,1194.320,1.006,-0.030,-0.122
1668255741915,2022-11-12T14:22:21.915,1194.360,0.335,-0.030,0.213
1668255741955,2022-11-12T14:22:21.955,1194.400,0.000,-0.061,0.213
1668255741995,2022-11-12T14:22:21.995,1194.440,0.335,-0.030,0.000
1668255742035,2022-11-12T14:22:22.035,1194.480,0.732,-0.152,0.030
1668255742075,2022-11-12T14:22:22.075,1194.520,1.128,-0.183,0.000
1668255742115,2022-11-12T14:22:22.115,1194.560,1.220,-0.213,-0.061
1668255742155,2022-11-12T14:22:22.155,1194.600,0.915,-0.244,0.091
1668255742195,2022-11-12T14:22:22.195,1194.640,0.640,-0.183,0.061
1668255742235,2022-11-12T14:22:22.235,1194.680,0.579,-0.244,-0.030
1668255742275,2022-11-12T14:22:22.275,1194.720,0.793,-0.061,0.000
1668255742315,2022-11-12T14:22:22.315,1194.760,0.915,-0.061,-0.091
1668255742355,2022-11-12T14:22:22.355,1194.800,0.762,-0.091,-0.091
1668255742395,2022-11-12T14:22:22.395,1194.840,0.823,-0.183,-0.122
1668255742435,2022-11-12T14:22:22.435,1194.880,0.762,-0.061,-0.122
1668255742475,2022-11-12T14:22:22.475,1194.920,0.945,-0.061,-0.244
1668255742515,2022-11-12T14:22:22.515,1194.960,1.098,-0.122,-0.091
1668255742555,2022-11-12T14:22:22.555,1195.000,0.366,-0.305,0.213
1668255742595,2022-11-12T14:22:22.595,1195.040,0.335,-0.274,0.061
1668255742635,2022-11-12T14:22:22.635,1195.080,0.793,0.000,0.000
1668255742675,2022-11-12T14:22:22.675,1195.120,0.915,-0.091,-0.061
1668255742715,2022-11-12T14:22:22.715,1195.160,0.732,-0.244,-0.030
1668255742755,2022-11-12T14:22:22.755,1195.200,0.854,-0.213,0.030
1668255742795,2022-11-12T14:22:22.795,1195.240,1.159,-0.061,-0.152
1668255742835,2022-11-12T14:22:22.835,1195.280,0.762,-0.183,-0.061
1668255742875,2022-11-12T14:22:22.875,1195.320,0.762,-0.274,-0.091
1668255742915,2022-11-12T14:22:22.915,1195.360,0.823,-0.122,0.030
1668255742955,2022-11-12T14:22:22.955,1195.400,0.671,-0.183,0.030
1668255742995,2022-11-12T14:22:22.995,1195.440,0.976,-0.183,-0.122
1668255743035,2022-11-12T14:22:23.035,1195.480,1.250,-0.091,-0.061
1668255743075,2022-11-12T14:22:23.075,1195.520,1.037,-0.152,-0.061
1668255743115,2022-11-12T14:22:23.115,1195.560,0.793,-0.244,-0.091
1668255743155,2022-11-12T14:22:23.155,1195.600,0.640,-0.244,0.061
1668255743195,2022-11-12T14:22:23.195,1195.640,0.854,-0.183,0.030
1668255743235,2022-11-12T14:22:23.235,1195.680,0.823,-0.152,0.030
1668255743275,2022-11-12T14:22:23.275,1195.720,0.488,-0.274,0.061
1668255743315,2022-11-12T14:22:23.315,1195.760,0.793,-0.213,0.000
1668255743355,2022-11-12T14:22:23.355,1195.800,1.037,-0.091,-0.122
1668255743395,2022-11-12T14:22:23.395,1195.840,0.945,-0.152,-0.152
1668255743435,2022-11-12T14:22:23.435,1195.880,0.640,-0.244,0.091
1668255743475,2022-11-12T14:22:23.475,1195.920,0.579,-0.335,0.030
1668255743515,2022-11-12T14:22:23.515,1195.960,0.823,-0.213,-0.061
1668255743555,2022-11-12T14:22:23.555,1196.000,1.006,-0.091,-0.061
1668255743595,2022-11-12T14:22:23.595,1196.040,0.945,-0.183,-0.061
1668255743635,2022-11-12T14:22:23.635,1196.080,0.793,-0.213,0.030
1668255743675,2022-11-12T14:22:23.675,1196.120,0.915,-0.183,-0.030
1668255743715,2022-11-12T14:22:23.715,1196.160,1.037,-0.122,-0.030
1668255743755,2022-11-12T14:22:23.755,1196.200,0.793,-0.244,0.061
1668255743795,2022-11-12T14:22:23.795,1196.240,0.884,-0.183,-0.030
1668255743835,2022-11-12T14:22:23.835,1196.280,0.854,-0.152,0.000
1668255743875,2022-11-12T14:22:23.875,1196.320,0.793,-0.183,0.000
1668255743915,2022-11-12T14:22:23.915,1196.360,0.854,-0.122,0.000
1668255743955,2022-11-12T14:22:23.955,1196.400,0.945,-0.213,0.030
1668255743995,2022-11-12T14:22:23.995,1196.440,0.884,-0.183,0.000
1668255744035,2022-11-12T14:22:24.035,1196.480,0.793,-0.213,0.000
1668255744075,2022-11-12T14:22:24.075,1196.520,0.793,-0.183,0.061
1668255744115,2022-11-12T14:22:24.115,1196.560,0.854,-0.152,0.000
1668255744155,2022-11-12T14:22:24.155,1196.600,0.793,-0.183,0.000
1668255744195,2022-11-12T14:22:24.195,1196.640,0.732,-0.213,0.000
1668255744235,2022-11-12T14:22:24.235,1196.680,0.945,-0.152,-0.091
1668255744275,2022-11-12T14:22:24.275,1196.720,1.067,-0.030,-0.152
1668255744315,2022-11-12T14:22:24.315,1196.760,0.610,-0.213,0.152
1668255744355,2022-11-12T14:22:24.355,1196.800,0.701,-0.274,-0.091
1668255744395,2022-11-12T14:22:24.395,1196.840,0.915,-0.152,-0.061
1668255744435,2022-11-12T14:22:24.435,1196.880,0.854,-0.091,0.061
1668255744475,2022-11-12T14:22:24.475,1196.920,0.854,-0.213,-0.091
1668255744515,2022-11-12T14:22:24.515,1196.960,0.640,-0.244,0.091
1668255744555,2022-11-12T14:22:24.555,1197.000,0.945,-0.152,-0.030
1668255744595,2022-11-12T14:22:24.595,1197.040,0.823,-0.183,0.061
1668255744635,2022-11-12T14:22:24.635,1197.080,0.640,-0.305,0.030
1668255744675,2022-11-12T14:22:24.675,1197.120,0.945,-0.152,-0.030
1668255744715,2022-11-12T14:22:24.715,1197.160,0.976,-0.091,0.030
1668255744755,2022-11-12T14:22:24.755,1197.200,0.732,-0.244,0.030
1668255744795,2022-11-12T14:22:24.795,1197.240,0.976,-0.213,0.000
1668255744835,2022-11-12T14:22:24.835,1197.280,1.128,-0.091,0.000
1668255744875,2022-11-12T14:22:24.875,1197.320,0.854,-0.213,0.061
1668255744915,2022-11-12T14:22:24.915,1197.360,0.854,-0.213,-0.030
1668255744955,2022-11-12T14:22:24.955,1197.400,0.945,-0.122,0.000
1668255744995,2022-11-12T14:22:24.995,1197.440,0.854,-0.183,0.030
1668255745035,2022-11-12T14:22:25.035,1197.480,0.915,-0.244,0.000
1668255745075,2022-11-12T14:22:25.075,1197.520,1.006,-0.122,-0.061
1668255745115,2022-11-12T14:22:25.115,1197.560,0.854,-0.122,-0.061
1668255745155,2022-11-12T14:22:25.155,1197.600,0.457,-0.305,0.152
1668255745195,2022-11-12T14:22:25.195,1197.640,0.732,-0.305,-0.030
1668255745235,2022-11-12T14:22:25.235,1197.680,0.945,-0.152,0.030
1668255745275,2022-11-12T14:22:25.275,1197.720,0.915,-0.122,0.030
1668255745315,2022-11-12T14:22:25.315,1197.760,0.762,-0.213,-0.030
1668255745355,2022-11-12T14:22:25.355,1197.800,0.762,-0.213,0.030
1668255745395,2022-11-12T14:22:25.395,1197.840,1.128,-0.152,-0.030
1668255745435,2022-11-12T14:22:25.435,1197.880,0.823,-0.213,0.091
1668255745475,2022-11-12T14:22:25.475,1197.920,0.793,-0.274,-0.030
1668255745515,2022-11-12T14:22:25.515,1197.960,0.915,-0.213,0.061
1668255745555,2022-11-12T14:22:25.555,1198.000,0.793,-0.213,0.122
1668255745595,2022-11-12T14:22:25.595,1198.040,0.732,-0.274,0.030
1668255745635,2022-11-12T14:22:25.635,1198.080,0.732,-0.305,0.122
1668255745675,2022-11-12T14:22:25.675,1198.120,0.854,-0.274,0.061
1668255745715,2022-11-12T14:22:25.715,1198.160,0.823,-0.244,0.030
1668255745755,2022-11-12T14:22:25.755,1198.200,0.854,-0.274,0.061
1668255745795,2022-11-12T14:22:25.795,1198.240,0.884,-0.244,0.061
1668255745835,2022-11-12T14:22:25.835,1198.280,1.037,-0.213,0.030
1668255745875,2022-11-12T14:22:25.875,1198.320,0.945,-0.213,-0.091
1668255745915,2022-11-12T14:22:25.915,1198.360,0.823,-0.244,-0.030
1668255745955,2022-11-12T14:22:25.955,1198.400,0.579,-0.335,0.244
1668255745995,2022-11-12T14:22:25.995,1198.440,0.579,-0.396,0.030
1668255746035,2022-11-12T14:22:26.035,1198.480,0.732,-0.305,0.030
1668255746075,2022-11-12T14:22:26.075,1198.520,0.854,-0.122,0.000
1668255746115,2022-11-12T14:22:26.115,1198.560,0.732,-0.213,0.030
1668255746155,2022-11-12T14:22:26.155,1198.600,0.640,-0.274,0.122
1668255746195,2022-11-12T14:22:26.195,1198.640,0.854,-0.152,0.000
1668255746235,2022-11-12T14:22:26.235,1198.680,0.793,-0.213,0.061
1668255746275,2022-11-12T14:22:26.275,1198.720,1.006,-0.213,-0.122
1668255746315,2022-11-12T14:22:26.315,1198.760,0.945,-0.183,-0.030
1668255746355,2022-11-12T14:22:26.355,1198.800,0.854,-0.244,0.152
1668255746395,2022-11-12T14:22:26.395,1198.840,1.037,-0.213,0.061
1668255746435,2022-11-12T14:22:26.435,1198.880,0.976,-0.305,-0.030
1668255746475,2022-11-12T14:22:26.475,1198.920,0.915,-0.274,-0.030
1668255746515,2022-11-12T14:22:26.515,1198.960,1.037,-0.274,-0.091
1668255746555,2022-11-12T14:22:26.555,1199.000,0.884,-0.244,-0.061
1668255746595,2022-11-12T14:22:26.595,1199.040,1.067,-0.213,-0.122
1668255746635,2022-11-12T14:22:26.635,1199.080,1.006,-0.244,0.030
1668255746675,2022-11-12T14:22:26.675,1199.120,0.732,-0.427,0.183
1668255746715,2022-11-12T14:22:26.715,1199.160,0.579,-0.396,0.061
1668255746755,2022-11-12T14:22:26.755,1199.200,0.518,-0.152,0.183
1668255746795,2022-11-12T14:22:26.795,1199.240,0.732,-0.091,0.122
1668255746835,2022-11-12T14:22:26.835,1199.280,0.640,-0.183,0.061
1668255746875,2022-11-12T14:22:26.875,1199.320,0.823,-0.183,0.000
1668255746915,2022-11-12T14:22:26.915,1199.360,1.037,-0.091,-0.030
1668255746955,2022-11-12T14:22:26.955,1199.400,0.915,-0.213,-0.091
1668255746995,2022-11-12T14:22:26.995,1199.440,1.006,-0.213,-0.152
1668255747035,2022-11-12T14:22:27.035,1199.480,1.006,-0.091,0.000
1668255747075,2022-11-12T14:22:27.075,1199.520,0.884,-0.122,0.030
1668255747115,2022-11-12T14:22:27.115,1199.560,0.671,-0.213,0.030
1668255747155,2022-11-12T14:22:27.155,1199.600,0.915,-0.213,-0.122
1668255747195,2022-11-12T14:22:27.195,1199.640,0.945,-0.183,0.000
1668255747235,2022-11-12T14:22:27.235,1199.680,0.701,-0.122,0.030
1668255747275,2022-11-12T14:22:27.275,1199.720,0.976,-0.091,-0.122
1668255747315,2022-11-12T14:22:27.315,1199.760,0.762,-0.183,0.091
1668255747355,2022-11-12T14:22:27.355,1199.800,0.762,-0.305,-0.122
1668255747395,2022-11-12T14:22:27.395,1199.840,0.915,-0.122,-0.122
1668255747435,2022-11-12T14:22:27.435,1199.880,0.915,-0.091,0.061
1668255747475,2022-11-12T14:22:27.475,1199.920,0.884,-0.244,-0.091
1668255747515,2022-11-12T14:22:27.515,1199.960,0.915,-0.213,0.000
1668255747555,2022-11-12T14:22:27.555,1200.000,1.128,-0.091,-0.091
1668255747595,2022-11-12T14:22:27.595,1200.040,0.854,-0.183,-0.061
1668255747635,2022-11-12T14:22:27.635,1200.080,0.854,-0.213,-0.091
1668255747675,2022-11-12T14:22:27.675,1200.120,0.793,-0.122,0.061
1668255747715,2022-11-12T14:22:27.715,1200.160,0.518,-0.183,0.122
1668255747755,2022-11-12T14:22:27.755,1200.200,0.732,-0.183,0.030
1668255747795,2022-11-12T14:22:27.795,1200.240,0.976,-0.122,-0.091
1668255747835,2022-11-12T14:22:27.835,1200.280,0.854,-0.213,-0.030
1668255747875,2022-11-12T14:22:27.875,1200.320,0.823,-0.152,-0.061
1668255747915,2022-11-12T14:22:27.915,1200.360,1.098,-0.091,-0.274
1668255747955,2022-11-12T14:22:27.955,1200.400,0.884,-0.091,0.030
1668255747995,2022-11-12T14:22:27.995,1200.440,0.549,-0.305,0.030
1668255748035,2022-11-12T14:22:28.035,1200.480,0.854,-0.213,-0.091
1668255748075,2022-11-12T14:22:28.075,1200.520,1.006,-0.030,-0.030
1668255748115,2022-11-12T14:22:28.115,1200.560,1.037,-0.061,-0.091
1668255748155,2022-11-12T14:22:28.155,1200.600,0.823,-0.183,0.000
1668255748195,2022-11-12T14:22:28.195,1200.640,0.945,-0.183,-0.030
1668255748235,2022-11-12T14:22:28.235,1200.680,0.884,-0.030,-0.030
1668255748275,2022-11-12T14:22:28.275,1200.720,0.610,-0.274,0.030
1668255748315,2022-11-12T14:22:28.315,1200.760,1.037,-0.213,-0.183
1668255748355,2022-11-12T14:22:28.355,1200.800,1.037,-0.091,0.000
1668255748395,2022-11-12T14:22:28.395,1200.840,0.762,-0.152,0.091
1668255748435,2022-11-12T14:22:28.435,1200.880,0.915,-0.183,-0.030
1668255748475,2022-11-12T14:22:28.475,1200.920,0.915,-0.183,-0.030
1668255748515,2022-11-12T14:22:28.515,1200.960,0.854,-0.152,0.030
1668255748555,2022-11-12T14:22:28.555,1201.000,0.854,-0.183,-0.030
1668255748595,2022-11-12T14:22:28.595,1201.040,0.915,-0.152,-0.091
1668255748635,2022-11-12T14:22:28.635,1201.080,0.732,-0.091,0.061
1668255748675,2022-11-12T14:22:28.675,1201.120,0.640,-0.274,0.061
1668255748715,2022-11-12T14:22:28.715,1201.160,0.854,-0.244,-0.091
1668255748755,2022-11-12T14:22:28.755,1201.200,1.006,-0.183,-0.030
1668255748795,2022-11-12T14:22:28.795,1201.240,1.006,-0.091,-0.061
1668255748835,2022-11-12T14:22:28.835,1201.280,0.793,-0.183,0.061
1668255748875,2022-11-12T14:22:28.875,1201.320,0.793,-0.183,0.030
1668255748915,2022-11-12T14:22:28.915,1201.360,1.006,-0.061,-0.030
1668255748955,2022-11-12T14:22:28.955,1201.400,0.732,-0.213,0.061
1668255748995,2022-11-12T14:22:28.995,1201.440,0.671,-0.305,0.000
1668255749035,2022-11-12T14:22:29.035,1201.480,0.915,-0.122,-0.030
1668255749075,2022-11-12T14:22:29.075,1201.520,0.884,-0.122,0.061
1668255749115,2022-11-12T14:22:29.115,1201.560,0.823,-0.274,0.000
1668255749155,2022-11-12T14:22:29.155,1201.600,0.915,-0.183,0.000
1668255749195,2022-11-12T14:22:29.195,1201.640,0.823,-0.183,0.000
1668255749235,2022-11-12T14:22:29.235,1201.680,0.762,-0.152,0.061
1668255749275,2022-11-12T14:22:29.275,1201.720,0.762,-0.213,0.030
1668255749315,2022-11-12T14:22:29.315,1201.760,0.884,-0.152,0.030
1668255749355,2022-11-12T14:22:29.355,1201.800,1.067,-0.122,-0.122
1668255749395,2022-11-12T14:22:29.395,1201.840,0.915,-0.122,0.000
1668255749435,2022-11-12T14:22:29.435,1201.880,0.610,-0.366,0.122
1668255749475,2022-11-12T14:22:29.475,1201.920,0.793,-0.274,-0.061
1668255749515,2022-11-12T14:22:29.515,1201.960,0.945,-0.091,0.000
1668255749555,2022-11-12T14:22:29.555,1202.000,0.854,-0.183,0.000
1668255749595,2022-11-12T14:22:29.595,1202.040,0.915,-0.183,-0.030
1668255749635,2022-11-12T14:22:29.635,1202.080,0.854,-0.183,0.000
1668255749675,2022-11-12T14:22:29.675,1202.120,1.006,-0.122,-0.030
1668255749715,2022-11-12T14:22:29.715,1202.160,0.732,-0.183,0.122
1668255749755,2022-11-12T14:22:29.755,1202.200,0.915,-0.244,-0.030
1668255749795,2022-11-12T14:22:29.795,1202.240,1.067,-0.152,-0.030
1668255749835,2022-11-12T14:22:29.835,1202.280,0.762,-0.183,0.061
1668255749875,2022-11-12T14:22:29.875,1202.320,0.762,-0.244,-0.030
1668255749915,2022-11-12T14:22:29.915,1202.360,1.006,-0.183,-0.030
1668255749955,2022-11-12T14:22:29.955,1202.400,0.884,-0.152,0.030
1668255749995,2022-11-12T14:22:29.995,1202.440,0.823,-0.213,0.061
1668255750035,2022-11-12T14:22:30.035,1202.480,0.945,-0.183,-0.030
1668255750075,2022-11-12T14:22:30.075,1202.520,0.793,-0.183,0.000
1668255750115,2022-11-12T14:22:30.115,1202.560,0.854,-0.183,0.030
1668255750155,2022-11-12T14:22:30.155,1202.600,1.098,-0.122,-0.122
1668255750195,2022-11-12T14:22:30.195,1202.640,0.915,-0.122,0.000
1668255750235,2022-11-12T14:22:30.235,1202.680,0.518,-0.335,0.152
1668255750275,2022-11-12T14:22:30.275,1202.720,0.854,-0.305,-0.061
1668255750315,2022-11-12T14:22:30.315,1202.760,1.006,-0.152,0.000
1668255750355,2022-11-12T14:22:30.355,1202.800,0.732,-0.152,0.000
1668255750395,2022-11-12T14:22:30.395,1202.840,0.427,-0.213,0.030
1668255750435,2022-11-12T14:22:30.435,1202.880,0.335,0.335,0.152
1668255750475,2022-11-12T14:22:30.475,1202.920,0.762,0.213,0.061
1668255750515,2022-11-12T14:22:30.515,1202.960,0.884,-0.335,0.000
1668255750555,2022-11-12T14:22:30.555,1203.000,1.006,-0.396,-0.030
1668255750595,2022-11-12T14:22:30.595,1203.040,0.823,-0.518,0.091
1668255750635,2022-11-12T14:22:30.635,1203.080,0.976,-0.488,0.000
1668255750675,2022-11-12T14:22:30.675,1203.120,0.976,-0.396,-0.030
1668255750715,2022-11-12T14:22:30.715,1203.160,0.854,-0.396,0.030
1668255750755,2022-11-12T14:22:30.755,1203.200,0.945,-0.305,0.030
1668255750795,2022-11-12T14:22:30.795,1203.240,0.976,-0.274,0.061
1668255750835,2022-11-12T14:22:30.835,1203.280,0.884,-0.305,0.030
1668255750875,2022-11-12T14:22:30.875,1203.320,0.762,-0.305,0.000
1668255750915,2022-11-12T14:22:30.915,1203.360,0.701,-0.213,0.030
1668255750955,2022-11-12T14:22:30.955,1203.400,0.762,-0.335,0.061
1668255750995,2022-11-12T14:22:30.995,1203.440,0.762,-0.366,0.457
1668255751035,2022-11-12T14:22:31.035,1203.480,0.823,-0.305,0.152
1668255751075,2022-11-12T14:22:31.075,1203.520,1.159,-0.335,-0.152
1668255751115,2022-11-12T14:22:31.115,1203.560,1.220,-0.213,0.061
1668255751155,2022-11-12T14:22:31.155,1203.600,1.220,-0.152,-0.091
1668255751195,2022-11-12T14:22:31.195,1203.640,0.732,-0.366,-0.030
1668255751235,2022-11-12T14:22:31.235,1203.680,0.762,-0.244,-0.061
1668255751275,2022-11-12T14:22:31.275,1203.720,0.732,-0.183,0.183
1668255751315,2022-11-12T14:22:31.315,1203.760,0.854,-0.335,0.091
1668255751355,2022-11-12T14:22:31.355,1203.800,0.945,-0.213,-0.030
1668255751395,2022-11-12T14:22:31.395,1203.840,0.823,-0.213,0.030
1668255751435,2022-11-12T14:22:31.435,1203.880,0.915,-0.244,0.030
1668255751475,2022-11-12T14:22:31.475,1203.920,0.915,-0.213,0.000
1668255751515,2022-11-12T14:22:31.515,1203.960,0.854,-0.274,0.030
1668255751555,2022-11-12T14:22:31.555,1204.000,0.945,-0.244,0.030
1668255751595,2022-11-12T14:22:31.595,1204.040,0.884,-0.213,0.000
1668255751635,2022-11-12T14:22:31.635,1204.080,0.823,-0.183,0.030
1668255751675,2022-11-12T14:22:31.675,1204.120,1.037,-0.183,-0.030
1668255751715,2022-11-12T14:22:31.715,1204.160,0.854,-0.213,0.091
1668255751755,2022-11-12T14:22:31.755,1204.200,0.671,-0.366,0.030
1668255751795,2022-11-12T14:22:31.795,1204.240,0.762,-0.152,-0.061
1668255751835,2022-11-12T14:22:31.835,1204.280,0.884,-0.061,0.000
1668255751875,2022-11-12T14:22:31.875,1204.320,0.823,-0.122,0.000
1668255751915,2022-11-12T14:22:31.915,1204.360,0.732,-0.244,0.030
1668255751955,2022-11-12T14:22:31.955,1204.400,1.037,-0.122,-0.122
1668255751995,2022-11-12T14:22:31.995,1204.440,0.823,-0.122,-0.030
1668255752035,2022-11-12T14:22:32.035,1204.480,0.823,-0.244,-0.122
1668255752075,2022-11-12T14:22:32.075,1204.520,1.037,-0.183,-0.030
1668255752115,2022-11-12T14:22:32.115,1204.560,0.854,-0.122,0.122
1668255752155,2022-11-12T14:22:32.155,1204.600,0.915,-0.122,0.030
1668255752195,2022-11-12T14:22:32.195,1204.640,1.341,-0.152,-0.152
1668255752235,2022-11-12T14:22:32.235,1204.680,1.189,-0.274,-0.091
1668255752275,2022-11-12T14:22:32.275,1204.720,0.396,-0.366,0.091
1668255752315,2022-11-12T14:22:32.315,1204.760,0.335,-0.274,0.122
1668255752355,2022-11-12T14:22:32.355,1204.800,0.427,-0.091,0.183
1668255752395,2022-11-12T14:22:32.395,1204.840,0.640,-0.274,0.091
1668255752435,2022-11-12T14:22:32.435,1204.880,1.006,-0.244,-0.244
1668255752475,2022-11-12T14:22:32.475,1204.920,0.945,-0.152,-0.152
1668255752515,2022-11-12T14:22:32.515,1204.960,1.128,-0.122,-0.061
1668255752555,2022-11-12T14:22:32.555,1205.000,1.067,-0.183,-0.061
1668255752595,2022-11-12T14:22:32.595,1205.040,0.823,-0.244,-0.030
1668255752635,2022-11-12T14:22:32.635,1205.080,0.854,-0.091,-0.061
1668255752675,2022-11-12T14:22:32.675,1205.120,0.823,-0.091,0.030
1668255752715,2022-11-12T14:22:32.715,1205.160,0.823,-0.152,-0.122
1668255752755,2022-11-12T14:22:32.755,1205.200,0.793,-0.122,-0.030
1668255752795,2022-11-12T14:22:32.795,1205.240,0.793,-0.061,-0.061
1668255752835,2022-11-12T14:22:32.835,1205.280,0.488,0.000,-0.274
1668255752875,2022-11-12T14:22:32.875,1205.320,0.823,-0.122,-0.335
1668255752915,2022-11-12T14:22:32.915,1205.360,0.671,-0.152,-0.183
1668255752955,2022-11-12T14:22:32.955,1205.400,0.793,-0.244,0.030
1668255752995,2022-11-12T14:22:32.995,1205.440,0.884,-0.213,0.061
1668255753035,2022-11-12T14:22:33.035,1205.480,0.762,-0.122,0.213
1668255753075,2022-11-12T14:22:33.075,1205.520,0.671,-0.366,0.183
1668255753115,2022-11-12T14:22:33.115,1205.560,0.915,-0.274,-0.061
1668255753155,2022-11-12T14:22:33.155,1205.600,1.067,-0.122,0.000
1668255753195,2022-11-12T14:22:33.195,1205.640,0.976,-0.122,-0.122
1668255753235,2022-11-12T14:22:33.235,1205.680,0.823,-0.213,-0.030
1668255753275,2022-11-12T14:22:33.275,1205.720,0.732,-0.183,0.030
1668255753315,2022-11-12T14:22:33.315,1205.760,0.854,-0.122,-0.030
1668255753355,2022-11-12T14:22:33.355,1205.800,0.762,-0.183,0.091
1668255753395,2022-11-12T14:22:33.395,1205.840,0.945,-0.213,-0.030
1668255753435,2022-11-12T14:22:33.435,1205.880,1.159,-0.122,-0.030
1668255753475,2022-11-12T14:22:33.475,1205.920,0.884,-0.152,0.000
1668255753515,2022-11-12T14:22:33.515,1205.960,0.732,-0.152,0.000
1668255753555,2022-11-12T14:22:33.555,1206.000,0.762,-0.183,0.061
1668255753595,2022-11-12T14:22:33.595,1206.040,0.762,-0.213,0.030
1668255753635,2022-11-12T14:22:33.635,1206.080,0.945,-0.213,-0.061
1668255753675,2022-11-12T14:22:33.675,1206.120,1.006,-0.122,-0.030
1668255753715,2022-11-12T14:22:33.715,1206.160,1.006,-0.152,-0.091
1668255753755,2022-11-12T14:22:33.755,1206.200,1.067,-0.183,-0.122
1668255753795,2022-11-12T14:22:33.795,1206.240,0.732,-0.244,0.122
1668255753835,2022-11-12T14:22:33.835,1206.280,0.518,-0.396,0.030
1668255753875,2022-11-12T14:22:33.875,1206.320,0.793,-0.274,-0.061
1668255753915,2022-11-12T14:22:33.915,1206.360,0.976,-0.122,0.030
1668255753955,2022-11-12T14:22:33.955,1206.400,0.976,-0.122,-0.061
1668255753995,2022-11-12T14:22:33.995,1206.440,0.732,-0.274,0.030
1668255754035,2022-11-12T14:22:34.035,1206.480,0.945,-0.213,-0.030
1668255754075,2022-11-12T14:22:34.075,1206.520,0.945,-0.091,-0.030
1668255754115,2022-11-12T14:22:34.115,1206.560,0.488,-0.274,0.122
1668255754155,2022-11-12T14:22:34.155,1206.600,0.854,-0.183,0.000
1668255754195,2022-11-12T14:22:34.195,1206.640,1.220,-0.091,-0.061
1668255754235,2022-11-12T14:22:34.235,1206.680,0.945,-0.122,-0.030
1668255754275,2022-11-12T14:22:34.275,1206.720,0.671,-0.244,-0.030
1668255754315,2022-11-12T14:22:34.315,1206.760,0.793,-0.213,-0.030
1668255754355,2022-11-12T14:22:34.355,1206.800,0.854,-0.152,0.030
1668255754395,2022-11-12T14:22:34.395,1206.840,0.823,-0.213,0.061
1668255754435,2022-11-12T14:22:34.435,1206.880,1.037,-0.183,0.000
1668255754475,2022-11-12T14:22:34.475,1206.920,0.945,-0.213,0.091
1668255754515,2022-11-12T14:22:34.515,1206.960,0.579,-0.274,0.122
1668255754555,2022-11-12T14:22:34.555,1207.000,0.671,-0.274,-0.030
1668255754595,2022-11-12T14:22:34.595,1207.040,0.854,-0.152,-0.091
1668255754635,2022-11-12T14:22:34.635,1207.080,0.701,-0.213,0.152
1668255754675,2022-11-12T14:22:34.675,1207.120,0.732,-0.335,0.061
1668255754715,2022-11-12T14:22:34.715,1207.160,0.976,-0.213,-0.030
1668255754755,2022-11-12T14:22:34.755,1207.200,0.915,-0.152,0.000
1668255754795,2022-11-12T14:22:34.795,1207.240,0.823,-0.244,-0.091
1668255754835,2022-11-12T14:22:34.835,1207.280,0.671,-0.335,0.091
1668255754875,2022-11-12T14:22:34.875,1207.320,1.006,-0.152,0.030
1668255754915,2022-11-12T14:22:34.915,1207.360,0.915,-0.152,0.030
1668255754955,2022-11-12T14:22:34.955,1207.400,0.671,-0.305,0.091
1668255754995,2022-11-12T14:22:34.995,1207.440,0.884,-0.244,-0.122
1668255755035,2022-11-12T14:22:35.035,1207.480,0.854,-0.183,0.030
1668255755075,2022-11-12T14:22:35.075,1207.520,0.854,-0.213,0.030
1668255755115,2022-11-12T14:22:35.115,1207.560,0.762,-0.305,-0.030
1668255755155,2022-11-12T14:22:35.155,1207.600,0.823,-0.274,0.000
1668255755195,2022-11-12T14:22:35.195,1207.640,0.884,-0.213,0.030
1668255755235,2022-11-12T14:22:35.235,1207.680,0.945,-0.183,0.030
1668255755275,2022-11-12T14:22:35.275,1207.720,0.854,-0.213,0.061
1668255755315,2022-11-12T14:22:35.315,1207.760,0.671,-0.244,0.091
1668255755355,2022-11-12T14:22:35.355,1207.800,0.640,-0.213,0.061
1668255755395,2022-11-12T14:22:35.395,1207.840,0.945,-0.122,-0.030
1668255755435,2022-11-12T14:22:35.435,1207.880,0.976,-0.213,0.091
1668255755475,2022-11-12T14:22:35.475,1207.920,0.701,-0.335,0.091
1668255755515,2022-11-12T14:22:35.515,1207.960,0.854,-0.183,-0.091
1668255755555,2022-11-12T14:22:35.555,1208.000,0.915,-0.061,0.000
1668255755595,2022-11-12T14:22:35.595,1208.040,0.793,-0.183,0.000
1668255755635,2022-11-12T14:22:35.635,1208.080,0.793,-0.213,0.091
1668255755675,2022-11-12T14:22:35.675,1208.120,0.945,-0.061,-0.061
1668255755715,2022-11-12T14:22:35.715,1208.160,0.762,-0.183,-0.030
1668255755755,2022-11-12T14:22:35.755,1208.200,0.945,-0.213,-0.061
1668255755795,2022-11-12T14:22:35.795,1208.240,1.067,-0.122,-0.091
1668255755835,2022-11-12T14:22:35.835,1208.280,0.762,-0.122,0.061
1668255755875,2022-11-12T14:22:35.875,1208.320,0.884,-0.152,0.000
1668255755915,2022-11-12T14:22:35.915,1208.360,1.006,-0.213,-0.122
1668255755955,2022-11-12T14:22:35.955,1208.400,1.037,-0.122,-0.183
1668255755995,2022-11-12T14:22:35.995,1208.440,0.915,-0.213,-0.091
1668255756035,2022-11-12T14:22:36.035,1208.480,0.915,-0.244,-0.030
1668255756075,2022-11-12T14:22:36.075,1208.520,0.823,-0.152,0.000
1668255756115,2022-11-12T14:22:36.115,1208.560,0.732,-0.152,0.030
1668255756155,2022-11-12T14:22:36.155,1208.600,1.006,-0.152,-0.152
1668255756195,2022-11-12T14:22:36.195,1208.640,1.006,-0.122,-0.091
1668255756235,2022-11-12T14:22:36.235,1208.680,0.549,-0.274,0.091
1668255756275,2022-11-12T14:22:36.275,1208.720,0.762,-0.244,-0.091
1668255756315,2022-11-12T14:22:36.315,1208.760,0.884,-0.091,0.000
1668255756355,2022-11-12T14:22:36.355,1208.800,0.823,-0.152,-0.061
1668255756395,2022-11-12T14:22:36.395,1208.840,0.823,-0.213,-0.030
1668255756435,2022-11-12T14:22:36.435,1208.880,0.854,-0.152,0.030
1668255756475,2022-11-12T14:22:36.475,1208.920,0.915,-0.061,-0.061
1668255756515,2022-11-12T14:22:36.515,1208.960,0.793,-0.183,-0.030
1668255756555,2022-11-12T14:22:36.555,1209.000,0.854,-0.244,-0.091
1668255756595,2022-11-12T14:22:36.595,1209.040,0.884,-0.152,-0.030
1668255756635,2022-11-12T14:22:36.635,1209.080,0.884,-0.152,-0.030
1668255756675,2022-11-12T14:22:36.675,1209.120,0.762,-0.183,-0.030
1668255756715,2022-11-12T14:22:36.715,1209.160,0.884,-0.213,-0.061
1668255756755,2022-11-12T14:22:36.755,1209.200,1.098,-0.091,-0.091
1668255756795,2022-11-12T14:22:36.795,1209.240,0.823,-0.152,0.061
1668255756835,2022-11-12T14:22:36.835,1209.280,0.854,-0.183,0.000
1668255756875,2022-11-12T14:22:36.875,1209.320,1.006,-0.152,-0.030
1668255756915,2022-11-12T14:22:36.915,1209.360,0.732,-0.244,0.061
1668255756955,2022-11-12T14:22:36.955,1209.400,0.823,-0.183,-0.061
1668255756995,2022-11-12T14:22:36.995,1209.440,1.067,-0.061,-0.122
1668255757035,2022-11-12T14:22:37.035,1209.480,0.732,-0.152,0.152
1668255757075,2022-11-12T14:22:37.075,1209.520,0.579,-0.396,0.000
1668255757115,2022-11-12T14:22:37.115,1209.560,0.732,-0.244,-0.030
1668255757155,2022-11-12T14:22:37.155,1209.600,0.793,-0.122,0.061
1668255757195,2022-11-12T14:22:37.195,1209.640,0.915,-0.152,-0.122
1668255757235,2022-11-12T14:22:37.235,1209.680,0.823,-0.213,-0.030
1668255757275,2022-11-12T14:22:37.275,1209.720,0.854,-0.152,0.061
1668255757315,2022-11-12T14:22:37.315,1209.760,0.945,-0.122,-0.091
1668255757355,2022-11-12T14:22:37.355,1209.800,0.762,-0.244,0.030
1668255757395,2022-11-12T14:22:37.395,1209.840,0.854,-0.213,-0.091
1668255757435,2022-11-12T14:22:37.435,1209.880,1.006,-0.152,0.000
1668255757475,2022-11-12T14:22:37.475,1209.920,0.701,-0.152,0.122
1668255757515,2022-11-12T14:22:37.515,1209.960,0.762,-0.183,-0.030
1668255757555,2022-11-12T14:22:37.555,1210.000,0.915,-0.183,-0.061
1668255757595,2022-11-12T14:22:37.595,1210.040,0.823,-0.152,0.030
1668255757635,2022-11-12T14:22:37.635,1210.080,0.884,-0.183,0.000
1668255757675,2022-11-12T14:22:37.675,1210.120,0.762,-0.152,0.030
1668255757715,2022-11-12T14:22:37.715,1210.160,0.884,-0.183,0.030
1668255757755,2022-11-12T14:22:37.755,1210.200,0.884,-0.122,-0.030
1668255757795,2022-11-12T14:22:37.795,1210.240,0.884,-0.213,-0.061
1668255757835,2022-11-12T14:22:37.835,1210.280,0.884,-0.122,0.000
1668255757875,2022-11-12T14:22:37.875,1210.320,0.915,-0.122,-0.122
1668255757915,2022-11-12T14:22:37.915,1210.360,0.762,-0.244,0.091
1668255757955,2022-11-12T14:22:37.955,1210.400,0.640,-0.366,0.030
1668255757995,2022-11-12T14:22:37.995,1210.440,0.945,-0.213,-0.091
1668255758035,2022-11-12T14:22:38.035,1210.480,0.823,-0.091,0.030
1668255758075,2022-11-12T14:22:38.075,1210.520,0.701,-0.274,-0.030
1668255758115,2022-11-12T14:22:38.115,1210.560,0.732,-0.244,0.061
1668255758155,2022-11-12T14:22:38.155,1210.600,0.854,-0.122,0.061
1668255758195,2022-11-12T14:22:38.195,1210.640,0.915,-0.183,-0.030
1668255758235,2022-11-12T14:22:38.235,1210.680,0.915,-0.305,0.030
1668255758275,2022-11-12T14:22:38.275,1210.720,1.128,-0.305,-0.091
1668255758315,2022-11-12T14:22:38.315,1210.760,0.884,-0.305,0.061
1668255758355,2022-11-12T14:22:38.355,1210.800,0.762,-0.244,0.061
1668255758395,2022-11-12T14:22:38.395,1210.840,0.884,-0.183,-0.061
1668255758435,2022-11-12T14:22:38.435,1210.880,0.762,-0.274,0.061
1668255758475,2022-11-12T14:22:38.475,1210.920,0.915,-0.213,0.030
1668255758515,2022-11-12T14:22:38.515,1210.960,0.976,-0.183,0.000
1668255758555,2022-11-12T14:22:38.555,1211.000,0.854,-0.183,0.030
1668255758595,2022-11-12T14:22:38.595,1211.040,0.884,-0.213,0.030
1668255758635,2022-11-12T14:22:38.635,1211.080,0.823,-0.244,-0.061
1668255758675,2022-11-12T14:22:38.675,1211.120,0.701,-0.244,0.030
1668255758715,2022-11-12T14:22:38.715,1211.160,0.671,-0.152,0.122
1668255758755,2022-11-12T14:22:38.755,1211.200,0.732,-0.122,-0.030
1668255758795,2022-11-12T14:22:38.795,1211.240,0.762,-0.152,0.000
1668255758835,2022-11-12T14:22:38.835,1211.280,0.518,-0.305,0.183
1668255758875,2022-11-12T14:22:38.875,1211.320,0.793,-0.244,-0.030
1668255758915,2022-11-12T14:22:38.915,1211.360,1.006,-0.122,0.030
1668255758955,2022-11-12T14:22:38.955,1211.400,0.823,-0.183,0.061
1668255758995,2022-11-12T14:22:38.995,1211.440,0.793,-0.396,0.091
1668255759035,2022-11-12T14:22:39.035,1211.480,0.945,-0.335,0.152
1668255759075,2022-11-12T14:22:39.075,1211.520,0.945,-0.152,0.030
1668255759115,2022-11-12T14:22:39.115,1211.560,0.640,-0.274,0.122
1668255759155,2022-11-12T14:22:39.155,1211.600,0.976,-0.274,-0.091
1668255759195,2022-11-12T14:22:39.195,1211.640,0.945,-0.152,0.030
1668255759235,2022-11-12T14:22:39.235,1211.680,0.671,-0.244,0.122
1668255759275,2022-11-12T14:22:39.275,1211.720,0.823,-0.274,0.000
1668255759315,2022-11-12T14:22:39.315,1211.760,0.884,-0.152,0.030
1668255759355,2022-11-12T14:22:39.355,1211.800,0.793,-0.122,0.000
1668255759395,2022-11-12T14:22:39.395,1211.840,0.701,-0.061,-0.061
1668255759435,2022-11-12T14:22:39.435,1211.880,0.610,-0.091,0.091
1668255759475,2022-11-12T14:22:39.475,1211.920,0.793,-0.152,0.061
1668255759515,2022-11-12T14:22:39.515,1211.960,0.884,-0.152,-0.030
1668255759555,2022-11-12T14:22:39.555,1212.000,0.854,-0.183,-0.061
1668255759595,2022-11-12T14:22:39.595,1212.040,0.915,-0.183,0.030
1668255759635,2022-11-12T14:22:39.635,1212.080,0.762,-0.335,0.000
1668255759675,2022-11-12T14:22:39.675,1212.120,0.854,-0.305,-0.122
1668255759715,2022-11-12T14:22:39.715,1212.160,1.006,-0.091,-0.061
1668255759755,2022-11-12T14:22:39.755,1212.200,0.884,-0.122,-0.030
1668255759795,2022-11-12T14:22:39.795,1212.240,0.732,-0.213,0.000
1668255759835,2022-11-12T14:22:39.835,1212.280,1.037,-0.183,-0.030
1668255759875,2022-11-12T14:22:39.875,1212.320,0.976,-0.061,0.000
1668255759915,2022-11-12T14:22:39.915,1212.360,0.823,-0.213,0.000
1668255759955,2022-11-12T14:22:39.955,1212.400,0.976,-0.183,-0.152
1668255759995,2022-11-12T14:22:39.995,1212.440,0.762,-0.091,0.030
1668255760035,2022-11-12T14:22:40.035,1212.480,0.671,-0.213,0.061
1668255760075,2022-11-12T14:22:40.075,1212.520,0.945,-0.183,0.000
1668255760115,2022-11-12T14:22:40.115,1212.560,0.976,-0.122,-0.061
1668255760155,2022-11-12T14:22:40.155,1212.600,0.732,-0.213,0.030
1668255760195,2022-11-12T14:22:40.195,1212.640,0.884,-0.244,0.000
1668255760235,2022-11-12T14:22:40.235,1212.680,0.854,-0.152,-0.061
1668255760275,2022-11-12T14:22:40.275,1212.720,0.823,-0.122,-0.061
1668255760315,2022-11-12T14:22:40.315,1212.760,0.945,-0.183,0.030
1668255760355,2022-11-12T14:22:40.355,1212.800,0.579,-0.335,0.122
1668255760395,2022-11-12T14:22:40.395,1212.840,0.640,-0.274,0.000
1668255760435,2022-11-12T14:22:40.435,1212.880,0.915,-0.061,0.000
1668255760475,2022-11-12T14:22:40.475,1212.920,0.579,-0.061,0.030
1668255760515,2022-11-12T14:22:40.515,1212.960,0.732,-0.244,-0.122
1668255760555,2022-11-12T14:22:40.555,1213.000,1.128,-0.152,-0.061
1668255760595,2022-11-12T14:22:40.595,1213.040,1.006,0.000,0.061
1668255760635,2022-11-12T14:22:40.635,1213.080,0.640,-0.244,0.091
1668255760675,2022-11-12T14:22:40.675,1213.120,0.976,-0.244,-0.122
1668255760715,2022-11-12T14:22:40.715,1213.160,0.884,-0.091,0.000
1668255760755,2022-11-12T14:22:40.755,1213.200,0.579,-0.213,0.000
1668255760795,2022-11-12T14:22:40.795,1213.240,0.793,-0.213,-0.091
1668255760835,2022-11-12T14:22:40.835,1213.280,0.915,-0.091,-0.091
1668255760875,2022-11-12T14:22:40.875,1213.320,0.762,-0.152,0.000
1668255760915,2022-11-12T14:22:40.915,1213.360,0.732,-0.244,-0.061
1668255760955,2022-11-12T14:22:40.955,1213.400,0.823,-0.122,-0.030
1668255760995,2022-11-12T14:22:40.995,1213.440,0.854,-0.152,0.000
1668255761035,2022-11-12T14:22:41.035,1213.480,0.976,-0.183,-0.122
1668255761075,2022-11-12T14:22:41.075,1213.520,0.610,-0.244,0.122
1668255761115,2022-11-12T14:22:41.115,1213.560,0.640,-0.335,-0.030
1668255761155,2022-11-12T14:22:41.155,1213.600,0.915,-0.122,-0.122
1668255761195,2022-11-12T14:22:41.195,1213.640,0.884,-0.122,-0.061
1668255761235,2022-11-12T14:22:41.235,1213.680,0.823,-0.274,-0.061
1668255761275,2022-11-12T14:22:41.275,1213.720,0.793,-0.213,0.000
1668255761315,2022-11-12T14:22:41.315,1213.760,1.006,-0.122,-0.061
1668255761355,2022-11-12T14:22:41.355,1213.800,0.854,-0.122,0.000
1668255761395,2022-11-12T14:22:41.395,1213.840,0.640,-0.244,0.061
1668255761435,2022-11-12T14:22:41.435,1213.880,0.976,-0.152,-0.061
1668255761475,2022-11-12T14:22:41.475,1213.920,0.793,-0.152,0.091
1668255761515,2022-11-12T14:22:41.515,1213.960,0.671,-0.213,0.152
1668255761555,2022-11-12T14:22:41.555,1214.000,0.945,-0.183,-0.061
1668255761595,2022-11-12T14:22:41.595,1214.040,0.915,-0.152,-0.061
1668255761635,2022-11-12T14:22:41.635,1214.080,0.823,-0.152,-0.030
1668255761675,2022-11-12T14:22:41.675,1214.120,0.793,-0.183,-0.061
1668255761715,2022-11-12T14:22:41.715,1214.160,0.762,-0.183,-0.030
1668255761755,2022-11-12T14:22:41.755,1214.200,0.823,-0.152,0.030
1668255761795,2022-11-12T14:22:41.795,1214.240,0.884,-0.152,-0.061
1668255761835,2022-11-12T14:22:41.835,1214.280,1.067,-0.152,-0.122
1668255761875,2022-11-12T14:22:41.875,1214.320,0.762,-0.244,0.091
1668255761915,2022-11-12T14:22:41.915,1214.360,0.640,-0.274,-0.091
1668255761955,2022-11-12T14:22:41.955,1214.400,0.884,-0.183,-0.030
1668255761995,2022-11-12T14:22:41.995,1214.440,0.945,-0.122,0.030
1668255762035,2022-11-12T14:22:42.035,1214.480,0.884,-0.244,-0.122
1668255762075,2022-11-12T14:22:42.075,1214.520,0.915,-0.213,0.030
1668255762115,2022-11-12T14:22:42.115,1214.560,0.945,-0.152,0.000
1668255762155,2022-11-12T14:22:42.155,1214.600,0.793,-0.244,0.000
1668255762195,2022-11-12T14:22:42.195,1214.640,0.945,-0.274,-0.030
1668255762235,2022-11-12T14:22:42.235,1214.680,0.945,-0.213,-0.030
1668255762275,2022-11-12T14:22:42.275,1214.720,0.610,-0.244,0.122
1668255762315,2022-11-12T14:22:42.315,1214.760,0.732,-0.244,0.000
1668255762355,2022-11-12T14:22:42.355,1214.800,0.915,-0.244,0.030
1668255762395,2022-11-12T14:22:42.395,1214.840,0.854,-0.274,0.061
1668255762435,2022-11-12T14:22:42.435,1214.880,0.884,-0.244,0.030
1668255762475,2022-11-12T14:22:42.475,1214.920,0.854,-0.183,0.030
1668255762515,2022-11-12T14:22:42.515,1214.960,0.762,-0.244,0.030
1668255762555,2022-11-12T14:22:42.555,1215.000,0.793,-0.244,0.000
1668255762595,2022-11-12T14:22:42.595,1215.040,0.915,-0.183,0.061
1668255762635,2022-11-12T14:22:42.635,1215.080,0.976,-0.213,-0.030
1668255762675,2022-11-12T14:22:42.675,1215.120,0.976,-0.213,-0.122
1668255762715,2022-11-12T14:22:42.715,1215.160,0.732,-0.366,0.091
1668255762755,2022-11-12T14:22:42.755,1215.200,0.701,-0.366,0.000
1668255762795,2022-11-12T14:22:42.795,1215.240,0.854,-0.244,0.030
1668255762835,2022-11-12T14:22:42.835,1215.280,0.793,-0.183,0.122
1668255762875,2022-11-12T14:22:42.875,1215.320,0.640,-0.244,0.061
1668255762915,2022-11-12T14:22:42.915,1215.360,0.732,-0.244,0.091
1668255762955,2022-11-12T14:22:42.955,1215.400,1.037,-0.152,-0.061
1668255762995,2022-11-12T14:22:42.995,1215.440,0.854,-0.274,0.091
1668255763035,2022-11-12T14:22:43.035,1215.480,0.915,-0.274,-0.061
1668255763075,2022-11-12T14:22:43.075,1215.520,0.915,-0.183,-0.030
1668255763115,2022-11-12T14:22:43.115,1215.560,0.732,-0.183,0.122
1668255763155,2022-11-12T14:22:43.155,1215.600,0.762,-0.244,0.000
1668255763195,2022-11-12T14:22:43.195,1215.640,0.762,-0.274,0.061
1668255763235,2022-11-12T14:22:43.235,1215.680,0.793,-0.213,0.091
1668255763275,2022-11-12T14:22:43.275,1215.720,0.793,-0.213,-0.030
1668255763315,2022-11-12T14:22:43.315,1215.760,0.579,-0.152,0.030
1668255763355,2022-11-12T14:22:43.355,1215.800,0.701,-0.213,0.030
1668255763395,2022-11-12T14:22:43.395,1215.840,0.762,-0.122,0.061
1668255763435,2022-11-12T14:22:43.435,1215.880,0.915,-0.091,-0.061
1668255763475,2022-11-12T14:22:43.475,1215.920,0.793,-0.213,-0.061
1668255763515,2022-11-12T14:22:43.515,1215.960,0.732,-0.274,0.061
1668255763555,2022-11-12T14:22:43.555,1216.000,0.793,-0.213,-0.030
1668255763595,2022-11-12T14:22:43.595,1216.040,0.884,-0.152,0.000
1668255763635,2022-11-12T14:22:43.635,1216.080,0.854,-0.091,-0.061
1668255763675,2022-11-12T14:22:43.675,1216.120,0.671,-0.061,0.000
1668255763715,2022-11-12T14:22:43.715,1216.160,0.518,0.000,0.030
1668255763755,2022-11-12T14:22:43.755,1216.200,0.762,0.061,-0.030
1668255763795,2022-11-12T14:22:43.795,1216.240,0.884,-0.122,0.000
1668255763835,2022-11-12T14:22:43.835,1216.280,1.006,-0.213,-0.152
1668255763875,2022-11-12T14:22:43.875,1216.320,0.976,-0.183,-0.061
1668255763915,2022-11-12T14:22:43.915,1216.360,0.884,-0.183,0.030
1668255763955,2022-11-12T14:22:43.955,1216.400,0.854,-0.244,-0.061
1668255763995,2022-11-12T14:22:43.995,1216.440,1.098,-0.213,-0.152
1668255764035,2022-11-12T14:22:44.035,1216.480,0.915,-0.122,0.000
1668255764075,2022-11-12T14:22:44.075,1216.520,0.701,-0.244,0.000
1668255764115,2022-11-12T14:22:44.115,1216.560,0.884,-0.152,-0.061
1668255764155,2022-11-12T14:22:44.155,1216.600,0.976,-0.091,-0.061
1668255764195,2022-11-12T14:22:44.195,1216.640,0.976,-0.122,-0.122
1668255764235,2022-11-12T14:22:44.235,1216.680,0.793,-0.122,0.000
1668255764275,2022-11-12T14:22:44.275,1216.720,0.610,-0.244,0.091
1668255764315,2022-11-12T14:22:44.315,1216.760,0.823,-0.183,-0.091
1668255764355,2022-11-12T14:22:44.355,1216.800,0.854,-0.091,0.030
1668255764395,2022-11-12T14:22:44.395,1216.840,0.884,-0.183,-0.061
1668255764435,2022-11-12T14:22:44.435,1216.880,0.854,-0.244,0.000
1668255764475,2022-11-12T14:22:44.475,1216.920,0.854,-0.183,0.000
1668255764515,2022-11-12T14:22:44.515,1216.960,0.854,-0.091,-0.061
1668255764555,2022-11-12T14:22:44.555,1217.000,0.793,-0.183,0.000
1668255764595,2022-11-12T14:22:44.595,1217.040,0.884,-0.183,-0.091
1668255764635,2022-11-12T14:22:44.635,1217.080,0.884,-0.152,-0.030
1668255764675,2022-11-12T14:22:44.675,1217.120,0.854,-0.152,0.061
1668255764715,2022-11-12T14:22:44.715,1217.160,0.945,-0.183,-0.061
1668255764755,2022-11-12T14:22:44.755,1217.200,0.945,-0.183,-0.091
1668255764795,2022-11-12T14:22:44.795,1217.240,0.854,-0.183,0.000
1668255764835,2022-11-12T14:22:44.835,1217.280,0.884,-0.213,0.030
1668255764875,2022-11-12T14:22:44.875,1217.320,0.915,-0.244,0.000
1668255764915,2022-11-12T14:22:44.915,1217.360,0.884,-0.244,0.000
1668255764955,2022-11-12T14:22:44.955,1217.400,0.945,-0.183,-0.061
1668255764995,2022-11-12T14:22:44.995,1217.440,1.098,-0.152,-0.152
1668255765035,2022-11-12T14:22:45.035,1217.480,0.732,-0.274,0.091
1668255765075,2022-11-12T14:22:45.075,1217.520,0.732,-0.396,-0.030
1668255765115,2022-11-12T14:22:45.115,1217.560,1.006,-0.213,-0.091
1668255765155,2022-11-12T14:22:45.155,1217.600,0.915,-0.183,0.030
1668255765195,2022-11-12T14:22:45.195,1217.640,0.945,-0.183,-0.091
1668255765235,2022-11-12T14:22:45.235,1217.680,0.793,-0.183,0.030
1668255765275,2022-11-12T14:22:45.275,1217.720,1.098,-0.152,0.000
1668255765315,2022-11-12T14:22:45.315,1217.760,0.976,-0.122,0.030
1668255765355,2022-11-12T14:22:45.355,1217.800,0.701,-0.244,0.061
1668255765395,2022-11-12T14:22:45.395,1217.840,1.006,-0.213,-0.091
1668255765435,2022-11-12T14:22:45.435,1217.880,0.915,-0.152,0.000
1668255765475,2022-11-12T14:22:45.475,1217.920,0.732,-0.213,0.030
1668255765515,2022-11-12T14:22:45.515,1217.960,0.823,-0.244,-0.030
1668255765555,2022-11-12T14:22:45.555,1218.000,0.915,-0.183,-0.030
1668255765595,2022-11-12T14:22:45.595,1218.040,0.915,-0.213,0.000
1668255765635,2022-11-12T14:22:45.635,1218.080,0.762,-0.244,-0.030
1668255765675,2022-11-12T14:22:45.675,1218.120,0.823,-0.244,0.000
1668255765715,2022-11-12T14:22:45.715,1218.160,1.037,-0.183,0.030
1668255765755,2022-11-12T14:22:45.755,1218.200,1.128,-0.122,-0.061
1668255765795,2022-11-12T14:22:45.795,1218.240,0.915,-0.152,-0.030
1668255765835,2022-11-12T14:22:45.835,1218.280,0.671,-0.305,0.122
1668255765875,2022-11-12T14:22:45.875,1218.320,0.945,-0.305,-0.152
1668255765915,2022-11-12T14:22:45.915,1218.360,0.915,-0.213,-0.030
1668255765955,2022-11-12T14:22:45.955,1218.400,0.823,-0.183,0.030
1668255765995,2022-11-12T14:22:45.995,1218.440,0.793,-0.183,0.061
1668255766035,2022-11-12T14:22:46.035,1218.480,0.732,-0.213,0.061
1668255766075,2022-11-12T14:22:46.075,1218.520,0.854,-0.122,-0.061
1668255766115,2022-11-12T14:22:46.115,1218.560,0.823,-0.274,0.030
1668255766155,2022-11-12T14:22:46.155,1218.600,0.884,-0.274,-0.061
1668255766195,2022-11-12T14:22:46.195,1218.640,1.037,-0.213,-0.091
1668255766235,2022-11-12T14:22:46.235,1218.680,1.006,-0.183,-0.030
1668255766275,2022-11-12T14:22:46.275,1218.720,0.671,-0.305,-0.335
1668255766315,2022-11-12T14:22:46.315,1218.760,0.732,-0.335,-0.183
1668255766355,2022-11-12T14:22:46.355,1218.800,0.762,-0.122,0.152
1668255766395,2022-11-12T14:22:46.395,1218.840,0.793,-0.305,0.000
1668255766435,2022-11-12T14:22:46.435,1218.880,0.640,-0.305,0.061
1668255766475,2022-11-12T14:22:46.475,1218.920,0.854,-0.183,0.091
1668255766515,2022-11-12T14:22:46.515,1218.960,0.854,-0.183,0.030
1668255766555,2022-11-12T14:22:46.555,1219.000,0.823,-0.213,0.030
1668255766595,2022-11-12T14:22:46.595,1219.040,0.976,-0.152,0.030
1668255766635,2022-11-12T14:22:46.635,1219.080,0.640,-0.366,0.091
1668255766675,2022-11-12T14:22:46.675,1219.120,0.732,-0.396,-0.030
1668255766715,2022-11-12T14:22:46.715,1219.160,0.945,-0.183,0.030
1668255766755,2022-11-12T14:22:46.755,1219.200,0.945,-0.152,0.000
1668255766795,2022-11-12T14:22:46.795,1219.240,0.671,-0.213,0.183
1668255766835,2022-11-12T14:22:46.835,1219.280,0.671,-0.274,0.091
1668255766875,2022-11-12T14:22:46.875,1219.320,0.976,-0.091,-0.061
1668255766915,2022-11-12T14:22:46.915,1219.360,0.793,-0.213,0.091
1668255766955,2022-11-12T14:22:46.955,1219.400,0.915,-0.244,-0.091
1668255766995,2022-11-12T14:22:46.995,1219.440,0.854,-0.183,0.000
1668255767035,2022-11-12T14:22:47.035,1219.480,0.762,-0.213,0.061
1668255767075,2022-11-12T14:22:47.075,1219.520,0.732,-0.274,-0.030
1668255767115,2022-11-12T14:22:47.115,1219.560,0.732,-0.213,0.061
1668255767155,2022-11-12T14:22:47.155,1219.600,0.884,-0.152,0.030
1668255767195,2022-11-12T14:22:47.195,1219.640,0.823,-0.183,0.030
1668255767235,2022-11-12T14:22:47.235,1219.680,0.732,-0.213,0.061
1668255767275,2022-11-12T14:22:47.275,1219.720,0.854,-0.152,0.061
1668255767315,2022-11-12T14:22:47.315,1219.760,0.823,-0.122,0.030
1668255767355,2022-11-12T14:22:47.355,1219.800,0.945,-0.213,-0.091
1668255767395,2022-11-12T14:22:47.395,1219.840,0.732,-0.305,0.091
1668255767435,2022-11-12T14:22:47.435,1219.880,0.701,-0.305,0.000
1668255767475,2022-11-12T14:22:47.475,1219.920,0.884,-0.122,-0.061
1668255767515,2022-11-12T14:22:47.515,1219.960,0.884,-0.152,-0.030
1668255767555,2022-11-12T14:22:47.555,1220.000,0.762,-0.152,0.000
1668255767595,2022-11-12T14:22:47.595,1220.040,0.945,-0.213,-0.030
1668255767635,2022-11-12T14:22:47.635,1220.080,1.006,-0.061,-0.061
1668255767675,2022-11-12T14:22:47.675,1220.120,0.701,-0.213,0.030
1668255767715,2022-11-12T14:22:47.715,1220.160,0.976,-0.213,-0.122
1668255767755,2022-11-12T14:22:47.755,1220.200,0.976,-0.061,0.030
1668255767795,2022-11-12T14:22:47.795,1220.240,0.854,-0.183,0.000
1668255767835,2022-11-12T14:22:47.835,1220.280,0.915,-0.213,-0.061
1668255767875,2022-11-12T14:22:47.875,1220.320,1.067,-0.122,-0.091
1668255767915,2022-11-12T14:22:47.915,1220.360,0.976,-0.152,-0.030
1668255767955,2022-11-12T14:22:47.955,1220.400,0.823,-0.244,-0.030
1668255767995,2022-11-12T14:22:47.995,1220.440,0.762,-0.152,0.091
1668255768035,2022-11-12T14:22:48.035,1220.480,0.793,-0.091,0.091
1668255768075,2022-11-12T14:22:48.075,1220.520,0.945,-0.061,-0.091
1668255768115,2022-11-12T14:22:48.115,1220.560,0.854,-0.152,0.030
1668255768155,2022-11-12T14:22:48.155,1220.600,0.640,-0.274,0.000
1668255768195,2022-11-12T14:22:48.195,1220.640,0.732,-0.152,-0.061
1668255768235,2022-11-12T14:22:48.235,1220.680,0.945,-0.152,0.000
1668255768275,2022-11-12T14:22:48.275,1220.720,1.006,-0.152,-0.152
1668255768315,2022-11-12T14:22:48.315,1220.760,0.732,-0.213,0.030
1668255768355,2022-11-12T14:22:48.355,1220.800,0.915,-0.152,-0.091
1668255768395,2022-11-12T14:22:48.395,1220.840,1.006,-0.061,-0.030
1668255768435,2022-11-12T14:22:48.435,1220.880,0.823,-0.244,0.091
1668255768475,2022-11-12T14:22:48.475,1220.920,0.976,-0.244,-0.091
1668255768515,2022-11-12T14:22:48.515,1220.960,0.854,-0.183,0.000
1668255768555,2022-11-12T14:22:48.555,1221.000,0.762,-0.183,0.091
1668255768595,2022-11-12T14:22:48.595,1221.040,0.884,-0.152,-0.030
1668255768635,2022-11-12T14:22:48.635,1221.080,0.823,-0.213,-0.030
1668255768675,2022-11-12T14:22:48.675,1221.120,0.610,-0.061,0.091
1668255768715,2022-11-12T14:22:48.715,1221.160,0.488,0.061,0.030
1668255768755,2022-11-12T14:22:48.755,1221.200,0.610,-0.091,0.061
1668255768795,2022-11-12T14:22:48.795,1221.240,0.915,-0.183,-0.061
1668255768835,2022-11-12T14:22:48.835,1221.280,1.159,-0.274,-0.091
1668255768875,2022-11-12T14:22:48.875,1221.320,1.067,-0.305,0.030
1668255768915,2022-11-12T14:22:48.915,1221.360,0.915,-0.427,0.030
1668255768955,2022-11-12T14:22:48.955,1221.400,1.006,-0.305,-0.061
1668255768995,2022-11-12T14:22:48.995,1221.440,0.976,-0.183,0.000
1668255769035,2022-11-12T14:22:49.035,1221.480,0.976,-0.152,-0.030
1668255769075,2022-11-12T14:22:49.075,1221.520,0.823,-0.213,0.000
1668255769115,2022-11-12T14:22:49.115,1221.560,0.732,-0.244,0.061
1668255769155,2022-11-12T14:22:49.155,1221.600,0.854,-0.122,0.000
1668255769195,2022-11-12T14:22:49.195,1221.640,0.762,-0.213,0.061
1668255769235,2022-11-12T14:22:49.235,1221.680,0.854,-0.244,-0.061
1668255769275,2022-11-12T14:22:49.275,1221.720,0.884,-0.183,0.030
1668255769315,2022-11-12T14:22:49.315,1221.760,0.640,-0.274,0.152
1668255769355,2022-11-12T14:22:49.355,1221.800,0.640,-0.244,0.091
1668255769395,2022-11-12T14:22:49.395,1221.840,0.823,-0.122,-0.030
1668255769435,2022-11-12T14:22:49.435,1221.880,0.884,-0.152,0.000
1668255769475,2022-11-12T14:22:49.475,1221.920,0.884,-0.213,0.000
1668255769515,2022-11-12T14:22:49.515,1221.960,0.915,-0.213,0.030
1668255769555,2022-11-12T14:22:49.555,1222.000,0.823,-0.183,0.030
1668255769595,2022-11-12T14:22:49.595,1222.040,0.884,-0.183,-0.030
1668255769635,2022-11-12T14:22:49.635,1222.080,0.823,-0.152,-0.030
1668255769675,2022-11-12T14:22:49.675,1222.120,0.915,-0.122,0.000
1668255769715,2022-11-12T14:22:49.715,1222.160,0.732,-0.274,0.122
1668255769755,2022-11-12T14:22:49.755,1222.200,0.762,-0.305,-0.061
1668255769795,2022-11-12T14:22:49.795,1222.240,0.945,-0.122,-0.030
1668255769835,2022-11-12T14:22:49.835,1222.280,0.762,-0.152,0.000
1668255769875,2022-11-12T14:22:49.875,1222.320,0.701,-0.183,-0.030
1668255769915,2022-11-12T14:22:49.915,1222.360,0.793,-0.152,0.091
1668255769955,2022-11-12T14:22:49.955,1222.400,1.098,-0.091,-0.061
1668255769995,2022-11-12T14:22:49.995,1222.440,0.854,-0.213,0.030
1668255770035,2022-11-12T14:22:50.035,1222.480,0.884,-0.274,0.000
1668255770075,2022-11-12T14:22:50.075,1222.520,1.037,-0.213,-0.061
1668255770115,2022-11-12T14:22:50.115,1222.560,0.884,-0.213,0.091
1668255770155,2022-11-12T14:22:50.155,1222.600,0.793,-0.244,0.091
1668255770195,2022-11-12T14:22:50.195,1222.640,0.945,-0.244,0.000
1668255770235,2022-11-12T14:22:50.235,1222.680,1.006,-0.213,0.030
1668255770275,2022-11-12T14:22:50.275,1222.720,1.006,-0.213,0.000
1668255770315,2022-11-12T14:22:50.315,1222.760,1.067,-0.183,-0.030
1668255770355,2022-11-12T14:22:50.355,1222.800,0.793,-0.244,0.091
1668255770395,2022-11-12T14:22:50.395,1222.840,0.854,-0.305,0.122
1668255770435,2022-11-12T14:22:50.435,1222.880,1.067,-0.183,0.000
1668255770475,2022-11-12T14:22:50.475,1222.920,1.037,-0.152,-0.061
1668255770515,2022-11-12T14:22:50.515,1222.960,0.610,-0.305,0.183
1668255770555,2022-11-12T14:22:50.555,1223.000,0.671,-0.366,-0.030
1668255770595,2022-11-12T14:22:50.595,1223.040,0.915,-0.213,0.061
1668255770635,2022-11-12T14:22:50.635,1223.080,0.854,-0.213,0.091
1668255770675,2022-11-12T14:22:50.675,1223.120,0.793,-0.244,-0.030
1668255770715,2022-11-12T14:22:50.715,1223.160,0.671,-0.244,0.091
1668255770755,2022-11-12T14:22:50.755,1223.200,0.884,-0.152,0.030
1668255770795,2022-11-12T14:22:50.795,1223.240,0.884,-0.213,0.091
1668255770835,2022-11-12T14:22:50.835,1223.280,0.915,-0.244,0.000
1668255770875,2022-11-12T14:22:50.875,1223.320,0.884,-0.213,0.000
1668255770915,2022-11-12T14:22:50.915,1223.360,0.915,-0.183,0.091
1668255770955,2022-11-12T14:22:50.955,1223.400,0.793,-0.183,0.122
1668255770995,2022-11-12T14:22:50.995,1223.440,0.701,-0.274,0.000
1668255771035,2022-11-12T14:22:51.035,1223.480,1.006,-0.213,-0.030
1668255771075,2022-11-12T14:22:51.075,1223.520,0.976,-0.183,0.000
1668255771115,2022-11-12T14:22:51.115,1223.560,0.854,-0.244,0.030
1668255771155,2022-11-12T14:22:51.155,1223.600,0.823,-0.213,0.061
1668255771195,2022-11-12T14:22:51.195,1223.640,0.945,-0.091,0.030
1668255771235,2022-11-12T14:22:51.235,1223.680,0.823,-0.274,0.030
1668255771275,2022-11-12T14:22:51.275,1223.720,0.671,-0.335,-0.030
1668255771315,2022-11-12T14:22:51.315,1223.760,0.854,-0.183,-0.061
1668255771355,2022-11-12T14:22:51.355,1223.800,0.762,-0.091,0.030
1668255771395,2022-11-12T14:22:51.395,1223.840,0.762,-0.244,-0.061
1668255771435,2022-11-12T14:22:51.435,1223.880,0.884,-0.213,0.030
1668255771475,2022-11-12T14:22:51.475,1223.920,1.067,-0.061,-0.091
1668255771515,2022-11-12T14:22:51.515,1223.960,0.701,-0.152,0.030
1668255771555,2022-11-12T14:22:51.555,1224.000,0.732,-0.244,-0.030
1668255771595,2022-11-12T14:22:51.595,1224.040,1.006,-0.122,0.000
1668255771635,2022-11-12T14:22:51.635,1224.080,0.884,-0.122,0.030
1668255771675,2022-11-12T14:22:51.675,1224.120,0.762,-0.183,0.030
1668255771715,2022-11-12T14:22:51.715,1224.160,1.098,-0.152,-0.030
1668255771755,2022-11-12T14:22:51.755,1224.200,1.951,-0.030,-0.213
1668255771795,2022-11-12T14:22:51.795,1224.240,1.646,-0.183,-0.061
1668255771835,2022-11-12T14:22:51.835,1224.280,0.945,-0.152,-0.030
1668255771875,2022-11-12T14:22:51.875,1224.320,0.762,-0.122,-0.061
1668255771915,2022-11-12T14:22:51.915,1224.360,0.549,-0.213,0.030
1668255771955,2022-11-12T14:22:51.955,1224.400,0.366,-0.335,0.061
1668255771995,2022-11-12T14:22:51.995,1224.440,0.488,-0.244,-0.030
1668255772035,2022-11-12T14:22:52.035,1224.480,0.671,-0.152,0.030
1668255772075,2022-11-12T14:22:52.075,1224.520,0.701,-0.152,-0.061
1668255772115,2022-11-12T14:22:52.115,1224.560,0.640,-0.213,0.061
1668255772155,2022-11-12T14:22:52.155,1224.600,0.854,-0.213,0.030
1668255772195,2022-11-12T14:22:52.195,1224.640,0.823,-0.091,0.000
1668255772235,2022-11-12T14:22:52.235,1224.680,0.671,-0.244,0.000
1668255772275,2022-11-12T14:22:52.275,1224.720,1.037,-0.213,-0.152
1668255772315,2022-11-12T14:22:52.315,1224.760,0.793,-0.152,0.091
1668255772355,2022-11-12T14:22:52.355,1224.800,0.701,-0.213,0.061
1668255772395,2022-11-12T14:22:52.395,1224.840,0.854,-0.244,-0.091
1668255772435,2022-11-12T14:22:52.435,1224.880,0.854,-0.183,-0.091
1668255772475,2022-11-12T14:22:52.475,1224.920,0.823,-0.152,0.030
1668255772515,2022-11-12T14:22:52.515,1224.960,0.823,-0.213,0.030
1668255772555,2022-11-12T14:22:52.555,1225.000,0.854,-0.152,-0.030
1668255772595,2022-11-12T14:22:52.595,1225.040,1.006,-0.122,-0.091
1668255772635,2022-11-12T14:22:52.635,1225.080,0.915,-0.183,-0.061
1668255772675,2022-11-12T14:22:52.675,1225.120,0.640,-0.305,0.000
1668255772715,2022-11-12T14:22:52.715,1225.160,0.671,-0.183,-0.030
1668255772755,2022-11-12T14:22:52.755,1225.200,0.823,-0.152,0.030
1668255772795,2022-11-12T14:22:52.795,1225.240,0.884,-0.152,-0.122
1668255772835,2022-11-12T14:22:52.835,1225.280,0.793,-0.244,0.030
1668255772875,2022-11-12T14:22:52.875,1225.320,0.884,-0.183,0.061
1668255772915,2022-11-12T14:22:52.915,1225.360,0.945,-0.122,-0.061
1668255772955,2022-11-12T14:22:52.955,1225.400,0.610,-0.183,0.122
1668255772995,2022-11-12T14:22:52.995,1225.440,0.884,-0.183,-0.061
1668255773035,2022-11-12T14:22:53.035,1225.480,0.915,-0.122,0.061
1668255773075,2022-11-12T14:22:53.075,1225.520,0.945,-0.152,0.030
1668255773115,2022-11-12T14:22:53.115,1225.560,0.884,-0.213,-0.061
1668255773155,2022-11-12T14:22:53.155,1225.600,0.823,-0.213,-0.030
1668255773195,2022-11-12T14:22:53.195,1225.640,0.945,-0.213,-0.030
1668255773235,2022-11-12T14:22:53.235,1225.680,0.823,-0.213,0.061
1668255773275,2022-11-12T14:22:53.275,1225.720,0.884,-0.244,0.000
1668255773315,2022-11-12T14:22:53.315,1225.760,0.884,-0.152,0.030
1668255773355,2022-11-12T14:22:53.355,1225.800,0.854,-0.122,0.000
1668255773395,2022-11-12T14:22:53.395,1225.840,0.976,-0.152,-0.122
1668255773435,2022-11-12T14:22:53.435,1225.880,0.549,-0.274,0.122
1668255773475,2022-11-12T14:22:53.475,1225.920,0.732,-0.335,0.000
1668255773515,2022-11-12T14:22:53.515,1225.960,0.976,-0.213,-0.061
1668255773555,2022-11-12T14:22:53.555,1226.000,0.793,-0.122,0.061
1668255773595,2022-11-12T14:22:53.595,1226.040,0.793,-0.213,-0.030
1668255773635,2022-11-12T14:22:53.635,1226.080,0.762,-0.213,0.122
1668255773675,2022-11-12T14:22:53.675,1226.120,0.976,-0.122,0.000
1668255773715,2022-11-12T14:22:53.715,1226.160,0.945,-0.152,0.030
1668255773755,2022-11-12T14:22:53.755,1226.200,0.884,-0.244,0.030
1668255773795,2022-11-12T14:22:53.795,1226.240,0.915,-0.213,-0.030
1668255773835,2022-11-12T14:22:53.835,1226.280,0.854,-0.152,0.030
1668255773875,2022-11-12T14:22:53.875,1226.320,0.732,-0.213,0.030
1668255773915,2022-11-12T14:22:53.915,1226.360,0.854,-0.213,0.030
1668255773955,2022-11-12T14:22:53.955,1226.400,1.098,-0.091,-0.030
1668255773995,2022-11-12T14:22:53.995,1226.440,0.823,-0.183,0.030
1668255774035,2022-11-12T14:22:54.035,1226.480,0.762,-0.274,0.000
1668255774075,2022-11-12T14:22:54.075,1226.520,0.976,-0.152,-0.030
1668255774115,2022-11-12T14:22:54.115,1226.560,0.884,-0.213,0.000
1668255774155,2022-11-12T14:22:54.155,1226.600,0.884,-0.213,0.030
1668255774195,2022-11-12T14:22:54.195,1226.640,1.067,-0.152,-0.152
1668255774235,2022-11-12T14:22:54.235,1226.680,0.854,-0.152,-0.030
1668255774275,2022-11-12T14:22:54.275,1226.720,0.610,-0.366,0.122
1668255774315,2022-11-12T14:22:54.315,1226.760,0.793,-0.305,-0.030
1668255774355,2022-11-12T14:22:54.355,1226.800,0.945,-0.122,0.000
1668255774395,2022-11-12T14:22:54.395,1226.840,0.854,-0.152,-0.030
1668255774435,2022-11-12T14:22:54.435,1226.880,0.701,-0.305,0.000
1668255774475,2022-11-12T14:22:54.475,1226.920,0.823,-0.213,0.091
1668255774515,2022-11-12T14:22:54.515,1226.960,0.884,-0.122,0.000
1668255774555,2022-11-12T14:22:54.555,1227.000,0.762,-0.274,0.061
1668255774595,2022-11-12T14:22:54.595,1227.040,0.976,-0.244,-0.091
1668255774635,2022-11-12T14:22:54.635,1227.080,0.884,-0.213,0.030
1668255774675,2022-11-12T14:22:54.675,1227.120,0.823,-0.244,0.091
1668255774715,2022-11-12T14:22:54.715,1227.160,0.823,-0.244,0.000
1668255774755,2022-11-12T14:22:54.755,1227.200,0.762,-0.183,0.030
1668255774795,2022-11-12T14:22:54.795,1227.240,0.854,-0.213,0.091
1668255774835,2022-11-12T14:22:54.835,1227.280,0.884,-0.244,0.061
1668255774875,2022-11-12T14:22:54.875,1227.320,0.793,-0.244,0.061
1668255774915,2022-11-12T14:22:54.915,1227.360,0.854,-0.244,0.030
1668255774955,2022-11-12T14:22:54.955,1227.400,0.945,-0.213,0.030
1668255774995,2022-11-12T14:22:54.995,1227.440,0.915,-0.183,-0.061
1668255775035,2022-11-12T14:22:55.035,1227.480,0.945,-0.183,-0.061
1668255775075,2022-11-12T14:22:55.075,1227.520,0.671,-0.244,0.152
1668255775115,2022-11-12T14:22:55.115,1227.560,0.793,-0.305,0.000
1668255775155,2022-11-12T14:22:55.155,1227.600,0.854,-0.244,-0.030
1668255775195,2022-11-12T14:22:55.195,1227.640,0.915,-0.152,0.030
1668255775235,2022-11-12T14:22:55.235,1227.680,0.823,-0.152,0.000
1668255775275,2022-11-12T14:22:55.275,1227.720,0.640,-0.274,0.122
1668255775315,2022-11-12T14:22:55.315,1227.760,1.037,-0.122,-0.091
1668255775355,2022-11-12T14:22:55.355,1227.800,0.884,-0.152,0.061
1668255775395,2022-11-12T14:22:55.395,1227.840,0.793,-0.274,0.000
1668255775435,2022-11-12T14:22:55.435,1227.880,0.945,-0.183,-0.061
1668255775475,2022-11-12T14:22:55.475,1227.920,0.854,-0.122,0.061
1668255775515,2022-11-12T14:22:55.515,1227.960,0.732,-0.213,0.030
1668255775555,2022-11-12T14:22:55.555,1228.000,0.854,-0.213,-0.061
1668255775595,2022-11-12T14:22:55.595,1228.040,1.067,-0.152,-0.091
1668255775635,2022-11-12T14:22:55.635,1228.080,0.976,-0.183,-0.030
1668255775675,2022-11-12T14:22:55.675,1228.120,0.823,-0.274,0.000
1668255775715,2022-11-12T14:22:55.715,1228.160,0.915,-0.152,0.000
1668255775755,2022-11-12T14:22:55.755,1228.200,0.945,-0.061,-0.030
1668255775795,2022-11-12T14:22:55.795,1228.240,0.945,-0.122,-0.091
1668255775835,2022-11-12T14:22:55.835,1228.280,0.884,-0.213,0.061
1668255775875,2022-11-12T14:22:55.875,1228.320,0.854,-0.244,0.000
1668255775915,2022-11-12T14:22:55.915,1228.360,0.793,-0.183,-0.030
1668255775955,2022-11-12T14:22:55.955,1228.400,0.884,-0.152,-0.030
1668255775995,2022-11-12T14:22:55.995,1228.440,0.945,-0.152,-0.061
1668255776035,2022-11-12T14:22:56.035,1228.480,0.762,-0.213,0.030
1668255776075,2022-11-12T14:22:56.075,1228.520,1.006,-0.183,-0.061
1668255776115,2022-11-12T14:22:56.115,1228.560,0.732,-0.122,0.091
1668255776155,2022-11-12T14:22:56.155,1228.600,0.823,-0.213,-0.030
1668255776195,2022-11-12T14:22:56.195,1228.640,1.067,-0.183,-0.030
1668255776235,2022-11-12T14:22:56.235,1228.680,0.823,-0.122,0.122
1668255776275,2022-11-12T14:22:56.275,1228.720,0.793,-0.183,-0.061
1668255776315,2022-11-12T14:22:56.315,1228.760,0.915,-0.244,-0.091
1668255776355,2022-11-12T14:22:56.355,1228.800,0.884,-0.091,0.030
1668255776395,2022-11-12T14:22:56.395,1228.840,0.854,-0.152,0.030
1668255776435,2022-11-12T14:22:56.435,1228.880,0.823,-0.213,0.000
1668255776475,2022-11-12T14:22:56.475,1228.920,0.823,-0.183,0.030
1668255776515,2022-11-12T14:22:56.515,1228.960,0.945,-0.122,-0.061
1668255776555,2022-11-12T14:22:56.555,1229.000,0.945,-0.152,-0.061
1668255776595,2022-11-12T14:22:56.595,1229.040,0.854,-0.152,-0.030
1668255776635,2022-11-12T14:22:56.635,1229.080,0.671,-0.274,0.122
1668255776675,2022-11-12T14:22:56.675,1229.120,0.762,-0.274,-0.030
1668255776715,2022-11-12T14:22:56.715,1229.160,0.915,-0.183,-0.030
1668255776755,2022-11-12T14:22:56.755,1229.200,0.884,-0.183,0.000
1668255776795,2022-11-12T14:22:56.795,1229.240,0.793,-0.213,0.030
1668255776835,2022-11-12T14:22:56.835,1229.280,0.701,-0.244,0.122
1668255776875,2022-11-12T14:22:56.875,1229.320,0.976,-0.091,-0.061
1668255776915,2022-11-12T14:22:56.915,1229.360,0.884,-0.213,0.030
1668255776955,2022-11-12T14:22:56.955,1229.400,0.823,-0.244,-0.030
1668255776995,2022-11-12T14:22:56.995,1229.440,1.006,-0.152,-0.030
1668255777035,2022-11-12T14:22:57.035,1229.480,0.823,-0.183,0.061
1668255777075,2022-11-12T14:22:57.075,1229.520,0.793,-0.183,-0.030
1668255777115,2022-11-12T14:22:57.115,1229.560,0.915,-0.091,0.000
1668255777155,2022-11-12T14:22:57.155,1229.600,0.823,-0.152,0.000
1668255777195,2022-11-12T14:22:57.195,1229.640,0.823,-0.152,0.000
1668255777235,2022-11-12T14:22:57.235,1229.680,0.915,-0.213,-0.061
1668255777275,2022-11-12T14:22:57.275,1229.720,0.793,-0.213,0.030
1668255777315,2022-11-12T14:22:57.315,1229.760,0.823,-0.213,0.000
1668255777355,2022-11-12T14:22:57.355,1229.800,0.884,-0.152,-0.030
1668255777395,2022-11-12T14:22:57.395,1229.840,0.915,-0.091,-0.061
1668255777435,2022-11-12T14:22:57.435,1229.880,0.823,-0.152,0.061
1668255777475,2022-11-12T14:22:57.475,1229.920,0.610,-0.335,0.091
1668255777515,2022-11-12T14:22:57.515,1229.960,0.976,-0.152,-0.091
1668255777555,2022-11-12T14:22:57.555,1230.000,1.159,0.000,-0.030
1668255777595,2022-11-12T14:22:57.595,1230.040,0.854,-0.213,-0.030
1668255777635,2022-11-12T14:22:57.635,1230.080,0.549,-0.305,0.091
1668255777675,2022-11-12T14:22:57.675,1230.120,0.762,-0.183,0.091
1668255777715,2022-11-12T14:22:57.715,1230.160,0.945,-0.122,-0.061
1668255777755,2022-11-12T14:22:57.755,1230.200,0.732,-0.244,0.061
1668255777795,2022-11-12T14:22:57.795,1230.240,0.915,-0.213,-0.030
1668255777835,2022-11-12T14:22:57.835,1230.280,0.976,-0.152,0.000
1668255777875,2022-11-12T14:22:57.875,1230.320,0.915,-0.152,0.061
1668255777915,2022-11-12T14:22:57.915,1230.360,0.823,-0.244,-0.030
1668255777955,2022-11-12T14:22:57.955,1230.400,1.006,-0.183,-0.061
1668255777995,2022-11-12T14:22:57.995,1230.440,1.067,-0.183,0.030
1668255778035,2022-11-12T14:22:58.035,1230.480,0.762,-0.183,0.030
1668255778075,2022-11-12T14:22:58.075,1230.520,0.823,-0.244,0.000
1668255778115,2022-11-12T14:22:58.115,1230.560,0.945,-0.183,0.061
1668255778155,2022-11-12T14:22:58.155,1230.600,0.823,-0.274,0.030
1668255778195,2022-11-12T14:22:58.195,1230.640,0.762,-0.274,-0.030
1668255778235,2022-11-12T14:22:58.235,1230.680,0.823,-0.213,-0.030
1668255778275,2022-11-12T14:22:58.275,1230.720,0.976,-0.183,0.030
1668255778315,2022-11-12T14:22:58.315,1230.760,0.823,-0.366,0.061
1668255778355,2022-11-12T14:22:58.355,1230.800,0.976,-0.366,-0.122
1668255778395,2022-11-12T14:22:58.395,1230.840,1.067,-0.183,-0.030
1668255778435,2022-11-12T14:22:58.435,1230.880,0.854,-0.213,0.030
1668255778475,2022-11-12T14:22:58.475,1230.920,0.793,-0.244,0.061
1668255778515,2022-11-12T14:22:58.515,1230.960,0.793,-0.244,0.122
1668255778555,2022-11-12T14:22:58.555,1231.000,0.945,-0.183,0.000
1668255778595,2022-11-12T14:22:58.595,1231.040,0.793,-0.274,0.061
1668255778635,2022-11-12T14:22:58.635,1231.080,0.915,-0.244,-0.061
1668255778675,2022-11-12T14:22:58.675,1231.120,0.854,-0.213,0.000
1668255778715,2022-11-12T14:22:58.715,1231.160,0.793,-0.183,0.122
1668255778755,2022-11-12T14:22:58.755,1231.200,0.793,-0.213,0.061
1668255778795,2022-11-12T14:22:58.795,1231.240,0.793,-0.213,0.061
1668255778835,2022-11-12T14:22:58.835,1231.280,0.976,-0.213,0.000
1668255778875,2022-11-12T14:22:58.875,1231.320,0.854,-0.213,0.061
1668255778915,2022-11-12T14:22:58.915,1231.360,0.762,-0.244,0.091
1668255778955,2022-11-12T14:22:58.955,1231.400,1.006,-0.213,0.000
1668255778995,2022-11-12T14:22:58.995,1231.440,0.884,-0.244,0.000
1668255779035,2022-11-12T14:22:59.035,1231.480,0.793,-0.213,-0.030
1668255779075,2022-11-12T14:22:59.075,1231.520,1.037,-0.183,0.000
1668255779115,2022-11-12T14:22:59.115,1231.560,0.854,-0.305,0.152
1668255779155,2022-11-12T14:22:59.155,1231.600,0.762,-0.335,-0.061
1668255779195,2022-11-12T14:22:59.195,1231.640,0.823,-0.213,-0.030
1668255779235,2022-11-12T14:22:59.235,1231.680,0.884,-0.152,0.091
1668255779275,2022-11-12T14:22:59.275,1231.720,0.915,-0.244,-0.030
1668255779315,2022-11-12T14:22:59.315,1231.760,0.854,-0.244,0.030
1668255779355,2022-11-12T14:22:59.355,1231.800,0.976,-0.091,0.000
1668255779395,2022-11-12T14:22:59.395,1231.840,0.732,-0.244,0.091
1668255779435,2022-11-12T14:22:59.435,1231.880,0.884,-0.274,-0.122
1668255779475,2022-11-12T14:22:59.475,1231.920,0.884,-0.091,0.000
1668255779515,2022-11-12T14:22:59.515,1231.960,0.793,-0.122,0.091
1668255779555,2022-11-12T14:22:59.555,1232.000,0.854,-0.183,0.000
1668255779595,2022-11-12T14:22:59.595,1232.040,0.854,-0.152,-0.030
1668255779635,2022-11-12T14:22:59.635,1232.080,0.884,-0.152,-0.030
1668255779675,2022-11-12T14:22:59.675,1232.120,0.854,-0.213,-0.030
1668255779715,2022-11-12T14:22:59.715,1232.160,0.915,-0.244,-0.061
1668255779755,2022-11-12T14:22:59.755,1232.200,0.854,-0.061,-0.030
1668255779795,2022-11-12T14:22:59.795,1232.240,1.006,-0.152,-0.152
1668255779835,2022-11-12T14:22:59.835,1232.280,0.823,-0.213,0.000
1668255779875,2022-11-12T14:22:59.875,1232.320,0.762,-0.396,-0.030
1668255779915,2022-11-12T14:22:59.915,1232.360,0.976,-0.244,-0.061
1668255779955,2022-11-12T14:22:59.955,1232.400,0.976,-0.091,0.030
1668255779995,2022-11-12T14:22:59.995,1232.440,0.793,-0.091,-0.030
1668255780035,2022-11-12T14:23:00.035,1232.480,0.762,-0.244,0.030
1668255780075,2022-11-12T14:23:00.075,1232.520,0.945,-0.122,-0.030
1668255780115,2022-11-12T14:23:00.115,1232.560,0.762,-0.091,0.061
1668255780155,2022-11-12T14:23:00.155,1232.600,0.762,-0.213,-0.061
1668255780195,2022-11-12T14:23:00.195,1232.640,0.945,-0.152,-0.061
1668255780235,2022-11-12T14:23:00.235,1232.680,0.854,-0.183,0.122
1668255780275,2022-11-12T14:23:00.275,1232.720,1.037,-0.213,-0.061
1668255780315,2022-11-12T14:23:00.315,1232.760,1.098,-0.122,-0.122
1668255780355,2022-11-12T14:23:00.355,1232.800,1.159,-0.091,-0.091
1668255780395,2022-11-12T14:23:00.395,1232.840,1.006,-0.091,0.000
1668255780435,2022-11-12T14:23:00.435,1232.880,1.006,-0.152,-0.091
1668255780475,2022-11-12T14:23:00.475,1232.920,0.915,-0.091,0.000
1668255780515,2022-11-12T14:23:00.515,1232.960,1.006,-0.122,-0.061
1668255780555,2022-11-12T14:23:00.555,1233.000,1.067,-0.152,-0.061
1668255780595,2022-11-12T14:23:00.595,1233.040,0.610,-0.183,0.152
1668255780635,2022-11-12T14:23:00.635,1233.080,0.640,-0.274,-0.061
1668255780675,2022-11-12T14:23:00.675,1233.120,0.976,-0.091,0.000
1668255780715,2022-11-12T14:23:00.715,1233.160,0.945,-0.061,0.030
1668255780755,2022-11-12T14:23:00.755,1233.200,0.793,-0.213,-0.061
1668255780795,2022-11-12T14:23:00.795,1233.240,0.915,-0.183,0.030
1668255780835,2022-11-12T14:23:00.835,1233.280,1.250,-0.061,-0.030
1668255780875,2022-11-12T14:23:00.875,1233.320,0.823,-0.122,0.122
1668255780915,2022-11-12T14:23:00.915,1233.360,0.732,-0.244,-0.091
1668255780955,2022-11-12T14:23:00.955,1233.400,0.884,-0.091,-0.061
1668255780995,2022-11-12T14:23:00.995,1233.440,0.732,-0.091,0.091
1668255781035,2022-11-12T14:23:01.035,1233.480,0.701,-0.274,-0.152
1668255781075,2022-11-12T14:23:01.075,1233.520,0.732,-0.244,-0.030
1668255781115,2022-11-12T14:23:01.115,1233.560,0.945,-0.152,0.061
1668255781155,2022-11-12T14:23:01.155,1233.600,0.884,-0.213,0.000
1668255781195,2022-11-12T14:23:01.195,1233.640,0.732,-0.335,-0.030
1668255781235,2022-11-12T14:23:01.235,1233.680,0.915,-0.152,0.000
1668255781275,2022-11-12T14:23:01.275,1233.720,1.067,-0.091,-0.030
1668255781315,2022-11-12T14:23:01.315,1233.760,0.976,-0.152,-0.061
1668255781355,2022-11-12T14:23:01.355,1233.800,0.671,-0.244,0.091
1668255781395,2022-11-12T14:23:01.395,1233.840,0.732,-0.274,0.030
1668255781435,2022-11-12T14:23:01.435,1233.880,0.884,-0.183,0.000
1668255781475,2022-11-12T14:23:01.475,1233.920,0.732,-0.152,0.091
1668255781515,2022-11-12T14:23:01.515,1233.960,0.793,-0.183,0.000
1668255781555,2022-11-12T14:23:01.555,1234.000,0.854,-0.183,0.000
1668255781595,2022-11-12T14:23:01.595,1234.040,0.945,-0.122,-0.091
1668255781635,2022-11-12T14:23:01.635,1234.080,0.823,-0.152,0.091
1668255781675,2022-11-12T14:23:01.675,1234.120,0.793,-0.244,0.061
1668255781715,2022-11-12T14:23:01.715,1234.160,1.067,-0.183,-0.122
1668255781755,2022-11-12T14:23:01.755,1234.200,0.945,-0.152,0.030
1668255781795,2022-11-12T14:23:01.795,1234.240,0.762,-0.183,0.061
1668255781835,2022-11-12T14:23:01.835,1234.280,0.854,-0.213,0.061
1668255781875,2022-11-12T14:23:01.875,1234.320,0.854,-0.183,0.000
1668255781915,2022-11-12T14:23:01.915,1234.360,0.732,-0.244,0.061
1668255781955,2022-11-12T14:23:01.955,1234.400,0.762,-0.244,0.061
1668255781995,2022-11-12T14:23:01.995,1234.440,0.884,-0.244,0.030
1668255782035,2022-11-12T14:23:02.035,1234.480,0.732,-0.274,0.061
1668255782075,2022-11-12T14:23:02.075,1234.520,0.884,-0.213,0.000
1668255782115,2022-11-12T14:23:02.115,1234.560,0.976,-0.183,0.030
1668255782155,2022-11-12T14:23:02.155,1234.600,0.610,-0.366,0.152
1668255782195,2022-11-12T14:23:02.195,1234.640,0.732,-0.335,-0.061
1668255782235,2022-11-12T14:23:02.235,1234.680,0.945,-0.152,0.000
1668255782275,2022-11-12T14:23:02.275,1234.720,0.793,-0.183,0.061
1668255782315,2022-11-12T14:23:02.315,1234.760,0.732,-0.335,0.030
1668255782355,2022-11-12T14:23:02.355,1234.800,0.945,-0.213,0.030
1668255782395,2022-11-12T14:23:02.395,1234.840,0.884,-0.122,0.030
1668255782435,2022-11-12T14:23:02.435,1234.880,0.701,-0.274,0.122
1668255782475,2022-11-12T14:23:02.475,1234.920,1.006,-0.305,-0.061
1668255782515,2022-11-12T14:23:02.515,1234.960,0.884,-0.213,0.030
1668255782555,2022-11-12T14:23:02.555,1235.000,0.671,-0.244,0.091
1668255782595,2022-11-12T14:23:02.595,1235.040,0.793,-0.274,0.061
1668255782635,2022-11-12T14:23:02.635,1235.080,0.823,-0.213,0.030
1668255782675,2022-11-12T14:23:02.675,1235.120,0.793,-0.274,0.061
1668255782715,2022-11-12T14:23:02.715,1235.160,0.823,-0.274,0.091
1668255782755,2022-11-12T14:23:02.755,1235.200,0.915,-0.244,0.061
1668255782795,2022-11-12T14:23:02.795,1235.240,0.976,-0.183,0.030
1668255782835,2022-11-12T14:23:02.835,1235.280,0.915,-0.244,0.030
1668255782875,2022-11-12T14:23:02.875,1235.320,0.884,-0.213,0.030
1668255782915,2022-11-12T14:23:02.915,1235.360,0.762,-0.335,0.152
1668255782955,2022-11-12T14:23:02.955,1235.400,0.762,-0.274,0.000
1668255782995,2022-11-12T14:23:02.995,1235.440,0.732,-0.152,0.030
1668255783035,2022-11-12T14:23:03.035,1235.480,0.915,-0.213,0.000
1668255783075,2022-11-12T14:23:03.075,1235.520,0.762,-0.244,0.091
1668255783115,2022-11-12T14:23:03.115,1235.560,0.915,-0.213,0.000
1668255783155,2022-11-12T14:23:03.155,1235.600,1.128,-0.152,-0.030
1668255783195,2022-11-12T14:23:03.195,1235.640,0.976,-0.274,0.091
1668255783235,2022-11-12T14:23:03.235,1235.680,1.098,-0.213,-0.122
1668255783275,2022-11-12T14:23:03.275,1235.720,0.793,-0.183,0.122
1668255783315,2022-11-12T14:23:03.315,1235.760,0.915,-0.152,0.091
1668255783355,2022-11-12T14:23:03.355,1235.800,1.006,-0.183,-0.152
1668255783395,2022-11-12T14:23:03.395,1235.840,0.945,-0.213,-0.122
1668255783435,2022-11-12T14:23:03.435,1235.880,0.945,-0.091,-0.030
1668255783475,2022-11-12T14:23:03.475,1235.920,1.006,-0.122,-0.091
1668255783515,2022-11-12T14:23:03.515,1235.960,0.823,-0.183,-0.030
1668255783555,2022-11-12T14:23:03.555,1236.000,0.915,-0.061,0.000
1668255783595,2022-11-12T14:23:03.595,1236.040,1.006,-0.091,-0.030
1668255783635,2022-11-12T14:23:03.635,1236.080,0.793,-0.305,-0.030
1668255783675,2022-11-12T14:23:03.675,1236.120,0.823,-0.091,0.000
1668255783715,2022-11-12T14:23:03.715,1236.160,0.823,-0.091,0.000
1668255783755,2022-11-12T14:23:03.755,1236.200,0.854,-0.183,-0.061
1668255783795,2022-11-12T14:23:03.795,1236.240,0.671,-0.213,0.030
1668255783835,2022-11-12T14:23:03.835,1236.280,0.884,-0.152,-0.091
1668255783875,2022-11-12T14:23:03.875,1236.320,0.915,-0.061,0.000
1668255783915,2022-11-12T14:23:03.915,1236.360,0.823,-0.244,0.030
1668255783955,2022-11-12T14:23:03.955,1236.400,0.854,-0.152,0.000
1668255783995,2022-11-12T14:23:03.995,1236.440,0.762,-0.152,0.122
1668255784035,2022-11-12T14:23:04.035,1236.480,0.915,-0.183,-0.061
1668255784075,2022-11-12T14:23:04.075,1236.520,0.945,-0.183,-0.091
1668255784115,2022-11-12T14:23:04.115,1236.560,0.945,-0.152,-0.061
1668255784155,2022-11-12T14:23:04.155,1236.600,0.823,-0.183,-0.061
1668255784195,2022-11-12T14:23:04.195,1236.640,0.793,-0.213,-0.030
1668255784235,2022-11-12T14:23:04.235,1236.680,1.006,-0.122,0.030
1668255784275,2022-11-12T14:23:04.275,1236.720,1.128,-0.091,-0.152
1668255784315,2022-11-12T14:23:04.315,1236.760,1.098,-0.183,-0.061
1668255784355,2022-11-12T14:23:04.355,1236.800,1.006,-0.244,0.000
1668255784395,2022-11-12T14:23:04.395,1236.840,0.610,-0.122,0.000
1668255784435,2022-11-12T14:23:04.435,1236.880,0.701,-0.122,0.000
1668255784475,2022-11-12T14:23:04.475,1236.920,1.006,-0.091,-0.122
1668255784515,2022-11-12T14:23:04.515,1236.960,0.762,-0.183,0.061
1668255784555,2022-11-12T14:23:04.555,1237.000,0.823,-0.213,0.000
1668255784595,2022-11-12T14:23:04.595,1237.040,1.067,-0.122,-0.122
1668255784635,2022-11-12T14:23:04.635,1237.080,0.701,-0.183,0.122
1668255784675,2022-11-12T14:23:04.675,1237.120,0.732,-0.244,-0.030
1668255784715,2022-11-12T14:23:04.715,1237.160,0.976,-0.183,-0.061
1668255784755,2022-11-12T14:23:04.755,1237.200,0.793,-0.152,0.030
1668255784795,2022-11-12T14:23:04.795,1237.240,0.732,-0.213,0.000
1668255784835,2022-11-12T14:23:04.835,1237.280,0.945,-0.152,-0.061
1668255784875,2022-11-12T14:23:04.875,1237.320,0.884,-0.152,0.030
1668255784915,2022-11-12T14:23:04.915,1237.360,0.976,-0.152,-0.030
1668255784955,2022-11-12T14:23:04.955,1237.400,0.945,-0.183,-0.030
1668255784995,2022-11-12T14:23:04.995,1237.440,0.884,-0.183,-0.030
1668255785035,2022-11-12T14:23:05.035,1237.480,0.884,-0.122,-0.030
1668255785075,2022-11-12T14:23:05.075,1237.520,0.884,-0.183,-0.030
1668255785115,2022-11-12T14:23:05.115,1237.560,0.915,-0.122,-0.061
1668255785155,2022-11-12T14:23:05.155,1237.600,0.762,-0.244,0.122
1668255785195,2022-11-12T14:23:05.195,1237.640,0.671,-0.305,-0.030
1668255785235,2022-11-12T14:23:05.235,1237.680,0.701,-0.244,-0.061
1668255785275,2022-11-12T14:23:05.275,1237.720,0.884,-0.122,0.000
1668255785315,2022-11-12T14:23:05.315,1237.760,0.854,-0.152,-0.030
1668255785355,2022-11-12T14:23:05.355,1237.800,0.671,-0.274,0.061
1668255785395,2022-11-12T14:23:05.395,1237.840,0.854,-0.152,-0.030
1668255785435,2022-11-12T14:23:05.435,1237.880,0.915,-0.122,0.030
1668255785475,2022-11-12T14:23:05.475,1237.920,0.793,-0.213,0.061
1668255785515,2022-11-12T14:23:05.515,1237.960,0.884,-0.213,-0.061
1668255785555,2022-11-12T14:23:05.555,1238.000,0.793,-0.183,0.091
1668255785595,2022-11-12T14:23:05.595,1238.040,0.701,-0.213,0.091
1668255785635,2022-11-12T14:23:05.635,1238.080,0.793,-0.244,-0.030
1668255785675,2022-11-12T14:23:05.675,1238.120,0.915,-0.213,0.000
1668255785715,2022-11-12T14:23:05.715,1238.160,0.732,-0.183,0.030
1668255785755,2022-11-12T14:23:05.755,1238.200,0.823,-0.244,0.000
1668255785795,2022-11-12T14:23:05.795,1238.240,0.762,-0.183,0.030
1668255785835,2022-11-12T14:23:05.835,1238.280,0.762,-0.183,0.000
1668255785875,2022-11-12T14:23:05.875,1238.320,0.884,-0.244,0.000
1668255785915,2022-11-12T14:23:05.915,1238.360,0.823,-0.244,0.030
1668255785955,2022-11-12T14:23:05.955,1238.400,0.823,-0.244,0.000
1668255785995,2022-11-12T14:23:05.995,1238.440,0.915,-0.152,-0.030
1668255786035,2022-11-12T14:23:06.035,1238.480,0.915,-0.152,0.000
1668255786075,2022-11-12T14:23:06.075,1238.520,0.579,-0.366,0.152
1668255786115,2022-11-12T14:23:06.115,1238.560,0.762,-0.335,-0.030
1668255786155,2022-11-12T14:23:06.155,1238.600,0.945,-0.152,-0.030
1668255786195,2022-11-12T14:23:06.195,1238.640,0.823,-0.152,0.091
1668255786235,2022-11-12T14:23:06.235,1238.680,0.671,-0.274,0.091
1668255786275,2022-11-12T14:23:06.275,1238.720,0.915,-0.274,0.061
1668255786315,2022-11-12T14:23:06.315,1238.760,1.067,-0.122,-0.030
1668255786355,2022-11-12T14:23:06.355,1238.800,0.701,-0.305,0.061
1668255786395,2022-11-12T14:23:06.395,1238.840,0.945,-0.305,0.061
1668255786435,2022-11-12T14:23:06.435,1238.880,1.006,-0.152,0.000
1668255786475,2022-11-12T14:23:06.475,1238.920,0.640,-0.213,0.091
1668255786515,2022-11-12T14:23:06.515,1238.960,0.762,-0.244,0.030
1668255786555,2022-11-12T14:23:06.555,1239.000,0.793,-0.213,0.061
1668255786595,2022-11-12T14:23:06.595,1239.040,0.915,-0.213,0.000
1668255786635,2022-11-12T14:23:06.635,1239.080,0.823,-0.244,0.000
1668255786675,2022-11-12T14:23:06.675,1239.120,0.793,-0.213,0.030
1668255786715,2022-11-12T14:23:06.715,1239.160,0.945,-0.213,0.030
1668255786755,2022-11-12T14:23:06.755,1239.200,0.823,-0.274,0.061
1668255786795,2022-11-12T14:23:06.795,1239.240,0.793,-0.213,0.030
1668255786835,2022-11-12T14:23:06.835,1239.280,0.884,-0.152,-0.061
1668255786875,2022-11-12T14:23:06.875,1239.320,0.976,-0.152,-0.091
1668255786915,2022-11-12T14:23:06.915,1239.360,0.640,-0.335,0.091
1668255786955,2022-11-12T14:23:06.955,1239.400,0.640,-0.274,-0.030
1668255786995,2022-11-12T14:23:06.995,1239.440,1.006,-0.091,-0.061
1668255787035,2022-11-12T14:23:07.035,1239.480,0.854,-0.091,0.000
1668255787075,2022-11-12T14:23:07.075,1239.520,0.701,-0.213,-0.030
1668255787115,2022-11-12T14:23:07.115,1239.560,0.854,-0.213,0.000
1668255787155,2022-11-12T14:23:07.155,1239.600,0.915,-0.091,-0.030
1668255787195,2022-11-12T14:23:07.195,1239.640,0.854,-0.213,-0.030
1668255787235,2022-11-12T14:23:07.235,1239.680,0.884,-0.274,-0.061
1668255787275,2022-11-12T14:23:07.275,1239.720,0.854,-0.122,0.030
1668255787315,2022-11-12T14:23:07.315,1239.760,0.915,-0.091,0.030
1668255787355,2022-11-12T14:23:07.355,1239.800,0.793,-0.213,0.000
1668255787395,2022-11-12T14:23:07.395,1239.840,0.762,-0.183,-0.030
1668255787435,2022-11-12T14:23:07.435,1239.880,0.976,-0.183,-0.061
1668255787475,2022-11-12T14:23:07.475,1239.920,0.884,-0.183,0.061
1668255787515,2022-11-12T14:23:07.515,1239.960,0.762,-0.213,0.000
1668255787555,2022-11-12T14:23:07.555,1240.000,0.915,-0.183,-0.061
1668255787595,2022-11-12T14:23:07.595,1240.040,0.854,-0.091,0.030
1668255787635,2022-11-12T14:23:07.635,1240.080,0.823,-0.183,-0.061
1668255787675,2022-11-12T14:23:07.675,1240.120,1.006,-0.122,-0.091
1668255787715,2022-11-12T14:23:07.715,1240.160,0.701,-0.244,0.122
1668255787755,2022-11-12T14:23:07.755,1240.200,0.823,-0.244,-0.030
1668255787795,2022-11-12T14:23:07.795,1240.240,0.884,-0.091,0.000
1668255787835,2022-11-12T14:23:07.835,1240.280,0.793,-0.152,-0.061
1668255787875,2022-11-12T14:23:07.875,1240.320,0.884,-0.152,-0.061
1668255787915,2022-11-12T14:23:07.915,1240.360,0.732,-0.213,0.091
1668255787955,2022-11-12T14:23:07.955,1240.400,1.006,-0.152,-0.091
1668255787995,2022-11-12T14:23:07.995,1240.440,0.793,-0.213,0.061
1668255788035,2022-11-12T14:23:08.035,1240.480,0.762,-0.213,0.000
1668255788075,2022-11-12T14:23:08.075,1240.520,0.945,-0.152,-0.030
1668255788115,2022-11-12T14:23:08.115,1240.560,0.854,-0.122,0.061
1668255788155,2022-11-12T14:23:08.155,1240.600,0.793,-0.244,0.000
1668255788195,2022-11-12T14:23:08.195,1240.640,0.915,-0.244,-0.091
1668255788235,2022-11-12T14:23:08.235,1240.680,1.006,-0.122,-0.030
1668255788275,2022-11-12T14:23:08.275,1240.720,0.823,-0.152,0.000
1668255788315,2022-11-12T14:23:08.315,1240.760,0.854,-0.244,-0.030
1668255788355,2022-11-12T14:23:08.355,1240.800,0.945,-0.213,-0.030
1668255788395,2022-11-12T14:23:08.395,1240.840,0.884,-0.152,0.000
1668255788435,2022-11-12T14:23:08.435,1240.880,0.854,-0.183,-0.091
1668255788475,2022-11-12T14:23:08.475,1240.920,0.884,-0.152,-0.122
1668255788515,2022-11-12T14:23:08.515,1240.960,0.732,-0.244,0.061
1668255788555,2022-11-12T14:23:08.555,1241.000,0.671,-0.305,0.000
1668255788595,2022-11-12T14:23:08.595,1241.040,0.854,-0.152,-0.030
1668255788635,2022-11-12T14:23:08.635,1241.080,0.884,-0.091,0.030
1668255788675,2022-11-12T14:23:08.675,1241.120,0.762,-0.152,-0.061
1668255788715,2022-11-12T14:23:08.715,1241.160,0.762,-0.213,0.030
1668255788755,2022-11-12T14:23:08.755,1241.200,1.098,-0.183,-0.030
1668255788795,2022-11-12T14:23:08.795,1241.240,0.976,-0.091,0.000
1668255788835,2022-11-12T14:23:08.835,1241.280,0.701,-0.244,0.061
1668255788875,2022-11-12T14:23:08.875,1241.320,0.945,-0.183,-0.061
1668255788915,2022-11-12T14:23:08.915,1241.360,0.945,-0.122,-0.030
1668255788955,2022-11-12T14:23:08.955,1241.400,0.671,-0.213,0.030
1668255788995,2022-11-12T14:23:08.995,1241.440,0.793,-0.213,0.000
1668255789035,2022-11-12T14:23:09.035,1241.480,1.006,-0.152,0.000
1668255789075,2022-11-12T14:23:09.075,1241.520,0.854,-0.152,0.030
1668255789115,2022-11-12T14:23:09.115,1241.560,0.793,-0.244,0.000
1668255789155,2022-11-12T14:23:09.155,1241.600,0.945,-0.213,-0.030
1668255789195,2022-11-12T14:23:09.195,1241.640,0.976,-0.152,0.000
1668255789235,2022-11-12T14:23:09.235,1241.680,0.854,-0.183,-0.030
1668255789275,2022-11-12T14:23:09.275,1241.720,0.915,-0.091,-0.061
1668255789315,2022-11-12T14:23:09.315,1241.760,0.976,-0.122,-0.030
1668255789355,2022-11-12T14:23:09.355,1241.800,0.701,-0.366,0.030
1668255789395,2022-11-12T14:23:09.395,1241.840,0.701,-0.305,-0.030
1668255789435,2022-11-12T14:23:09.435,1241.880,0.945,-0.122,0.061
1668255789475,2022-11-12T14:23:09.475,1241.920,0.884,-0.091,0.000
1668255789515,2022-11-12T14:23:09.515,1241.960,0.701,-0.274,0.000
1668255789555,2022-11-12T14:23:09.555,1242.000,0.884,-0.213,0.091
1668255789595,2022-11-12T14:23:09.595,1242.040,1.037,-0.061,-0.061
1668255789635,2022-11-12T14:23:09.635,1242.080,0.671,-0.213,0.061
1668255789675,2022-11-12T14:23:09.675,1242.120,0.823,-0.213,-0.061
1668255789715,2022-11-12T14:23:09.715,1242.160,0.915,-0.122,0.030
1668255789755,2022-11-12T14:23:09.755,1242.200,0.732,-0.213,0.152
1668255789795,2022-11-12T14:23:09.795,1242.240,0.732,-0.274,0.030
1668255789835,2022-11-12T14:23:09.835,1242.280,0.945,-0.152,-0.030
1668255789875,2022-11-12T14:23:09.875,1242.320,0.945,-0.152,0.030
1668255789915,2022-11-12T14:23:09.915,1242.360,0.701,-0.274,0.061
1668255789955,2022-11-12T14:23:09.955,1242.400,0.640,-0.335,0.091
1668255789995,2022-11-12T14:23:09.995,1242.440,0.579,-0.244,0.152
1668255790035,2022-11-12T14:23:10.035,1242.480,0.762,-0.152,0.091
1668255790075,2022-11-12T14:23:10.075,1242.520,1.159,-0.213,-0.091
1668255790115,2022-11-12T14:23:10.115,1242.560,1.524,-0.122,-0.152
1668255790155,2022-11-12T14:23:10.155,1242.600,1.402,-0.244,-0.030
1668255790195,2022-11-12T14:23:10.195,1242.640,1.037,-0.396,0.000
1668255790235,2022-11-12T14:23:10.235,1242.680,1.159,-0.305,-0.183
1668255790275,2022-11-12T14:23:10.275,1242.720,1.128,-0.091,0.030
1668255790315,2022-11-12T14:23:10.315,1242.760,1.128,-0.152,-0.152
1668255790355,2022-11-12T14:23:10.355,1242.800,1.098,-0.305,-0.122
1668255790395,2022-11-12T14:23:10.395,1242.840,1.006,-0.244,0.030
1668255790435,2022-11-12T14:23:10.435,1242.880,0.823,-0.244,0.091
1668255790475,2022-11-12T14:23:10.475,1242.920,0.823,-0.305,0.091
1668255790515,2022-11-12T14:23:10.515,1242.960,1.006,-0.244,0.000
1668255790555,2022-11-12T14:23:10.555,1243.000,0.915,-0.183,0.091
1668255790595,2022-11-12T14:23:10.595,1243.040,1.159,-0.244,0.000
1668255790635,2022-11-12T14:23:10.635,1243.080,0.976,-0.274,-0.030
1668255790675,2022-11-12T14:23:10.675,1243.120,1.128,-0.274,-0.030
1668255790715,2022-11-12T14:23:10.715,1243.160,1.402,-0.152,-0.091
1668255790755,2022-11-12T14:23:10.755,1243.200,1.037,-0.244,0.000
1668255790795,2022-11-12T14:23:10.795,1243.240,1.128,-0.335,-0.091
1668255790835,2022-11-12T14:23:10.835,1243.280,1.006,-0.244,0.061
1668255790875,2022-11-12T14:23:10.875,1243.320,0.976,-0.183,0.000
1668255790915,2022-11-12T14:23:10.915,1243.360,1.098,-0.213,-0.030
1668255790955,2022-11-12T14:23:10.955,1243.400,0.701,-0.396,0.152
1668255790995,2022-11-12T14:23:10.995,1243.440,0.793,-0.274,-0.030
1668255791035,2022-11-12T14:23:11.035,1243.480,0.915,-0.213,0.061
1668255791075,2022-11-12T14:23:11.075,1243.520,0.823,-0.183,0.152
1668255791115,2022-11-12T14:23:11.115,1243.560,0.610,-0.274,0.122
1668255791155,2022-11-12T14:23:11.155,1243.600,0.701,-0.274,0.091
1668255791195,2022-11-12T14:23:11.195,1243.640,0.762,-0.183,0.152
1668255791235,2022-11-12T14:23:11.235,1243.680,0.671,-0.244,0.152
1668255791275,2022-11-12T14:23:11.275,1243.720,1.098,-0.183,-0.091
1668255791315,2022-11-12T14:23:11.315,1243.760,1.220,-0.152,-0.061
1668255791355,2022-11-12T14:23:11.355,1243.800,0.976,-0.183,0.000
1668255791395,2022-11-12T14:23:11.395,1243.840,0.884,-0.305,-0.030
1668255791435,2022-11-12T14:23:11.435,1243.880,1.037,-0.274,0.000
1668255791475,2022-11-12T14:23:11.475,1243.920,1.006,-0.183,0.061
1668255791515,2022-11-12T14:23:11.515,1243.960,0.915,-0.122,0.061
1668255791555,2022-11-12T14:23:11.555,1244.000,1.402,0.030,-0.244
1668255791595,2022-11-12T14:23:11.595,1244.040,1.921,-0.030,-0.488
1668255791635,2022-11-12T14:23:11.635,1244.080,1.524,-0.274,-0.366
1668255791675,2022-11-12T14:23:11.675,1244.120,0.427,1.707,-0.366
1668255791715,2022-11-12T14:23:11.715,1244.160,-2.896,5.854,0.640
1668255791755,2022-11-12T14:23:11.755,1244.200,-4.970,6.707,-2.134
1668255791795,2022-11-12T14:23:11.795,1244.240,-2.866,7.896,-0.945
1668255791835,2022-11-12T14:23:11.835,1244.280,-0.427,8.506,-2.988
1668255791875,2022-11-12T14:23:11.875,1244.320,-0.915,6.829,-4.024
1668255791915,2022-11-12T14:23:11.915,1244.360,-0.457,5.854,-3.506
1668255791955,2022-11-12T14:23:11.955,1244.400,-0.945,10.579,-8.415
1668255791995,2022-11-12T14:23:11.995,1244.440,4.116,10.122,-9.177
1668255792035,2022-11-12T14:23:12.035,1244.480,5.640,11.128,-16.311
1668255792075,2022-11-12T14:23:12.075,1244.520,-1.555,18.232,-22.043
1668255792115,2022-11-12T14:23:12.115,1244.560,3.293,12.104,-13.994
1668255792155,2022-11-12T14:23:12.155,1244.600,9.878,4.939,-3.750
1668255792195,2022-11-12T14:23:12.195,1244.640,6.921,3.811,-7.378
1668255792235,2022-11-12T14:23:12.235,1244.680,2.134,6.494,-16.128
1668255792275,2022-11-12T14:23:12.275,1244.720,3.841,4.268,-12.348
1668255792315,2022-11-12T14:23:12.315,1244.760,5.213,0.488,-2.957
1668255792355,2022-11-12T14:23:12.355,1244.800,2.835,3.201,-5.152
1668255792395,2022-11-12T14:23:12.395,1244.840,2.043,4.177,-10.030
1668255792435,2022-11-12T14:23:12.435,1244.880,3.049,1.982,-9.207
1668255792475,2022-11-12T14:23:12.475,1244.920,1.707,0.854,-5.762
1668255792515,2022-11-12T14:23:12.515,1244.960,2.134,1.555,-7.622
1668255792555,2022-11-12T14:23:12.555,1245.000,2.012,-1.524,-4.909
1668255792595,2022-11-12T14:23:12.595,1245.040,0.488,-4.360,-0.640
1668255792635,2022-11-12T14:23:12.635,1245.080,0.915,-6.220,-1.006
1668255792675,2022-11-12T14:23:12.675,1245.120,0.518,-7.317,0.183
1668255792715,2022-11-12T14:23:12.715,1245.160,-0.213,-6.037,1.098
1668255792755,2022-11-12T14:23:12.755,1245.200,-0.213,-4.116,0.061
1668255792795,2022-11-12T14:23:12.795,1245.240,0.244,-3.323,-0.122
1668255792835,2022-11-12T14:23:12.835,1245.280,0.335,-2.043,-0.183
1668255792875,2022-11-12T14:23:12.875,1245.320,1.982,-1.616,-0.274
1668255792915,2022-11-12T14:23:12.915,1245.360,2.409,-1.311,0.518
1668255792955,2022-11-12T14:23:12.955,1245.400,1.707,-0.610,1.098
1668255792995,2022-11-12T14:23:12.995,1245.440,1.341,-0.854,0.488
1668255793035,2022-11-12T14:23:13.035,1245.480,0.701,-0.488,0.030
1668255793075,2022-11-12T14:23:13.075,1245.520,0.915,0.152,0.366
1668255793115,2022-11-12T14:23:13.115,1245.560,0.915,-0.030,0.396
1668255793155,2022-11-12T14:23:13.155,1245.600,0.518,-0.579,0.000
1668255793195,2022-11-12T14:23:13.195,1245.640,0.610,-0.671,0.152
1668255793235,2022-11-12T14:23:13.235,1245.680,1.616,-0.366,0.183
1668255793275,2022-11-12T14:23:13.275,1245.720,2.530,-0.579,0.335
1668255793315,2022-11-12T14:23:13.315,1245.760,2.256,-0.457,0.732
1668255793355,2022-11-12T14:23:13.355,1245.800,2.287,-0.762,0.335
1668255793395,2022-11-12T14:23:13.395,1245.840,0.427,-0.396,0.122
1668255793435,2022-11-12T14:23:13.435,1245.880,-0.122,0.000,0.640
1668255793475,2022-11-12T14:23:13.475,1245.920,2.043,-0.823,-0.030
1668255793515,2022-11-12T14:23:13.515,1245.960,3.659,-0.793,-0.183
1668255793555,2022-11-12T14:23:13.555,1246.000,4.634,-0.335,-0.213
1668255793595,2022-11-12T14:23:13.595,1246.040,3.506,-0.854,-0.213
1668255793635,2022-11-12T14:23:13.635,1246.080,2.043,-0.884,-0.061
1668255793675,2022-11-12T14:23:13.675,1246.120,2.073,-0.671,0.061
1668255793715,2022-11-12T14:23:13.715,1246.160,1.067,-0.549,0.213
1668255793755,2022-11-12T14:23:13.755,1246.200,0.427,-0.213,0.396
1668255793795,2022-11-12T14:23:13.795,1246.240,1.341,0.152,0.152
1668255793835,2022-11-12T14:23:13.835,1246.280,1.768,0.000,0.274
1668255793875,2022-11-12T14:23:13.875,1246.320,1.860,-0.457,0.183
1668255793915,2022-11-12T14:23:13.915,1246.360,2.317,-0.823,-0.091
1668255793955,2022-11-12T14:23:13.955,1246.400,0.976,-0.488,0.244
1668255793995,2022-11-12T14:23:13.995,1246.440,1.250,-0.335,0.427
1668255794035,2022-11-12T14:23:14.035,1246.480,0.640,0.061,-0.518
1668255794075,2022-11-12T14:23:14.075,1246.520,-1.341,-0.396,-0.488
1668255794115,2022-11-12T14:23:14.115,1246.560,-0.671,-0.518,0.244
1668255794155,2022-11-12T14:23:14.155,1246.600,1.280,-0.427,-0.274
1668255794195,2022-11-12T14:23:14.195,1246.640,0.976,0.030,0.122
1668255794235,2022-11-12T14:23:14.235,1246.680,1.006,0.000,0.366
1668255794275,2022-11-12T14:23:14.275,1246.720,1.250,-0.488,0.518
1668255794315,2022-11-12T14:23:14.315,1246.760,1.555,-0.457,0.396
1668255794355,2022-11-12T14:23:14.355,1246.800,1.433,-0.457,0.152
1668255794395,2022-11-12T14:23:14.395,1246.840,0.854,-0.183,-0.030
1668255794435,2022-11-12T14:23:14.435,1246.880,0.549,0.061,0.274
1668255794475,2022-11-12T14:23:14.475,1246.920,0.762,-0.122,0.488
1668255794515,2022-11-12T14:23:14.515,1246.960,1.524,-0.061,0.213
1668255794555,2022-11-12T14:23:14.555,1247.000,1.524,-0.152,0.030
1668255794595,2022-11-12T14:23:14.595,1247.040,1.768,-0.091,-0.183
1668255794635,2022-11-12T14:23:14.635,1247.080,1.860,-0.183,-0.183
1668255794675,2022-11-12T14:23:14.675,1247.120,1.646,-0.244,0.000
1668255794715,2022-11-12T14:23:14.715,1247.160,0.732,-0.122,0.183
1668255794755,2022-11-12T14:23:14.755,1247.200,0.945,-0.122,0.061
1668255794795,2022-11-12T14:23:14.795,1247.240,0.579,-0.030,0.183
1668255794835,2022-11-12T14:23:14.835,1247.280,0.762,0.244,0.061
1668255794875,2022-11-12T14:23:14.875,1247.320,1.372,-0.061,-0.030
1668255794915,2022-11-12T14:23:14.915,1247.360,0.884,-0.030,0.183
1668255794955,2022-11-12T14:23:14.955,1247.400,1.098,-0.152,0.061
1668255794995,2022-11-12T14:23:14.995,1247.440,1.585,-0.152,-0.122
1668255795035,2022-11-12T14:23:15.035,1247.480,1.220,0.000,-0.030
1668255795075,2022-11-12T14:23:15.075,1247.520,1.220,-0.091,-0.061
1668255795115,2022-11-12T14:23:15.115,1247.560,1.128,-0.091,-0.030
1668255795155,2022-11-12T14:23:15.155,1247.600,0.915,-0.030,0.061
1668255795195,2022-11-12T14:23:15.195,1247.640,0.823,-0.183,0.030
1668255795235,2022-11-12T14:23:15.235,1247.680,0.945,-0.335,-0.122
1668255795275,2022-11-12T14:23:15.275,1247.720,1.159,-0.030,-0.091
1668255795315,2022-11-12T14:23:15.315,1247.760,0.732,0.000,0.000
1668255795355,2022-11-12T14:23:15.355,1247.800,0.976,-0.183,-0.091
1668255795395,2022-11-12T14:23:15.395,1247.840,0.976,-0.030,-0.061
1668255795435,2022-11-12T14:23:15.435,1247.880,1.128,-0.061,-0.122
